-----General parameters-----
model=ResNet18qat
dataset=FaceForensic
num_classes=2
dataset_path=/home/zhiyong/Git/dct-cryptonets/dct-cryptonets/dataset/FaceForensic
checkpoint_path=/home/zhiyong/Git/dct-cryptonets/dct-cryptonets/checkpoint/faceforensic/resnet18_qat_dct/best.tar
bit_width=4
-----Homomorphic encryption parameters-----
fhe_mode=execute
calib_batch_size=5
test_batch_size=1
test_subset=1
rounding_threshold_bits=6
n_bits=5
p_error=0.01
reliability_test=True
verbose=True
-----DCT parameters-----
dct_status=Y
image_size=56
filter_size=8
dct_pattern=default
channels=24

Using GPU: True

/home/zhiyong/miniconda3/envs/dct-cryptonets/lib/python3.9/site-packages/torch/cuda/__init__.py:497: UserWarning: Can't initialize NVML
  warnings.warn("Can't initialize NVML")
Number Parameters: 11169696

============Model Summary============
=============================================================================================================================
Layer (type:depth-idx)                                                      Output Shape              Param #
=============================================================================================================================
ResNetQDCT                                                                  [1, 512]                  --
├─Sequential: 1-1                                                           [1, 512]                  --
│    └─QuantIdentity: 2-1                                                   [1, 24, 56, 56]           --
│    │    └─ActQuantProxyFromInjector: 3-1                                  [1, 24, 56, 56]           --
│    │    └─ActQuantProxyFromInjector: 3-2                                  [1, 24, 56, 56]           1
│    └─QuantIdentity: 2-69                                                  --                        (recursive)
│    │    └─ActQuantProxyFromInjector: 3-129                                --                        (recursive)
│    └─QuantIdentity: 2-3                                                   --                        (recursive)
│    │    └─ActQuantProxyFromInjector: 3-4                                  --                        (recursive)
│    └─QuantConv2d: 2-4                                                     [1, 64, 56, 56]           --
│    │    └─ActQuantProxyFromInjector: 3-5                                  [1, 24, 56, 56]           --
│    │    └─WeightQuantProxyFromInjector: 3-6                               [64, 24, 1, 1]            1,536
│    │    └─ActQuantProxyFromInjector: 3-7                                  [1, 64, 56, 56]           --
│    └─BatchNorm2d: 2-5                                                     [1, 64, 56, 56]           128
│    └─QuantIdentity: 2-6                                                   [1, 64, 56, 56]           --
│    │    └─ActQuantProxyFromInjector: 3-8                                  [1, 64, 56, 56]           --
│    │    └─ActQuantProxyFromInjector: 3-9                                  [1, 64, 56, 56]           1
│    └─QuantIdentity: 2-69                                                  --                        (recursive)
│    │    └─ActQuantProxyFromInjector: 3-129                                --                        (recursive)
│    └─QuantIdentity: 2-8                                                   --                        (recursive)
│    │    └─ActQuantProxyFromInjector: 3-11                                 --                        (recursive)
│    └─SimpleQBlock: 2-9                                                    [1, 64, 56, 56]           36,994
│    │    └─QuantConv2d: 3-12                                               [1, 64, 56, 56]           36,864
│    │    └─BatchNorm2d: 3-13                                               [1, 64, 56, 56]           128
│    │    └─QuantReLU: 3-14                                                 [1, 64, 56, 56]           1
│    └─QuantIdentity: 2-69                                                  --                        (recursive)
│    │    └─ActQuantProxyFromInjector: 3-129                                --                        (recursive)
│    └─SimpleQBlock: 2-15                                                   --                        (recursive)
│    │    └─QuantReLU: 3-16                                                 --                        (recursive)
│    │    └─QuantConv2d: 3-17                                               [1, 64, 56, 56]           36,864
│    │    └─BatchNorm2d: 3-18                                               [1, 64, 56, 56]           128
│    │    └─QuantIdentity: 3-19                                             [1, 64, 56, 56]           1
│    └─QuantIdentity: 2-69                                                  --                        (recursive)
│    │    └─ActQuantProxyFromInjector: 3-129                                --                        (recursive)
│    └─SimpleQBlock: 2-15                                                   --                        (recursive)
│    │    └─QuantIdentity: 3-21                                             --                        (recursive)
│    │    └─QuantReLU: 3-22                                                 [1, 64, 56, 56]           1
│    └─QuantIdentity: 2-69                                                  --                        (recursive)
│    │    └─ActQuantProxyFromInjector: 3-129                                --                        (recursive)
│    └─SimpleQBlock: 2-15                                                   --                        (recursive)
│    │    └─QuantReLU: 3-24                                                 --                        (recursive)
│    └─SimpleQBlock: 2-16                                                   [1, 64, 56, 56]           36,994
│    │    └─QuantConv2d: 3-25                                               [1, 64, 56, 56]           36,864
│    │    └─BatchNorm2d: 3-26                                               [1, 64, 56, 56]           128
│    │    └─QuantReLU: 3-27                                                 [1, 64, 56, 56]           1
│    └─QuantIdentity: 2-69                                                  --                        (recursive)
│    │    └─ActQuantProxyFromInjector: 3-129                                --                        (recursive)
│    └─SimpleQBlock: 2-22                                                   --                        (recursive)
│    │    └─QuantReLU: 3-29                                                 --                        (recursive)
│    │    └─QuantConv2d: 3-30                                               [1, 64, 56, 56]           36,864
│    │    └─BatchNorm2d: 3-31                                               [1, 64, 56, 56]           128
│    │    └─QuantIdentity: 3-32                                             [1, 64, 56, 56]           1
│    └─QuantIdentity: 2-69                                                  --                        (recursive)
│    │    └─ActQuantProxyFromInjector: 3-129                                --                        (recursive)
│    └─SimpleQBlock: 2-22                                                   --                        (recursive)
│    │    └─QuantIdentity: 3-34                                             --                        (recursive)
│    │    └─QuantReLU: 3-35                                                 [1, 64, 56, 56]           1
│    └─QuantIdentity: 2-69                                                  --                        (recursive)
│    │    └─ActQuantProxyFromInjector: 3-129                                --                        (recursive)
│    └─SimpleQBlock: 2-22                                                   --                        (recursive)
│    │    └─QuantReLU: 3-37                                                 --                        (recursive)
│    └─SimpleQBlock: 2-23                                                   [1, 128, 28, 28]          156,163
│    │    └─QuantConv2d: 3-38                                               [1, 128, 28, 28]          73,728
│    │    └─BatchNorm2d: 3-39                                               [1, 128, 28, 28]          256
│    │    └─QuantReLU: 3-40                                                 [1, 128, 28, 28]          1
│    └─QuantIdentity: 2-69                                                  --                        (recursive)
│    │    └─ActQuantProxyFromInjector: 3-129                                --                        (recursive)
│    └─SimpleQBlock: 2-31                                                   --                        (recursive)
│    │    └─QuantReLU: 3-42                                                 --                        (recursive)
│    │    └─QuantConv2d: 3-43                                               [1, 128, 28, 28]          147,456
│    │    └─BatchNorm2d: 3-44                                               [1, 128, 28, 28]          256
│    │    └─QuantIdentity: 3-45                                             [1, 128, 28, 28]          1
│    └─QuantIdentity: 2-69                                                  --                        (recursive)
│    │    └─ActQuantProxyFromInjector: 3-129                                --                        (recursive)
│    └─SimpleQBlock: 2-31                                                   --                        (recursive)
│    │    └─QuantIdentity: 3-47                                             --                        (recursive)
│    │    └─QuantConv2d: 3-48                                               [1, 128, 28, 28]          8,192
│    │    └─BatchNorm2d: 3-49                                               [1, 128, 28, 28]          256
│    │    └─QuantIdentity: 3-50                                             [1, 128, 28, 28]          1
│    └─QuantIdentity: 2-69                                                  --                        (recursive)
│    │    └─ActQuantProxyFromInjector: 3-129                                --                        (recursive)
│    └─SimpleQBlock: 2-31                                                   --                        (recursive)
│    │    └─QuantIdentity: 3-52                                             --                        (recursive)
│    │    └─QuantReLU: 3-53                                                 [1, 128, 28, 28]          1
│    └─QuantIdentity: 2-69                                                  --                        (recursive)
│    │    └─ActQuantProxyFromInjector: 3-129                                --                        (recursive)
│    └─SimpleQBlock: 2-31                                                   --                        (recursive)
│    │    └─QuantReLU: 3-55                                                 --                        (recursive)
│    └─SimpleQBlock: 2-32                                                   [1, 128, 28, 28]          147,714
│    │    └─QuantConv2d: 3-56                                               [1, 128, 28, 28]          147,456
│    │    └─BatchNorm2d: 3-57                                               [1, 128, 28, 28]          256
│    │    └─QuantReLU: 3-58                                                 [1, 128, 28, 28]          1
│    └─QuantIdentity: 2-69                                                  --                        (recursive)
│    │    └─ActQuantProxyFromInjector: 3-129                                --                        (recursive)
│    └─SimpleQBlock: 2-38                                                   --                        (recursive)
│    │    └─QuantReLU: 3-60                                                 --                        (recursive)
│    │    └─QuantConv2d: 3-61                                               [1, 128, 28, 28]          147,456
│    │    └─BatchNorm2d: 3-62                                               [1, 128, 28, 28]          256
│    │    └─QuantIdentity: 3-63                                             [1, 128, 28, 28]          1
│    └─QuantIdentity: 2-69                                                  --                        (recursive)
│    │    └─ActQuantProxyFromInjector: 3-129                                --                        (recursive)
│    └─SimpleQBlock: 2-38                                                   --                        (recursive)
│    │    └─QuantIdentity: 3-65                                             --                        (recursive)
│    │    └─QuantReLU: 3-66                                                 [1, 128, 28, 28]          1
│    └─QuantIdentity: 2-69                                                  --                        (recursive)
│    │    └─ActQuantProxyFromInjector: 3-129                                --                        (recursive)
│    └─SimpleQBlock: 2-38                                                   --                        (recursive)
│    │    └─QuantReLU: 3-68                                                 --                        (recursive)
│    └─SimpleQBlock: 2-39                                                   [1, 256, 14, 14]          623,619
│    │    └─QuantConv2d: 3-69                                               [1, 256, 14, 14]          294,912
│    │    └─BatchNorm2d: 3-70                                               [1, 256, 14, 14]          512
│    │    └─QuantReLU: 3-71                                                 [1, 256, 14, 14]          1
│    └─QuantIdentity: 2-69                                                  --                        (recursive)
│    │    └─ActQuantProxyFromInjector: 3-129                                --                        (recursive)
│    └─SimpleQBlock: 2-47                                                   --                        (recursive)
│    │    └─QuantReLU: 3-73                                                 --                        (recursive)
│    │    └─QuantConv2d: 3-74                                               [1, 256, 14, 14]          589,824
│    │    └─BatchNorm2d: 3-75                                               [1, 256, 14, 14]          512
│    │    └─QuantIdentity: 3-76                                             [1, 256, 14, 14]          1
│    └─QuantIdentity: 2-69                                                  --                        (recursive)
│    │    └─ActQuantProxyFromInjector: 3-129                                --                        (recursive)
│    └─SimpleQBlock: 2-47                                                   --                        (recursive)
│    │    └─QuantIdentity: 3-78                                             --                        (recursive)
│    │    └─QuantConv2d: 3-79                                               [1, 256, 14, 14]          32,768
│    │    └─BatchNorm2d: 3-80                                               [1, 256, 14, 14]          512
│    │    └─QuantIdentity: 3-81                                             [1, 256, 14, 14]          1
│    └─QuantIdentity: 2-69                                                  --                        (recursive)
│    │    └─ActQuantProxyFromInjector: 3-129                                --                        (recursive)
│    └─SimpleQBlock: 2-47                                                   --                        (recursive)
│    │    └─QuantIdentity: 3-83                                             --                        (recursive)
│    │    └─QuantReLU: 3-84                                                 [1, 256, 14, 14]          1
│    └─QuantIdentity: 2-69                                                  --                        (recursive)
│    │    └─ActQuantProxyFromInjector: 3-129                                --                        (recursive)
│    └─SimpleQBlock: 2-47                                                   --                        (recursive)
│    │    └─QuantReLU: 3-86                                                 --                        (recursive)
│    └─SimpleQBlock: 2-48                                                   [1, 256, 14, 14]          590,338
│    │    └─QuantConv2d: 3-87                                               [1, 256, 14, 14]          589,824
│    │    └─BatchNorm2d: 3-88                                               [1, 256, 14, 14]          512
│    │    └─QuantReLU: 3-89                                                 [1, 256, 14, 14]          1
│    └─QuantIdentity: 2-69                                                  --                        (recursive)
│    │    └─ActQuantProxyFromInjector: 3-129                                --                        (recursive)
│    └─SimpleQBlock: 2-54                                                   --                        (recursive)
│    │    └─QuantReLU: 3-91                                                 --                        (recursive)
│    │    └─QuantConv2d: 3-92                                               [1, 256, 14, 14]          589,824
│    │    └─BatchNorm2d: 3-93                                               [1, 256, 14, 14]          512
│    │    └─QuantIdentity: 3-94                                             [1, 256, 14, 14]          1
│    └─QuantIdentity: 2-69                                                  --                        (recursive)
│    │    └─ActQuantProxyFromInjector: 3-129                                --                        (recursive)
│    └─SimpleQBlock: 2-54                                                   --                        (recursive)
│    │    └─QuantIdentity: 3-96                                             --                        (recursive)
│    │    └─QuantReLU: 3-97                                                 [1, 256, 14, 14]          1
│    └─QuantIdentity: 2-69                                                  --                        (recursive)
│    │    └─ActQuantProxyFromInjector: 3-129                                --                        (recursive)
│    └─SimpleQBlock: 2-54                                                   --                        (recursive)
│    │    └─QuantReLU: 3-99                                                 --                        (recursive)
│    └─SimpleQBlock: 2-55                                                   [1, 512, 7, 7]            2,492,419
│    │    └─QuantConv2d: 3-100                                              [1, 512, 7, 7]            1,179,648
│    │    └─BatchNorm2d: 3-101                                              [1, 512, 7, 7]            1,024
│    │    └─QuantReLU: 3-102                                                [1, 512, 7, 7]            1
│    └─QuantIdentity: 2-69                                                  --                        (recursive)
│    │    └─ActQuantProxyFromInjector: 3-129                                --                        (recursive)
│    └─SimpleQBlock: 2-63                                                   --                        (recursive)
│    │    └─QuantReLU: 3-104                                                --                        (recursive)
│    │    └─QuantConv2d: 3-105                                              [1, 512, 7, 7]            2,359,296
│    │    └─BatchNorm2d: 3-106                                              [1, 512, 7, 7]            1,024
│    │    └─QuantIdentity: 3-107                                            [1, 512, 7, 7]            1
│    └─QuantIdentity: 2-69                                                  --                        (recursive)
│    │    └─ActQuantProxyFromInjector: 3-129                                --                        (recursive)
│    └─SimpleQBlock: 2-63                                                   --                        (recursive)
│    │    └─QuantIdentity: 3-109                                            --                        (recursive)
│    │    └─QuantConv2d: 3-110                                              [1, 512, 7, 7]            131,072
│    │    └─BatchNorm2d: 3-111                                              [1, 512, 7, 7]            1,024
│    │    └─QuantIdentity: 3-112                                            [1, 512, 7, 7]            1
│    └─QuantIdentity: 2-69                                                  --                        (recursive)
│    │    └─ActQuantProxyFromInjector: 3-129                                --                        (recursive)
│    └─SimpleQBlock: 2-63                                                   --                        (recursive)
│    │    └─QuantIdentity: 3-114                                            --                        (recursive)
│    │    └─QuantReLU: 3-115                                                [1, 512, 7, 7]            1
│    └─QuantIdentity: 2-69                                                  --                        (recursive)
│    │    └─ActQuantProxyFromInjector: 3-129                                --                        (recursive)
│    └─SimpleQBlock: 2-63                                                   --                        (recursive)
│    │    └─QuantReLU: 3-117                                                --                        (recursive)
│    └─SimpleQBlock: 2-64                                                   [1, 512, 7, 7]            2,360,322
│    │    └─QuantConv2d: 3-118                                              [1, 512, 7, 7]            2,359,296
│    │    └─BatchNorm2d: 3-119                                              [1, 512, 7, 7]            1,024
│    │    └─QuantReLU: 3-120                                                [1, 512, 7, 7]            1
│    └─QuantIdentity: 2-69                                                  --                        (recursive)
│    │    └─ActQuantProxyFromInjector: 3-129                                --                        (recursive)
│    └─SimpleQBlock: 2-70                                                   --                        (recursive)
│    │    └─QuantReLU: 3-122                                                --                        (recursive)
│    │    └─QuantConv2d: 3-123                                              [1, 512, 7, 7]            2,359,296
│    │    └─BatchNorm2d: 3-124                                              [1, 512, 7, 7]            1,024
│    │    └─QuantIdentity: 3-125                                            [1, 512, 7, 7]            1
│    └─QuantIdentity: 2-69                                                  --                        (recursive)
│    │    └─ActQuantProxyFromInjector: 3-129                                --                        (recursive)
│    └─SimpleQBlock: 2-70                                                   --                        (recursive)
│    │    └─QuantIdentity: 3-127                                            --                        (recursive)
│    │    └─QuantReLU: 3-128                                                [1, 512, 7, 7]            1
│    └─QuantIdentity: 2-69                                                  --                        (recursive)
│    │    └─ActQuantProxyFromInjector: 3-129                                --                        (recursive)
│    └─SimpleQBlock: 2-70                                                   --                        (recursive)
│    │    └─QuantReLU: 3-130                                                --                        (recursive)
│    └─AvgPool2d: 2-71                                                      [1, 512, 1, 1]            --
│    └─QuantIdentity: 2-72                                                  [1, 512, 1, 1]            --
│    │    └─ActQuantProxyFromInjector: 3-131                                [1, 512, 1, 1]            --
│    │    └─ActQuantProxyFromInjector: 3-132                                [1, 512, 1, 1]            1
│    └─Flatten: 2-73                                                        [1, 512]                  --
=============================================================================================================================
Total params: 17,613,233
Trainable params: 17,613,233
Non-trainable params: 0
Total mult-adds (M): 0.01
=============================================================================================================================
Input size (MB): 0.30
Forward/backward pass size (MB): 15.05
Params size (MB): 0.04
Estimated Total Size (MB): 15.39
=============================================================================================================================

Loading checkpoint...
Loaded checkpoint /home/zhiyong/Git/dct-cryptonets/dct-cryptonets/checkpoint/faceforensic/resnet18_qat_dct/best.tar (99.140% Top-1 Acc. @ epoch 2)

Compiling FHE Model (this can take up to 10 minutes for larger networks)...

Computation Graph
--------------------------------------------------------------------------------
  %0 = _inp_1                                                                                                             # EncryptedTensor<int4, shape=(1, 24, 56, 56)>          ∈ [-8, 7]
  %1 = [[[[ 0]]   ...   [[ 0]]]]                                                                                          # ClearTensor<int4, shape=(64, 24, 1, 1)>               ∈ [-7, 7]              @ /trunk/trunk.1/Conv.conv
  %2 = conv2d(%0, %1, [0 0 0 0 0 ... 0 0 0 0 0], pads=[0, 0, 0, 0], strides=(1, 1), dilations=(1, 1), group=1)            # EncryptedTensor<int8, shape=(1, 64, 56, 56)>          ∈ [-70, 72]            @ /trunk/trunk.1/Conv.conv
  %3 = round_bit_pattern(%2, lsbs_to_remove=2, overflow_protection=False, exactness=Exactness.EXACT)                      # EncryptedTensor<int8, shape=(1, 64, 56, 56)>          ∈ [-68, 72]            @ /trunk/trunk.1/Conv.conv_rounding
  %4 = subgraph(%3)                                                                                                       # EncryptedTensor<int4, shape=(1, 64, 56, 56)>          ∈ [-8, 7]
  %5 = ones()                                                                                                             # EncryptedTensor<uint1, shape=(1, 64, 58, 58)>         ∈ [1, 1]
  %6 = 0                                                                                                                  # ClearScalar<uint1>                                    ∈ [0, 0]
  %7 = multiply(%5, %6)                                                                                                   # EncryptedTensor<uint1, shape=(1, 64, 58, 58)>         ∈ [0, 0]
  %8 = (%7[:, :, 1:57, 1:57] = %4)                                                                                        # EncryptedTensor<int4, shape=(1, 64, 58, 58)>          ∈ [-8, 7]
  %9 = [[[[ 1 -2  ...   0  2]]]]                                                                                          # ClearTensor<int4, shape=(64, 64, 3, 3)>               ∈ [-7, 7]              @ /trunk/trunk.4/C1/Conv.conv
 %10 = conv2d(%8, %9, [0 0 0 0 0 ... 0 0 0 0 0], pads=[0, 0, 0, 0], strides=(1, 1), dilations=(1, 1), group=1)            # EncryptedTensor<int11, shape=(1, 64, 56, 56)>         ∈ [-579, 499]          @ /trunk/trunk.4/C1/Conv.conv
 %11 = round_bit_pattern(%10, lsbs_to_remove=5, overflow_protection=False, exactness=Exactness.EXACT)                     # EncryptedTensor<int11, shape=(1, 64, 56, 56)>         ∈ [-576, 512]          @ /trunk/trunk.4/C1/Conv.conv_rounding
 %12 = subgraph(%11)                                                                                                      # EncryptedTensor<uint4, shape=(1, 64, 56, 56)>         ∈ [0, 15]
 %13 = ones()                                                                                                             # EncryptedTensor<uint1, shape=(1, 64, 58, 58)>         ∈ [1, 1]
 %14 = 0                                                                                                                  # ClearScalar<uint1>                                    ∈ [0, 0]
 %15 = multiply(%13, %14)                                                                                                 # EncryptedTensor<uint1, shape=(1, 64, 58, 58)>         ∈ [0, 0]
 %16 = (%15[:, :, 1:57, 1:57] = %12)                                                                                      # EncryptedTensor<uint4, shape=(1, 64, 58, 58)>         ∈ [0, 15]
 %17 = [[[[-3  1  ...   0 -3]]]]                                                                                          # ClearTensor<int4, shape=(64, 64, 3, 3)>               ∈ [-7, 7]              @ /trunk/trunk.4/C2/Conv.conv
 %18 = conv2d(%16, %17, [0 0 0 0 0 ... 0 0 0 0 0], pads=[0, 0, 0, 0], strides=(1, 1), dilations=(1, 1), group=1)          # EncryptedTensor<int11, shape=(1, 64, 56, 56)>         ∈ [-923, 849]          @ /trunk/trunk.4/C2/Conv.conv
 %19 = round_bit_pattern(%18, lsbs_to_remove=5, overflow_protection=False, exactness=Exactness.EXACT)                     # EncryptedTensor<int11, shape=(1, 64, 56, 56)>         ∈ [-928, 864]          @ /trunk/trunk.4/C2/Conv.conv_rounding
 %20 = subgraph(%19)                                                                                                      # EncryptedTensor<int4, shape=(1, 64, 56, 56)>          ∈ [-8, 7]
 %21 = subgraph(%3)                                                                                                       # EncryptedTensor<int4, shape=(1, 64, 56, 56)>          ∈ [-8, 7]
 %22 = subgraph(%20)                                                                                                      # EncryptedTensor<int5, shape=(1, 64, 56, 56)>          ∈ [-15, 13]
 %23 = subgraph(%21)                                                                                                      # EncryptedTensor<int6, shape=(1, 64, 56, 56)>          ∈ [-18, 16]
 %24 = 1                                                                                                                  # ClearScalar<uint1>                                    ∈ [1, 1]
 %25 = multiply(%24, %23)                                                                                                 # EncryptedTensor<int6, shape=(1, 64, 56, 56)>          ∈ [-18, 16]
 %26 = add(%22, %25)                                                                                                      # EncryptedTensor<int6, shape=(1, 64, 56, 56)>          ∈ [-31, 25]
 %27 = subgraph(%26)                                                                                                      # EncryptedTensor<uint4, shape=(1, 64, 56, 56)>         ∈ [0, 15]
 %28 = ones()                                                                                                             # EncryptedTensor<uint1, shape=(1, 64, 58, 58)>         ∈ [1, 1]
 %29 = 0                                                                                                                  # ClearScalar<uint1>                                    ∈ [0, 0]
 %30 = multiply(%28, %29)                                                                                                 # EncryptedTensor<uint1, shape=(1, 64, 58, 58)>         ∈ [0, 0]
 %31 = (%30[:, :, 1:57, 1:57] = %27)                                                                                      # EncryptedTensor<uint4, shape=(1, 64, 58, 58)>         ∈ [0, 15]
 %32 = [[[[-3 -3  ...   2  0]]]]                                                                                          # ClearTensor<int4, shape=(64, 64, 3, 3)>               ∈ [-7, 7]              @ /trunk/trunk.5/C1/Conv.conv
 %33 = conv2d(%31, %32, [0 0 0 0 0 ... 0 0 0 0 0], pads=[0, 0, 0, 0], strides=(1, 1), dilations=(1, 1), group=1)          # EncryptedTensor<int11, shape=(1, 64, 56, 56)>         ∈ [-759, 660]          @ /trunk/trunk.5/C1/Conv.conv
 %34 = round_bit_pattern(%33, lsbs_to_remove=5, overflow_protection=False, exactness=Exactness.EXACT)                     # EncryptedTensor<int11, shape=(1, 64, 56, 56)>         ∈ [-768, 672]          @ /trunk/trunk.5/C1/Conv.conv_rounding
 %35 = subgraph(%34)                                                                                                      # EncryptedTensor<uint4, shape=(1, 64, 56, 56)>         ∈ [0, 15]
 %36 = ones()                                                                                                             # EncryptedTensor<uint1, shape=(1, 64, 58, 58)>         ∈ [1, 1]
 %37 = 0                                                                                                                  # ClearScalar<uint1>                                    ∈ [0, 0]
 %38 = multiply(%36, %37)                                                                                                 # EncryptedTensor<uint1, shape=(1, 64, 58, 58)>         ∈ [0, 0]
 %39 = (%38[:, :, 1:57, 1:57] = %35)                                                                                      # EncryptedTensor<uint4, shape=(1, 64, 58, 58)>         ∈ [0, 15]
 %40 = [[[[ 0 -2  ...   2 -1]]]]                                                                                          # ClearTensor<int4, shape=(64, 64, 3, 3)>               ∈ [-7, 6]              @ /trunk/trunk.5/C2/Conv.conv
 %41 = conv2d(%39, %40, [0 0 0 0 0 ... 0 0 0 0 0], pads=[0, 0, 0, 0], strides=(1, 1), dilations=(1, 1), group=1)          # EncryptedTensor<int11, shape=(1, 64, 56, 56)>         ∈ [-870, 738]          @ /trunk/trunk.5/C2/Conv.conv
 %42 = round_bit_pattern(%41, lsbs_to_remove=5, overflow_protection=False, exactness=Exactness.EXACT)                     # EncryptedTensor<int11, shape=(1, 64, 56, 56)>         ∈ [-864, 736]          @ /trunk/trunk.5/C2/Conv.conv_rounding
 %43 = subgraph(%42)                                                                                                      # EncryptedTensor<int4, shape=(1, 64, 56, 56)>          ∈ [-8, 7]
 %44 = subgraph(%26)                                                                                                      # EncryptedTensor<uint4, shape=(1, 64, 56, 56)>         ∈ [0, 15]
 %45 = subgraph(%43)                                                                                                      # EncryptedTensor<int6, shape=(1, 64, 56, 56)>          ∈ [-17, 15]
 %46 = subgraph(%44)                                                                                                      # EncryptedTensor<uint5, shape=(1, 64, 56, 56)>         ∈ [0, 28]
 %47 = 1                                                                                                                  # ClearScalar<uint1>                                    ∈ [1, 1]
 %48 = multiply(%47, %46)                                                                                                 # EncryptedTensor<uint5, shape=(1, 64, 56, 56)>         ∈ [0, 28]
 %49 = add(%45, %48)                                                                                                      # EncryptedTensor<int7, shape=(1, 64, 56, 56)>          ∈ [-17, 36]
 %50 = subgraph(%49)                                                                                                      # EncryptedTensor<uint4, shape=(1, 64, 56, 56)>         ∈ [0, 15]
 %51 = ones()                                                                                                             # EncryptedTensor<uint1, shape=(1, 64, 58, 58)>         ∈ [1, 1]
 %52 = 0                                                                                                                  # ClearScalar<uint1>                                    ∈ [0, 0]
 %53 = multiply(%51, %52)                                                                                                 # EncryptedTensor<uint1, shape=(1, 64, 58, 58)>         ∈ [0, 0]
 %54 = (%53[:, :, 1:57, 1:57] = %50)                                                                                      # EncryptedTensor<uint4, shape=(1, 64, 58, 58)>         ∈ [0, 15]
 %55 = [[[[-2  3  ...  -3  0]]]]                                                                                          # ClearTensor<int4, shape=(128, 64, 3, 3)>              ∈ [-7, 7]              @ /trunk/trunk.6/C1/Conv.conv
 %56 = conv2d(%54, %55, [0 0 0 0 0 ... 0 0 0 0 0], pads=[0, 0, 0, 0], strides=(2, 2), dilations=(1, 1), group=1)          # EncryptedTensor<int11, shape=(1, 128, 28, 28)>        ∈ [-742, 797]          @ /trunk/trunk.6/C1/Conv.conv
 %57 = round_bit_pattern(%56, lsbs_to_remove=5, overflow_protection=False, exactness=Exactness.EXACT)                     # EncryptedTensor<int11, shape=(1, 128, 28, 28)>        ∈ [-736, 800]          @ /trunk/trunk.6/C1/Conv.conv_rounding
 %58 = subgraph(%57)                                                                                                      # EncryptedTensor<uint4, shape=(1, 128, 28, 28)>        ∈ [0, 15]
 %59 = ones()                                                                                                             # EncryptedTensor<uint1, shape=(1, 128, 30, 30)>        ∈ [1, 1]
 %60 = 0                                                                                                                  # ClearScalar<uint1>                                    ∈ [0, 0]
 %61 = multiply(%59, %60)                                                                                                 # EncryptedTensor<uint1, shape=(1, 128, 30, 30)>        ∈ [0, 0]
 %62 = (%61[:, :, 1:29, 1:29] = %58)                                                                                      # EncryptedTensor<uint4, shape=(1, 128, 30, 30)>        ∈ [0, 15]
 %63 = [[[[-2 -1  ...   1  2]]]]                                                                                          # ClearTensor<int4, shape=(128, 128, 3, 3)>             ∈ [-6, 7]              @ /trunk/trunk.6/C2/Conv.conv
 %64 = conv2d(%62, %63, [0 0 0 0 0 ... 0 0 0 0 0], pads=[0, 0, 0, 0], strides=(1, 1), dilations=(1, 1), group=1)          # EncryptedTensor<int12, shape=(1, 128, 28, 28)>        ∈ [-1109, 918]         @ /trunk/trunk.6/C2/Conv.conv
 %65 = round_bit_pattern(%64, lsbs_to_remove=5, overflow_protection=False, exactness=Exactness.EXACT)                     # EncryptedTensor<int12, shape=(1, 128, 28, 28)>        ∈ [-1120, 928]         @ /trunk/trunk.6/C2/Conv.conv_rounding
 %66 = subgraph(%49)                                                                                                      # EncryptedTensor<uint4, shape=(1, 64, 56, 56)>         ∈ [0, 15]
 %67 = [[[[ 0]]   ...   [[ 2]]]]                                                                                          # ClearTensor<int4, shape=(128, 64, 1, 1)>              ∈ [-7, 7]              @ /trunk/trunk.6/shortcut/Conv.conv
 %68 = conv2d(%66, %67, [0 0 0 0 0 ... 0 0 0 0 0], pads=[0, 0, 0, 0], strides=(2, 2), dilations=(1, 1), group=1)          # EncryptedTensor<int9, shape=(1, 128, 28, 28)>         ∈ [-178, 188]          @ /trunk/trunk.6/shortcut/Conv.conv
 %69 = round_bit_pattern(%68, lsbs_to_remove=3, overflow_protection=False, exactness=Exactness.EXACT)                     # EncryptedTensor<int9, shape=(1, 128, 28, 28)>         ∈ [-176, 192]          @ /trunk/trunk.6/shortcut/Conv.conv_rounding
 %70 = subgraph(%65)                                                                                                      # EncryptedTensor<int4, shape=(1, 128, 28, 28)>         ∈ [-6, 6]
 %71 = subgraph(%69)                                                                                                      # EncryptedTensor<int4, shape=(1, 128, 28, 28)>         ∈ [-8, 7]
 %72 = subgraph(%70)                                                                                                      # EncryptedTensor<int5, shape=(1, 128, 28, 28)>         ∈ [-13, 13]
 %73 = subgraph(%71)                                                                                                      # EncryptedTensor<int6, shape=(1, 128, 28, 28)>         ∈ [-18, 16]
 %74 = 1                                                                                                                  # ClearScalar<uint1>                                    ∈ [1, 1]
 %75 = multiply(%74, %73)                                                                                                 # EncryptedTensor<int6, shape=(1, 128, 28, 28)>         ∈ [-18, 16]
 %76 = add(%72, %75)                                                                                                      # EncryptedTensor<int6, shape=(1, 128, 28, 28)>         ∈ [-24, 27]
 %77 = subgraph(%76)                                                                                                      # EncryptedTensor<uint4, shape=(1, 128, 28, 28)>        ∈ [0, 15]
 %78 = ones()                                                                                                             # EncryptedTensor<uint1, shape=(1, 128, 30, 30)>        ∈ [1, 1]
 %79 = 0                                                                                                                  # ClearScalar<uint1>                                    ∈ [0, 0]
 %80 = multiply(%78, %79)                                                                                                 # EncryptedTensor<uint1, shape=(1, 128, 30, 30)>        ∈ [0, 0]
 %81 = (%80[:, :, 1:29, 1:29] = %77)                                                                                      # EncryptedTensor<uint4, shape=(1, 128, 30, 30)>        ∈ [0, 15]
 %82 = [[[[ 0 -1  ...   0  1]]]]                                                                                          # ClearTensor<int4, shape=(128, 128, 3, 3)>             ∈ [-6, 7]              @ /trunk/trunk.7/C1/Conv.conv
 %83 = conv2d(%81, %82, [0 0 0 0 0 ... 0 0 0 0 0], pads=[0, 0, 0, 0], strides=(1, 1), dilations=(1, 1), group=1)          # EncryptedTensor<int11, shape=(1, 128, 28, 28)>        ∈ [-924, 868]          @ /trunk/trunk.7/C1/Conv.conv
 %84 = round_bit_pattern(%83, lsbs_to_remove=5, overflow_protection=False, exactness=Exactness.EXACT)                     # EncryptedTensor<int11, shape=(1, 128, 28, 28)>        ∈ [-928, 864]          @ /trunk/trunk.7/C1/Conv.conv_rounding
 %85 = subgraph(%84)                                                                                                      # EncryptedTensor<uint4, shape=(1, 128, 28, 28)>        ∈ [0, 12]
 %86 = ones()                                                                                                             # EncryptedTensor<uint1, shape=(1, 128, 30, 30)>        ∈ [1, 1]
 %87 = 0                                                                                                                  # ClearScalar<uint1>                                    ∈ [0, 0]
 %88 = multiply(%86, %87)                                                                                                 # EncryptedTensor<uint1, shape=(1, 128, 30, 30)>        ∈ [0, 0]
 %89 = (%88[:, :, 1:29, 1:29] = %85)                                                                                      # EncryptedTensor<uint4, shape=(1, 128, 30, 30)>        ∈ [0, 12]
 %90 = [[[[ 0 -1  ...  -1  0]]]]                                                                                          # ClearTensor<int4, shape=(128, 128, 3, 3)>             ∈ [-7, 7]              @ /trunk/trunk.7/C2/Conv.conv
 %91 = conv2d(%89, %90, [0 0 0 0 0 ... 0 0 0 0 0], pads=[0, 0, 0, 0], strides=(1, 1), dilations=(1, 1), group=1)          # EncryptedTensor<int12, shape=(1, 128, 28, 28)>        ∈ [-1612, 1108]        @ /trunk/trunk.7/C2/Conv.conv
 %92 = round_bit_pattern(%91, lsbs_to_remove=6, overflow_protection=False, exactness=Exactness.EXACT)                     # EncryptedTensor<int12, shape=(1, 128, 28, 28)>        ∈ [-1600, 1088]        @ /trunk/trunk.7/C2/Conv.conv_rounding
 %93 = subgraph(%92)                                                                                                      # EncryptedTensor<int4, shape=(1, 128, 28, 28)>         ∈ [-5, 5]
 %94 = subgraph(%76)                                                                                                      # EncryptedTensor<uint4, shape=(1, 128, 28, 28)>        ∈ [0, 15]
 %95 = subgraph(%93)                                                                                                      # EncryptedTensor<int5, shape=(1, 128, 28, 28)>         ∈ [-14, 14]
 %96 = subgraph(%94)                                                                                                      # EncryptedTensor<uint5, shape=(1, 128, 28, 28)>        ∈ [0, 29]
 %97 = 1                                                                                                                  # ClearScalar<uint1>                                    ∈ [1, 1]
 %98 = multiply(%97, %96)                                                                                                 # EncryptedTensor<uint5, shape=(1, 128, 28, 28)>        ∈ [0, 29]
 %99 = add(%95, %98)                                                                                                      # EncryptedTensor<int7, shape=(1, 128, 28, 28)>         ∈ [-14, 34]
%100 = subgraph(%99)                                                                                                      # EncryptedTensor<uint4, shape=(1, 128, 28, 28)>        ∈ [0, 13]
%101 = ones()                                                                                                             # EncryptedTensor<uint1, shape=(1, 128, 30, 30)>        ∈ [1, 1]
%102 = 0                                                                                                                  # ClearScalar<uint1>                                    ∈ [0, 0]
%103 = multiply(%101, %102)                                                                                               # EncryptedTensor<uint1, shape=(1, 128, 30, 30)>        ∈ [0, 0]
%104 = (%103[:, :, 1:29, 1:29] = %100)                                                                                    # EncryptedTensor<uint4, shape=(1, 128, 30, 30)>        ∈ [0, 13]
%105 = [[[[-1 -1  ...  -1  1]]]]                                                                                          # ClearTensor<int4, shape=(256, 128, 3, 3)>             ∈ [-7, 6]              @ /trunk/trunk.8/C1/Conv.conv
%106 = conv2d(%104, %105, [0 0 0 0 0 ... 0 0 0 0 0], pads=[0, 0, 0, 0], strides=(2, 2), dilations=(1, 1), group=1)        # EncryptedTensor<int11, shape=(1, 256, 14, 14)>        ∈ [-744, 1014]         @ /trunk/trunk.8/C1/Conv.conv
%107 = round_bit_pattern(%106, lsbs_to_remove=5, overflow_protection=False, exactness=Exactness.EXACT)                    # EncryptedTensor<int12, shape=(1, 256, 14, 14)>        ∈ [-736, 1024]         @ /trunk/trunk.8/C1/Conv.conv_rounding
%108 = subgraph(%107)                                                                                                     # EncryptedTensor<uint4, shape=(1, 256, 14, 14)>        ∈ [0, 10]
%109 = ones()                                                                                                             # EncryptedTensor<uint1, shape=(1, 256, 16, 16)>        ∈ [1, 1]
%110 = 0                                                                                                                  # ClearScalar<uint1>                                    ∈ [0, 0]
%111 = multiply(%109, %110)                                                                                               # EncryptedTensor<uint1, shape=(1, 256, 16, 16)>        ∈ [0, 0]
%112 = (%111[:, :, 1:15, 1:15] = %108)                                                                                    # EncryptedTensor<uint4, shape=(1, 256, 16, 16)>        ∈ [0, 10]
%113 = [[[[-2  0  ...  -1  0]]]]                                                                                          # ClearTensor<int4, shape=(256, 256, 3, 3)>             ∈ [-6, 7]              @ /trunk/trunk.8/C2/Conv.conv
%114 = conv2d(%112, %113, [0 0 0 0 0 ... 0 0 0 0 0], pads=[0, 0, 0, 0], strides=(1, 1), dilations=(1, 1), group=1)        # EncryptedTensor<int12, shape=(1, 256, 14, 14)>        ∈ [-1671, 1864]        @ /trunk/trunk.8/C2/Conv.conv
%115 = round_bit_pattern(%114, lsbs_to_remove=6, overflow_protection=False, exactness=Exactness.EXACT)                    # EncryptedTensor<int12, shape=(1, 256, 14, 14)>        ∈ [-1664, 1856]        @ /trunk/trunk.8/C2/Conv.conv_rounding
%116 = subgraph(%99)                                                                                                      # EncryptedTensor<uint4, shape=(1, 128, 28, 28)>        ∈ [0, 13]
%117 = [[[[-1]]   ...   [[ 3]]]]                                                                                          # ClearTensor<int4, shape=(256, 128, 1, 1)>             ∈ [-7, 7]              @ /trunk/trunk.8/shortcut/Conv.conv
%118 = conv2d(%116, %117, [0 0 0 0 0 ... 0 0 0 0 0], pads=[0, 0, 0, 0], strides=(2, 2), dilations=(1, 1), group=1)        # EncryptedTensor<int10, shape=(1, 256, 14, 14)>        ∈ [-193, 256]          @ /trunk/trunk.8/shortcut/Conv.conv
%119 = round_bit_pattern(%118, lsbs_to_remove=3, overflow_protection=False, exactness=Exactness.EXACT)                    # EncryptedTensor<int10, shape=(1, 256, 14, 14)>        ∈ [-192, 256]          @ /trunk/trunk.8/shortcut/Conv.conv_rounding
%120 = subgraph(%115)                                                                                                     # EncryptedTensor<int4, shape=(1, 256, 14, 14)>         ∈ [-4, 6]
%121 = subgraph(%119)                                                                                                     # EncryptedTensor<int4, shape=(1, 256, 14, 14)>         ∈ [-6, 6]
%122 = subgraph(%120)                                                                                                     # EncryptedTensor<int6, shape=(1, 256, 14, 14)>         ∈ [-11, 17]
%123 = subgraph(%121)                                                                                                     # EncryptedTensor<int6, shape=(1, 256, 14, 14)>         ∈ [-17, 17]
%124 = 1                                                                                                                  # ClearScalar<uint1>                                    ∈ [1, 1]
%125 = multiply(%124, %123)                                                                                               # EncryptedTensor<int6, shape=(1, 256, 14, 14)>         ∈ [-17, 17]
%126 = add(%122, %125)                                                                                                    # EncryptedTensor<int6, shape=(1, 256, 14, 14)>         ∈ [-20, 28]
%127 = subgraph(%126)                                                                                                     # EncryptedTensor<uint4, shape=(1, 256, 14, 14)>        ∈ [0, 11]
%128 = ones()                                                                                                             # EncryptedTensor<uint1, shape=(1, 256, 16, 16)>        ∈ [1, 1]
%129 = 0                                                                                                                  # ClearScalar<uint1>                                    ∈ [0, 0]
%130 = multiply(%128, %129)                                                                                               # EncryptedTensor<uint1, shape=(1, 256, 16, 16)>        ∈ [0, 0]
%131 = (%130[:, :, 1:15, 1:15] = %127)                                                                                    # EncryptedTensor<uint4, shape=(1, 256, 16, 16)>        ∈ [0, 11]
%132 = [[[[-1 -1  ...  -1  0]]]]                                                                                          # ClearTensor<int4, shape=(256, 256, 3, 3)>             ∈ [-6, 7]              @ /trunk/trunk.9/C1/Conv.conv
%133 = conv2d(%131, %132, [0 0 0 0 0 ... 0 0 0 0 0], pads=[0, 0, 0, 0], strides=(1, 1), dilations=(1, 1), group=1)        # EncryptedTensor<int12, shape=(1, 256, 14, 14)>        ∈ [-1774, 1935]        @ /trunk/trunk.9/C1/Conv.conv
%134 = round_bit_pattern(%133, lsbs_to_remove=6, overflow_protection=False, exactness=Exactness.EXACT)                    # EncryptedTensor<int12, shape=(1, 256, 14, 14)>        ∈ [-1792, 1920]        @ /trunk/trunk.9/C1/Conv.conv_rounding
%135 = subgraph(%134)                                                                                                     # EncryptedTensor<uint4, shape=(1, 256, 14, 14)>        ∈ [0, 12]
%136 = ones()                                                                                                             # EncryptedTensor<uint1, shape=(1, 256, 16, 16)>        ∈ [1, 1]
%137 = 0                                                                                                                  # ClearScalar<uint1>                                    ∈ [0, 0]
%138 = multiply(%136, %137)                                                                                               # EncryptedTensor<uint1, shape=(1, 256, 16, 16)>        ∈ [0, 0]
%139 = (%138[:, :, 1:15, 1:15] = %135)                                                                                    # EncryptedTensor<uint4, shape=(1, 256, 16, 16)>        ∈ [0, 12]
%140 = [[[[ 0  1  ...  -1 -1]]]]                                                                                          # ClearTensor<int4, shape=(256, 256, 3, 3)>             ∈ [-7, 6]              @ /trunk/trunk.9/C2/Conv.conv
%141 = conv2d(%139, %140, [0 0 0 0 0 ... 0 0 0 0 0], pads=[0, 0, 0, 0], strides=(1, 1), dilations=(1, 1), group=1)        # EncryptedTensor<int13, shape=(1, 256, 14, 14)>        ∈ [-2205, 2153]        @ /trunk/trunk.9/C2/Conv.conv
%142 = round_bit_pattern(%141, lsbs_to_remove=6, overflow_protection=False, exactness=Exactness.EXACT)                    # EncryptedTensor<int13, shape=(1, 256, 14, 14)>        ∈ [-2176, 2176]        @ /trunk/trunk.9/C2/Conv.conv_rounding
%143 = subgraph(%142)                                                                                                     # EncryptedTensor<int4, shape=(1, 256, 14, 14)>         ∈ [-5, 6]
%144 = subgraph(%126)                                                                                                     # EncryptedTensor<uint4, shape=(1, 256, 14, 14)>        ∈ [0, 11]
%145 = subgraph(%143)                                                                                                     # EncryptedTensor<int6, shape=(1, 256, 14, 14)>         ∈ [-15, 18]
%146 = subgraph(%144)                                                                                                     # EncryptedTensor<uint5, shape=(1, 256, 14, 14)>        ∈ [0, 25]
%147 = 1                                                                                                                  # ClearScalar<uint1>                                    ∈ [1, 1]
%148 = multiply(%147, %146)                                                                                               # EncryptedTensor<uint5, shape=(1, 256, 14, 14)>        ∈ [0, 25]
%149 = add(%145, %148)                                                                                                    # EncryptedTensor<int7, shape=(1, 256, 14, 14)>         ∈ [-15, 40]
%150 = subgraph(%149)                                                                                                     # EncryptedTensor<uint4, shape=(1, 256, 14, 14)>        ∈ [0, 13]
%151 = ones()                                                                                                             # EncryptedTensor<uint1, shape=(1, 256, 16, 16)>        ∈ [1, 1]
%152 = 0                                                                                                                  # ClearScalar<uint1>                                    ∈ [0, 0]
%153 = multiply(%151, %152)                                                                                               # EncryptedTensor<uint1, shape=(1, 256, 16, 16)>        ∈ [0, 0]
%154 = (%153[:, :, 1:15, 1:15] = %150)                                                                                    # EncryptedTensor<uint4, shape=(1, 256, 16, 16)>        ∈ [0, 13]
%155 = [[[[ 0  0  ...   0  2]]]]                                                                                          # ClearTensor<int4, shape=(512, 256, 3, 3)>             ∈ [-7, 6]              @ /trunk/trunk.10/C1/Conv.conv
%156 = conv2d(%154, %155, [0 0 0 0 0 ... 0 0 0 0 0], pads=[0, 0, 0, 0], strides=(2, 2), dilations=(1, 1), group=1)        # EncryptedTensor<int12, shape=(1, 512, 7, 7)>          ∈ [-1991, 1774]        @ /trunk/trunk.10/C1/Conv.conv
%157 = round_bit_pattern(%156, lsbs_to_remove=6, overflow_protection=False, exactness=Exactness.EXACT)                    # EncryptedTensor<int12, shape=(1, 512, 7, 7)>          ∈ [-1984, 1792]        @ /trunk/trunk.10/C1/Conv.conv_rounding
%158 = subgraph(%157)                                                                                                     # EncryptedTensor<uint4, shape=(1, 512, 7, 7)>          ∈ [0, 12]
%159 = ones()                                                                                                             # EncryptedTensor<uint1, shape=(1, 512, 9, 9)>          ∈ [1, 1]
%160 = 0                                                                                                                  # ClearScalar<uint1>                                    ∈ [0, 0]
%161 = multiply(%159, %160)                                                                                               # EncryptedTensor<uint1, shape=(1, 512, 9, 9)>          ∈ [0, 0]
%162 = (%161[:, :, 1:8, 1:8] = %158)                                                                                      # EncryptedTensor<uint4, shape=(1, 512, 9, 9)>          ∈ [0, 12]
%163 = [[[[-2  2  ...   0  0]]]]                                                                                          # ClearTensor<int4, shape=(512, 512, 3, 3)>             ∈ [-7, 7]              @ /trunk/trunk.10/C2/Conv.conv
%164 = conv2d(%162, %163, [0 0 0 0 0 ... 0 0 0 0 0], pads=[0, 0, 0, 0], strides=(1, 1), dilations=(1, 1), group=1)        # EncryptedTensor<int14, shape=(1, 512, 7, 7)>          ∈ [-3773, 4312]        @ /trunk/trunk.10/C2/Conv.conv
%165 = round_bit_pattern(%164, lsbs_to_remove=7, overflow_protection=False, exactness=Exactness.EXACT)                    # EncryptedTensor<int14, shape=(1, 512, 7, 7)>          ∈ [-3712, 4352]        @ /trunk/trunk.10/C2/Conv.conv_rounding
%166 = subgraph(%149)                                                                                                     # EncryptedTensor<uint4, shape=(1, 256, 14, 14)>        ∈ [0, 13]
%167 = [[[[ 2]]   ...   [[ 0]]]]                                                                                          # ClearTensor<int4, shape=(512, 256, 1, 1)>             ∈ [-5, 7]              @ /trunk/trunk.10/shortcut/Conv.conv
%168 = conv2d(%166, %167, [0 0 0 0 0 ... 0 0 0 0 0], pads=[0, 0, 0, 0], strides=(2, 2), dilations=(1, 1), group=1)        # EncryptedTensor<int10, shape=(1, 512, 7, 7)>          ∈ [-300, 365]          @ /trunk/trunk.10/shortcut/Conv.conv
%169 = round_bit_pattern(%168, lsbs_to_remove=4, overflow_protection=False, exactness=Exactness.EXACT)                    # EncryptedTensor<int10, shape=(1, 512, 7, 7)>          ∈ [-304, 368]          @ /trunk/trunk.10/shortcut/Conv.conv_rounding
%170 = subgraph(%165)                                                                                                     # EncryptedTensor<int4, shape=(1, 512, 7, 7)>           ∈ [-5, 6]
%171 = subgraph(%169)                                                                                                     # EncryptedTensor<int4, shape=(1, 512, 7, 7)>           ∈ [-6, 7]
%172 = subgraph(%170)                                                                                                     # EncryptedTensor<int6, shape=(1, 512, 7, 7)>           ∈ [-14, 17]
%173 = subgraph(%171)                                                                                                     # EncryptedTensor<int6, shape=(1, 512, 7, 7)>           ∈ [-17, 20]
%174 = 1                                                                                                                  # ClearScalar<uint1>                                    ∈ [1, 1]
%175 = multiply(%174, %173)                                                                                               # EncryptedTensor<int6, shape=(1, 512, 7, 7)>           ∈ [-17, 20]
%176 = add(%172, %175)                                                                                                    # EncryptedTensor<int6, shape=(1, 512, 7, 7)>           ∈ [-23, 28]
%177 = subgraph(%176)                                                                                                     # EncryptedTensor<uint4, shape=(1, 512, 7, 7)>          ∈ [0, 11]
%178 = ones()                                                                                                             # EncryptedTensor<uint1, shape=(1, 512, 9, 9)>          ∈ [1, 1]
%179 = 0                                                                                                                  # ClearScalar<uint1>                                    ∈ [0, 0]
%180 = multiply(%178, %179)                                                                                               # EncryptedTensor<uint1, shape=(1, 512, 9, 9)>          ∈ [0, 0]
%181 = (%180[:, :, 1:8, 1:8] = %177)                                                                                      # EncryptedTensor<uint4, shape=(1, 512, 9, 9)>          ∈ [0, 11]
%182 = [[[[ 0  0  ...   1 -4]]]]                                                                                          # ClearTensor<int4, shape=(512, 512, 3, 3)>             ∈ [-6, 7]              @ /trunk/trunk.11/C1/Conv.conv
%183 = conv2d(%181, %182, [0 0 0 0 0 ... 0 0 0 0 0], pads=[0, 0, 0, 0], strides=(1, 1), dilations=(1, 1), group=1)        # EncryptedTensor<int13, shape=(1, 512, 7, 7)>          ∈ [-1972, 2534]        @ /trunk/trunk.11/C1/Conv.conv
%184 = round_bit_pattern(%183, lsbs_to_remove=7, overflow_protection=False, exactness=Exactness.EXACT)                    # EncryptedTensor<int13, shape=(1, 512, 7, 7)>          ∈ [-1920, 2560]        @ /trunk/trunk.11/C1/Conv.conv_rounding
%185 = subgraph(%184)                                                                                                     # EncryptedTensor<uint4, shape=(1, 512, 7, 7)>          ∈ [0, 14]
%186 = ones()                                                                                                             # EncryptedTensor<uint1, shape=(1, 512, 9, 9)>          ∈ [1, 1]
%187 = 0                                                                                                                  # ClearScalar<uint1>                                    ∈ [0, 0]
%188 = multiply(%186, %187)                                                                                               # EncryptedTensor<uint1, shape=(1, 512, 9, 9)>          ∈ [0, 0]
%189 = (%188[:, :, 1:8, 1:8] = %185)                                                                                      # EncryptedTensor<uint4, shape=(1, 512, 9, 9)>          ∈ [0, 14]
%190 = [[[[ 0  2  ...   1  0]]]]                                                                                          # ClearTensor<int4, shape=(512, 512, 3, 3)>             ∈ [-6, 7]              @ /trunk/trunk.11/C2/Conv.conv
%191 = conv2d(%189, %190, [0 0 0 0 0 ... 0 0 0 0 0], pads=[0, 0, 0, 0], strides=(1, 1), dilations=(1, 1), group=1)        # EncryptedTensor<int14, shape=(1, 512, 7, 7)>          ∈ [-5075, 4702]        @ /trunk/trunk.11/C2/Conv.conv
%192 = round_bit_pattern(%191, lsbs_to_remove=7, overflow_protection=False, exactness=Exactness.EXACT)                    # EncryptedTensor<int14, shape=(1, 512, 7, 7)>          ∈ [-5120, 4736]        @ /trunk/trunk.11/C2/Conv.conv_rounding
%193 = subgraph(%192)                                                                                                     # EncryptedTensor<int4, shape=(1, 512, 7, 7)>           ∈ [-4, 6]
%194 = subgraph(%176)                                                                                                     # EncryptedTensor<uint4, shape=(1, 512, 7, 7)>          ∈ [0, 11]
%195 = subgraph(%193)                                                                                                     # EncryptedTensor<int6, shape=(1, 512, 7, 7)>           ∈ [-11, 16]
%196 = subgraph(%194)                                                                                                     # EncryptedTensor<uint5, shape=(1, 512, 7, 7)>          ∈ [0, 27]
%197 = 1                                                                                                                  # ClearScalar<uint1>                                    ∈ [1, 1]
%198 = multiply(%197, %196)                                                                                               # EncryptedTensor<uint5, shape=(1, 512, 7, 7)>          ∈ [0, 27]
%199 = add(%195, %198)                                                                                                    # EncryptedTensor<int6, shape=(1, 512, 7, 7)>           ∈ [-11, 31]
%200 = subgraph(%199)                                                                                                     # EncryptedTensor<uint4, shape=(1, 512, 7, 7)>          ∈ [0, 10]
%201 = [[[[1 1 1  ...  1 1 1]]]]                                                                                          # ClearTensor<uint1, shape=(512, 512, 5, 5)>            ∈ [0, 1]               @ /trunk/trunk.12/AveragePool.avgpool
%202 = conv2d(%200, %201, [0 0 0 0 0 ... 0 0 0 0 0], pads=[0, 0, 0, 0], strides=(5, 5), dilations=(1, 1), group=1)        # EncryptedTensor<uint7, shape=(1, 512, 1, 1)>          ∈ [0, 119]             @ /trunk/trunk.12/AveragePool.avgpool
%203 = round_bit_pattern(%202, lsbs_to_remove=1, overflow_protection=False, exactness=Exactness.EXACT)                    # EncryptedTensor<uint7, shape=(1, 512, 1, 1)>          ∈ [0, 120]             @ /trunk/trunk.12/AveragePool.avgpool_rounding
%204 = subgraph(%203)                                                                                                     # EncryptedTensor<uint3, shape=(1, 512, 1, 1)>          ∈ [0, 7]
%205 = reshape(%204, newshape=(1, 512))                                                                                   # EncryptedTensor<uint3, shape=(1, 512)>                ∈ [0, 7]
return %205

Subgraphs:

    %4 = subgraph(%3):

         %0 = input                            # EncryptedTensor<int4, shape=(1, 64, 56, 56)>           @ /trunk/trunk.1/Conv.conv_rounding
         %1 = astype(%0, dtype=float64)        # EncryptedTensor<float64, shape=(1, 64, 56, 56)>
         %2 = 0                                # ClearScalar<uint1>
         %3 = add(%1, %2)                      # EncryptedTensor<float64, shape=(1, 64, 56, 56)>
         %4 = [[[[0]]  [ ... ]  [[0]]]]        # ClearTensor<uint1, shape=(1, 64, 1, 1)>
         %5 = subtract(%3, %4)                 # EncryptedTensor<float64, shape=(1, 64, 56, 56)>
         %6 = 4.506058946047176                # ClearScalar<float64>
         %7 = multiply(%6, %5)                 # EncryptedTensor<float64, shape=(1, 64, 56, 56)>
         %8 = [[[[-0.097 ... 323255]]]]        # ClearTensor<float32, shape=(1, 64, 1, 1)>
         %9 = subtract(%7, %8)                 # EncryptedTensor<float64, shape=(1, 64, 56, 56)>
        %10 = [[[[17.494 ... 6178  ]]]]        # ClearTensor<float32, shape=(1, 64, 1, 1)>
        %11 = divide(%9, %10)                  # EncryptedTensor<float64, shape=(1, 64, 56, 56)>
        %12 = [[[[1.0452 ... 47377 ]]]]        # ClearTensor<float32, shape=(1, 64, 1, 1)>
        %13 = multiply(%11, %12)               # EncryptedTensor<float64, shape=(1, 64, 56, 56)>
        %14 = [[[[ 0.011 ... 144177]]]]        # ClearTensor<float32, shape=(1, 64, 1, 1)>
        %15 = add(%13, %14)                    # EncryptedTensor<float64, shape=(1, 64, 56, 56)>
        %16 = 1.4906285                        # ClearScalar<float32>
        %17 = divide(%15, %16)                 # EncryptedTensor<float64, shape=(1, 64, 56, 56)>
        %18 = 0.0                              # ClearScalar<float32>
        %19 = add(%17, %18)                    # EncryptedTensor<float64, shape=(1, 64, 56, 56)>
        %20 = -8.0                             # ClearScalar<float64>
        %21 = 7.0                              # ClearScalar<float64>
        %22 = clip(%19, %20, %21)              # EncryptedTensor<float64, shape=(1, 64, 56, 56)>
        %23 = rint(%22)                        # EncryptedTensor<float64, shape=(1, 64, 56, 56)>
        %24 = 0.0                              # ClearScalar<float32>
        %25 = subtract(%23, %24)               # EncryptedTensor<float64, shape=(1, 64, 56, 56)>
        %26 = 1.4906285                        # ClearScalar<float32>
        %27 = multiply(%25, %26)               # EncryptedTensor<float64, shape=(1, 64, 56, 56)>
        %28 = 1.4906284809112549               # ClearScalar<float64>
        %29 = divide(%27, %28)                 # EncryptedTensor<float64, shape=(1, 64, 56, 56)>
        %30 = 0                                # ClearScalar<uint1>
        %31 = add(%29, %30)                    # EncryptedTensor<float64, shape=(1, 64, 56, 56)>
        %32 = rint(%31)                        # EncryptedTensor<float64, shape=(1, 64, 56, 56)>
        %33 = astype(%32, dtype=int_)          # EncryptedTensor<uint1, shape=(1, 64, 56, 56)>
        return %33

    %12 = subgraph(%11):

         %0 = input                            # EncryptedTensor<uint1, shape=(1, 64, 56, 56)>          @ /trunk/trunk.4/C1/Conv.conv_rounding
         %1 = astype(%0, dtype=float64)        # EncryptedTensor<float64, shape=(1, 64, 56, 56)>
         %2 = 0                                # ClearScalar<uint1>
         %3 = add(%1, %2)                      # EncryptedTensor<float64, shape=(1, 64, 56, 56)>
         %4 = [[[[0]]  [ ... ]  [[0]]]]        # ClearTensor<uint1, shape=(1, 64, 1, 1)>
         %5 = subtract(%3, %4)                 # EncryptedTensor<float64, shape=(1, 64, 56, 56)>
         %6 = 0.04765919342227498              # ClearScalar<float64>
         %7 = multiply(%6, %5)                 # EncryptedTensor<float64, shape=(1, 64, 56, 56)>
         %8 = [[[[ 0.060 ... 044153]]]]        # ClearTensor<float32, shape=(1, 64, 1, 1)>
         %9 = subtract(%7, %8)                 # EncryptedTensor<float64, shape=(1, 64, 56, 56)>
        %10 = [[[[2.2920 ... 862082]]]]        # ClearTensor<float32, shape=(1, 64, 1, 1)>
        %11 = divide(%9, %10)                  # EncryptedTensor<float64, shape=(1, 64, 56, 56)>
        %12 = [[[[0.9601 ... 92251 ]]]]        # ClearTensor<float32, shape=(1, 64, 1, 1)>
        %13 = multiply(%11, %12)               # EncryptedTensor<float64, shape=(1, 64, 56, 56)>
        %14 = [[[[-1.425 ... 74e-02]]]]        # ClearTensor<float32, shape=(1, 64, 1, 1)>
        %15 = add(%13, %14)                    # EncryptedTensor<float64, shape=(1, 64, 56, 56)>
        %16 = 0                                # ClearScalar<uint1>
        %17 = maximum(%15, %16)                # EncryptedTensor<float64, shape=(1, 64, 56, 56)>
        %18 = 0.6284974                        # ClearScalar<float32>
        %19 = divide(%17, %18)                 # EncryptedTensor<float64, shape=(1, 64, 56, 56)>
        %20 = 0.0                              # ClearScalar<float32>
        %21 = add(%19, %20)                    # EncryptedTensor<float64, shape=(1, 64, 56, 56)>
        %22 = 0.0                              # ClearScalar<float64>
        %23 = 15.0                             # ClearScalar<float64>
        %24 = clip(%21, %22, %23)              # EncryptedTensor<float64, shape=(1, 64, 56, 56)>
        %25 = rint(%24)                        # EncryptedTensor<float64, shape=(1, 64, 56, 56)>
        %26 = 0.0                              # ClearScalar<float32>
        %27 = subtract(%25, %26)               # EncryptedTensor<float64, shape=(1, 64, 56, 56)>
        %28 = 0.6284974                        # ClearScalar<float32>
        %29 = multiply(%27, %28)               # EncryptedTensor<float64, shape=(1, 64, 56, 56)>
        %30 = 0.6284974217414856               # ClearScalar<float64>
        %31 = divide(%29, %30)                 # EncryptedTensor<float64, shape=(1, 64, 56, 56)>
        %32 = 0                                # ClearScalar<uint1>
        %33 = add(%31, %32)                    # EncryptedTensor<float64, shape=(1, 64, 56, 56)>
        %34 = rint(%33)                        # EncryptedTensor<float64, shape=(1, 64, 56, 56)>
        %35 = astype(%34, dtype=int_)          # EncryptedTensor<uint1, shape=(1, 64, 56, 56)>
        return %35

    %20 = subgraph(%19):

         %0 = input                            # EncryptedTensor<uint1, shape=(1, 64, 56, 56)>          @ /trunk/trunk.4/C2/Conv.conv_rounding
         %1 = astype(%0, dtype=float64)        # EncryptedTensor<float64, shape=(1, 64, 56, 56)>
         %2 = 0                                # ClearScalar<uint1>
         %3 = add(%1, %2)                      # EncryptedTensor<float64, shape=(1, 64, 56, 56)>
         %4 = [[[[0]]  [ ... ]  [[0]]]]        # ClearTensor<uint1, shape=(1, 64, 1, 1)>
         %5 = subtract(%3, %4)                 # EncryptedTensor<float64, shape=(1, 64, 56, 56)>
         %6 = 0.021108379068348615             # ClearScalar<float64>
         %7 = multiply(%6, %5)                 # EncryptedTensor<float64, shape=(1, 64, 56, 56)>
         %8 = [[[[-0.848 ... 1415  ]]]]        # ClearTensor<float32, shape=(1, 64, 1, 1)>
         %9 = subtract(%7, %8)                 # EncryptedTensor<float64, shape=(1, 64, 56, 56)>
        %10 = [[[[1.5943 ... 689418]]]]        # ClearTensor<float32, shape=(1, 64, 1, 1)>
        %11 = divide(%9, %10)                  # EncryptedTensor<float64, shape=(1, 64, 56, 56)>
        %12 = [[[[0.9725 ... 31679 ]]]]        # ClearTensor<float32, shape=(1, 64, 1, 1)>
        %13 = multiply(%11, %12)               # EncryptedTensor<float64, shape=(1, 64, 56, 56)>
        %14 = [[[[ 0.015 ... 97162 ]]]]        # ClearTensor<float32, shape=(1, 64, 1, 1)>
        %15 = add(%13, %14)                    # EncryptedTensor<float64, shape=(1, 64, 56, 56)>
        %16 = 1.2167265                        # ClearScalar<float32>
        %17 = divide(%15, %16)                 # EncryptedTensor<float64, shape=(1, 64, 56, 56)>
        %18 = 0.0                              # ClearScalar<float32>
        %19 = add(%17, %18)                    # EncryptedTensor<float64, shape=(1, 64, 56, 56)>
        %20 = -8.0                             # ClearScalar<float64>
        %21 = 7.0                              # ClearScalar<float64>
        %22 = clip(%19, %20, %21)              # EncryptedTensor<float64, shape=(1, 64, 56, 56)>
        %23 = rint(%22)                        # EncryptedTensor<float64, shape=(1, 64, 56, 56)>
        %24 = 0.0                              # ClearScalar<float32>
        %25 = subtract(%23, %24)               # EncryptedTensor<float64, shape=(1, 64, 56, 56)>
        %26 = 1.2167265                        # ClearScalar<float32>
        %27 = multiply(%25, %26)               # EncryptedTensor<float64, shape=(1, 64, 56, 56)>
        %28 = 1.216726541519165                # ClearScalar<float64>
        %29 = divide(%27, %28)                 # EncryptedTensor<float64, shape=(1, 64, 56, 56)>
        %30 = 0                                # ClearScalar<uint1>
        %31 = add(%29, %30)                    # EncryptedTensor<float64, shape=(1, 64, 56, 56)>
        %32 = rint(%31)                        # EncryptedTensor<float64, shape=(1, 64, 56, 56)>
        %33 = astype(%32, dtype=int_)          # EncryptedTensor<uint1, shape=(1, 64, 56, 56)>
        return %33

    %21 = subgraph(%3):

         %0 = input                            # EncryptedTensor<int4, shape=(1, 64, 56, 56)>           @ /trunk/trunk.1/Conv.conv_rounding
         %1 = astype(%0, dtype=float64)        # EncryptedTensor<float64, shape=(1, 64, 56, 56)>
         %2 = 0                                # ClearScalar<uint1>
         %3 = add(%1, %2)                      # EncryptedTensor<float64, shape=(1, 64, 56, 56)>
         %4 = [[[[0]]  [ ... ]  [[0]]]]        # ClearTensor<uint1, shape=(1, 64, 1, 1)>
         %5 = subtract(%3, %4)                 # EncryptedTensor<float64, shape=(1, 64, 56, 56)>
         %6 = 4.506058946047176                # ClearScalar<float64>
         %7 = multiply(%6, %5)                 # EncryptedTensor<float64, shape=(1, 64, 56, 56)>
         %8 = [[[[-0.097 ... 323255]]]]        # ClearTensor<float32, shape=(1, 64, 1, 1)>
         %9 = subtract(%7, %8)                 # EncryptedTensor<float64, shape=(1, 64, 56, 56)>
        %10 = [[[[17.494 ... 6178  ]]]]        # ClearTensor<float32, shape=(1, 64, 1, 1)>
        %11 = divide(%9, %10)                  # EncryptedTensor<float64, shape=(1, 64, 56, 56)>
        %12 = [[[[1.0452 ... 47377 ]]]]        # ClearTensor<float32, shape=(1, 64, 1, 1)>
        %13 = multiply(%11, %12)               # EncryptedTensor<float64, shape=(1, 64, 56, 56)>
        %14 = [[[[ 0.011 ... 144177]]]]        # ClearTensor<float32, shape=(1, 64, 1, 1)>
        %15 = add(%13, %14)                    # EncryptedTensor<float64, shape=(1, 64, 56, 56)>
        %16 = 1.4906285                        # ClearScalar<float32>
        %17 = divide(%15, %16)                 # EncryptedTensor<float64, shape=(1, 64, 56, 56)>
        %18 = 0.0                              # ClearScalar<float32>
        %19 = add(%17, %18)                    # EncryptedTensor<float64, shape=(1, 64, 56, 56)>
        %20 = -8.0                             # ClearScalar<float64>
        %21 = 7.0                              # ClearScalar<float64>
        %22 = clip(%19, %20, %21)              # EncryptedTensor<float64, shape=(1, 64, 56, 56)>
        %23 = rint(%22)                        # EncryptedTensor<float64, shape=(1, 64, 56, 56)>
        %24 = 0.0                              # ClearScalar<float32>
        %25 = subtract(%23, %24)               # EncryptedTensor<float64, shape=(1, 64, 56, 56)>
        %26 = 1.4906285                        # ClearScalar<float32>
        %27 = multiply(%25, %26)               # EncryptedTensor<float64, shape=(1, 64, 56, 56)>
        %28 = 1.4906284809112549               # ClearScalar<float64>
        %29 = divide(%27, %28)                 # EncryptedTensor<float64, shape=(1, 64, 56, 56)>
        %30 = 0                                # ClearScalar<uint1>
        %31 = add(%29, %30)                    # EncryptedTensor<float64, shape=(1, 64, 56, 56)>
        %32 = rint(%31)                        # EncryptedTensor<float64, shape=(1, 64, 56, 56)>
        %33 = astype(%32, dtype=int_)          # EncryptedTensor<uint1, shape=(1, 64, 56, 56)>
        return %33

    %22 = subgraph(%20):

         %0 = input                         # EncryptedTensor<uint1, shape=(1, 64, 56, 56)>
         %1 = 0.0                           # ClearScalar<float64>
         %2 = subtract(%0, %1)              # EncryptedTensor<float64, shape=(1, 64, 56, 56)>
         %3 = 1.216726541519165             # ClearScalar<float64>
         %4 = multiply(%3, %2)              # EncryptedTensor<float64, shape=(1, 64, 56, 56)>
         %5 = 0.6594230205781998            # ClearScalar<float64>
         %6 = divide(%4, %5)                # EncryptedTensor<float64, shape=(1, 64, 56, 56)>
         %7 = 0                             # ClearScalar<uint1>
         %8 = add(%6, %7)                   # EncryptedTensor<float64, shape=(1, 64, 56, 56)>
         %9 = rint(%8)                      # EncryptedTensor<float64, shape=(1, 64, 56, 56)>
        %10 = astype(%9, dtype=int_)        # EncryptedTensor<uint1, shape=(1, 64, 56, 56)>
        return %10

    %23 = subgraph(%21):

         %0 = input                         # EncryptedTensor<uint1, shape=(1, 64, 56, 56)>
         %1 = 0.0                           # ClearScalar<float64>
         %2 = subtract(%0, %1)              # EncryptedTensor<float64, shape=(1, 64, 56, 56)>
         %3 = 1.4906284809112549            # ClearScalar<float64>
         %4 = multiply(%3, %2)              # EncryptedTensor<float64, shape=(1, 64, 56, 56)>
         %5 = 0.6594230205781998            # ClearScalar<float64>
         %6 = divide(%4, %5)                # EncryptedTensor<float64, shape=(1, 64, 56, 56)>
         %7 = 0                             # ClearScalar<uint1>
         %8 = add(%6, %7)                   # EncryptedTensor<float64, shape=(1, 64, 56, 56)>
         %9 = rint(%8)                      # EncryptedTensor<float64, shape=(1, 64, 56, 56)>
        %10 = astype(%9, dtype=int_)        # EncryptedTensor<uint1, shape=(1, 64, 56, 56)>
        return %10

    %27 = subgraph(%26):

         %0 = input                          # EncryptedTensor<uint2, shape=(1, 64, 56, 56)>
         %1 = 0.0                            # ClearScalar<float64>
         %2 = subtract(%0, %1)               # EncryptedTensor<float64, shape=(1, 64, 56, 56)>
         %3 = 0.6594230205781998             # ClearScalar<float64>
         %4 = multiply(%3, %2)               # EncryptedTensor<float64, shape=(1, 64, 56, 56)>
         %5 = 0                              # ClearScalar<uint1>
         %6 = maximum(%4, %5)                # EncryptedTensor<float64, shape=(1, 64, 56, 56)>
         %7 = 0.9586559                      # ClearScalar<float32>
         %8 = divide(%6, %7)                 # EncryptedTensor<float64, shape=(1, 64, 56, 56)>
         %9 = 0.0                            # ClearScalar<float32>
        %10 = add(%8, %9)                    # EncryptedTensor<float64, shape=(1, 64, 56, 56)>
        %11 = 0.0                            # ClearScalar<float64>
        %12 = 15.0                           # ClearScalar<float64>
        %13 = clip(%10, %11, %12)            # EncryptedTensor<float64, shape=(1, 64, 56, 56)>
        %14 = rint(%13)                      # EncryptedTensor<float64, shape=(1, 64, 56, 56)>
        %15 = 0.0                            # ClearScalar<float32>
        %16 = subtract(%14, %15)             # EncryptedTensor<float64, shape=(1, 64, 56, 56)>
        %17 = 0.9586559                      # ClearScalar<float32>
        %18 = multiply(%16, %17)             # EncryptedTensor<float64, shape=(1, 64, 56, 56)>
        %19 = 0.9586558938026428             # ClearScalar<float64>
        %20 = divide(%18, %19)               # EncryptedTensor<float64, shape=(1, 64, 56, 56)>
        %21 = 0                              # ClearScalar<uint1>
        %22 = add(%20, %21)                  # EncryptedTensor<float64, shape=(1, 64, 56, 56)>
        %23 = rint(%22)                      # EncryptedTensor<float64, shape=(1, 64, 56, 56)>
        %24 = astype(%23, dtype=int_)        # EncryptedTensor<uint1, shape=(1, 64, 56, 56)>
        return %24

    %35 = subgraph(%34):

         %0 = input                            # EncryptedTensor<uint1, shape=(1, 64, 56, 56)>          @ /trunk/trunk.5/C1/Conv.conv_rounding
         %1 = astype(%0, dtype=float64)        # EncryptedTensor<float64, shape=(1, 64, 56, 56)>
         %2 = 0                                # ClearScalar<uint1>
         %3 = add(%1, %2)                      # EncryptedTensor<float64, shape=(1, 64, 56, 56)>
         %4 = [[[[0]]  [ ... ]  [[0]]]]        # ClearTensor<uint1, shape=(1, 64, 1, 1)>
         %5 = subtract(%3, %4)                 # EncryptedTensor<float64, shape=(1, 64, 56, 56)>
         %6 = 0.030491733920933628             # ClearScalar<float64>
         %7 = multiply(%6, %5)                 # EncryptedTensor<float64, shape=(1, 64, 56, 56)>
         %8 = [[[[-1.744 ... 809442]]]]        # ClearTensor<float32, shape=(1, 64, 1, 1)>
         %9 = subtract(%7, %8)                 # EncryptedTensor<float64, shape=(1, 64, 56, 56)>
        %10 = [[[[2.4803 ... 10526 ]]]]        # ClearTensor<float32, shape=(1, 64, 1, 1)>
        %11 = divide(%9, %10)                  # EncryptedTensor<float64, shape=(1, 64, 56, 56)>
        %12 = [[[[1.0577 ... 94685 ]]]]        # ClearTensor<float32, shape=(1, 64, 1, 1)>
        %13 = multiply(%11, %12)               # EncryptedTensor<float64, shape=(1, 64, 56, 56)>
        %14 = [[[[ 0.075 ... 438632]]]]        # ClearTensor<float32, shape=(1, 64, 1, 1)>
        %15 = add(%13, %14)                    # EncryptedTensor<float64, shape=(1, 64, 56, 56)>
        %16 = 0                                # ClearScalar<uint1>
        %17 = maximum(%15, %16)                # EncryptedTensor<float64, shape=(1, 64, 56, 56)>
        %18 = 0.57267225                       # ClearScalar<float32>
        %19 = divide(%17, %18)                 # EncryptedTensor<float64, shape=(1, 64, 56, 56)>
        %20 = 0.0                              # ClearScalar<float32>
        %21 = add(%19, %20)                    # EncryptedTensor<float64, shape=(1, 64, 56, 56)>
        %22 = 0.0                              # ClearScalar<float64>
        %23 = 15.0                             # ClearScalar<float64>
        %24 = clip(%21, %22, %23)              # EncryptedTensor<float64, shape=(1, 64, 56, 56)>
        %25 = rint(%24)                        # EncryptedTensor<float64, shape=(1, 64, 56, 56)>
        %26 = 0.0                              # ClearScalar<float32>
        %27 = subtract(%25, %26)               # EncryptedTensor<float64, shape=(1, 64, 56, 56)>
        %28 = 0.57267225                       # ClearScalar<float32>
        %29 = multiply(%27, %28)               # EncryptedTensor<float64, shape=(1, 64, 56, 56)>
        %30 = 0.5726722478866577               # ClearScalar<float64>
        %31 = divide(%29, %30)                 # EncryptedTensor<float64, shape=(1, 64, 56, 56)>
        %32 = 0                                # ClearScalar<uint1>
        %33 = add(%31, %32)                    # EncryptedTensor<float64, shape=(1, 64, 56, 56)>
        %34 = rint(%33)                        # EncryptedTensor<float64, shape=(1, 64, 56, 56)>
        %35 = astype(%34, dtype=int_)          # EncryptedTensor<uint1, shape=(1, 64, 56, 56)>
        return %35

    %43 = subgraph(%42):

         %0 = input                            # EncryptedTensor<uint1, shape=(1, 64, 56, 56)>          @ /trunk/trunk.5/C2/Conv.conv_rounding
         %1 = astype(%0, dtype=float64)        # EncryptedTensor<float64, shape=(1, 64, 56, 56)>
         %2 = 0                                # ClearScalar<uint1>
         %3 = add(%1, %2)                      # EncryptedTensor<float64, shape=(1, 64, 56, 56)>
         %4 = [[[[0]]  [ ... ]  [[0]]]]        # ClearTensor<uint1, shape=(1, 64, 1, 1)>
         %5 = subtract(%3, %4)                 # EncryptedTensor<float64, shape=(1, 64, 56, 56)>
         %6 = 0.01930685890590267              # ClearScalar<float64>
         %7 = multiply(%6, %5)                 # EncryptedTensor<float64, shape=(1, 64, 56, 56)>
         %8 = [[[[-0.946 ... 23143 ]]]]        # ClearTensor<float32, shape=(1, 64, 1, 1)>
         %9 = subtract(%7, %8)                 # EncryptedTensor<float64, shape=(1, 64, 56, 56)>
        %10 = [[[[1.3348 ... 657488]]]]        # ClearTensor<float32, shape=(1, 64, 1, 1)>
        %11 = divide(%9, %10)                  # EncryptedTensor<float64, shape=(1, 64, 56, 56)>
        %12 = [[[[0.9773 ... 51531 ]]]]        # ClearTensor<float32, shape=(1, 64, 1, 1)>
        %13 = multiply(%11, %12)               # EncryptedTensor<float64, shape=(1, 64, 56, 56)>
        %14 = [[[[ 4.099 ... 97e-02]]]]        # ClearTensor<float32, shape=(1, 64, 1, 1)>
        %15 = add(%13, %14)                    # EncryptedTensor<float64, shape=(1, 64, 56, 56)>
        %16 = 1.0955882                        # ClearScalar<float32>
        %17 = divide(%15, %16)                 # EncryptedTensor<float64, shape=(1, 64, 56, 56)>
        %18 = 0.0                              # ClearScalar<float32>
        %19 = add(%17, %18)                    # EncryptedTensor<float64, shape=(1, 64, 56, 56)>
        %20 = -8.0                             # ClearScalar<float64>
        %21 = 7.0                              # ClearScalar<float64>
        %22 = clip(%19, %20, %21)              # EncryptedTensor<float64, shape=(1, 64, 56, 56)>
        %23 = rint(%22)                        # EncryptedTensor<float64, shape=(1, 64, 56, 56)>
        %24 = 0.0                              # ClearScalar<float32>
        %25 = subtract(%23, %24)               # EncryptedTensor<float64, shape=(1, 64, 56, 56)>
        %26 = 1.0955882                        # ClearScalar<float32>
        %27 = multiply(%25, %26)               # EncryptedTensor<float64, shape=(1, 64, 56, 56)>
        %28 = 1.095588207244873                # ClearScalar<float64>
        %29 = divide(%27, %28)                 # EncryptedTensor<float64, shape=(1, 64, 56, 56)>
        %30 = 0                                # ClearScalar<uint1>
        %31 = add(%29, %30)                    # EncryptedTensor<float64, shape=(1, 64, 56, 56)>
        %32 = rint(%31)                        # EncryptedTensor<float64, shape=(1, 64, 56, 56)>
        %33 = astype(%32, dtype=int_)          # EncryptedTensor<uint1, shape=(1, 64, 56, 56)>
        return %33

    %44 = subgraph(%26):

         %0 = input                          # EncryptedTensor<uint2, shape=(1, 64, 56, 56)>
         %1 = 0.0                            # ClearScalar<float64>
         %2 = subtract(%0, %1)               # EncryptedTensor<float64, shape=(1, 64, 56, 56)>
         %3 = 0.6594230205781998             # ClearScalar<float64>
         %4 = multiply(%3, %2)               # EncryptedTensor<float64, shape=(1, 64, 56, 56)>
         %5 = 0                              # ClearScalar<uint1>
         %6 = maximum(%4, %5)                # EncryptedTensor<float64, shape=(1, 64, 56, 56)>
         %7 = 0.9586559                      # ClearScalar<float32>
         %8 = divide(%6, %7)                 # EncryptedTensor<float64, shape=(1, 64, 56, 56)>
         %9 = 0.0                            # ClearScalar<float32>
        %10 = add(%8, %9)                    # EncryptedTensor<float64, shape=(1, 64, 56, 56)>
        %11 = 0.0                            # ClearScalar<float64>
        %12 = 15.0                           # ClearScalar<float64>
        %13 = clip(%10, %11, %12)            # EncryptedTensor<float64, shape=(1, 64, 56, 56)>
        %14 = rint(%13)                      # EncryptedTensor<float64, shape=(1, 64, 56, 56)>
        %15 = 0.0                            # ClearScalar<float32>
        %16 = subtract(%14, %15)             # EncryptedTensor<float64, shape=(1, 64, 56, 56)>
        %17 = 0.9586559                      # ClearScalar<float32>
        %18 = multiply(%16, %17)             # EncryptedTensor<float64, shape=(1, 64, 56, 56)>
        %19 = 0.9586558938026428             # ClearScalar<float64>
        %20 = divide(%18, %19)               # EncryptedTensor<float64, shape=(1, 64, 56, 56)>
        %21 = 0                              # ClearScalar<uint1>
        %22 = add(%20, %21)                  # EncryptedTensor<float64, shape=(1, 64, 56, 56)>
        %23 = rint(%22)                      # EncryptedTensor<float64, shape=(1, 64, 56, 56)>
        %24 = astype(%23, dtype=int_)        # EncryptedTensor<uint1, shape=(1, 64, 56, 56)>
        return %24

    %45 = subgraph(%43):

         %0 = input                         # EncryptedTensor<uint1, shape=(1, 64, 56, 56)>
         %1 = 0.0                           # ClearScalar<float64>
         %2 = subtract(%0, %1)              # EncryptedTensor<float64, shape=(1, 64, 56, 56)>
         %3 = 1.095588207244873             # ClearScalar<float64>
         %4 = multiply(%3, %2)              # EncryptedTensor<float64, shape=(1, 64, 56, 56)>
         %5 = 0.5212931671450215            # ClearScalar<float64>
         %6 = divide(%4, %5)                # EncryptedTensor<float64, shape=(1, 64, 56, 56)>
         %7 = 0                             # ClearScalar<uint1>
         %8 = add(%6, %7)                   # EncryptedTensor<float64, shape=(1, 64, 56, 56)>
         %9 = rint(%8)                      # EncryptedTensor<float64, shape=(1, 64, 56, 56)>
        %10 = astype(%9, dtype=int_)        # EncryptedTensor<uint1, shape=(1, 64, 56, 56)>
        return %10

    %46 = subgraph(%44):

         %0 = input                         # EncryptedTensor<uint1, shape=(1, 64, 56, 56)>
         %1 = 0.0                           # ClearScalar<float64>
         %2 = subtract(%0, %1)              # EncryptedTensor<float64, shape=(1, 64, 56, 56)>
         %3 = 0.9586558938026428            # ClearScalar<float64>
         %4 = multiply(%3, %2)              # EncryptedTensor<float64, shape=(1, 64, 56, 56)>
         %5 = 0.5212931671450215            # ClearScalar<float64>
         %6 = divide(%4, %5)                # EncryptedTensor<float64, shape=(1, 64, 56, 56)>
         %7 = 0                             # ClearScalar<uint1>
         %8 = add(%6, %7)                   # EncryptedTensor<float64, shape=(1, 64, 56, 56)>
         %9 = rint(%8)                      # EncryptedTensor<float64, shape=(1, 64, 56, 56)>
        %10 = astype(%9, dtype=int_)        # EncryptedTensor<uint1, shape=(1, 64, 56, 56)>
        return %10

    %50 = subgraph(%49):

         %0 = input                          # EncryptedTensor<uint2, shape=(1, 64, 56, 56)>
         %1 = 0.0                            # ClearScalar<float64>
         %2 = subtract(%0, %1)               # EncryptedTensor<float64, shape=(1, 64, 56, 56)>
         %3 = 0.5212931671450215             # ClearScalar<float64>
         %4 = multiply(%3, %2)               # EncryptedTensor<float64, shape=(1, 64, 56, 56)>
         %5 = 0                              # ClearScalar<uint1>
         %6 = maximum(%4, %5)                # EncryptedTensor<float64, shape=(1, 64, 56, 56)>
         %7 = 1.0522903                      # ClearScalar<float32>
         %8 = divide(%6, %7)                 # EncryptedTensor<float64, shape=(1, 64, 56, 56)>
         %9 = 0.0                            # ClearScalar<float32>
        %10 = add(%8, %9)                    # EncryptedTensor<float64, shape=(1, 64, 56, 56)>
        %11 = 0.0                            # ClearScalar<float64>
        %12 = 15.0                           # ClearScalar<float64>
        %13 = clip(%10, %11, %12)            # EncryptedTensor<float64, shape=(1, 64, 56, 56)>
        %14 = rint(%13)                      # EncryptedTensor<float64, shape=(1, 64, 56, 56)>
        %15 = 0.0                            # ClearScalar<float32>
        %16 = subtract(%14, %15)             # EncryptedTensor<float64, shape=(1, 64, 56, 56)>
        %17 = 1.0522903                      # ClearScalar<float32>
        %18 = multiply(%16, %17)             # EncryptedTensor<float64, shape=(1, 64, 56, 56)>
        %19 = 1.0522903203964233             # ClearScalar<float64>
        %20 = divide(%18, %19)               # EncryptedTensor<float64, shape=(1, 64, 56, 56)>
        %21 = 0                              # ClearScalar<uint1>
        %22 = add(%20, %21)                  # EncryptedTensor<float64, shape=(1, 64, 56, 56)>
        %23 = rint(%22)                      # EncryptedTensor<float64, shape=(1, 64, 56, 56)>
        %24 = astype(%23, dtype=int_)        # EncryptedTensor<uint1, shape=(1, 64, 56, 56)>
        return %24

    %58 = subgraph(%57):

         %0 = input                            # EncryptedTensor<uint1, shape=(1, 128, 28, 28)>          @ /trunk/trunk.6/C1/Conv.conv_rounding
         %1 = astype(%0, dtype=float64)        # EncryptedTensor<float64, shape=(1, 128, 28, 28)>
         %2 = 0                                # ClearScalar<uint1>
         %3 = add(%1, %2)                      # EncryptedTensor<float64, shape=(1, 128, 28, 28)>
         %4 = [[[[0]]  [ ... ]  [[0]]]]        # ClearTensor<uint1, shape=(1, 128, 1, 1)>
         %5 = subtract(%3, %4)                 # EncryptedTensor<float64, shape=(1, 128, 28, 28)>
         %6 = 0.0249980708927533               # ClearScalar<float64>
         %7 = multiply(%6, %5)                 # EncryptedTensor<float64, shape=(1, 128, 28, 28)>
         %8 = [[[[ 1.334 ... 01505 ]]]]        # ClearTensor<float32, shape=(1, 128, 1, 1)>
         %9 = subtract(%7, %8)                 # EncryptedTensor<float64, shape=(1, 128, 28, 28)>
        %10 = [[[[1.5226 ... 992846]]]]        # ClearTensor<float32, shape=(1, 128, 1, 1)>
        %11 = divide(%9, %10)                  # EncryptedTensor<float64, shape=(1, 128, 28, 28)>
        %12 = [[[[0.9801 ... 035886]]]]        # ClearTensor<float32, shape=(1, 128, 1, 1)>
        %13 = multiply(%11, %12)               # EncryptedTensor<float64, shape=(1, 128, 28, 28)>
        %14 = [[[[ 3.601 ... 08e-02]]]]        # ClearTensor<float32, shape=(1, 128, 1, 1)>
        %15 = add(%13, %14)                    # EncryptedTensor<float64, shape=(1, 128, 28, 28)>
        %16 = 0                                # ClearScalar<uint1>
        %17 = maximum(%15, %16)                # EncryptedTensor<float64, shape=(1, 128, 28, 28)>
        %18 = 0.47896454                       # ClearScalar<float32>
        %19 = divide(%17, %18)                 # EncryptedTensor<float64, shape=(1, 128, 28, 28)>
        %20 = 0.0                              # ClearScalar<float32>
        %21 = add(%19, %20)                    # EncryptedTensor<float64, shape=(1, 128, 28, 28)>
        %22 = 0.0                              # ClearScalar<float64>
        %23 = 15.0                             # ClearScalar<float64>
        %24 = clip(%21, %22, %23)              # EncryptedTensor<float64, shape=(1, 128, 28, 28)>
        %25 = rint(%24)                        # EncryptedTensor<float64, shape=(1, 128, 28, 28)>
        %26 = 0.0                              # ClearScalar<float32>
        %27 = subtract(%25, %26)               # EncryptedTensor<float64, shape=(1, 128, 28, 28)>
        %28 = 0.47896454                       # ClearScalar<float32>
        %29 = multiply(%27, %28)               # EncryptedTensor<float64, shape=(1, 128, 28, 28)>
        %30 = 0.47896453738212585              # ClearScalar<float64>
        %31 = divide(%29, %30)                 # EncryptedTensor<float64, shape=(1, 128, 28, 28)>
        %32 = 0                                # ClearScalar<uint1>
        %33 = add(%31, %32)                    # EncryptedTensor<float64, shape=(1, 128, 28, 28)>
        %34 = rint(%33)                        # EncryptedTensor<float64, shape=(1, 128, 28, 28)>
        %35 = astype(%34, dtype=int_)          # EncryptedTensor<uint1, shape=(1, 128, 28, 28)>
        return %35

    %66 = subgraph(%49):

         %0 = input                          # EncryptedTensor<uint2, shape=(1, 64, 56, 56)>
         %1 = 0.0                            # ClearScalar<float64>
         %2 = subtract(%0, %1)               # EncryptedTensor<float64, shape=(1, 64, 56, 56)>
         %3 = 0.5212931671450215             # ClearScalar<float64>
         %4 = multiply(%3, %2)               # EncryptedTensor<float64, shape=(1, 64, 56, 56)>
         %5 = 0                              # ClearScalar<uint1>
         %6 = maximum(%4, %5)                # EncryptedTensor<float64, shape=(1, 64, 56, 56)>
         %7 = 1.0522903                      # ClearScalar<float32>
         %8 = divide(%6, %7)                 # EncryptedTensor<float64, shape=(1, 64, 56, 56)>
         %9 = 0.0                            # ClearScalar<float32>
        %10 = add(%8, %9)                    # EncryptedTensor<float64, shape=(1, 64, 56, 56)>
        %11 = 0.0                            # ClearScalar<float64>
        %12 = 15.0                           # ClearScalar<float64>
        %13 = clip(%10, %11, %12)            # EncryptedTensor<float64, shape=(1, 64, 56, 56)>
        %14 = rint(%13)                      # EncryptedTensor<float64, shape=(1, 64, 56, 56)>
        %15 = 0.0                            # ClearScalar<float32>
        %16 = subtract(%14, %15)             # EncryptedTensor<float64, shape=(1, 64, 56, 56)>
        %17 = 1.0522903                      # ClearScalar<float32>
        %18 = multiply(%16, %17)             # EncryptedTensor<float64, shape=(1, 64, 56, 56)>
        %19 = 1.0522903203964233             # ClearScalar<float64>
        %20 = divide(%18, %19)               # EncryptedTensor<float64, shape=(1, 64, 56, 56)>
        %21 = 0                              # ClearScalar<uint1>
        %22 = add(%20, %21)                  # EncryptedTensor<float64, shape=(1, 64, 56, 56)>
        %23 = rint(%22)                      # EncryptedTensor<float64, shape=(1, 64, 56, 56)>
        %24 = astype(%23, dtype=int_)        # EncryptedTensor<uint1, shape=(1, 64, 56, 56)>
        return %24

    %70 = subgraph(%65):

         %0 = input                            # EncryptedTensor<uint1, shape=(1, 128, 28, 28)>          @ /trunk/trunk.6/C2/Conv.conv_rounding
         %1 = astype(%0, dtype=float64)        # EncryptedTensor<float64, shape=(1, 128, 28, 28)>
         %2 = 0                                # ClearScalar<uint1>
         %3 = add(%1, %2)                      # EncryptedTensor<float64, shape=(1, 128, 28, 28)>
         %4 = [[[[0]]  [ ... ]  [[0]]]]        # ClearTensor<uint1, shape=(1, 128, 1, 1)>
         %5 = subtract(%3, %4)                 # EncryptedTensor<float64, shape=(1, 128, 28, 28)>
         %6 = 0.013732648368940337             # ClearScalar<float64>
         %7 = multiply(%6, %5)                 # EncryptedTensor<float64, shape=(1, 128, 28, 28)>
         %8 = [[[[-3.456 ... 97374 ]]]]        # ClearTensor<float32, shape=(1, 128, 1, 1)>
         %9 = subtract(%7, %8)                 # EncryptedTensor<float64, shape=(1, 128, 28, 28)>
        %10 = [[[[2.5014 ... 556142]]]]        # ClearTensor<float32, shape=(1, 128, 1, 1)>
        %11 = divide(%9, %10)                  # EncryptedTensor<float64, shape=(1, 128, 28, 28)>
        %12 = [[[[0.9719 ... 768265]]]]        # ClearTensor<float32, shape=(1, 128, 1, 1)>
        %13 = multiply(%11, %12)               # EncryptedTensor<float64, shape=(1, 128, 28, 28)>
        %14 = [[[[ 0.012 ... 648637]]]]        # ClearTensor<float32, shape=(1, 128, 1, 1)>
        %15 = add(%13, %14)                    # EncryptedTensor<float64, shape=(1, 128, 28, 28)>
        %16 = 0.9461508                        # ClearScalar<float32>
        %17 = divide(%15, %16)                 # EncryptedTensor<float64, shape=(1, 128, 28, 28)>
        %18 = 0.0                              # ClearScalar<float32>
        %19 = add(%17, %18)                    # EncryptedTensor<float64, shape=(1, 128, 28, 28)>
        %20 = -8.0                             # ClearScalar<float64>
        %21 = 7.0                              # ClearScalar<float64>
        %22 = clip(%19, %20, %21)              # EncryptedTensor<float64, shape=(1, 128, 28, 28)>
        %23 = rint(%22)                        # EncryptedTensor<float64, shape=(1, 128, 28, 28)>
        %24 = 0.0                              # ClearScalar<float32>
        %25 = subtract(%23, %24)               # EncryptedTensor<float64, shape=(1, 128, 28, 28)>
        %26 = 0.9461508                        # ClearScalar<float32>
        %27 = multiply(%25, %26)               # EncryptedTensor<float64, shape=(1, 128, 28, 28)>
        %28 = 0.9461507797241211               # ClearScalar<float64>
        %29 = divide(%27, %28)                 # EncryptedTensor<float64, shape=(1, 128, 28, 28)>
        %30 = 0                                # ClearScalar<uint1>
        %31 = add(%29, %30)                    # EncryptedTensor<float64, shape=(1, 128, 28, 28)>
        %32 = rint(%31)                        # EncryptedTensor<float64, shape=(1, 128, 28, 28)>
        %33 = astype(%32, dtype=int_)          # EncryptedTensor<uint1, shape=(1, 128, 28, 28)>
        return %33

    %71 = subgraph(%69):

         %0 = input                            # EncryptedTensor<uint1, shape=(1, 128, 28, 28)>          @ /trunk/trunk.6/shortcut/Conv.conv_rounding
         %1 = astype(%0, dtype=float64)        # EncryptedTensor<float64, shape=(1, 128, 28, 28)>
         %2 = 0                                # ClearScalar<uint1>
         %3 = add(%1, %2)                      # EncryptedTensor<float64, shape=(1, 128, 28, 28)>
         %4 = [[[[0]]  [ ... ]  [[0]]]]        # ClearTensor<uint1, shape=(1, 128, 1, 1)>
         %5 = subtract(%3, %4)                 # EncryptedTensor<float64, shape=(1, 128, 28, 28)>
         %6 = 0.06834785230571239              # ClearScalar<float64>
         %7 = multiply(%6, %5)                 # EncryptedTensor<float64, shape=(1, 128, 28, 28)>
         %8 = [[[[-0.717 ... 92932 ]]]]        # ClearTensor<float32, shape=(1, 128, 1, 1)>
         %9 = subtract(%7, %8)                 # EncryptedTensor<float64, shape=(1, 128, 28, 28)>
        %10 = [[[[0.9236 ... 66221 ]]]]        # ClearTensor<float32, shape=(1, 128, 1, 1)>
        %11 = divide(%9, %10)                  # EncryptedTensor<float64, shape=(1, 128, 28, 28)>
        %12 = [[[[0.9922 ... 84981 ]]]]        # ClearTensor<float32, shape=(1, 128, 1, 1)>
        %13 = multiply(%11, %12)               # EncryptedTensor<float64, shape=(1, 128, 28, 28)>
        %14 = [[[[ 0.013 ... 639463]]]]        # ClearTensor<float32, shape=(1, 128, 1, 1)>
        %15 = add(%13, %14)                    # EncryptedTensor<float64, shape=(1, 128, 28, 28)>
        %16 = 1.0267897                        # ClearScalar<float32>
        %17 = divide(%15, %16)                 # EncryptedTensor<float64, shape=(1, 128, 28, 28)>
        %18 = 0.0                              # ClearScalar<float32>
        %19 = add(%17, %18)                    # EncryptedTensor<float64, shape=(1, 128, 28, 28)>
        %20 = -8.0                             # ClearScalar<float64>
        %21 = 7.0                              # ClearScalar<float64>
        %22 = clip(%19, %20, %21)              # EncryptedTensor<float64, shape=(1, 128, 28, 28)>
        %23 = rint(%22)                        # EncryptedTensor<float64, shape=(1, 128, 28, 28)>
        %24 = 0.0                              # ClearScalar<float32>
        %25 = subtract(%23, %24)               # EncryptedTensor<float64, shape=(1, 128, 28, 28)>
        %26 = 1.0267897                        # ClearScalar<float32>
        %27 = multiply(%25, %26)               # EncryptedTensor<float64, shape=(1, 128, 28, 28)>
        %28 = 1.026789665222168                # ClearScalar<float64>
        %29 = divide(%27, %28)                 # EncryptedTensor<float64, shape=(1, 128, 28, 28)>
        %30 = 0                                # ClearScalar<uint1>
        %31 = add(%29, %30)                    # EncryptedTensor<float64, shape=(1, 128, 28, 28)>
        %32 = rint(%31)                        # EncryptedTensor<float64, shape=(1, 128, 28, 28)>
        %33 = astype(%32, dtype=int_)          # EncryptedTensor<uint1, shape=(1, 128, 28, 28)>
        return %33

    %72 = subgraph(%70):

         %0 = input                         # EncryptedTensor<uint1, shape=(1, 128, 28, 28)>
         %1 = 0.0                           # ClearScalar<float64>
         %2 = subtract(%0, %1)              # EncryptedTensor<float64, shape=(1, 128, 28, 28)>
         %3 = 0.9461507797241211            # ClearScalar<float64>
         %4 = multiply(%3, %2)              # EncryptedTensor<float64, shape=(1, 128, 28, 28)>
         %5 = 0.44810393548780875           # ClearScalar<float64>
         %6 = divide(%4, %5)                # EncryptedTensor<float64, shape=(1, 128, 28, 28)>
         %7 = 0                             # ClearScalar<uint1>
         %8 = add(%6, %7)                   # EncryptedTensor<float64, shape=(1, 128, 28, 28)>
         %9 = rint(%8)                      # EncryptedTensor<float64, shape=(1, 128, 28, 28)>
        %10 = astype(%9, dtype=int_)        # EncryptedTensor<uint1, shape=(1, 128, 28, 28)>
        return %10

    %73 = subgraph(%71):

         %0 = input                         # EncryptedTensor<uint1, shape=(1, 128, 28, 28)>
         %1 = 0.0                           # ClearScalar<float64>
         %2 = subtract(%0, %1)              # EncryptedTensor<float64, shape=(1, 128, 28, 28)>
         %3 = 1.026789665222168             # ClearScalar<float64>
         %4 = multiply(%3, %2)              # EncryptedTensor<float64, shape=(1, 128, 28, 28)>
         %5 = 0.44810393548780875           # ClearScalar<float64>
         %6 = divide(%4, %5)                # EncryptedTensor<float64, shape=(1, 128, 28, 28)>
         %7 = 0                             # ClearScalar<uint1>
         %8 = add(%6, %7)                   # EncryptedTensor<float64, shape=(1, 128, 28, 28)>
         %9 = rint(%8)                      # EncryptedTensor<float64, shape=(1, 128, 28, 28)>
        %10 = astype(%9, dtype=int_)        # EncryptedTensor<uint1, shape=(1, 128, 28, 28)>
        return %10

    %77 = subgraph(%76):

         %0 = input                          # EncryptedTensor<uint2, shape=(1, 128, 28, 28)>
         %1 = 0.0                            # ClearScalar<float64>
         %2 = subtract(%0, %1)               # EncryptedTensor<float64, shape=(1, 128, 28, 28)>
         %3 = 0.44810393548780875            # ClearScalar<float64>
         %4 = multiply(%3, %2)               # EncryptedTensor<float64, shape=(1, 128, 28, 28)>
         %5 = 0                              # ClearScalar<uint1>
         %6 = maximum(%4, %5)                # EncryptedTensor<float64, shape=(1, 128, 28, 28)>
         %7 = 0.7580318                      # ClearScalar<float32>
         %8 = divide(%6, %7)                 # EncryptedTensor<float64, shape=(1, 128, 28, 28)>
         %9 = 0.0                            # ClearScalar<float32>
        %10 = add(%8, %9)                    # EncryptedTensor<float64, shape=(1, 128, 28, 28)>
        %11 = 0.0                            # ClearScalar<float64>
        %12 = 15.0                           # ClearScalar<float64>
        %13 = clip(%10, %11, %12)            # EncryptedTensor<float64, shape=(1, 128, 28, 28)>
        %14 = rint(%13)                      # EncryptedTensor<float64, shape=(1, 128, 28, 28)>
        %15 = 0.0                            # ClearScalar<float32>
        %16 = subtract(%14, %15)             # EncryptedTensor<float64, shape=(1, 128, 28, 28)>
        %17 = 0.7580318                      # ClearScalar<float32>
        %18 = multiply(%16, %17)             # EncryptedTensor<float64, shape=(1, 128, 28, 28)>
        %19 = 0.7580317854881287             # ClearScalar<float64>
        %20 = divide(%18, %19)               # EncryptedTensor<float64, shape=(1, 128, 28, 28)>
        %21 = 0                              # ClearScalar<uint1>
        %22 = add(%20, %21)                  # EncryptedTensor<float64, shape=(1, 128, 28, 28)>
        %23 = rint(%22)                      # EncryptedTensor<float64, shape=(1, 128, 28, 28)>
        %24 = astype(%23, dtype=int_)        # EncryptedTensor<uint1, shape=(1, 128, 28, 28)>
        return %24

    %85 = subgraph(%84):

         %0 = input                            # EncryptedTensor<uint1, shape=(1, 128, 28, 28)>          @ /trunk/trunk.7/C1/Conv.conv_rounding
         %1 = astype(%0, dtype=float64)        # EncryptedTensor<float64, shape=(1, 128, 28, 28)>
         %2 = 0                                # ClearScalar<uint1>
         %3 = add(%1, %2)                      # EncryptedTensor<float64, shape=(1, 128, 28, 28)>
         %4 = [[[[0]]  [ ... ]  [[0]]]]        # ClearTensor<uint1, shape=(1, 128, 1, 1)>
         %5 = subtract(%3, %4)                 # EncryptedTensor<float64, shape=(1, 128, 28, 28)>
         %6 = 0.022413048776563138             # ClearScalar<float64>
         %7 = multiply(%6, %5)                 # EncryptedTensor<float64, shape=(1, 128, 28, 28)>
         %8 = [[[[-3.195 ... 67455 ]]]]        # ClearTensor<float32, shape=(1, 128, 1, 1)>
         %9 = subtract(%7, %8)                 # EncryptedTensor<float64, shape=(1, 128, 28, 28)>
        %10 = [[[[3.3094 ... 44268 ]]]]        # ClearTensor<float32, shape=(1, 128, 1, 1)>
        %11 = divide(%9, %10)                  # EncryptedTensor<float64, shape=(1, 128, 28, 28)>
        %12 = [[[[0.9435 ... 63253 ]]]]        # ClearTensor<float32, shape=(1, 128, 1, 1)>
        %13 = multiply(%11, %12)               # EncryptedTensor<float64, shape=(1, 128, 28, 28)>
        %14 = [[[[-2.276 ... 42e-02]]]]        # ClearTensor<float32, shape=(1, 128, 1, 1)>
        %15 = add(%13, %14)                    # EncryptedTensor<float64, shape=(1, 128, 28, 28)>
        %16 = 0                                # ClearScalar<uint1>
        %17 = maximum(%15, %16)                # EncryptedTensor<float64, shape=(1, 128, 28, 28)>
        %18 = 0.49649182                       # ClearScalar<float32>
        %19 = divide(%17, %18)                 # EncryptedTensor<float64, shape=(1, 128, 28, 28)>
        %20 = 0.0                              # ClearScalar<float32>
        %21 = add(%19, %20)                    # EncryptedTensor<float64, shape=(1, 128, 28, 28)>
        %22 = 0.0                              # ClearScalar<float64>
        %23 = 15.0                             # ClearScalar<float64>
        %24 = clip(%21, %22, %23)              # EncryptedTensor<float64, shape=(1, 128, 28, 28)>
        %25 = rint(%24)                        # EncryptedTensor<float64, shape=(1, 128, 28, 28)>
        %26 = 0.0                              # ClearScalar<float32>
        %27 = subtract(%25, %26)               # EncryptedTensor<float64, shape=(1, 128, 28, 28)>
        %28 = 0.49649182                       # ClearScalar<float32>
        %29 = multiply(%27, %28)               # EncryptedTensor<float64, shape=(1, 128, 28, 28)>
        %30 = 0.49649181962013245              # ClearScalar<float64>
        %31 = divide(%29, %30)                 # EncryptedTensor<float64, shape=(1, 128, 28, 28)>
        %32 = 0                                # ClearScalar<uint1>
        %33 = add(%31, %32)                    # EncryptedTensor<float64, shape=(1, 128, 28, 28)>
        %34 = rint(%33)                        # EncryptedTensor<float64, shape=(1, 128, 28, 28)>
        %35 = astype(%34, dtype=int_)          # EncryptedTensor<uint1, shape=(1, 128, 28, 28)>
        return %35

    %93 = subgraph(%92):

         %0 = input                            # EncryptedTensor<uint1, shape=(1, 128, 28, 28)>          @ /trunk/trunk.7/C2/Conv.conv_rounding
         %1 = astype(%0, dtype=float64)        # EncryptedTensor<float64, shape=(1, 128, 28, 28)>
         %2 = 0                                # ClearScalar<uint1>
         %3 = add(%1, %2)                      # EncryptedTensor<float64, shape=(1, 128, 28, 28)>
         %4 = [[[[0]]  [ ... ]  [[0]]]]        # ClearTensor<uint1, shape=(1, 128, 1, 1)>
         %5 = subtract(%3, %4)                 # EncryptedTensor<float64, shape=(1, 128, 28, 28)>
         %6 = 0.012883116384165005             # ClearScalar<float64>
         %7 = multiply(%6, %5)                 # EncryptedTensor<float64, shape=(1, 128, 28, 28)>
         %8 = [[[[-3.034 ... 516   ]]]]        # ClearTensor<float32, shape=(1, 128, 1, 1)>
         %9 = subtract(%7, %8)                 # EncryptedTensor<float64, shape=(1, 128, 28, 28)>
        %10 = [[[[2.8419 ... 809375]]]]        # ClearTensor<float32, shape=(1, 128, 1, 1)>
        %11 = divide(%9, %10)                  # EncryptedTensor<float64, shape=(1, 128, 28, 28)>
        %12 = [[[[0.9283 ... 211056]]]]        # ClearTensor<float32, shape=(1, 128, 1, 1)>
        %13 = multiply(%11, %12)               # EncryptedTensor<float64, shape=(1, 128, 28, 28)>
        %14 = [[[[-2.152 ... 72e-02]]]]        # ClearTensor<float32, shape=(1, 128, 1, 1)>
        %15 = add(%13, %14)                    # EncryptedTensor<float64, shape=(1, 128, 28, 28)>
        %16 = 1.0867182                        # ClearScalar<float32>
        %17 = divide(%15, %16)                 # EncryptedTensor<float64, shape=(1, 128, 28, 28)>
        %18 = 0.0                              # ClearScalar<float32>
        %19 = add(%17, %18)                    # EncryptedTensor<float64, shape=(1, 128, 28, 28)>
        %20 = -8.0                             # ClearScalar<float64>
        %21 = 7.0                              # ClearScalar<float64>
        %22 = clip(%19, %20, %21)              # EncryptedTensor<float64, shape=(1, 128, 28, 28)>
        %23 = rint(%22)                        # EncryptedTensor<float64, shape=(1, 128, 28, 28)>
        %24 = 0.0                              # ClearScalar<float32>
        %25 = subtract(%23, %24)               # EncryptedTensor<float64, shape=(1, 128, 28, 28)>
        %26 = 1.0867182                        # ClearScalar<float32>
        %27 = multiply(%25, %26)               # EncryptedTensor<float64, shape=(1, 128, 28, 28)>
        %28 = 1.086718201637268                # ClearScalar<float64>
        %29 = divide(%27, %28)                 # EncryptedTensor<float64, shape=(1, 128, 28, 28)>
        %30 = 0                                # ClearScalar<uint1>
        %31 = add(%29, %30)                    # EncryptedTensor<float64, shape=(1, 128, 28, 28)>
        %32 = rint(%31)                        # EncryptedTensor<float64, shape=(1, 128, 28, 28)>
        %33 = astype(%32, dtype=int_)          # EncryptedTensor<uint1, shape=(1, 128, 28, 28)>
        return %33

    %94 = subgraph(%76):

         %0 = input                          # EncryptedTensor<uint2, shape=(1, 128, 28, 28)>
         %1 = 0.0                            # ClearScalar<float64>
         %2 = subtract(%0, %1)               # EncryptedTensor<float64, shape=(1, 128, 28, 28)>
         %3 = 0.44810393548780875            # ClearScalar<float64>
         %4 = multiply(%3, %2)               # EncryptedTensor<float64, shape=(1, 128, 28, 28)>
         %5 = 0                              # ClearScalar<uint1>
         %6 = maximum(%4, %5)                # EncryptedTensor<float64, shape=(1, 128, 28, 28)>
         %7 = 0.7580318                      # ClearScalar<float32>
         %8 = divide(%6, %7)                 # EncryptedTensor<float64, shape=(1, 128, 28, 28)>
         %9 = 0.0                            # ClearScalar<float32>
        %10 = add(%8, %9)                    # EncryptedTensor<float64, shape=(1, 128, 28, 28)>
        %11 = 0.0                            # ClearScalar<float64>
        %12 = 15.0                           # ClearScalar<float64>
        %13 = clip(%10, %11, %12)            # EncryptedTensor<float64, shape=(1, 128, 28, 28)>
        %14 = rint(%13)                      # EncryptedTensor<float64, shape=(1, 128, 28, 28)>
        %15 = 0.0                            # ClearScalar<float32>
        %16 = subtract(%14, %15)             # EncryptedTensor<float64, shape=(1, 128, 28, 28)>
        %17 = 0.7580318                      # ClearScalar<float32>
        %18 = multiply(%16, %17)             # EncryptedTensor<float64, shape=(1, 128, 28, 28)>
        %19 = 0.7580317854881287             # ClearScalar<float64>
        %20 = divide(%18, %19)               # EncryptedTensor<float64, shape=(1, 128, 28, 28)>
        %21 = 0                              # ClearScalar<uint1>
        %22 = add(%20, %21)                  # EncryptedTensor<float64, shape=(1, 128, 28, 28)>
        %23 = rint(%22)                      # EncryptedTensor<float64, shape=(1, 128, 28, 28)>
        %24 = astype(%23, dtype=int_)        # EncryptedTensor<uint1, shape=(1, 128, 28, 28)>
        return %24

    %95 = subgraph(%93):

         %0 = input                         # EncryptedTensor<uint1, shape=(1, 128, 28, 28)>
         %1 = 0.0                           # ClearScalar<float64>
         %2 = subtract(%0, %1)              # EncryptedTensor<float64, shape=(1, 128, 28, 28)>
         %3 = 1.086718201637268             # ClearScalar<float64>
         %4 = multiply(%3, %2)              # EncryptedTensor<float64, shape=(1, 128, 28, 28)>
         %5 = 0.3953508734703064            # ClearScalar<float64>
         %6 = divide(%4, %5)                # EncryptedTensor<float64, shape=(1, 128, 28, 28)>
         %7 = 0                             # ClearScalar<uint1>
         %8 = add(%6, %7)                   # EncryptedTensor<float64, shape=(1, 128, 28, 28)>
         %9 = rint(%8)                      # EncryptedTensor<float64, shape=(1, 128, 28, 28)>
        %10 = astype(%9, dtype=int_)        # EncryptedTensor<uint1, shape=(1, 128, 28, 28)>
        return %10

    %96 = subgraph(%94):

         %0 = input                         # EncryptedTensor<uint1, shape=(1, 128, 28, 28)>
         %1 = 0.0                           # ClearScalar<float64>
         %2 = subtract(%0, %1)              # EncryptedTensor<float64, shape=(1, 128, 28, 28)>
         %3 = 0.7580317854881287            # ClearScalar<float64>
         %4 = multiply(%3, %2)              # EncryptedTensor<float64, shape=(1, 128, 28, 28)>
         %5 = 0.3953508734703064            # ClearScalar<float64>
         %6 = divide(%4, %5)                # EncryptedTensor<float64, shape=(1, 128, 28, 28)>
         %7 = 0                             # ClearScalar<uint1>
         %8 = add(%6, %7)                   # EncryptedTensor<float64, shape=(1, 128, 28, 28)>
         %9 = rint(%8)                      # EncryptedTensor<float64, shape=(1, 128, 28, 28)>
        %10 = astype(%9, dtype=int_)        # EncryptedTensor<uint1, shape=(1, 128, 28, 28)>
        return %10

    %100 = subgraph(%99):

         %0 = input                          # EncryptedTensor<uint2, shape=(1, 128, 28, 28)>
         %1 = 0.0                            # ClearScalar<float64>
         %2 = subtract(%0, %1)               # EncryptedTensor<float64, shape=(1, 128, 28, 28)>
         %3 = 0.3953508734703064             # ClearScalar<float64>
         %4 = multiply(%3, %2)               # EncryptedTensor<float64, shape=(1, 128, 28, 28)>
         %5 = 0                              # ClearScalar<uint1>
         %6 = maximum(%4, %5)                # EncryptedTensor<float64, shape=(1, 128, 28, 28)>
         %7 = 1.0574552                      # ClearScalar<float32>
         %8 = divide(%6, %7)                 # EncryptedTensor<float64, shape=(1, 128, 28, 28)>
         %9 = 0.0                            # ClearScalar<float32>
        %10 = add(%8, %9)                    # EncryptedTensor<float64, shape=(1, 128, 28, 28)>
        %11 = 0.0                            # ClearScalar<float64>
        %12 = 15.0                           # ClearScalar<float64>
        %13 = clip(%10, %11, %12)            # EncryptedTensor<float64, shape=(1, 128, 28, 28)>
        %14 = rint(%13)                      # EncryptedTensor<float64, shape=(1, 128, 28, 28)>
        %15 = 0.0                            # ClearScalar<float32>
        %16 = subtract(%14, %15)             # EncryptedTensor<float64, shape=(1, 128, 28, 28)>
        %17 = 1.0574552                      # ClearScalar<float32>
        %18 = multiply(%16, %17)             # EncryptedTensor<float64, shape=(1, 128, 28, 28)>
        %19 = 1.0574551820755005             # ClearScalar<float64>
        %20 = divide(%18, %19)               # EncryptedTensor<float64, shape=(1, 128, 28, 28)>
        %21 = 0                              # ClearScalar<uint1>
        %22 = add(%20, %21)                  # EncryptedTensor<float64, shape=(1, 128, 28, 28)>
        %23 = rint(%22)                      # EncryptedTensor<float64, shape=(1, 128, 28, 28)>
        %24 = astype(%23, dtype=int_)        # EncryptedTensor<uint1, shape=(1, 128, 28, 28)>
        return %24

    %108 = subgraph(%107):

         %0 = input                            # EncryptedTensor<uint1, shape=(1, 256, 14, 14)>          @ /trunk/trunk.8/C1/Conv.conv_rounding
         %1 = astype(%0, dtype=float64)        # EncryptedTensor<float64, shape=(1, 256, 14, 14)>
         %2 = 0                                # ClearScalar<uint1>
         %3 = add(%1, %2)                      # EncryptedTensor<float64, shape=(1, 256, 14, 14)>
         %4 = [[[[0]]  [ ... ]  [[0]]]]        # ClearTensor<uint1, shape=(1, 256, 1, 1)>
         %5 = subtract(%3, %4)                 # EncryptedTensor<float64, shape=(1, 256, 14, 14)>
         %6 = 0.02430967291871733              # ClearScalar<float64>
         %7 = multiply(%6, %5)                 # EncryptedTensor<float64, shape=(1, 256, 14, 14)>
         %8 = [[[[-1.919 ... 0139  ]]]]        # ClearTensor<float32, shape=(1, 256, 1, 1)>
         %9 = subtract(%7, %8)                 # EncryptedTensor<float64, shape=(1, 256, 14, 14)>
        %10 = [[[[3.5760 ... 363595]]]]        # ClearTensor<float32, shape=(1, 256, 1, 1)>
        %11 = divide(%9, %10)                  # EncryptedTensor<float64, shape=(1, 256, 14, 14)>
        %12 = [[[[0.9686 ... 00832 ]]]]        # ClearTensor<float32, shape=(1, 256, 1, 1)>
        %13 = multiply(%11, %12)               # EncryptedTensor<float64, shape=(1, 256, 14, 14)>
        %14 = [[[[ 0.001 ... 393164]]]]        # ClearTensor<float32, shape=(1, 256, 1, 1)>
        %15 = add(%13, %14)                    # EncryptedTensor<float64, shape=(1, 256, 14, 14)>
        %16 = 0                                # ClearScalar<uint1>
        %17 = maximum(%15, %16)                # EncryptedTensor<float64, shape=(1, 256, 14, 14)>
        %18 = 0.47403035                       # ClearScalar<float32>
        %19 = divide(%17, %18)                 # EncryptedTensor<float64, shape=(1, 256, 14, 14)>
        %20 = 0.0                              # ClearScalar<float32>
        %21 = add(%19, %20)                    # EncryptedTensor<float64, shape=(1, 256, 14, 14)>
        %22 = 0.0                              # ClearScalar<float64>
        %23 = 15.0                             # ClearScalar<float64>
        %24 = clip(%21, %22, %23)              # EncryptedTensor<float64, shape=(1, 256, 14, 14)>
        %25 = rint(%24)                        # EncryptedTensor<float64, shape=(1, 256, 14, 14)>
        %26 = 0.0                              # ClearScalar<float32>
        %27 = subtract(%25, %26)               # EncryptedTensor<float64, shape=(1, 256, 14, 14)>
        %28 = 0.47403035                       # ClearScalar<float32>
        %29 = multiply(%27, %28)               # EncryptedTensor<float64, shape=(1, 256, 14, 14)>
        %30 = 0.47403034567832947              # ClearScalar<float64>
        %31 = divide(%29, %30)                 # EncryptedTensor<float64, shape=(1, 256, 14, 14)>
        %32 = 0                                # ClearScalar<uint1>
        %33 = add(%31, %32)                    # EncryptedTensor<float64, shape=(1, 256, 14, 14)>
        %34 = rint(%33)                        # EncryptedTensor<float64, shape=(1, 256, 14, 14)>
        %35 = astype(%34, dtype=int_)          # EncryptedTensor<uint1, shape=(1, 256, 14, 14)>
        return %35

    %116 = subgraph(%99):

         %0 = input                          # EncryptedTensor<uint2, shape=(1, 128, 28, 28)>
         %1 = 0.0                            # ClearScalar<float64>
         %2 = subtract(%0, %1)               # EncryptedTensor<float64, shape=(1, 128, 28, 28)>
         %3 = 0.3953508734703064             # ClearScalar<float64>
         %4 = multiply(%3, %2)               # EncryptedTensor<float64, shape=(1, 128, 28, 28)>
         %5 = 0                              # ClearScalar<uint1>
         %6 = maximum(%4, %5)                # EncryptedTensor<float64, shape=(1, 128, 28, 28)>
         %7 = 1.0574552                      # ClearScalar<float32>
         %8 = divide(%6, %7)                 # EncryptedTensor<float64, shape=(1, 128, 28, 28)>
         %9 = 0.0                            # ClearScalar<float32>
        %10 = add(%8, %9)                    # EncryptedTensor<float64, shape=(1, 128, 28, 28)>
        %11 = 0.0                            # ClearScalar<float64>
        %12 = 15.0                           # ClearScalar<float64>
        %13 = clip(%10, %11, %12)            # EncryptedTensor<float64, shape=(1, 128, 28, 28)>
        %14 = rint(%13)                      # EncryptedTensor<float64, shape=(1, 128, 28, 28)>
        %15 = 0.0                            # ClearScalar<float32>
        %16 = subtract(%14, %15)             # EncryptedTensor<float64, shape=(1, 128, 28, 28)>
        %17 = 1.0574552                      # ClearScalar<float32>
        %18 = multiply(%16, %17)             # EncryptedTensor<float64, shape=(1, 128, 28, 28)>
        %19 = 1.0574551820755005             # ClearScalar<float64>
        %20 = divide(%18, %19)               # EncryptedTensor<float64, shape=(1, 128, 28, 28)>
        %21 = 0                              # ClearScalar<uint1>
        %22 = add(%20, %21)                  # EncryptedTensor<float64, shape=(1, 128, 28, 28)>
        %23 = rint(%22)                      # EncryptedTensor<float64, shape=(1, 128, 28, 28)>
        %24 = astype(%23, dtype=int_)        # EncryptedTensor<uint1, shape=(1, 128, 28, 28)>
        return %24

    %120 = subgraph(%115):

         %0 = input                            # EncryptedTensor<uint1, shape=(1, 256, 14, 14)>          @ /trunk/trunk.8/C2/Conv.conv_rounding
         %1 = astype(%0, dtype=float64)        # EncryptedTensor<float64, shape=(1, 256, 14, 14)>
         %2 = 0                                # ClearScalar<uint1>
         %3 = add(%1, %2)                      # EncryptedTensor<float64, shape=(1, 256, 14, 14)>
         %4 = [[[[0]]  [ ... ]  [[0]]]]        # ClearTensor<uint1, shape=(1, 256, 1, 1)>
         %5 = subtract(%3, %4)                 # EncryptedTensor<float64, shape=(1, 256, 14, 14)>
         %6 = 0.010308664886933883             # ClearScalar<float64>
         %7 = multiply(%6, %5)                 # EncryptedTensor<float64, shape=(1, 256, 14, 14)>
         %8 = [[[[-3.212 ... 99017 ]]]]        # ClearTensor<float32, shape=(1, 256, 1, 1)>
         %9 = subtract(%7, %8)                 # EncryptedTensor<float64, shape=(1, 256, 14, 14)>
        %10 = [[[[3.9953 ... 241057]]]]        # ClearTensor<float32, shape=(1, 256, 1, 1)>
        %11 = divide(%9, %10)                  # EncryptedTensor<float64, shape=(1, 256, 14, 14)>
        %12 = [[[[0.9895 ... 98852 ]]]]        # ClearTensor<float32, shape=(1, 256, 1, 1)>
        %13 = multiply(%11, %12)               # EncryptedTensor<float64, shape=(1, 256, 14, 14)>
        %14 = [[[[-1.120 ... 72e-02]]]]        # ClearTensor<float32, shape=(1, 256, 1, 1)>
        %15 = add(%13, %14)                    # EncryptedTensor<float64, shape=(1, 256, 14, 14)>
        %16 = 0.9626945                        # ClearScalar<float32>
        %17 = divide(%15, %16)                 # EncryptedTensor<float64, shape=(1, 256, 14, 14)>
        %18 = 0.0                              # ClearScalar<float32>
        %19 = add(%17, %18)                    # EncryptedTensor<float64, shape=(1, 256, 14, 14)>
        %20 = -8.0                             # ClearScalar<float64>
        %21 = 7.0                              # ClearScalar<float64>
        %22 = clip(%19, %20, %21)              # EncryptedTensor<float64, shape=(1, 256, 14, 14)>
        %23 = rint(%22)                        # EncryptedTensor<float64, shape=(1, 256, 14, 14)>
        %24 = 0.0                              # ClearScalar<float32>
        %25 = subtract(%23, %24)               # EncryptedTensor<float64, shape=(1, 256, 14, 14)>
        %26 = 0.9626945                        # ClearScalar<float32>
        %27 = multiply(%25, %26)               # EncryptedTensor<float64, shape=(1, 256, 14, 14)>
        %28 = 0.962694525718689                # ClearScalar<float64>
        %29 = divide(%27, %28)                 # EncryptedTensor<float64, shape=(1, 256, 14, 14)>
        %30 = 0                                # ClearScalar<uint1>
        %31 = add(%29, %30)                    # EncryptedTensor<float64, shape=(1, 256, 14, 14)>
        %32 = rint(%31)                        # EncryptedTensor<float64, shape=(1, 256, 14, 14)>
        %33 = astype(%32, dtype=int_)          # EncryptedTensor<uint1, shape=(1, 256, 14, 14)>
        return %33

    %121 = subgraph(%119):

         %0 = input                            # EncryptedTensor<uint1, shape=(1, 256, 14, 14)>          @ /trunk/trunk.8/shortcut/Conv.conv_rounding
         %1 = astype(%0, dtype=float64)        # EncryptedTensor<float64, shape=(1, 256, 14, 14)>
         %2 = 0                                # ClearScalar<uint1>
         %3 = add(%1, %2)                      # EncryptedTensor<float64, shape=(1, 256, 14, 14)>
         %4 = [[[[0]]  [ ... ]  [[0]]]]        # ClearTensor<uint1, shape=(1, 256, 1, 1)>
         %5 = subtract(%3, %4)                 # EncryptedTensor<float64, shape=(1, 256, 14, 14)>
         %6 = 0.05165386892435686              # ClearScalar<float64>
         %7 = multiply(%6, %5)                 # EncryptedTensor<float64, shape=(1, 256, 14, 14)>
         %8 = [[[[-0.312 ... 151916]]]]        # ClearTensor<float32, shape=(1, 256, 1, 1)>
         %9 = subtract(%7, %8)                 # EncryptedTensor<float64, shape=(1, 256, 14, 14)>
        %10 = [[[[1.7109 ... 40024 ]]]]        # ClearTensor<float32, shape=(1, 256, 1, 1)>
        %11 = divide(%9, %10)                  # EncryptedTensor<float64, shape=(1, 256, 14, 14)>
        %12 = [[[[0.9722 ... 830944]]]]        # ClearTensor<float32, shape=(1, 256, 1, 1)>
        %13 = multiply(%11, %12)               # EncryptedTensor<float64, shape=(1, 256, 14, 14)>
        %14 = [[[[-1.146 ... 89e-02]]]]        # ClearTensor<float32, shape=(1, 256, 1, 1)>
        %15 = add(%13, %14)                    # EncryptedTensor<float64, shape=(1, 256, 14, 14)>
        %16 = 0.941473                         # ClearScalar<float32>
        %17 = divide(%15, %16)                 # EncryptedTensor<float64, shape=(1, 256, 14, 14)>
        %18 = 0.0                              # ClearScalar<float32>
        %19 = add(%17, %18)                    # EncryptedTensor<float64, shape=(1, 256, 14, 14)>
        %20 = -8.0                             # ClearScalar<float64>
        %21 = 7.0                              # ClearScalar<float64>
        %22 = clip(%19, %20, %21)              # EncryptedTensor<float64, shape=(1, 256, 14, 14)>
        %23 = rint(%22)                        # EncryptedTensor<float64, shape=(1, 256, 14, 14)>
        %24 = 0.0                              # ClearScalar<float32>
        %25 = subtract(%23, %24)               # EncryptedTensor<float64, shape=(1, 256, 14, 14)>
        %26 = 0.941473                         # ClearScalar<float32>
        %27 = multiply(%25, %26)               # EncryptedTensor<float64, shape=(1, 256, 14, 14)>
        %28 = 0.9414730072021484               # ClearScalar<float64>
        %29 = divide(%27, %28)                 # EncryptedTensor<float64, shape=(1, 256, 14, 14)>
        %30 = 0                                # ClearScalar<uint1>
        %31 = add(%29, %30)                    # EncryptedTensor<float64, shape=(1, 256, 14, 14)>
        %32 = rint(%31)                        # EncryptedTensor<float64, shape=(1, 256, 14, 14)>
        %33 = astype(%32, dtype=int_)          # EncryptedTensor<uint1, shape=(1, 256, 14, 14)>
        return %33

    %122 = subgraph(%120):

         %0 = input                         # EncryptedTensor<uint1, shape=(1, 256, 14, 14)>
         %1 = 0.0                           # ClearScalar<float64>
         %2 = subtract(%0, %1)              # EncryptedTensor<float64, shape=(1, 256, 14, 14)>
         %3 = 0.962694525718689             # ClearScalar<float64>
         %4 = multiply(%3, %2)              # EncryptedTensor<float64, shape=(1, 256, 14, 14)>
         %5 = 0.33749389263891405           # ClearScalar<float64>
         %6 = divide(%4, %5)                # EncryptedTensor<float64, shape=(1, 256, 14, 14)>
         %7 = 0                             # ClearScalar<uint1>
         %8 = add(%6, %7)                   # EncryptedTensor<float64, shape=(1, 256, 14, 14)>
         %9 = rint(%8)                      # EncryptedTensor<float64, shape=(1, 256, 14, 14)>
        %10 = astype(%9, dtype=int_)        # EncryptedTensor<uint1, shape=(1, 256, 14, 14)>
        return %10

    %123 = subgraph(%121):

         %0 = input                         # EncryptedTensor<uint1, shape=(1, 256, 14, 14)>
         %1 = 0.0                           # ClearScalar<float64>
         %2 = subtract(%0, %1)              # EncryptedTensor<float64, shape=(1, 256, 14, 14)>
         %3 = 0.9414730072021484            # ClearScalar<float64>
         %4 = multiply(%3, %2)              # EncryptedTensor<float64, shape=(1, 256, 14, 14)>
         %5 = 0.33749389263891405           # ClearScalar<float64>
         %6 = divide(%4, %5)                # EncryptedTensor<float64, shape=(1, 256, 14, 14)>
         %7 = 0                             # ClearScalar<uint1>
         %8 = add(%6, %7)                   # EncryptedTensor<float64, shape=(1, 256, 14, 14)>
         %9 = rint(%8)                      # EncryptedTensor<float64, shape=(1, 256, 14, 14)>
        %10 = astype(%9, dtype=int_)        # EncryptedTensor<uint1, shape=(1, 256, 14, 14)>
        return %10

    %127 = subgraph(%126):

         %0 = input                          # EncryptedTensor<uint2, shape=(1, 256, 14, 14)>
         %1 = 0.0                            # ClearScalar<float64>
         %2 = subtract(%0, %1)               # EncryptedTensor<float64, shape=(1, 256, 14, 14)>
         %3 = 0.33749389263891405            # ClearScalar<float64>
         %4 = multiply(%3, %2)               # EncryptedTensor<float64, shape=(1, 256, 14, 14)>
         %5 = 0                              # ClearScalar<uint1>
         %6 = maximum(%4, %5)                # EncryptedTensor<float64, shape=(1, 256, 14, 14)>
         %7 = 0.8472635                      # ClearScalar<float32>
         %8 = divide(%6, %7)                 # EncryptedTensor<float64, shape=(1, 256, 14, 14)>
         %9 = 0.0                            # ClearScalar<float32>
        %10 = add(%8, %9)                    # EncryptedTensor<float64, shape=(1, 256, 14, 14)>
        %11 = 0.0                            # ClearScalar<float64>
        %12 = 15.0                           # ClearScalar<float64>
        %13 = clip(%10, %11, %12)            # EncryptedTensor<float64, shape=(1, 256, 14, 14)>
        %14 = rint(%13)                      # EncryptedTensor<float64, shape=(1, 256, 14, 14)>
        %15 = 0.0                            # ClearScalar<float32>
        %16 = subtract(%14, %15)             # EncryptedTensor<float64, shape=(1, 256, 14, 14)>
        %17 = 0.8472635                      # ClearScalar<float32>
        %18 = multiply(%16, %17)             # EncryptedTensor<float64, shape=(1, 256, 14, 14)>
        %19 = 0.847263514995575              # ClearScalar<float64>
        %20 = divide(%18, %19)               # EncryptedTensor<float64, shape=(1, 256, 14, 14)>
        %21 = 0                              # ClearScalar<uint1>
        %22 = add(%20, %21)                  # EncryptedTensor<float64, shape=(1, 256, 14, 14)>
        %23 = rint(%22)                      # EncryptedTensor<float64, shape=(1, 256, 14, 14)>
        %24 = astype(%23, dtype=int_)        # EncryptedTensor<uint1, shape=(1, 256, 14, 14)>
        return %24

    %135 = subgraph(%134):

         %0 = input                            # EncryptedTensor<uint1, shape=(1, 256, 14, 14)>          @ /trunk/trunk.9/C1/Conv.conv_rounding
         %1 = astype(%0, dtype=float64)        # EncryptedTensor<float64, shape=(1, 256, 14, 14)>
         %2 = 0                                # ClearScalar<uint1>
         %3 = add(%1, %2)                      # EncryptedTensor<float64, shape=(1, 256, 14, 14)>
         %4 = [[[[0]]  [ ... ]  [[0]]]]        # ClearTensor<uint1, shape=(1, 256, 1, 1)>
         %5 = subtract(%3, %4)                 # EncryptedTensor<float64, shape=(1, 256, 14, 14)>
         %6 = 0.01871458423973482              # ClearScalar<float64>
         %7 = multiply(%6, %5)                 # EncryptedTensor<float64, shape=(1, 256, 14, 14)>
         %8 = [[[[-0.918 ... 379   ]]]]        # ClearTensor<float32, shape=(1, 256, 1, 1)>
         %9 = subtract(%7, %8)                 # EncryptedTensor<float64, shape=(1, 256, 14, 14)>
        %10 = [[[[3.1460 ... 330026]]]]        # ClearTensor<float32, shape=(1, 256, 1, 1)>
        %11 = divide(%9, %10)                  # EncryptedTensor<float64, shape=(1, 256, 14, 14)>
        %12 = [[[[0.9204 ... 607194]]]]        # ClearTensor<float32, shape=(1, 256, 1, 1)>
        %13 = multiply(%11, %12)               # EncryptedTensor<float64, shape=(1, 256, 14, 14)>
        %14 = [[[[ 1.052 ... 12e-02]]]]        # ClearTensor<float32, shape=(1, 256, 1, 1)>
        %15 = add(%13, %14)                    # EncryptedTensor<float64, shape=(1, 256, 14, 14)>
        %16 = 0                                # ClearScalar<uint1>
        %17 = maximum(%15, %16)                # EncryptedTensor<float64, shape=(1, 256, 14, 14)>
        %18 = 0.5110172                        # ClearScalar<float32>
        %19 = divide(%17, %18)                 # EncryptedTensor<float64, shape=(1, 256, 14, 14)>
        %20 = 0.0                              # ClearScalar<float32>
        %21 = add(%19, %20)                    # EncryptedTensor<float64, shape=(1, 256, 14, 14)>
        %22 = 0.0                              # ClearScalar<float64>
        %23 = 15.0                             # ClearScalar<float64>
        %24 = clip(%21, %22, %23)              # EncryptedTensor<float64, shape=(1, 256, 14, 14)>
        %25 = rint(%24)                        # EncryptedTensor<float64, shape=(1, 256, 14, 14)>
        %26 = 0.0                              # ClearScalar<float32>
        %27 = subtract(%25, %26)               # EncryptedTensor<float64, shape=(1, 256, 14, 14)>
        %28 = 0.5110172                        # ClearScalar<float32>
        %29 = multiply(%27, %28)               # EncryptedTensor<float64, shape=(1, 256, 14, 14)>
        %30 = 0.5110172033309937               # ClearScalar<float64>
        %31 = divide(%29, %30)                 # EncryptedTensor<float64, shape=(1, 256, 14, 14)>
        %32 = 0                                # ClearScalar<uint1>
        %33 = add(%31, %32)                    # EncryptedTensor<float64, shape=(1, 256, 14, 14)>
        %34 = rint(%33)                        # EncryptedTensor<float64, shape=(1, 256, 14, 14)>
        %35 = astype(%34, dtype=int_)          # EncryptedTensor<uint1, shape=(1, 256, 14, 14)>
        return %35

    %143 = subgraph(%142):

         %0 = input                            # EncryptedTensor<uint1, shape=(1, 256, 14, 14)>          @ /trunk/trunk.9/C2/Conv.conv_rounding
         %1 = astype(%0, dtype=float64)        # EncryptedTensor<float64, shape=(1, 256, 14, 14)>
         %2 = 0                                # ClearScalar<uint1>
         %3 = add(%1, %2)                      # EncryptedTensor<float64, shape=(1, 256, 14, 14)>
         %4 = [[[[0]]  [ ... ]  [[0]]]]        # ClearTensor<uint1, shape=(1, 256, 1, 1)>
         %5 = subtract(%3, %4)                 # EncryptedTensor<float64, shape=(1, 256, 14, 14)>
         %6 = 0.01154167615009527              # ClearScalar<float64>
         %7 = multiply(%6, %5)                 # EncryptedTensor<float64, shape=(1, 256, 14, 14)>
         %8 = [[[[ 9.172 ... 78e-01]]]]        # ClearTensor<float32, shape=(1, 256, 1, 1)>
         %9 = subtract(%7, %8)                 # EncryptedTensor<float64, shape=(1, 256, 14, 14)>
        %10 = [[[[4.3982 ... 209154]]]]        # ClearTensor<float32, shape=(1, 256, 1, 1)>
        %11 = divide(%9, %10)                  # EncryptedTensor<float64, shape=(1, 256, 14, 14)>
        %12 = [[[[0.9595 ... 273946]]]]        # ClearTensor<float32, shape=(1, 256, 1, 1)>
        %13 = multiply(%11, %12)               # EncryptedTensor<float64, shape=(1, 256, 14, 14)>
        %14 = [[[[-0.003 ... 632694]]]]        # ClearTensor<float32, shape=(1, 256, 1, 1)>
        %15 = add(%13, %14)                    # EncryptedTensor<float64, shape=(1, 256, 14, 14)>
        %16 = 1.0808252                        # ClearScalar<float32>
        %17 = divide(%15, %16)                 # EncryptedTensor<float64, shape=(1, 256, 14, 14)>
        %18 = 0.0                              # ClearScalar<float32>
        %19 = add(%17, %18)                    # EncryptedTensor<float64, shape=(1, 256, 14, 14)>
        %20 = -8.0                             # ClearScalar<float64>
        %21 = 7.0                              # ClearScalar<float64>
        %22 = clip(%19, %20, %21)              # EncryptedTensor<float64, shape=(1, 256, 14, 14)>
        %23 = rint(%22)                        # EncryptedTensor<float64, shape=(1, 256, 14, 14)>
        %24 = 0.0                              # ClearScalar<float32>
        %25 = subtract(%23, %24)               # EncryptedTensor<float64, shape=(1, 256, 14, 14)>
        %26 = 1.0808252                        # ClearScalar<float32>
        %27 = multiply(%25, %26)               # EncryptedTensor<float64, shape=(1, 256, 14, 14)>
        %28 = 1.0808252096176147               # ClearScalar<float64>
        %29 = divide(%27, %28)                 # EncryptedTensor<float64, shape=(1, 256, 14, 14)>
        %30 = 0                                # ClearScalar<uint1>
        %31 = add(%29, %30)                    # EncryptedTensor<float64, shape=(1, 256, 14, 14)>
        %32 = rint(%31)                        # EncryptedTensor<float64, shape=(1, 256, 14, 14)>
        %33 = astype(%32, dtype=int_)          # EncryptedTensor<uint1, shape=(1, 256, 14, 14)>
        return %33

    %144 = subgraph(%126):

         %0 = input                          # EncryptedTensor<uint2, shape=(1, 256, 14, 14)>
         %1 = 0.0                            # ClearScalar<float64>
         %2 = subtract(%0, %1)               # EncryptedTensor<float64, shape=(1, 256, 14, 14)>
         %3 = 0.33749389263891405            # ClearScalar<float64>
         %4 = multiply(%3, %2)               # EncryptedTensor<float64, shape=(1, 256, 14, 14)>
         %5 = 0                              # ClearScalar<uint1>
         %6 = maximum(%4, %5)                # EncryptedTensor<float64, shape=(1, 256, 14, 14)>
         %7 = 0.8472635                      # ClearScalar<float32>
         %8 = divide(%6, %7)                 # EncryptedTensor<float64, shape=(1, 256, 14, 14)>
         %9 = 0.0                            # ClearScalar<float32>
        %10 = add(%8, %9)                    # EncryptedTensor<float64, shape=(1, 256, 14, 14)>
        %11 = 0.0                            # ClearScalar<float64>
        %12 = 15.0                           # ClearScalar<float64>
        %13 = clip(%10, %11, %12)            # EncryptedTensor<float64, shape=(1, 256, 14, 14)>
        %14 = rint(%13)                      # EncryptedTensor<float64, shape=(1, 256, 14, 14)>
        %15 = 0.0                            # ClearScalar<float32>
        %16 = subtract(%14, %15)             # EncryptedTensor<float64, shape=(1, 256, 14, 14)>
        %17 = 0.8472635                      # ClearScalar<float32>
        %18 = multiply(%16, %17)             # EncryptedTensor<float64, shape=(1, 256, 14, 14)>
        %19 = 0.847263514995575              # ClearScalar<float64>
        %20 = divide(%18, %19)               # EncryptedTensor<float64, shape=(1, 256, 14, 14)>
        %21 = 0                              # ClearScalar<uint1>
        %22 = add(%20, %21)                  # EncryptedTensor<float64, shape=(1, 256, 14, 14)>
        %23 = rint(%22)                      # EncryptedTensor<float64, shape=(1, 256, 14, 14)>
        %24 = astype(%23, dtype=int_)        # EncryptedTensor<uint1, shape=(1, 256, 14, 14)>
        return %24

    %145 = subgraph(%143):

         %0 = input                         # EncryptedTensor<uint1, shape=(1, 256, 14, 14)>
         %1 = 0.0                           # ClearScalar<float64>
         %2 = subtract(%0, %1)              # EncryptedTensor<float64, shape=(1, 256, 14, 14)>
         %3 = 1.0808252096176147            # ClearScalar<float64>
         %4 = multiply(%3, %2)              # EncryptedTensor<float64, shape=(1, 256, 14, 14)>
         %5 = 0.3656442146147451            # ClearScalar<float64>
         %6 = divide(%4, %5)                # EncryptedTensor<float64, shape=(1, 256, 14, 14)>
         %7 = 0                             # ClearScalar<uint1>
         %8 = add(%6, %7)                   # EncryptedTensor<float64, shape=(1, 256, 14, 14)>
         %9 = rint(%8)                      # EncryptedTensor<float64, shape=(1, 256, 14, 14)>
        %10 = astype(%9, dtype=int_)        # EncryptedTensor<uint1, shape=(1, 256, 14, 14)>
        return %10

    %146 = subgraph(%144):

         %0 = input                         # EncryptedTensor<uint1, shape=(1, 256, 14, 14)>
         %1 = 0.0                           # ClearScalar<float64>
         %2 = subtract(%0, %1)              # EncryptedTensor<float64, shape=(1, 256, 14, 14)>
         %3 = 0.847263514995575             # ClearScalar<float64>
         %4 = multiply(%3, %2)              # EncryptedTensor<float64, shape=(1, 256, 14, 14)>
         %5 = 0.3656442146147451            # ClearScalar<float64>
         %6 = divide(%4, %5)                # EncryptedTensor<float64, shape=(1, 256, 14, 14)>
         %7 = 0                             # ClearScalar<uint1>
         %8 = add(%6, %7)                   # EncryptedTensor<float64, shape=(1, 256, 14, 14)>
         %9 = rint(%8)                      # EncryptedTensor<float64, shape=(1, 256, 14, 14)>
        %10 = astype(%9, dtype=int_)        # EncryptedTensor<uint1, shape=(1, 256, 14, 14)>
        return %10

    %150 = subgraph(%149):

         %0 = input                          # EncryptedTensor<uint2, shape=(1, 256, 14, 14)>
         %1 = 0.0                            # ClearScalar<float64>
         %2 = subtract(%0, %1)               # EncryptedTensor<float64, shape=(1, 256, 14, 14)>
         %3 = 0.3656442146147451             # ClearScalar<float64>
         %4 = multiply(%3, %2)               # EncryptedTensor<float64, shape=(1, 256, 14, 14)>
         %5 = 0                              # ClearScalar<uint1>
         %6 = maximum(%4, %5)                # EncryptedTensor<float64, shape=(1, 256, 14, 14)>
         %7 = 1.1284292                      # ClearScalar<float32>
         %8 = divide(%6, %7)                 # EncryptedTensor<float64, shape=(1, 256, 14, 14)>
         %9 = 0.0                            # ClearScalar<float32>
        %10 = add(%8, %9)                    # EncryptedTensor<float64, shape=(1, 256, 14, 14)>
        %11 = 0.0                            # ClearScalar<float64>
        %12 = 15.0                           # ClearScalar<float64>
        %13 = clip(%10, %11, %12)            # EncryptedTensor<float64, shape=(1, 256, 14, 14)>
        %14 = rint(%13)                      # EncryptedTensor<float64, shape=(1, 256, 14, 14)>
        %15 = 0.0                            # ClearScalar<float32>
        %16 = subtract(%14, %15)             # EncryptedTensor<float64, shape=(1, 256, 14, 14)>
        %17 = 1.1284292                      # ClearScalar<float32>
        %18 = multiply(%16, %17)             # EncryptedTensor<float64, shape=(1, 256, 14, 14)>
        %19 = 1.1284291744232178             # ClearScalar<float64>
        %20 = divide(%18, %19)               # EncryptedTensor<float64, shape=(1, 256, 14, 14)>
        %21 = 0                              # ClearScalar<uint1>
        %22 = add(%20, %21)                  # EncryptedTensor<float64, shape=(1, 256, 14, 14)>
        %23 = rint(%22)                      # EncryptedTensor<float64, shape=(1, 256, 14, 14)>
        %24 = astype(%23, dtype=int_)        # EncryptedTensor<uint1, shape=(1, 256, 14, 14)>
        return %24

    %158 = subgraph(%157):

         %0 = input                            # EncryptedTensor<uint1, shape=(1, 512, 7, 7)>          @ /trunk/trunk.10/C1/Conv.conv_rounding
         %1 = astype(%0, dtype=float64)        # EncryptedTensor<float64, shape=(1, 512, 7, 7)>
         %2 = 0                                # ClearScalar<uint1>
         %3 = add(%1, %2)                      # EncryptedTensor<float64, shape=(1, 512, 7, 7)>
         %4 = [[[[0]]  [ ... ]  [[0]]]]        # ClearTensor<uint1, shape=(1, 512, 1, 1)>
         %5 = subtract(%3, %4)                 # EncryptedTensor<float64, shape=(1, 512, 7, 7)>
         %6 = 0.020744180501963694             # ClearScalar<float64>
         %7 = multiply(%6, %5)                 # EncryptedTensor<float64, shape=(1, 512, 7, 7)>
         %8 = [[[[-3.022 ... 93e-01]]]]        # ClearTensor<float32, shape=(1, 512, 1, 1)>
         %9 = subtract(%7, %8)                 # EncryptedTensor<float64, shape=(1, 512, 7, 7)>
        %10 = [[[[4.5999 ... 737295]]]]        # ClearTensor<float32, shape=(1, 512, 1, 1)>
        %11 = divide(%9, %10)                  # EncryptedTensor<float64, shape=(1, 512, 7, 7)>
        %12 = [[[[0.9154 ... 91028 ]]]]        # ClearTensor<float32, shape=(1, 512, 1, 1)>
        %13 = multiply(%11, %12)               # EncryptedTensor<float64, shape=(1, 512, 7, 7)>
        %14 = [[[[ 2.130 ... 69e-02]]]]        # ClearTensor<float32, shape=(1, 512, 1, 1)>
        %15 = add(%13, %14)                    # EncryptedTensor<float64, shape=(1, 512, 7, 7)>
        %16 = 0                                # ClearScalar<uint1>
        %17 = maximum(%15, %16)                # EncryptedTensor<float64, shape=(1, 512, 7, 7)>
        %18 = 0.48369947                       # ClearScalar<float32>
        %19 = divide(%17, %18)                 # EncryptedTensor<float64, shape=(1, 512, 7, 7)>
        %20 = 0.0                              # ClearScalar<float32>
        %21 = add(%19, %20)                    # EncryptedTensor<float64, shape=(1, 512, 7, 7)>
        %22 = 0.0                              # ClearScalar<float64>
        %23 = 15.0                             # ClearScalar<float64>
        %24 = clip(%21, %22, %23)              # EncryptedTensor<float64, shape=(1, 512, 7, 7)>
        %25 = rint(%24)                        # EncryptedTensor<float64, shape=(1, 512, 7, 7)>
        %26 = 0.0                              # ClearScalar<float32>
        %27 = subtract(%25, %26)               # EncryptedTensor<float64, shape=(1, 512, 7, 7)>
        %28 = 0.48369947                       # ClearScalar<float32>
        %29 = multiply(%27, %28)               # EncryptedTensor<float64, shape=(1, 512, 7, 7)>
        %30 = 0.4836994707584381               # ClearScalar<float64>
        %31 = divide(%29, %30)                 # EncryptedTensor<float64, shape=(1, 512, 7, 7)>
        %32 = 0                                # ClearScalar<uint1>
        %33 = add(%31, %32)                    # EncryptedTensor<float64, shape=(1, 512, 7, 7)>
        %34 = rint(%33)                        # EncryptedTensor<float64, shape=(1, 512, 7, 7)>
        %35 = astype(%34, dtype=int_)          # EncryptedTensor<uint1, shape=(1, 512, 7, 7)>
        return %35

    %166 = subgraph(%149):

         %0 = input                          # EncryptedTensor<uint2, shape=(1, 256, 14, 14)>
         %1 = 0.0                            # ClearScalar<float64>
         %2 = subtract(%0, %1)               # EncryptedTensor<float64, shape=(1, 256, 14, 14)>
         %3 = 0.3656442146147451             # ClearScalar<float64>
         %4 = multiply(%3, %2)               # EncryptedTensor<float64, shape=(1, 256, 14, 14)>
         %5 = 0                              # ClearScalar<uint1>
         %6 = maximum(%4, %5)                # EncryptedTensor<float64, shape=(1, 256, 14, 14)>
         %7 = 1.1284292                      # ClearScalar<float32>
         %8 = divide(%6, %7)                 # EncryptedTensor<float64, shape=(1, 256, 14, 14)>
         %9 = 0.0                            # ClearScalar<float32>
        %10 = add(%8, %9)                    # EncryptedTensor<float64, shape=(1, 256, 14, 14)>
        %11 = 0.0                            # ClearScalar<float64>
        %12 = 15.0                           # ClearScalar<float64>
        %13 = clip(%10, %11, %12)            # EncryptedTensor<float64, shape=(1, 256, 14, 14)>
        %14 = rint(%13)                      # EncryptedTensor<float64, shape=(1, 256, 14, 14)>
        %15 = 0.0                            # ClearScalar<float32>
        %16 = subtract(%14, %15)             # EncryptedTensor<float64, shape=(1, 256, 14, 14)>
        %17 = 1.1284292                      # ClearScalar<float32>
        %18 = multiply(%16, %17)             # EncryptedTensor<float64, shape=(1, 256, 14, 14)>
        %19 = 1.1284291744232178             # ClearScalar<float64>
        %20 = divide(%18, %19)               # EncryptedTensor<float64, shape=(1, 256, 14, 14)>
        %21 = 0                              # ClearScalar<uint1>
        %22 = add(%20, %21)                  # EncryptedTensor<float64, shape=(1, 256, 14, 14)>
        %23 = rint(%22)                      # EncryptedTensor<float64, shape=(1, 256, 14, 14)>
        %24 = astype(%23, dtype=int_)        # EncryptedTensor<uint1, shape=(1, 256, 14, 14)>
        return %24

    %170 = subgraph(%165):

         %0 = input                            # EncryptedTensor<uint1, shape=(1, 512, 7, 7)>          @ /trunk/trunk.10/C2/Conv.conv_rounding
         %1 = astype(%0, dtype=float64)        # EncryptedTensor<float64, shape=(1, 512, 7, 7)>
         %2 = 0                                # ClearScalar<uint1>
         %3 = add(%1, %2)                      # EncryptedTensor<float64, shape=(1, 512, 7, 7)>
         %4 = [[[[0]]  [ ... ]  [[0]]]]        # ClearTensor<uint1, shape=(1, 512, 1, 1)>
         %5 = subtract(%3, %4)                 # EncryptedTensor<float64, shape=(1, 512, 7, 7)>
         %6 = 0.007173203124892169             # ClearScalar<float64>
         %7 = multiply(%6, %5)                 # EncryptedTensor<float64, shape=(1, 512, 7, 7)>
         %8 = [[[[ 1.101 ... 69e+00]]]]        # ClearTensor<float32, shape=(1, 512, 1, 1)>
         %9 = subtract(%7, %8)                 # EncryptedTensor<float64, shape=(1, 512, 7, 7)>
        %10 = [[[[4.5485 ... 731167]]]]        # ClearTensor<float32, shape=(1, 512, 1, 1)>
        %11 = divide(%9, %10)                  # EncryptedTensor<float64, shape=(1, 512, 7, 7)>
        %12 = [[[[0.9836 ... 57247 ]]]]        # ClearTensor<float32, shape=(1, 512, 1, 1)>
        %13 = multiply(%11, %12)               # EncryptedTensor<float64, shape=(1, 512, 7, 7)>
        %14 = [[[[-0.002 ... 877018]]]]        # ClearTensor<float32, shape=(1, 512, 1, 1)>
        %15 = add(%13, %14)                    # EncryptedTensor<float64, shape=(1, 512, 7, 7)>
        %16 = 0.97394735                       # ClearScalar<float32>
        %17 = divide(%15, %16)                 # EncryptedTensor<float64, shape=(1, 512, 7, 7)>
        %18 = 0.0                              # ClearScalar<float32>
        %19 = add(%17, %18)                    # EncryptedTensor<float64, shape=(1, 512, 7, 7)>
        %20 = -8.0                             # ClearScalar<float64>
        %21 = 7.0                              # ClearScalar<float64>
        %22 = clip(%19, %20, %21)              # EncryptedTensor<float64, shape=(1, 512, 7, 7)>
        %23 = rint(%22)                        # EncryptedTensor<float64, shape=(1, 512, 7, 7)>
        %24 = 0.0                              # ClearScalar<float32>
        %25 = subtract(%23, %24)               # EncryptedTensor<float64, shape=(1, 512, 7, 7)>
        %26 = 0.97394735                       # ClearScalar<float32>
        %27 = multiply(%25, %26)               # EncryptedTensor<float64, shape=(1, 512, 7, 7)>
        %28 = 0.9739473462104797               # ClearScalar<float64>
        %29 = divide(%27, %28)                 # EncryptedTensor<float64, shape=(1, 512, 7, 7)>
        %30 = 0                                # ClearScalar<uint1>
        %31 = add(%29, %30)                    # EncryptedTensor<float64, shape=(1, 512, 7, 7)>
        %32 = rint(%31)                        # EncryptedTensor<float64, shape=(1, 512, 7, 7)>
        %33 = astype(%32, dtype=int_)          # EncryptedTensor<uint1, shape=(1, 512, 7, 7)>
        return %33

    %171 = subgraph(%169):

         %0 = input                            # EncryptedTensor<uint1, shape=(1, 512, 7, 7)>          @ /trunk/trunk.10/shortcut/Conv.conv_rounding
         %1 = astype(%0, dtype=float64)        # EncryptedTensor<float64, shape=(1, 512, 7, 7)>
         %2 = 0                                # ClearScalar<uint1>
         %3 = add(%1, %2)                      # EncryptedTensor<float64, shape=(1, 512, 7, 7)>
         %4 = [[[[0]]  [ ... ]  [[0]]]]        # ClearTensor<uint1, shape=(1, 512, 1, 1)>
         %5 = subtract(%3, %4)                 # EncryptedTensor<float64, shape=(1, 512, 7, 7)>
         %6 = 0.05415846760652432              # ClearScalar<float64>
         %7 = multiply(%6, %5)                 # EncryptedTensor<float64, shape=(1, 512, 7, 7)>
         %8 = [[[[-0.228 ... 14593 ]]]]        # ClearTensor<float32, shape=(1, 512, 1, 1)>
         %9 = subtract(%7, %8)                 # EncryptedTensor<float64, shape=(1, 512, 7, 7)>
        %10 = [[[[1.9025 ... 834442]]]]        # ClearTensor<float32, shape=(1, 512, 1, 1)>
        %11 = divide(%9, %10)                  # EncryptedTensor<float64, shape=(1, 512, 7, 7)>
        %12 = [[[[0.9936 ... 21476 ]]]]        # ClearTensor<float32, shape=(1, 512, 1, 1)>
        %13 = multiply(%11, %12)               # EncryptedTensor<float64, shape=(1, 512, 7, 7)>
        %14 = [[[[-0.002 ... 870291]]]]        # ClearTensor<float32, shape=(1, 512, 1, 1)>
        %15 = add(%13, %14)                    # EncryptedTensor<float64, shape=(1, 512, 7, 7)>
        %16 = 0.9605295                        # ClearScalar<float32>
        %17 = divide(%15, %16)                 # EncryptedTensor<float64, shape=(1, 512, 7, 7)>
        %18 = 0.0                              # ClearScalar<float32>
        %19 = add(%17, %18)                    # EncryptedTensor<float64, shape=(1, 512, 7, 7)>
        %20 = -8.0                             # ClearScalar<float64>
        %21 = 7.0                              # ClearScalar<float64>
        %22 = clip(%19, %20, %21)              # EncryptedTensor<float64, shape=(1, 512, 7, 7)>
        %23 = rint(%22)                        # EncryptedTensor<float64, shape=(1, 512, 7, 7)>
        %24 = 0.0                              # ClearScalar<float32>
        %25 = subtract(%23, %24)               # EncryptedTensor<float64, shape=(1, 512, 7, 7)>
        %26 = 0.9605295                        # ClearScalar<float32>
        %27 = multiply(%25, %26)               # EncryptedTensor<float64, shape=(1, 512, 7, 7)>
        %28 = 0.9605295062065125               # ClearScalar<float64>
        %29 = divide(%27, %28)                 # EncryptedTensor<float64, shape=(1, 512, 7, 7)>
        %30 = 0                                # ClearScalar<uint1>
        %31 = add(%29, %30)                    # EncryptedTensor<float64, shape=(1, 512, 7, 7)>
        %32 = rint(%31)                        # EncryptedTensor<float64, shape=(1, 512, 7, 7)>
        %33 = astype(%32, dtype=int_)          # EncryptedTensor<uint1, shape=(1, 512, 7, 7)>
        return %33

    %172 = subgraph(%170):

         %0 = input                         # EncryptedTensor<uint1, shape=(1, 512, 7, 7)>
         %1 = 0.0                           # ClearScalar<float64>
         %2 = subtract(%0, %1)              # EncryptedTensor<float64, shape=(1, 512, 7, 7)>
         %3 = 0.9739473462104797            # ClearScalar<float64>
         %4 = multiply(%3, %2)              # EncryptedTensor<float64, shape=(1, 512, 7, 7)>
         %5 = 0.342997218331983             # ClearScalar<float64>
         %6 = divide(%4, %5)                # EncryptedTensor<float64, shape=(1, 512, 7, 7)>
         %7 = 0                             # ClearScalar<uint1>
         %8 = add(%6, %7)                   # EncryptedTensor<float64, shape=(1, 512, 7, 7)>
         %9 = rint(%8)                      # EncryptedTensor<float64, shape=(1, 512, 7, 7)>
        %10 = astype(%9, dtype=int_)        # EncryptedTensor<uint1, shape=(1, 512, 7, 7)>
        return %10

    %173 = subgraph(%171):

         %0 = input                         # EncryptedTensor<uint1, shape=(1, 512, 7, 7)>
         %1 = 0.0                           # ClearScalar<float64>
         %2 = subtract(%0, %1)              # EncryptedTensor<float64, shape=(1, 512, 7, 7)>
         %3 = 0.9605295062065125            # ClearScalar<float64>
         %4 = multiply(%3, %2)              # EncryptedTensor<float64, shape=(1, 512, 7, 7)>
         %5 = 0.342997218331983             # ClearScalar<float64>
         %6 = divide(%4, %5)                # EncryptedTensor<float64, shape=(1, 512, 7, 7)>
         %7 = 0                             # ClearScalar<uint1>
         %8 = add(%6, %7)                   # EncryptedTensor<float64, shape=(1, 512, 7, 7)>
         %9 = rint(%8)                      # EncryptedTensor<float64, shape=(1, 512, 7, 7)>
        %10 = astype(%9, dtype=int_)        # EncryptedTensor<uint1, shape=(1, 512, 7, 7)>
        return %10

    %177 = subgraph(%176):

         %0 = input                          # EncryptedTensor<uint2, shape=(1, 512, 7, 7)>
         %1 = 0.0                            # ClearScalar<float64>
         %2 = subtract(%0, %1)               # EncryptedTensor<float64, shape=(1, 512, 7, 7)>
         %3 = 0.342997218331983              # ClearScalar<float64>
         %4 = multiply(%3, %2)               # EncryptedTensor<float64, shape=(1, 512, 7, 7)>
         %5 = 0                              # ClearScalar<uint1>
         %6 = maximum(%4, %5)                # EncryptedTensor<float64, shape=(1, 512, 7, 7)>
         %7 = 0.8426012                      # ClearScalar<float32>
         %8 = divide(%6, %7)                 # EncryptedTensor<float64, shape=(1, 512, 7, 7)>
         %9 = 0.0                            # ClearScalar<float32>
        %10 = add(%8, %9)                    # EncryptedTensor<float64, shape=(1, 512, 7, 7)>
        %11 = 0.0                            # ClearScalar<float64>
        %12 = 15.0                           # ClearScalar<float64>
        %13 = clip(%10, %11, %12)            # EncryptedTensor<float64, shape=(1, 512, 7, 7)>
        %14 = rint(%13)                      # EncryptedTensor<float64, shape=(1, 512, 7, 7)>
        %15 = 0.0                            # ClearScalar<float32>
        %16 = subtract(%14, %15)             # EncryptedTensor<float64, shape=(1, 512, 7, 7)>
        %17 = 0.8426012                      # ClearScalar<float32>
        %18 = multiply(%16, %17)             # EncryptedTensor<float64, shape=(1, 512, 7, 7)>
        %19 = 0.8426011800765991             # ClearScalar<float64>
        %20 = divide(%18, %19)               # EncryptedTensor<float64, shape=(1, 512, 7, 7)>
        %21 = 0                              # ClearScalar<uint1>
        %22 = add(%20, %21)                  # EncryptedTensor<float64, shape=(1, 512, 7, 7)>
        %23 = rint(%22)                      # EncryptedTensor<float64, shape=(1, 512, 7, 7)>
        %24 = astype(%23, dtype=int_)        # EncryptedTensor<uint1, shape=(1, 512, 7, 7)>
        return %24

    %185 = subgraph(%184):

         %0 = input                            # EncryptedTensor<uint1, shape=(1, 512, 7, 7)>          @ /trunk/trunk.11/C1/Conv.conv_rounding
         %1 = astype(%0, dtype=float64)        # EncryptedTensor<float64, shape=(1, 512, 7, 7)>
         %2 = 0                                # ClearScalar<uint1>
         %3 = add(%1, %2)                      # EncryptedTensor<float64, shape=(1, 512, 7, 7)>
         %4 = [[[[0]]  [ ... ]  [[0]]]]        # ClearTensor<uint1, shape=(1, 512, 1, 1)>
         %5 = subtract(%3, %4)                 # EncryptedTensor<float64, shape=(1, 512, 7, 7)>
         %6 = 0.014125750751236898             # ClearScalar<float64>
         %7 = multiply(%6, %5)                 # EncryptedTensor<float64, shape=(1, 512, 7, 7)>
         %8 = [[[[-2.965 ... 16e-01]]]]        # ClearTensor<float32, shape=(1, 512, 1, 1)>
         %9 = subtract(%7, %8)                 # EncryptedTensor<float64, shape=(1, 512, 7, 7)>
        %10 = [[[[3.5238 ... 876274]]]]        # ClearTensor<float32, shape=(1, 512, 1, 1)>
        %11 = divide(%9, %10)                  # EncryptedTensor<float64, shape=(1, 512, 7, 7)>
        %12 = [[[[0.9381 ... 379634]]]]        # ClearTensor<float32, shape=(1, 512, 1, 1)>
        %13 = multiply(%11, %12)               # EncryptedTensor<float64, shape=(1, 512, 7, 7)>
        %14 = [[[[-1.004 ... 51e-04]]]]        # ClearTensor<float32, shape=(1, 512, 1, 1)>
        %15 = add(%13, %14)                    # EncryptedTensor<float64, shape=(1, 512, 7, 7)>
        %16 = 0                                # ClearScalar<uint1>
        %17 = maximum(%15, %16)                # EncryptedTensor<float64, shape=(1, 512, 7, 7)>
        %18 = 0.45241976                       # ClearScalar<float32>
        %19 = divide(%17, %18)                 # EncryptedTensor<float64, shape=(1, 512, 7, 7)>
        %20 = 0.0                              # ClearScalar<float32>
        %21 = add(%19, %20)                    # EncryptedTensor<float64, shape=(1, 512, 7, 7)>
        %22 = 0.0                              # ClearScalar<float64>
        %23 = 15.0                             # ClearScalar<float64>
        %24 = clip(%21, %22, %23)              # EncryptedTensor<float64, shape=(1, 512, 7, 7)>
        %25 = rint(%24)                        # EncryptedTensor<float64, shape=(1, 512, 7, 7)>
        %26 = 0.0                              # ClearScalar<float32>
        %27 = subtract(%25, %26)               # EncryptedTensor<float64, shape=(1, 512, 7, 7)>
        %28 = 0.45241976                       # ClearScalar<float32>
        %29 = multiply(%27, %28)               # EncryptedTensor<float64, shape=(1, 512, 7, 7)>
        %30 = 0.4524197578430176               # ClearScalar<float64>
        %31 = divide(%29, %30)                 # EncryptedTensor<float64, shape=(1, 512, 7, 7)>
        %32 = 0                                # ClearScalar<uint1>
        %33 = add(%31, %32)                    # EncryptedTensor<float64, shape=(1, 512, 7, 7)>
        %34 = rint(%33)                        # EncryptedTensor<float64, shape=(1, 512, 7, 7)>
        %35 = astype(%34, dtype=int_)          # EncryptedTensor<uint1, shape=(1, 512, 7, 7)>
        return %35

    %193 = subgraph(%192):

         %0 = input                            # EncryptedTensor<uint1, shape=(1, 512, 7, 7)>          @ /trunk/trunk.11/C2/Conv.conv_rounding
         %1 = astype(%0, dtype=float64)        # EncryptedTensor<float64, shape=(1, 512, 7, 7)>
         %2 = 0                                # ClearScalar<uint1>
         %3 = add(%1, %2)                      # EncryptedTensor<float64, shape=(1, 512, 7, 7)>
         %4 = [[[[0]]  [ ... ]  [[0]]]]        # ClearTensor<uint1, shape=(1, 512, 1, 1)>
         %5 = subtract(%3, %4)                 # EncryptedTensor<float64, shape=(1, 512, 7, 7)>
         %6 = 0.007287327472713656             # ClearScalar<float64>
         %7 = multiply(%6, %5)                 # EncryptedTensor<float64, shape=(1, 512, 7, 7)>
         %8 = [[[[-0.650 ... 57378 ]]]]        # ClearTensor<float32, shape=(1, 512, 1, 1)>
         %9 = subtract(%7, %8)                 # EncryptedTensor<float64, shape=(1, 512, 7, 7)>
        %10 = [[[[ 4.599 ... 08486 ]]]]        # ClearTensor<float32, shape=(1, 512, 1, 1)>
        %11 = divide(%9, %10)                  # EncryptedTensor<float64, shape=(1, 512, 7, 7)>
        %12 = [[[[0.9848 ... 945134]]]]        # ClearTensor<float32, shape=(1, 512, 1, 1)>
        %13 = multiply(%11, %12)               # EncryptedTensor<float64, shape=(1, 512, 7, 7)>
        %14 = [[[[-0.003 ... 017703]]]]        # ClearTensor<float32, shape=(1, 512, 1, 1)>
        %15 = add(%13, %14)                    # EncryptedTensor<float64, shape=(1, 512, 7, 7)>
        %16 = 0.9378548                        # ClearScalar<float32>
        %17 = divide(%15, %16)                 # EncryptedTensor<float64, shape=(1, 512, 7, 7)>
        %18 = 0.0                              # ClearScalar<float32>
        %19 = add(%17, %18)                    # EncryptedTensor<float64, shape=(1, 512, 7, 7)>
        %20 = -8.0                             # ClearScalar<float64>
        %21 = 7.0                              # ClearScalar<float64>
        %22 = clip(%19, %20, %21)              # EncryptedTensor<float64, shape=(1, 512, 7, 7)>
        %23 = rint(%22)                        # EncryptedTensor<float64, shape=(1, 512, 7, 7)>
        %24 = 0.0                              # ClearScalar<float32>
        %25 = subtract(%23, %24)               # EncryptedTensor<float64, shape=(1, 512, 7, 7)>
        %26 = 0.9378548                        # ClearScalar<float32>
        %27 = multiply(%25, %26)               # EncryptedTensor<float64, shape=(1, 512, 7, 7)>
        %28 = 0.9378548264503479               # ClearScalar<float64>
        %29 = divide(%27, %28)                 # EncryptedTensor<float64, shape=(1, 512, 7, 7)>
        %30 = 0                                # ClearScalar<uint1>
        %31 = add(%29, %30)                    # EncryptedTensor<float64, shape=(1, 512, 7, 7)>
        %32 = rint(%31)                        # EncryptedTensor<float64, shape=(1, 512, 7, 7)>
        %33 = astype(%32, dtype=int_)          # EncryptedTensor<uint1, shape=(1, 512, 7, 7)>
        return %33

    %194 = subgraph(%176):

         %0 = input                          # EncryptedTensor<uint2, shape=(1, 512, 7, 7)>
         %1 = 0.0                            # ClearScalar<float64>
         %2 = subtract(%0, %1)               # EncryptedTensor<float64, shape=(1, 512, 7, 7)>
         %3 = 0.342997218331983              # ClearScalar<float64>
         %4 = multiply(%3, %2)               # EncryptedTensor<float64, shape=(1, 512, 7, 7)>
         %5 = 0                              # ClearScalar<uint1>
         %6 = maximum(%4, %5)                # EncryptedTensor<float64, shape=(1, 512, 7, 7)>
         %7 = 0.8426012                      # ClearScalar<float32>
         %8 = divide(%6, %7)                 # EncryptedTensor<float64, shape=(1, 512, 7, 7)>
         %9 = 0.0                            # ClearScalar<float32>
        %10 = add(%8, %9)                    # EncryptedTensor<float64, shape=(1, 512, 7, 7)>
        %11 = 0.0                            # ClearScalar<float64>
        %12 = 15.0                           # ClearScalar<float64>
        %13 = clip(%10, %11, %12)            # EncryptedTensor<float64, shape=(1, 512, 7, 7)>
        %14 = rint(%13)                      # EncryptedTensor<float64, shape=(1, 512, 7, 7)>
        %15 = 0.0                            # ClearScalar<float32>
        %16 = subtract(%14, %15)             # EncryptedTensor<float64, shape=(1, 512, 7, 7)>
        %17 = 0.8426012                      # ClearScalar<float32>
        %18 = multiply(%16, %17)             # EncryptedTensor<float64, shape=(1, 512, 7, 7)>
        %19 = 0.8426011800765991             # ClearScalar<float64>
        %20 = divide(%18, %19)               # EncryptedTensor<float64, shape=(1, 512, 7, 7)>
        %21 = 0                              # ClearScalar<uint1>
        %22 = add(%20, %21)                  # EncryptedTensor<float64, shape=(1, 512, 7, 7)>
        %23 = rint(%22)                      # EncryptedTensor<float64, shape=(1, 512, 7, 7)>
        %24 = astype(%23, dtype=int_)        # EncryptedTensor<uint1, shape=(1, 512, 7, 7)>
        return %24

    %195 = subgraph(%193):

         %0 = input                         # EncryptedTensor<uint1, shape=(1, 512, 7, 7)>
         %1 = 0.0                           # ClearScalar<float64>
         %2 = subtract(%0, %1)              # EncryptedTensor<float64, shape=(1, 512, 7, 7)>
         %3 = 0.9378548264503479            # ClearScalar<float64>
         %4 = multiply(%3, %2)              # EncryptedTensor<float64, shape=(1, 512, 7, 7)>
         %5 = 0.34153169008993334           # ClearScalar<float64>
         %6 = divide(%4, %5)                # EncryptedTensor<float64, shape=(1, 512, 7, 7)>
         %7 = 0                             # ClearScalar<uint1>
         %8 = add(%6, %7)                   # EncryptedTensor<float64, shape=(1, 512, 7, 7)>
         %9 = rint(%8)                      # EncryptedTensor<float64, shape=(1, 512, 7, 7)>
        %10 = astype(%9, dtype=int_)        # EncryptedTensor<uint1, shape=(1, 512, 7, 7)>
        return %10

    %196 = subgraph(%194):

         %0 = input                         # EncryptedTensor<uint1, shape=(1, 512, 7, 7)>
         %1 = 0.0                           # ClearScalar<float64>
         %2 = subtract(%0, %1)              # EncryptedTensor<float64, shape=(1, 512, 7, 7)>
         %3 = 0.8426011800765991            # ClearScalar<float64>
         %4 = multiply(%3, %2)              # EncryptedTensor<float64, shape=(1, 512, 7, 7)>
         %5 = 0.34153169008993334           # ClearScalar<float64>
         %6 = divide(%4, %5)                # EncryptedTensor<float64, shape=(1, 512, 7, 7)>
         %7 = 0                             # ClearScalar<uint1>
         %8 = add(%6, %7)                   # EncryptedTensor<float64, shape=(1, 512, 7, 7)>
         %9 = rint(%8)                      # EncryptedTensor<float64, shape=(1, 512, 7, 7)>
        %10 = astype(%9, dtype=int_)        # EncryptedTensor<uint1, shape=(1, 512, 7, 7)>
        return %10

    %200 = subgraph(%199):

         %0 = input                          # EncryptedTensor<uint2, shape=(1, 512, 7, 7)>
         %1 = 0.0                            # ClearScalar<float64>
         %2 = subtract(%0, %1)               # EncryptedTensor<float64, shape=(1, 512, 7, 7)>
         %3 = 0.34153169008993334            # ClearScalar<float64>
         %4 = multiply(%3, %2)               # EncryptedTensor<float64, shape=(1, 512, 7, 7)>
         %5 = 0                              # ClearScalar<uint1>
         %6 = maximum(%4, %5)                # EncryptedTensor<float64, shape=(1, 512, 7, 7)>
         %7 = 1.0681432                      # ClearScalar<float32>
         %8 = divide(%6, %7)                 # EncryptedTensor<float64, shape=(1, 512, 7, 7)>
         %9 = 0.0                            # ClearScalar<float32>
        %10 = add(%8, %9)                    # EncryptedTensor<float64, shape=(1, 512, 7, 7)>
        %11 = 0.0                            # ClearScalar<float64>
        %12 = 15.0                           # ClearScalar<float64>
        %13 = clip(%10, %11, %12)            # EncryptedTensor<float64, shape=(1, 512, 7, 7)>
        %14 = rint(%13)                      # EncryptedTensor<float64, shape=(1, 512, 7, 7)>
        %15 = 0.0                            # ClearScalar<float32>
        %16 = subtract(%14, %15)             # EncryptedTensor<float64, shape=(1, 512, 7, 7)>
        %17 = 1.0681432                      # ClearScalar<float32>
        %18 = multiply(%16, %17)             # EncryptedTensor<float64, shape=(1, 512, 7, 7)>
        %19 = 1.0681432485580444             # ClearScalar<float64>
        %20 = divide(%18, %19)               # EncryptedTensor<float64, shape=(1, 512, 7, 7)>
        %21 = 0                              # ClearScalar<uint1>
        %22 = add(%20, %21)                  # EncryptedTensor<float64, shape=(1, 512, 7, 7)>
        %23 = rint(%22)                      # EncryptedTensor<float64, shape=(1, 512, 7, 7)>
        %24 = astype(%23, dtype=int_)        # EncryptedTensor<uint1, shape=(1, 512, 7, 7)>
        return %24

    %204 = subgraph(%203):

         %0 = input                            # EncryptedTensor<uint1, shape=(1, 512, 1, 1)>          @ /trunk/trunk.12/AveragePool.avgpool_rounding
         %1 = astype(%0, dtype=float64)        # EncryptedTensor<float64, shape=(1, 512, 1, 1)>
         %2 = 0.04                             # ClearScalar<float64>
         %3 = multiply(%1, %2)                 # EncryptedTensor<float64, shape=(1, 512, 1, 1)>
         %4 = 0                                # ClearScalar<uint1>
         %5 = subtract(%3, %4)                 # EncryptedTensor<float64, shape=(1, 512, 1, 1)>
         %6 = 1.0681432485580444               # ClearScalar<float64>
         %7 = multiply(%5, %6)                 # EncryptedTensor<float64, shape=(1, 512, 1, 1)>
         %8 = 0.58076966                       # ClearScalar<float32>
         %9 = divide(%7, %8)                   # EncryptedTensor<float64, shape=(1, 512, 1, 1)>
        %10 = 0.0                              # ClearScalar<float32>
        %11 = add(%9, %10)                     # EncryptedTensor<float64, shape=(1, 512, 1, 1)>
        %12 = -8.0                             # ClearScalar<float64>
        %13 = 7.0                              # ClearScalar<float64>
        %14 = clip(%11, %12, %13)              # EncryptedTensor<float64, shape=(1, 512, 1, 1)>
        %15 = rint(%14)                        # EncryptedTensor<float64, shape=(1, 512, 1, 1)>
        %16 = 0.0                              # ClearScalar<float32>
        %17 = subtract(%15, %16)               # EncryptedTensor<float64, shape=(1, 512, 1, 1)>
        %18 = 0.58076966                       # ClearScalar<float32>
        %19 = multiply(%17, %18)               # EncryptedTensor<float64, shape=(1, 512, 1, 1)>
        %20 = 0.5807696580886841               # ClearScalar<float64>
        %21 = divide(%19, %20)                 # EncryptedTensor<float64, shape=(1, 512, 1, 1)>
        %22 = 0                                # ClearScalar<uint1>
        %23 = add(%21, %22)                    # EncryptedTensor<float64, shape=(1, 512, 1, 1)>
        %24 = rint(%23)                        # EncryptedTensor<float64, shape=(1, 512, 1, 1)>
        %25 = astype(%24, dtype=int_)          # EncryptedTensor<uint1, shape=(1, 512, 1, 1)>
        return %25
--------------------------------------------------------------------------------

Bit-Width Constraints
--------------------------------------------------------------------------------
%0:
    main.%0 >= 4
%1:
    main.%1 >= 4
%2:
    main.%2 >= 8
    main.%0 == main.%1
    main.%1 == main.%2
%3:
    main.%3 >= 8
%4:
    main.%4 >= 4
%5:
    main.%5 >= 1
%6:
    main.%6 >= 1
%7:
    main.%7 >= 1
    main.%5 == main.%6
    main.%6 == main.%7
%8:
    main.%8 >= 4
    main.%7 == main.%4
    main.%4 == main.%8
%9:
    main.%9 >= 4
%10:
    main.%10 >= 11
    main.%8 == main.%9
    main.%9 == main.%10
%11:
    main.%11 >= 11
%12:
    main.%12 >= 4
%13:
    main.%13 >= 1
%14:
    main.%14 >= 1
%15:
    main.%15 >= 1
    main.%13 == main.%14
    main.%14 == main.%15
%16:
    main.%16 >= 4
    main.%15 == main.%12
    main.%12 == main.%16
%17:
    main.%17 >= 4
%18:
    main.%18 >= 11
    main.%16 == main.%17
    main.%17 == main.%18
%19:
    main.%19 >= 11
%20:
    main.%20 >= 4
%21:
    main.%21 >= 4
%22:
    main.%22 >= 5
%23:
    main.%23 >= 6
%24:
    main.%24 >= 1
%25:
    main.%25 >= 6
    main.%24 == main.%23
    main.%23 == main.%25
%26:
    main.%26 >= 6
    main.%22 == main.%25
    main.%25 == main.%26
%27:
    main.%27 >= 4
%28:
    main.%28 >= 1
%29:
    main.%29 >= 1
%30:
    main.%30 >= 1
    main.%28 == main.%29
    main.%29 == main.%30
%31:
    main.%31 >= 4
    main.%30 == main.%27
    main.%27 == main.%31
%32:
    main.%32 >= 4
%33:
    main.%33 >= 11
    main.%31 == main.%32
    main.%32 == main.%33
%34:
    main.%34 >= 11
%35:
    main.%35 >= 4
%36:
    main.%36 >= 1
%37:
    main.%37 >= 1
%38:
    main.%38 >= 1
    main.%36 == main.%37
    main.%37 == main.%38
%39:
    main.%39 >= 4
    main.%38 == main.%35
    main.%35 == main.%39
%40:
    main.%40 >= 4
%41:
    main.%41 >= 11
    main.%39 == main.%40
    main.%40 == main.%41
%42:
    main.%42 >= 11
%43:
    main.%43 >= 4
%44:
    main.%44 >= 4
%45:
    main.%45 >= 6
%46:
    main.%46 >= 5
%47:
    main.%47 >= 1
%48:
    main.%48 >= 5
    main.%47 == main.%46
    main.%46 == main.%48
%49:
    main.%49 >= 7
    main.%45 == main.%48
    main.%48 == main.%49
%50:
    main.%50 >= 4
%51:
    main.%51 >= 1
%52:
    main.%52 >= 1
%53:
    main.%53 >= 1
    main.%51 == main.%52
    main.%52 == main.%53
%54:
    main.%54 >= 4
    main.%53 == main.%50
    main.%50 == main.%54
%55:
    main.%55 >= 4
%56:
    main.%56 >= 11
    main.%54 == main.%55
    main.%55 == main.%56
%57:
    main.%57 >= 11
%58:
    main.%58 >= 4
%59:
    main.%59 >= 1
%60:
    main.%60 >= 1
%61:
    main.%61 >= 1
    main.%59 == main.%60
    main.%60 == main.%61
%62:
    main.%62 >= 4
    main.%61 == main.%58
    main.%58 == main.%62
%63:
    main.%63 >= 4
%64:
    main.%64 >= 12
    main.%62 == main.%63
    main.%63 == main.%64
%65:
    main.%65 >= 12
%66:
    main.%66 >= 4
%67:
    main.%67 >= 4
%68:
    main.%68 >= 9
    main.%66 == main.%67
    main.%67 == main.%68
%69:
    main.%69 >= 9
%70:
    main.%70 >= 4
%71:
    main.%71 >= 4
%72:
    main.%72 >= 5
%73:
    main.%73 >= 6
%74:
    main.%74 >= 1
%75:
    main.%75 >= 6
    main.%74 == main.%73
    main.%73 == main.%75
%76:
    main.%76 >= 6
    main.%72 == main.%75
    main.%75 == main.%76
%77:
    main.%77 >= 4
%78:
    main.%78 >= 1
%79:
    main.%79 >= 1
%80:
    main.%80 >= 1
    main.%78 == main.%79
    main.%79 == main.%80
%81:
    main.%81 >= 4
    main.%80 == main.%77
    main.%77 == main.%81
%82:
    main.%82 >= 4
%83:
    main.%83 >= 11
    main.%81 == main.%82
    main.%82 == main.%83
%84:
    main.%84 >= 11
%85:
    main.%85 >= 4
%86:
    main.%86 >= 1
%87:
    main.%87 >= 1
%88:
    main.%88 >= 1
    main.%86 == main.%87
    main.%87 == main.%88
%89:
    main.%89 >= 4
    main.%88 == main.%85
    main.%85 == main.%89
%90:
    main.%90 >= 4
%91:
    main.%91 >= 12
    main.%89 == main.%90
    main.%90 == main.%91
%92:
    main.%92 >= 12
%93:
    main.%93 >= 4
%94:
    main.%94 >= 4
%95:
    main.%95 >= 5
%96:
    main.%96 >= 5
%97:
    main.%97 >= 1
%98:
    main.%98 >= 5
    main.%97 == main.%96
    main.%96 == main.%98
%99:
    main.%99 >= 7
    main.%95 == main.%98
    main.%98 == main.%99
%100:
    main.%100 >= 4
%101:
    main.%101 >= 1
%102:
    main.%102 >= 1
%103:
    main.%103 >= 1
    main.%101 == main.%102
    main.%102 == main.%103
%104:
    main.%104 >= 4
    main.%103 == main.%100
    main.%100 == main.%104
%105:
    main.%105 >= 4
%106:
    main.%106 >= 11
    main.%104 == main.%105
    main.%105 == main.%106
%107:
    main.%107 >= 12
%108:
    main.%108 >= 4
%109:
    main.%109 >= 1
%110:
    main.%110 >= 1
%111:
    main.%111 >= 1
    main.%109 == main.%110
    main.%110 == main.%111
%112:
    main.%112 >= 4
    main.%111 == main.%108
    main.%108 == main.%112
%113:
    main.%113 >= 4
%114:
    main.%114 >= 12
    main.%112 == main.%113
    main.%113 == main.%114
%115:
    main.%115 >= 12
%116:
    main.%116 >= 4
%117:
    main.%117 >= 4
%118:
    main.%118 >= 10
    main.%116 == main.%117
    main.%117 == main.%118
%119:
    main.%119 >= 10
%120:
    main.%120 >= 4
%121:
    main.%121 >= 4
%122:
    main.%122 >= 6
%123:
    main.%123 >= 6
%124:
    main.%124 >= 1
%125:
    main.%125 >= 6
    main.%124 == main.%123
    main.%123 == main.%125
%126:
    main.%126 >= 6
    main.%122 == main.%125
    main.%125 == main.%126
%127:
    main.%127 >= 4
%128:
    main.%128 >= 1
%129:
    main.%129 >= 1
%130:
    main.%130 >= 1
    main.%128 == main.%129
    main.%129 == main.%130
%131:
    main.%131 >= 4
    main.%130 == main.%127
    main.%127 == main.%131
%132:
    main.%132 >= 4
%133:
    main.%133 >= 12
    main.%131 == main.%132
    main.%132 == main.%133
%134:
    main.%134 >= 12
%135:
    main.%135 >= 4
%136:
    main.%136 >= 1
%137:
    main.%137 >= 1
%138:
    main.%138 >= 1
    main.%136 == main.%137
    main.%137 == main.%138
%139:
    main.%139 >= 4
    main.%138 == main.%135
    main.%135 == main.%139
%140:
    main.%140 >= 4
%141:
    main.%141 >= 13
    main.%139 == main.%140
    main.%140 == main.%141
%142:
    main.%142 >= 13
%143:
    main.%143 >= 4
%144:
    main.%144 >= 4
%145:
    main.%145 >= 6
%146:
    main.%146 >= 5
%147:
    main.%147 >= 1
%148:
    main.%148 >= 5
    main.%147 == main.%146
    main.%146 == main.%148
%149:
    main.%149 >= 7
    main.%145 == main.%148
    main.%148 == main.%149
%150:
    main.%150 >= 4
%151:
    main.%151 >= 1
%152:
    main.%152 >= 1
%153:
    main.%153 >= 1
    main.%151 == main.%152
    main.%152 == main.%153
%154:
    main.%154 >= 4
    main.%153 == main.%150
    main.%150 == main.%154
%155:
    main.%155 >= 4
%156:
    main.%156 >= 12
    main.%154 == main.%155
    main.%155 == main.%156
%157:
    main.%157 >= 12
%158:
    main.%158 >= 4
%159:
    main.%159 >= 1
%160:
    main.%160 >= 1
%161:
    main.%161 >= 1
    main.%159 == main.%160
    main.%160 == main.%161
%162:
    main.%162 >= 4
    main.%161 == main.%158
    main.%158 == main.%162
%163:
    main.%163 >= 4
%164:
    main.%164 >= 14
    main.%162 == main.%163
    main.%163 == main.%164
%165:
    main.%165 >= 14
%166:
    main.%166 >= 4
%167:
    main.%167 >= 4
%168:
    main.%168 >= 10
    main.%166 == main.%167
    main.%167 == main.%168
%169:
    main.%169 >= 10
%170:
    main.%170 >= 4
%171:
    main.%171 >= 4
%172:
    main.%172 >= 6
%173:
    main.%173 >= 6
%174:
    main.%174 >= 1
%175:
    main.%175 >= 6
    main.%174 == main.%173
    main.%173 == main.%175
%176:
    main.%176 >= 6
    main.%172 == main.%175
    main.%175 == main.%176
%177:
    main.%177 >= 4
%178:
    main.%178 >= 1
%179:
    main.%179 >= 1
%180:
    main.%180 >= 1
    main.%178 == main.%179
    main.%179 == main.%180
%181:
    main.%181 >= 4
    main.%180 == main.%177
    main.%177 == main.%181
%182:
    main.%182 >= 4
%183:
    main.%183 >= 13
    main.%181 == main.%182
    main.%182 == main.%183
%184:
    main.%184 >= 13
%185:
    main.%185 >= 4
%186:
    main.%186 >= 1
%187:
    main.%187 >= 1
%188:
    main.%188 >= 1
    main.%186 == main.%187
    main.%187 == main.%188
%189:
    main.%189 >= 4
    main.%188 == main.%185
    main.%185 == main.%189
%190:
    main.%190 >= 4
%191:
    main.%191 >= 14
    main.%189 == main.%190
    main.%190 == main.%191
%192:
    main.%192 >= 14
%193:
    main.%193 >= 4
%194:
    main.%194 >= 4
%195:
    main.%195 >= 6
%196:
    main.%196 >= 5
%197:
    main.%197 >= 1
%198:
    main.%198 >= 5
    main.%197 == main.%196
    main.%196 == main.%198
%199:
    main.%199 >= 6
    main.%195 == main.%198
    main.%198 == main.%199
%200:
    main.%200 >= 4
%201:
    main.%201 >= 1
%202:
    main.%202 >= 7
    main.%200 == main.%201
    main.%201 == main.%202
%203:
    main.%203 >= 7
%204:
    main.%204 >= 3
%205:
    main.%205 >= 3
    main.%204 == main.%205
--------------------------------------------------------------------------------

Bit-Width Assignments
--------------------------------------------------------------------------------
  main.%0 = 8
  main.%1 = 8
  main.%2 = 8
  main.%3 = 8
  main.%4 = 11
  main.%5 = 11
  main.%6 = 11
  main.%7 = 11
  main.%8 = 11
  main.%9 = 11
 main.%10 = 11
 main.%11 = 11
 main.%12 = 11
 main.%13 = 11
 main.%14 = 11
 main.%15 = 11
 main.%16 = 11
 main.%17 = 11
 main.%18 = 11
 main.%19 = 11
 main.%20 = 4
 main.%21 = 4
 main.%22 = 6
 main.%23 = 6
 main.%24 = 6
 main.%25 = 6
 main.%26 = 6
 main.%27 = 11
 main.%28 = 11
 main.%29 = 11
 main.%30 = 11
 main.%31 = 11
 main.%32 = 11
 main.%33 = 11
 main.%34 = 11
 main.%35 = 11
 main.%36 = 11
 main.%37 = 11
 main.%38 = 11
 main.%39 = 11
 main.%40 = 11
 main.%41 = 11
 main.%42 = 11
 main.%43 = 4
 main.%44 = 4
 main.%45 = 7
 main.%46 = 7
 main.%47 = 7
 main.%48 = 7
 main.%49 = 7
 main.%50 = 11
 main.%51 = 11
 main.%52 = 11
 main.%53 = 11
 main.%54 = 11
 main.%55 = 11
 main.%56 = 11
 main.%57 = 11
 main.%58 = 12
 main.%59 = 12
 main.%60 = 12
 main.%61 = 12
 main.%62 = 12
 main.%63 = 12
 main.%64 = 12
 main.%65 = 12
 main.%66 = 9
 main.%67 = 9
 main.%68 = 9
 main.%69 = 9
 main.%70 = 4
 main.%71 = 4
 main.%72 = 6
 main.%73 = 6
 main.%74 = 6
 main.%75 = 6
 main.%76 = 6
 main.%77 = 11
 main.%78 = 11
 main.%79 = 11
 main.%80 = 11
 main.%81 = 11
 main.%82 = 11
 main.%83 = 11
 main.%84 = 11
 main.%85 = 12
 main.%86 = 12
 main.%87 = 12
 main.%88 = 12
 main.%89 = 12
 main.%90 = 12
 main.%91 = 12
 main.%92 = 12
 main.%93 = 4
 main.%94 = 4
 main.%95 = 7
 main.%96 = 7
 main.%97 = 7
 main.%98 = 7
 main.%99 = 7
main.%100 = 11
main.%101 = 11
main.%102 = 11
main.%103 = 11
main.%104 = 11
main.%105 = 11
main.%106 = 11
main.%107 = 12
main.%108 = 12
main.%109 = 12
main.%110 = 12
main.%111 = 12
main.%112 = 12
main.%113 = 12
main.%114 = 12
main.%115 = 12
main.%116 = 10
main.%117 = 10
main.%118 = 10
main.%119 = 10
main.%120 = 4
main.%121 = 4
main.%122 = 6
main.%123 = 6
main.%124 = 6
main.%125 = 6
main.%126 = 6
main.%127 = 12
main.%128 = 12
main.%129 = 12
main.%130 = 12
main.%131 = 12
main.%132 = 12
main.%133 = 12
main.%134 = 12
main.%135 = 13
main.%136 = 13
main.%137 = 13
main.%138 = 13
main.%139 = 13
main.%140 = 13
main.%141 = 13
main.%142 = 13
main.%143 = 4
main.%144 = 4
main.%145 = 7
main.%146 = 7
main.%147 = 7
main.%148 = 7
main.%149 = 7
main.%150 = 12
main.%151 = 12
main.%152 = 12
main.%153 = 12
main.%154 = 12
main.%155 = 12
main.%156 = 12
main.%157 = 12
main.%158 = 14
main.%159 = 14
main.%160 = 14
main.%161 = 14
main.%162 = 14
main.%163 = 14
main.%164 = 14
main.%165 = 14
main.%166 = 10
main.%167 = 10
main.%168 = 10
main.%169 = 10
main.%170 = 4
main.%171 = 4
main.%172 = 6
main.%173 = 6
main.%174 = 6
main.%175 = 6
main.%176 = 6
main.%177 = 13
main.%178 = 13
main.%179 = 13
main.%180 = 13
main.%181 = 13
main.%182 = 13
main.%183 = 13
main.%184 = 13
main.%185 = 14
main.%186 = 14
main.%187 = 14
main.%188 = 14
main.%189 = 14
main.%190 = 14
main.%191 = 14
main.%192 = 14
main.%193 = 4
main.%194 = 4
main.%195 = 6
main.%196 = 6
main.%197 = 6
main.%198 = 6
main.%199 = 6
main.%200 = 7
main.%201 = 7
main.%202 = 7
main.%203 = 7
main.%204 = 3
main.%205 = 3
 main.max = 14
--------------------------------------------------------------------------------

Bit-Width Assigned Computation Graph
--------------------------------------------------------------------------------
  %0 = _inp_1                                                                                                             # EncryptedTensor<int8, shape=(1, 24, 56, 56)>           ∈ [-8, 7]
  %1 = [[[[ 0]]   ...   [[ 0]]]]                                                                                          # ClearTensor<int5, shape=(64, 24, 1, 1)>                ∈ [-7, 7]              @ /trunk/trunk.1/Conv.conv
  %2 = conv2d(%0, %1, [0 0 0 0 0 ... 0 0 0 0 0], pads=[0, 0, 0, 0], strides=(1, 1), dilations=(1, 1), group=1)            # EncryptedTensor<int8, shape=(1, 64, 56, 56)>           ∈ [-70, 72]            @ /trunk/trunk.1/Conv.conv
  %3 = round_bit_pattern(%2, lsbs_to_remove=2, overflow_protection=False, exactness=Exactness.EXACT)                      # EncryptedTensor<int8, shape=(1, 64, 56, 56)>           ∈ [-68, 72]            @ /trunk/trunk.1/Conv.conv_rounding
  %4 = subgraph(%3)                                                                                                       # EncryptedTensor<int11, shape=(1, 64, 56, 56)>          ∈ [-8, 7]
  %5 = ones()                                                                                                             # EncryptedTensor<uint11, shape=(1, 64, 58, 58)>         ∈ [1, 1]
  %6 = 0                                                                                                                  # ClearScalar<uint2>                                     ∈ [0, 0]
  %7 = multiply(%5, %6)                                                                                                   # EncryptedTensor<uint11, shape=(1, 64, 58, 58)>         ∈ [0, 0]
  %8 = (%7[:, :, 1:57, 1:57] = %4)                                                                                        # EncryptedTensor<int11, shape=(1, 64, 58, 58)>          ∈ [-8, 7]
  %9 = [[[[ 1 -2  ...   0  2]]]]                                                                                          # ClearTensor<int5, shape=(64, 64, 3, 3)>                ∈ [-7, 7]              @ /trunk/trunk.4/C1/Conv.conv
 %10 = conv2d(%8, %9, [0 0 0 0 0 ... 0 0 0 0 0], pads=[0, 0, 0, 0], strides=(1, 1), dilations=(1, 1), group=1)            # EncryptedTensor<int11, shape=(1, 64, 56, 56)>          ∈ [-579, 499]          @ /trunk/trunk.4/C1/Conv.conv
 %11 = round_bit_pattern(%10, lsbs_to_remove=5, overflow_protection=False, exactness=Exactness.EXACT)                     # EncryptedTensor<int11, shape=(1, 64, 56, 56)>          ∈ [-576, 512]          @ /trunk/trunk.4/C1/Conv.conv_rounding
 %12 = subgraph(%11)                                                                                                      # EncryptedTensor<uint11, shape=(1, 64, 56, 56)>         ∈ [0, 15]
 %13 = ones()                                                                                                             # EncryptedTensor<uint11, shape=(1, 64, 58, 58)>         ∈ [1, 1]
 %14 = 0                                                                                                                  # ClearScalar<uint2>                                     ∈ [0, 0]
 %15 = multiply(%13, %14)                                                                                                 # EncryptedTensor<uint11, shape=(1, 64, 58, 58)>         ∈ [0, 0]
 %16 = (%15[:, :, 1:57, 1:57] = %12)                                                                                      # EncryptedTensor<uint11, shape=(1, 64, 58, 58)>         ∈ [0, 15]
 %17 = [[[[-3  1  ...   0 -3]]]]                                                                                          # ClearTensor<int5, shape=(64, 64, 3, 3)>                ∈ [-7, 7]              @ /trunk/trunk.4/C2/Conv.conv
 %18 = conv2d(%16, %17, [0 0 0 0 0 ... 0 0 0 0 0], pads=[0, 0, 0, 0], strides=(1, 1), dilations=(1, 1), group=1)          # EncryptedTensor<int11, shape=(1, 64, 56, 56)>          ∈ [-923, 849]          @ /trunk/trunk.4/C2/Conv.conv
 %19 = round_bit_pattern(%18, lsbs_to_remove=5, overflow_protection=False, exactness=Exactness.EXACT)                     # EncryptedTensor<int11, shape=(1, 64, 56, 56)>          ∈ [-928, 864]          @ /trunk/trunk.4/C2/Conv.conv_rounding
 %20 = subgraph(%19)                                                                                                      # EncryptedTensor<int4, shape=(1, 64, 56, 56)>           ∈ [-8, 7]
 %21 = subgraph(%3)                                                                                                       # EncryptedTensor<int4, shape=(1, 64, 56, 56)>           ∈ [-8, 7]
 %22 = subgraph(%20)                                                                                                      # EncryptedTensor<int6, shape=(1, 64, 56, 56)>           ∈ [-15, 13]
 %23 = subgraph(%21)                                                                                                      # EncryptedTensor<int6, shape=(1, 64, 56, 56)>           ∈ [-18, 16]
 %24 = 1                                                                                                                  # ClearScalar<uint2>                                     ∈ [1, 1]
 %25 = multiply(%24, %23)                                                                                                 # EncryptedTensor<int6, shape=(1, 64, 56, 56)>           ∈ [-18, 16]
 %26 = add(%22, %25)                                                                                                      # EncryptedTensor<int6, shape=(1, 64, 56, 56)>           ∈ [-31, 25]
 %27 = subgraph(%26)                                                                                                      # EncryptedTensor<uint11, shape=(1, 64, 56, 56)>         ∈ [0, 15]
 %28 = ones()                                                                                                             # EncryptedTensor<uint11, shape=(1, 64, 58, 58)>         ∈ [1, 1]
 %29 = 0                                                                                                                  # ClearScalar<uint2>                                     ∈ [0, 0]
 %30 = multiply(%28, %29)                                                                                                 # EncryptedTensor<uint11, shape=(1, 64, 58, 58)>         ∈ [0, 0]
 %31 = (%30[:, :, 1:57, 1:57] = %27)                                                                                      # EncryptedTensor<uint11, shape=(1, 64, 58, 58)>         ∈ [0, 15]
 %32 = [[[[-3 -3  ...   2  0]]]]                                                                                          # ClearTensor<int5, shape=(64, 64, 3, 3)>                ∈ [-7, 7]              @ /trunk/trunk.5/C1/Conv.conv
 %33 = conv2d(%31, %32, [0 0 0 0 0 ... 0 0 0 0 0], pads=[0, 0, 0, 0], strides=(1, 1), dilations=(1, 1), group=1)          # EncryptedTensor<int11, shape=(1, 64, 56, 56)>          ∈ [-759, 660]          @ /trunk/trunk.5/C1/Conv.conv
 %34 = round_bit_pattern(%33, lsbs_to_remove=5, overflow_protection=False, exactness=Exactness.EXACT)                     # EncryptedTensor<int11, shape=(1, 64, 56, 56)>          ∈ [-768, 672]          @ /trunk/trunk.5/C1/Conv.conv_rounding
 %35 = subgraph(%34)                                                                                                      # EncryptedTensor<uint11, shape=(1, 64, 56, 56)>         ∈ [0, 15]
 %36 = ones()                                                                                                             # EncryptedTensor<uint11, shape=(1, 64, 58, 58)>         ∈ [1, 1]
 %37 = 0                                                                                                                  # ClearScalar<uint2>                                     ∈ [0, 0]
 %38 = multiply(%36, %37)                                                                                                 # EncryptedTensor<uint11, shape=(1, 64, 58, 58)>         ∈ [0, 0]
 %39 = (%38[:, :, 1:57, 1:57] = %35)                                                                                      # EncryptedTensor<uint11, shape=(1, 64, 58, 58)>         ∈ [0, 15]
 %40 = [[[[ 0 -2  ...   2 -1]]]]                                                                                          # ClearTensor<int5, shape=(64, 64, 3, 3)>                ∈ [-7, 6]              @ /trunk/trunk.5/C2/Conv.conv
 %41 = conv2d(%39, %40, [0 0 0 0 0 ... 0 0 0 0 0], pads=[0, 0, 0, 0], strides=(1, 1), dilations=(1, 1), group=1)          # EncryptedTensor<int11, shape=(1, 64, 56, 56)>          ∈ [-870, 738]          @ /trunk/trunk.5/C2/Conv.conv
 %42 = round_bit_pattern(%41, lsbs_to_remove=5, overflow_protection=False, exactness=Exactness.EXACT)                     # EncryptedTensor<int11, shape=(1, 64, 56, 56)>          ∈ [-864, 736]          @ /trunk/trunk.5/C2/Conv.conv_rounding
 %43 = subgraph(%42)                                                                                                      # EncryptedTensor<int4, shape=(1, 64, 56, 56)>           ∈ [-8, 7]
 %44 = subgraph(%26)                                                                                                      # EncryptedTensor<uint4, shape=(1, 64, 56, 56)>          ∈ [0, 15]
 %45 = subgraph(%43)                                                                                                      # EncryptedTensor<int7, shape=(1, 64, 56, 56)>           ∈ [-17, 15]
 %46 = subgraph(%44)                                                                                                      # EncryptedTensor<uint7, shape=(1, 64, 56, 56)>          ∈ [0, 28]
 %47 = 1                                                                                                                  # ClearScalar<uint2>                                     ∈ [1, 1]
 %48 = multiply(%47, %46)                                                                                                 # EncryptedTensor<uint7, shape=(1, 64, 56, 56)>          ∈ [0, 28]
 %49 = add(%45, %48)                                                                                                      # EncryptedTensor<int7, shape=(1, 64, 56, 56)>           ∈ [-17, 36]
 %50 = subgraph(%49)                                                                                                      # EncryptedTensor<uint11, shape=(1, 64, 56, 56)>         ∈ [0, 15]
 %51 = ones()                                                                                                             # EncryptedTensor<uint11, shape=(1, 64, 58, 58)>         ∈ [1, 1]
 %52 = 0                                                                                                                  # ClearScalar<uint2>                                     ∈ [0, 0]
 %53 = multiply(%51, %52)                                                                                                 # EncryptedTensor<uint11, shape=(1, 64, 58, 58)>         ∈ [0, 0]
 %54 = (%53[:, :, 1:57, 1:57] = %50)                                                                                      # EncryptedTensor<uint11, shape=(1, 64, 58, 58)>         ∈ [0, 15]
 %55 = [[[[-2  3  ...  -3  0]]]]                                                                                          # ClearTensor<int5, shape=(128, 64, 3, 3)>               ∈ [-7, 7]              @ /trunk/trunk.6/C1/Conv.conv
 %56 = conv2d(%54, %55, [0 0 0 0 0 ... 0 0 0 0 0], pads=[0, 0, 0, 0], strides=(2, 2), dilations=(1, 1), group=1)          # EncryptedTensor<int11, shape=(1, 128, 28, 28)>         ∈ [-742, 797]          @ /trunk/trunk.6/C1/Conv.conv
 %57 = round_bit_pattern(%56, lsbs_to_remove=5, overflow_protection=False, exactness=Exactness.EXACT)                     # EncryptedTensor<int11, shape=(1, 128, 28, 28)>         ∈ [-736, 800]          @ /trunk/trunk.6/C1/Conv.conv_rounding
 %58 = subgraph(%57)                                                                                                      # EncryptedTensor<uint12, shape=(1, 128, 28, 28)>        ∈ [0, 15]
 %59 = ones()                                                                                                             # EncryptedTensor<uint12, shape=(1, 128, 30, 30)>        ∈ [1, 1]
 %60 = 0                                                                                                                  # ClearScalar<uint2>                                     ∈ [0, 0]
 %61 = multiply(%59, %60)                                                                                                 # EncryptedTensor<uint12, shape=(1, 128, 30, 30)>        ∈ [0, 0]
 %62 = (%61[:, :, 1:29, 1:29] = %58)                                                                                      # EncryptedTensor<uint12, shape=(1, 128, 30, 30)>        ∈ [0, 15]
 %63 = [[[[-2 -1  ...   1  2]]]]                                                                                          # ClearTensor<int5, shape=(128, 128, 3, 3)>              ∈ [-6, 7]              @ /trunk/trunk.6/C2/Conv.conv
 %64 = conv2d(%62, %63, [0 0 0 0 0 ... 0 0 0 0 0], pads=[0, 0, 0, 0], strides=(1, 1), dilations=(1, 1), group=1)          # EncryptedTensor<int12, shape=(1, 128, 28, 28)>         ∈ [-1109, 918]         @ /trunk/trunk.6/C2/Conv.conv
 %65 = round_bit_pattern(%64, lsbs_to_remove=5, overflow_protection=False, exactness=Exactness.EXACT)                     # EncryptedTensor<int12, shape=(1, 128, 28, 28)>         ∈ [-1120, 928]         @ /trunk/trunk.6/C2/Conv.conv_rounding
 %66 = subgraph(%49)                                                                                                      # EncryptedTensor<uint9, shape=(1, 64, 56, 56)>          ∈ [0, 15]
 %67 = [[[[ 0]]   ...   [[ 2]]]]                                                                                          # ClearTensor<int5, shape=(128, 64, 1, 1)>               ∈ [-7, 7]              @ /trunk/trunk.6/shortcut/Conv.conv
 %68 = conv2d(%66, %67, [0 0 0 0 0 ... 0 0 0 0 0], pads=[0, 0, 0, 0], strides=(2, 2), dilations=(1, 1), group=1)          # EncryptedTensor<int9, shape=(1, 128, 28, 28)>          ∈ [-178, 188]          @ /trunk/trunk.6/shortcut/Conv.conv
 %69 = round_bit_pattern(%68, lsbs_to_remove=3, overflow_protection=False, exactness=Exactness.EXACT)                     # EncryptedTensor<int9, shape=(1, 128, 28, 28)>          ∈ [-176, 192]          @ /trunk/trunk.6/shortcut/Conv.conv_rounding
 %70 = subgraph(%65)                                                                                                      # EncryptedTensor<int4, shape=(1, 128, 28, 28)>          ∈ [-6, 6]
 %71 = subgraph(%69)                                                                                                      # EncryptedTensor<int4, shape=(1, 128, 28, 28)>          ∈ [-8, 7]
 %72 = subgraph(%70)                                                                                                      # EncryptedTensor<int6, shape=(1, 128, 28, 28)>          ∈ [-13, 13]
 %73 = subgraph(%71)                                                                                                      # EncryptedTensor<int6, shape=(1, 128, 28, 28)>          ∈ [-18, 16]
 %74 = 1                                                                                                                  # ClearScalar<uint2>                                     ∈ [1, 1]
 %75 = multiply(%74, %73)                                                                                                 # EncryptedTensor<int6, shape=(1, 128, 28, 28)>          ∈ [-18, 16]
 %76 = add(%72, %75)                                                                                                      # EncryptedTensor<int6, shape=(1, 128, 28, 28)>          ∈ [-24, 27]
 %77 = subgraph(%76)                                                                                                      # EncryptedTensor<uint11, shape=(1, 128, 28, 28)>        ∈ [0, 15]
 %78 = ones()                                                                                                             # EncryptedTensor<uint11, shape=(1, 128, 30, 30)>        ∈ [1, 1]
 %79 = 0                                                                                                                  # ClearScalar<uint2>                                     ∈ [0, 0]
 %80 = multiply(%78, %79)                                                                                                 # EncryptedTensor<uint11, shape=(1, 128, 30, 30)>        ∈ [0, 0]
 %81 = (%80[:, :, 1:29, 1:29] = %77)                                                                                      # EncryptedTensor<uint11, shape=(1, 128, 30, 30)>        ∈ [0, 15]
 %82 = [[[[ 0 -1  ...   0  1]]]]                                                                                          # ClearTensor<int5, shape=(128, 128, 3, 3)>              ∈ [-6, 7]              @ /trunk/trunk.7/C1/Conv.conv
 %83 = conv2d(%81, %82, [0 0 0 0 0 ... 0 0 0 0 0], pads=[0, 0, 0, 0], strides=(1, 1), dilations=(1, 1), group=1)          # EncryptedTensor<int11, shape=(1, 128, 28, 28)>         ∈ [-924, 868]          @ /trunk/trunk.7/C1/Conv.conv
 %84 = round_bit_pattern(%83, lsbs_to_remove=5, overflow_protection=False, exactness=Exactness.EXACT)                     # EncryptedTensor<int11, shape=(1, 128, 28, 28)>         ∈ [-928, 864]          @ /trunk/trunk.7/C1/Conv.conv_rounding
 %85 = subgraph(%84)                                                                                                      # EncryptedTensor<uint12, shape=(1, 128, 28, 28)>        ∈ [0, 12]
 %86 = ones()                                                                                                             # EncryptedTensor<uint12, shape=(1, 128, 30, 30)>        ∈ [1, 1]
 %87 = 0                                                                                                                  # ClearScalar<uint2>                                     ∈ [0, 0]
 %88 = multiply(%86, %87)                                                                                                 # EncryptedTensor<uint12, shape=(1, 128, 30, 30)>        ∈ [0, 0]
 %89 = (%88[:, :, 1:29, 1:29] = %85)                                                                                      # EncryptedTensor<uint12, shape=(1, 128, 30, 30)>        ∈ [0, 12]
 %90 = [[[[ 0 -1  ...  -1  0]]]]                                                                                          # ClearTensor<int5, shape=(128, 128, 3, 3)>              ∈ [-7, 7]              @ /trunk/trunk.7/C2/Conv.conv
 %91 = conv2d(%89, %90, [0 0 0 0 0 ... 0 0 0 0 0], pads=[0, 0, 0, 0], strides=(1, 1), dilations=(1, 1), group=1)          # EncryptedTensor<int12, shape=(1, 128, 28, 28)>         ∈ [-1612, 1108]        @ /trunk/trunk.7/C2/Conv.conv
 %92 = round_bit_pattern(%91, lsbs_to_remove=6, overflow_protection=False, exactness=Exactness.EXACT)                     # EncryptedTensor<int12, shape=(1, 128, 28, 28)>         ∈ [-1600, 1088]        @ /trunk/trunk.7/C2/Conv.conv_rounding
 %93 = subgraph(%92)                                                                                                      # EncryptedTensor<int4, shape=(1, 128, 28, 28)>          ∈ [-5, 5]
 %94 = subgraph(%76)                                                                                                      # EncryptedTensor<uint4, shape=(1, 128, 28, 28)>         ∈ [0, 15]
 %95 = subgraph(%93)                                                                                                      # EncryptedTensor<int7, shape=(1, 128, 28, 28)>          ∈ [-14, 14]
 %96 = subgraph(%94)                                                                                                      # EncryptedTensor<uint7, shape=(1, 128, 28, 28)>         ∈ [0, 29]
 %97 = 1                                                                                                                  # ClearScalar<uint2>                                     ∈ [1, 1]
 %98 = multiply(%97, %96)                                                                                                 # EncryptedTensor<uint7, shape=(1, 128, 28, 28)>         ∈ [0, 29]
 %99 = add(%95, %98)                                                                                                      # EncryptedTensor<int7, shape=(1, 128, 28, 28)>          ∈ [-14, 34]
%100 = subgraph(%99)                                                                                                      # EncryptedTensor<uint11, shape=(1, 128, 28, 28)>        ∈ [0, 13]
%101 = ones()                                                                                                             # EncryptedTensor<uint11, shape=(1, 128, 30, 30)>        ∈ [1, 1]
%102 = 0                                                                                                                  # ClearScalar<uint2>                                     ∈ [0, 0]
%103 = multiply(%101, %102)                                                                                               # EncryptedTensor<uint11, shape=(1, 128, 30, 30)>        ∈ [0, 0]
%104 = (%103[:, :, 1:29, 1:29] = %100)                                                                                    # EncryptedTensor<uint11, shape=(1, 128, 30, 30)>        ∈ [0, 13]
%105 = [[[[-1 -1  ...  -1  1]]]]                                                                                          # ClearTensor<int5, shape=(256, 128, 3, 3)>              ∈ [-7, 6]              @ /trunk/trunk.8/C1/Conv.conv
%106 = conv2d(%104, %105, [0 0 0 0 0 ... 0 0 0 0 0], pads=[0, 0, 0, 0], strides=(2, 2), dilations=(1, 1), group=1)        # EncryptedTensor<int11, shape=(1, 256, 14, 14)>         ∈ [-744, 1014]         @ /trunk/trunk.8/C1/Conv.conv
%107 = round_bit_pattern(%106, lsbs_to_remove=5, overflow_protection=False, exactness=Exactness.EXACT)                    # EncryptedTensor<int12, shape=(1, 256, 14, 14)>         ∈ [-736, 1024]         @ /trunk/trunk.8/C1/Conv.conv_rounding
%108 = subgraph(%107)                                                                                                     # EncryptedTensor<uint12, shape=(1, 256, 14, 14)>        ∈ [0, 10]
%109 = ones()                                                                                                             # EncryptedTensor<uint12, shape=(1, 256, 16, 16)>        ∈ [1, 1]
%110 = 0                                                                                                                  # ClearScalar<uint2>                                     ∈ [0, 0]
%111 = multiply(%109, %110)                                                                                               # EncryptedTensor<uint12, shape=(1, 256, 16, 16)>        ∈ [0, 0]
%112 = (%111[:, :, 1:15, 1:15] = %108)                                                                                    # EncryptedTensor<uint12, shape=(1, 256, 16, 16)>        ∈ [0, 10]
%113 = [[[[-2  0  ...  -1  0]]]]                                                                                          # ClearTensor<int5, shape=(256, 256, 3, 3)>              ∈ [-6, 7]              @ /trunk/trunk.8/C2/Conv.conv
%114 = conv2d(%112, %113, [0 0 0 0 0 ... 0 0 0 0 0], pads=[0, 0, 0, 0], strides=(1, 1), dilations=(1, 1), group=1)        # EncryptedTensor<int12, shape=(1, 256, 14, 14)>         ∈ [-1671, 1864]        @ /trunk/trunk.8/C2/Conv.conv
%115 = round_bit_pattern(%114, lsbs_to_remove=6, overflow_protection=False, exactness=Exactness.EXACT)                    # EncryptedTensor<int12, shape=(1, 256, 14, 14)>         ∈ [-1664, 1856]        @ /trunk/trunk.8/C2/Conv.conv_rounding
%116 = subgraph(%99)                                                                                                      # EncryptedTensor<uint10, shape=(1, 128, 28, 28)>        ∈ [0, 13]
%117 = [[[[-1]]   ...   [[ 3]]]]                                                                                          # ClearTensor<int5, shape=(256, 128, 1, 1)>              ∈ [-7, 7]              @ /trunk/trunk.8/shortcut/Conv.conv
%118 = conv2d(%116, %117, [0 0 0 0 0 ... 0 0 0 0 0], pads=[0, 0, 0, 0], strides=(2, 2), dilations=(1, 1), group=1)        # EncryptedTensor<int10, shape=(1, 256, 14, 14)>         ∈ [-193, 256]          @ /trunk/trunk.8/shortcut/Conv.conv
%119 = round_bit_pattern(%118, lsbs_to_remove=3, overflow_protection=False, exactness=Exactness.EXACT)                    # EncryptedTensor<int10, shape=(1, 256, 14, 14)>         ∈ [-192, 256]          @ /trunk/trunk.8/shortcut/Conv.conv_rounding
%120 = subgraph(%115)                                                                                                     # EncryptedTensor<int4, shape=(1, 256, 14, 14)>          ∈ [-4, 6]
%121 = subgraph(%119)                                                                                                     # EncryptedTensor<int4, shape=(1, 256, 14, 14)>          ∈ [-6, 6]
%122 = subgraph(%120)                                                                                                     # EncryptedTensor<int6, shape=(1, 256, 14, 14)>          ∈ [-11, 17]
%123 = subgraph(%121)                                                                                                     # EncryptedTensor<int6, shape=(1, 256, 14, 14)>          ∈ [-17, 17]
%124 = 1                                                                                                                  # ClearScalar<uint2>                                     ∈ [1, 1]
%125 = multiply(%124, %123)                                                                                               # EncryptedTensor<int6, shape=(1, 256, 14, 14)>          ∈ [-17, 17]
%126 = add(%122, %125)                                                                                                    # EncryptedTensor<int6, shape=(1, 256, 14, 14)>          ∈ [-20, 28]
%127 = subgraph(%126)                                                                                                     # EncryptedTensor<uint12, shape=(1, 256, 14, 14)>        ∈ [0, 11]
%128 = ones()                                                                                                             # EncryptedTensor<uint12, shape=(1, 256, 16, 16)>        ∈ [1, 1]
%129 = 0                                                                                                                  # ClearScalar<uint2>                                     ∈ [0, 0]
%130 = multiply(%128, %129)                                                                                               # EncryptedTensor<uint12, shape=(1, 256, 16, 16)>        ∈ [0, 0]
%131 = (%130[:, :, 1:15, 1:15] = %127)                                                                                    # EncryptedTensor<uint12, shape=(1, 256, 16, 16)>        ∈ [0, 11]
%132 = [[[[-1 -1  ...  -1  0]]]]                                                                                          # ClearTensor<int5, shape=(256, 256, 3, 3)>              ∈ [-6, 7]              @ /trunk/trunk.9/C1/Conv.conv
%133 = conv2d(%131, %132, [0 0 0 0 0 ... 0 0 0 0 0], pads=[0, 0, 0, 0], strides=(1, 1), dilations=(1, 1), group=1)        # EncryptedTensor<int12, shape=(1, 256, 14, 14)>         ∈ [-1774, 1935]        @ /trunk/trunk.9/C1/Conv.conv
%134 = round_bit_pattern(%133, lsbs_to_remove=6, overflow_protection=False, exactness=Exactness.EXACT)                    # EncryptedTensor<int12, shape=(1, 256, 14, 14)>         ∈ [-1792, 1920]        @ /trunk/trunk.9/C1/Conv.conv_rounding
%135 = subgraph(%134)                                                                                                     # EncryptedTensor<uint13, shape=(1, 256, 14, 14)>        ∈ [0, 12]
%136 = ones()                                                                                                             # EncryptedTensor<uint13, shape=(1, 256, 16, 16)>        ∈ [1, 1]
%137 = 0                                                                                                                  # ClearScalar<uint2>                                     ∈ [0, 0]
%138 = multiply(%136, %137)                                                                                               # EncryptedTensor<uint13, shape=(1, 256, 16, 16)>        ∈ [0, 0]
%139 = (%138[:, :, 1:15, 1:15] = %135)                                                                                    # EncryptedTensor<uint13, shape=(1, 256, 16, 16)>        ∈ [0, 12]
%140 = [[[[ 0  1  ...  -1 -1]]]]                                                                                          # ClearTensor<int5, shape=(256, 256, 3, 3)>              ∈ [-7, 6]              @ /trunk/trunk.9/C2/Conv.conv
%141 = conv2d(%139, %140, [0 0 0 0 0 ... 0 0 0 0 0], pads=[0, 0, 0, 0], strides=(1, 1), dilations=(1, 1), group=1)        # EncryptedTensor<int13, shape=(1, 256, 14, 14)>         ∈ [-2205, 2153]        @ /trunk/trunk.9/C2/Conv.conv
%142 = round_bit_pattern(%141, lsbs_to_remove=6, overflow_protection=False, exactness=Exactness.EXACT)                    # EncryptedTensor<int13, shape=(1, 256, 14, 14)>         ∈ [-2176, 2176]        @ /trunk/trunk.9/C2/Conv.conv_rounding
%143 = subgraph(%142)                                                                                                     # EncryptedTensor<int4, shape=(1, 256, 14, 14)>          ∈ [-5, 6]
%144 = subgraph(%126)                                                                                                     # EncryptedTensor<uint4, shape=(1, 256, 14, 14)>         ∈ [0, 11]
%145 = subgraph(%143)                                                                                                     # EncryptedTensor<int7, shape=(1, 256, 14, 14)>          ∈ [-15, 18]
%146 = subgraph(%144)                                                                                                     # EncryptedTensor<uint7, shape=(1, 256, 14, 14)>         ∈ [0, 25]
%147 = 1                                                                                                                  # ClearScalar<uint2>                                     ∈ [1, 1]
%148 = multiply(%147, %146)                                                                                               # EncryptedTensor<uint7, shape=(1, 256, 14, 14)>         ∈ [0, 25]
%149 = add(%145, %148)                                                                                                    # EncryptedTensor<int7, shape=(1, 256, 14, 14)>          ∈ [-15, 40]
%150 = subgraph(%149)                                                                                                     # EncryptedTensor<uint12, shape=(1, 256, 14, 14)>        ∈ [0, 13]
%151 = ones()                                                                                                             # EncryptedTensor<uint12, shape=(1, 256, 16, 16)>        ∈ [1, 1]
%152 = 0                                                                                                                  # ClearScalar<uint2>                                     ∈ [0, 0]
%153 = multiply(%151, %152)                                                                                               # EncryptedTensor<uint12, shape=(1, 256, 16, 16)>        ∈ [0, 0]
%154 = (%153[:, :, 1:15, 1:15] = %150)                                                                                    # EncryptedTensor<uint12, shape=(1, 256, 16, 16)>        ∈ [0, 13]
%155 = [[[[ 0  0  ...   0  2]]]]                                                                                          # ClearTensor<int5, shape=(512, 256, 3, 3)>              ∈ [-7, 6]              @ /trunk/trunk.10/C1/Conv.conv
%156 = conv2d(%154, %155, [0 0 0 0 0 ... 0 0 0 0 0], pads=[0, 0, 0, 0], strides=(2, 2), dilations=(1, 1), group=1)        # EncryptedTensor<int12, shape=(1, 512, 7, 7)>           ∈ [-1991, 1774]        @ /trunk/trunk.10/C1/Conv.conv
%157 = round_bit_pattern(%156, lsbs_to_remove=6, overflow_protection=False, exactness=Exactness.EXACT)                    # EncryptedTensor<int12, shape=(1, 512, 7, 7)>           ∈ [-1984, 1792]        @ /trunk/trunk.10/C1/Conv.conv_rounding
%158 = subgraph(%157)                                                                                                     # EncryptedTensor<uint14, shape=(1, 512, 7, 7)>          ∈ [0, 12]
%159 = ones()                                                                                                             # EncryptedTensor<uint14, shape=(1, 512, 9, 9)>          ∈ [1, 1]
%160 = 0                                                                                                                  # ClearScalar<uint2>                                     ∈ [0, 0]
%161 = multiply(%159, %160)                                                                                               # EncryptedTensor<uint14, shape=(1, 512, 9, 9)>          ∈ [0, 0]
%162 = (%161[:, :, 1:8, 1:8] = %158)                                                                                      # EncryptedTensor<uint14, shape=(1, 512, 9, 9)>          ∈ [0, 12]
%163 = [[[[-2  2  ...   0  0]]]]                                                                                          # ClearTensor<int5, shape=(512, 512, 3, 3)>              ∈ [-7, 7]              @ /trunk/trunk.10/C2/Conv.conv
%164 = conv2d(%162, %163, [0 0 0 0 0 ... 0 0 0 0 0], pads=[0, 0, 0, 0], strides=(1, 1), dilations=(1, 1), group=1)        # EncryptedTensor<int14, shape=(1, 512, 7, 7)>           ∈ [-3773, 4312]        @ /trunk/trunk.10/C2/Conv.conv
%165 = round_bit_pattern(%164, lsbs_to_remove=7, overflow_protection=False, exactness=Exactness.EXACT)                    # EncryptedTensor<int14, shape=(1, 512, 7, 7)>           ∈ [-3712, 4352]        @ /trunk/trunk.10/C2/Conv.conv_rounding
%166 = subgraph(%149)                                                                                                     # EncryptedTensor<uint10, shape=(1, 256, 14, 14)>        ∈ [0, 13]
%167 = [[[[ 2]]   ...   [[ 0]]]]                                                                                          # ClearTensor<int5, shape=(512, 256, 1, 1)>              ∈ [-5, 7]              @ /trunk/trunk.10/shortcut/Conv.conv
%168 = conv2d(%166, %167, [0 0 0 0 0 ... 0 0 0 0 0], pads=[0, 0, 0, 0], strides=(2, 2), dilations=(1, 1), group=1)        # EncryptedTensor<int10, shape=(1, 512, 7, 7)>           ∈ [-300, 365]          @ /trunk/trunk.10/shortcut/Conv.conv
%169 = round_bit_pattern(%168, lsbs_to_remove=4, overflow_protection=False, exactness=Exactness.EXACT)                    # EncryptedTensor<int10, shape=(1, 512, 7, 7)>           ∈ [-304, 368]          @ /trunk/trunk.10/shortcut/Conv.conv_rounding
%170 = subgraph(%165)                                                                                                     # EncryptedTensor<int4, shape=(1, 512, 7, 7)>            ∈ [-5, 6]
%171 = subgraph(%169)                                                                                                     # EncryptedTensor<int4, shape=(1, 512, 7, 7)>            ∈ [-6, 7]
%172 = subgraph(%170)                                                                                                     # EncryptedTensor<int6, shape=(1, 512, 7, 7)>            ∈ [-14, 17]
%173 = subgraph(%171)                                                                                                     # EncryptedTensor<int6, shape=(1, 512, 7, 7)>            ∈ [-17, 20]
%174 = 1                                                                                                                  # ClearScalar<uint2>                                     ∈ [1, 1]
%175 = multiply(%174, %173)                                                                                               # EncryptedTensor<int6, shape=(1, 512, 7, 7)>            ∈ [-17, 20]
%176 = add(%172, %175)                                                                                                    # EncryptedTensor<int6, shape=(1, 512, 7, 7)>            ∈ [-23, 28]
%177 = subgraph(%176)                                                                                                     # EncryptedTensor<uint13, shape=(1, 512, 7, 7)>          ∈ [0, 11]
%178 = ones()                                                                                                             # EncryptedTensor<uint13, shape=(1, 512, 9, 9)>          ∈ [1, 1]
%179 = 0                                                                                                                  # ClearScalar<uint2>                                     ∈ [0, 0]
%180 = multiply(%178, %179)                                                                                               # EncryptedTensor<uint13, shape=(1, 512, 9, 9)>          ∈ [0, 0]
%181 = (%180[:, :, 1:8, 1:8] = %177)                                                                                      # EncryptedTensor<uint13, shape=(1, 512, 9, 9)>          ∈ [0, 11]
%182 = [[[[ 0  0  ...   1 -4]]]]                                                                                          # ClearTensor<int5, shape=(512, 512, 3, 3)>              ∈ [-6, 7]              @ /trunk/trunk.11/C1/Conv.conv
%183 = conv2d(%181, %182, [0 0 0 0 0 ... 0 0 0 0 0], pads=[0, 0, 0, 0], strides=(1, 1), dilations=(1, 1), group=1)        # EncryptedTensor<int13, shape=(1, 512, 7, 7)>           ∈ [-1972, 2534]        @ /trunk/trunk.11/C1/Conv.conv
%184 = round_bit_pattern(%183, lsbs_to_remove=7, overflow_protection=False, exactness=Exactness.EXACT)                    # EncryptedTensor<int13, shape=(1, 512, 7, 7)>           ∈ [-1920, 2560]        @ /trunk/trunk.11/C1/Conv.conv_rounding
%185 = subgraph(%184)                                                                                                     # EncryptedTensor<uint14, shape=(1, 512, 7, 7)>          ∈ [0, 14]
%186 = ones()                                                                                                             # EncryptedTensor<uint14, shape=(1, 512, 9, 9)>          ∈ [1, 1]
%187 = 0                                                                                                                  # ClearScalar<uint2>                                     ∈ [0, 0]
%188 = multiply(%186, %187)                                                                                               # EncryptedTensor<uint14, shape=(1, 512, 9, 9)>          ∈ [0, 0]
%189 = (%188[:, :, 1:8, 1:8] = %185)                                                                                      # EncryptedTensor<uint14, shape=(1, 512, 9, 9)>          ∈ [0, 14]
%190 = [[[[ 0  2  ...   1  0]]]]                                                                                          # ClearTensor<int5, shape=(512, 512, 3, 3)>              ∈ [-6, 7]              @ /trunk/trunk.11/C2/Conv.conv
%191 = conv2d(%189, %190, [0 0 0 0 0 ... 0 0 0 0 0], pads=[0, 0, 0, 0], strides=(1, 1), dilations=(1, 1), group=1)        # EncryptedTensor<int14, shape=(1, 512, 7, 7)>           ∈ [-5075, 4702]        @ /trunk/trunk.11/C2/Conv.conv
%192 = round_bit_pattern(%191, lsbs_to_remove=7, overflow_protection=False, exactness=Exactness.EXACT)                    # EncryptedTensor<int14, shape=(1, 512, 7, 7)>           ∈ [-5120, 4736]        @ /trunk/trunk.11/C2/Conv.conv_rounding
%193 = subgraph(%192)                                                                                                     # EncryptedTensor<int4, shape=(1, 512, 7, 7)>            ∈ [-4, 6]
%194 = subgraph(%176)                                                                                                     # EncryptedTensor<uint4, shape=(1, 512, 7, 7)>           ∈ [0, 11]
%195 = subgraph(%193)                                                                                                     # EncryptedTensor<int6, shape=(1, 512, 7, 7)>            ∈ [-11, 16]
%196 = subgraph(%194)                                                                                                     # EncryptedTensor<uint6, shape=(1, 512, 7, 7)>           ∈ [0, 27]
%197 = 1                                                                                                                  # ClearScalar<uint2>                                     ∈ [1, 1]
%198 = multiply(%197, %196)                                                                                               # EncryptedTensor<uint6, shape=(1, 512, 7, 7)>           ∈ [0, 27]
%199 = add(%195, %198)                                                                                                    # EncryptedTensor<int6, shape=(1, 512, 7, 7)>            ∈ [-11, 31]
%200 = subgraph(%199)                                                                                                     # EncryptedTensor<uint7, shape=(1, 512, 7, 7)>           ∈ [0, 10]
%201 = [[[[1 1 1  ...  1 1 1]]]]                                                                                          # ClearTensor<uint2, shape=(512, 512, 5, 5)>             ∈ [0, 1]               @ /trunk/trunk.12/AveragePool.avgpool
%202 = conv2d(%200, %201, [0 0 0 0 0 ... 0 0 0 0 0], pads=[0, 0, 0, 0], strides=(5, 5), dilations=(1, 1), group=1)        # EncryptedTensor<uint7, shape=(1, 512, 1, 1)>           ∈ [0, 119]             @ /trunk/trunk.12/AveragePool.avgpool
%203 = round_bit_pattern(%202, lsbs_to_remove=1, overflow_protection=False, exactness=Exactness.EXACT)                    # EncryptedTensor<uint7, shape=(1, 512, 1, 1)>           ∈ [0, 120]             @ /trunk/trunk.12/AveragePool.avgpool_rounding
%204 = subgraph(%203)                                                                                                     # EncryptedTensor<uint3, shape=(1, 512, 1, 1)>           ∈ [0, 7]
%205 = reshape(%204, newshape=(1, 512))                                                                                   # EncryptedTensor<uint3, shape=(1, 512)>                 ∈ [0, 7]
return %205

Subgraphs:

    %4 = subgraph(%3):

         %0 = input                            # EncryptedTensor<int4, shape=(1, 64, 56, 56)>           @ /trunk/trunk.1/Conv.conv_rounding
         %1 = astype(%0, dtype=float64)        # EncryptedTensor<float64, shape=(1, 64, 56, 56)>
         %2 = 0                                # ClearScalar<uint1>
         %3 = add(%1, %2)                      # EncryptedTensor<float64, shape=(1, 64, 56, 56)>
         %4 = [[[[0]]  [ ... ]  [[0]]]]        # ClearTensor<uint1, shape=(1, 64, 1, 1)>
         %5 = subtract(%3, %4)                 # EncryptedTensor<float64, shape=(1, 64, 56, 56)>
         %6 = 4.506058946047176                # ClearScalar<float64>
         %7 = multiply(%6, %5)                 # EncryptedTensor<float64, shape=(1, 64, 56, 56)>
         %8 = [[[[-0.097 ... 323255]]]]        # ClearTensor<float32, shape=(1, 64, 1, 1)>
         %9 = subtract(%7, %8)                 # EncryptedTensor<float64, shape=(1, 64, 56, 56)>
        %10 = [[[[17.494 ... 6178  ]]]]        # ClearTensor<float32, shape=(1, 64, 1, 1)>
        %11 = divide(%9, %10)                  # EncryptedTensor<float64, shape=(1, 64, 56, 56)>
        %12 = [[[[1.0452 ... 47377 ]]]]        # ClearTensor<float32, shape=(1, 64, 1, 1)>
        %13 = multiply(%11, %12)               # EncryptedTensor<float64, shape=(1, 64, 56, 56)>
        %14 = [[[[ 0.011 ... 144177]]]]        # ClearTensor<float32, shape=(1, 64, 1, 1)>
        %15 = add(%13, %14)                    # EncryptedTensor<float64, shape=(1, 64, 56, 56)>
        %16 = 1.4906285                        # ClearScalar<float32>
        %17 = divide(%15, %16)                 # EncryptedTensor<float64, shape=(1, 64, 56, 56)>
        %18 = 0.0                              # ClearScalar<float32>
        %19 = add(%17, %18)                    # EncryptedTensor<float64, shape=(1, 64, 56, 56)>
        %20 = -8.0                             # ClearScalar<float64>
        %21 = 7.0                              # ClearScalar<float64>
        %22 = clip(%19, %20, %21)              # EncryptedTensor<float64, shape=(1, 64, 56, 56)>
        %23 = rint(%22)                        # EncryptedTensor<float64, shape=(1, 64, 56, 56)>
        %24 = 0.0                              # ClearScalar<float32>
        %25 = subtract(%23, %24)               # EncryptedTensor<float64, shape=(1, 64, 56, 56)>
        %26 = 1.4906285                        # ClearScalar<float32>
        %27 = multiply(%25, %26)               # EncryptedTensor<float64, shape=(1, 64, 56, 56)>
        %28 = 1.4906284809112549               # ClearScalar<float64>
        %29 = divide(%27, %28)                 # EncryptedTensor<float64, shape=(1, 64, 56, 56)>
        %30 = 0                                # ClearScalar<uint1>
        %31 = add(%29, %30)                    # EncryptedTensor<float64, shape=(1, 64, 56, 56)>
        %32 = rint(%31)                        # EncryptedTensor<float64, shape=(1, 64, 56, 56)>
        %33 = astype(%32, dtype=int_)          # EncryptedTensor<uint1, shape=(1, 64, 56, 56)>
        return %33

    %12 = subgraph(%11):

         %0 = input                            # EncryptedTensor<uint1, shape=(1, 64, 56, 56)>          @ /trunk/trunk.4/C1/Conv.conv_rounding
         %1 = astype(%0, dtype=float64)        # EncryptedTensor<float64, shape=(1, 64, 56, 56)>
         %2 = 0                                # ClearScalar<uint1>
         %3 = add(%1, %2)                      # EncryptedTensor<float64, shape=(1, 64, 56, 56)>
         %4 = [[[[0]]  [ ... ]  [[0]]]]        # ClearTensor<uint1, shape=(1, 64, 1, 1)>
         %5 = subtract(%3, %4)                 # EncryptedTensor<float64, shape=(1, 64, 56, 56)>
         %6 = 0.04765919342227498              # ClearScalar<float64>
         %7 = multiply(%6, %5)                 # EncryptedTensor<float64, shape=(1, 64, 56, 56)>
         %8 = [[[[ 0.060 ... 044153]]]]        # ClearTensor<float32, shape=(1, 64, 1, 1)>
         %9 = subtract(%7, %8)                 # EncryptedTensor<float64, shape=(1, 64, 56, 56)>
        %10 = [[[[2.2920 ... 862082]]]]        # ClearTensor<float32, shape=(1, 64, 1, 1)>
        %11 = divide(%9, %10)                  # EncryptedTensor<float64, shape=(1, 64, 56, 56)>
        %12 = [[[[0.9601 ... 92251 ]]]]        # ClearTensor<float32, shape=(1, 64, 1, 1)>
        %13 = multiply(%11, %12)               # EncryptedTensor<float64, shape=(1, 64, 56, 56)>
        %14 = [[[[-1.425 ... 74e-02]]]]        # ClearTensor<float32, shape=(1, 64, 1, 1)>
        %15 = add(%13, %14)                    # EncryptedTensor<float64, shape=(1, 64, 56, 56)>
        %16 = 0                                # ClearScalar<uint1>
        %17 = maximum(%15, %16)                # EncryptedTensor<float64, shape=(1, 64, 56, 56)>
        %18 = 0.6284974                        # ClearScalar<float32>
        %19 = divide(%17, %18)                 # EncryptedTensor<float64, shape=(1, 64, 56, 56)>
        %20 = 0.0                              # ClearScalar<float32>
        %21 = add(%19, %20)                    # EncryptedTensor<float64, shape=(1, 64, 56, 56)>
        %22 = 0.0                              # ClearScalar<float64>
        %23 = 15.0                             # ClearScalar<float64>
        %24 = clip(%21, %22, %23)              # EncryptedTensor<float64, shape=(1, 64, 56, 56)>
        %25 = rint(%24)                        # EncryptedTensor<float64, shape=(1, 64, 56, 56)>
        %26 = 0.0                              # ClearScalar<float32>
        %27 = subtract(%25, %26)               # EncryptedTensor<float64, shape=(1, 64, 56, 56)>
        %28 = 0.6284974                        # ClearScalar<float32>
        %29 = multiply(%27, %28)               # EncryptedTensor<float64, shape=(1, 64, 56, 56)>
        %30 = 0.6284974217414856               # ClearScalar<float64>
        %31 = divide(%29, %30)                 # EncryptedTensor<float64, shape=(1, 64, 56, 56)>
        %32 = 0                                # ClearScalar<uint1>
        %33 = add(%31, %32)                    # EncryptedTensor<float64, shape=(1, 64, 56, 56)>
        %34 = rint(%33)                        # EncryptedTensor<float64, shape=(1, 64, 56, 56)>
        %35 = astype(%34, dtype=int_)          # EncryptedTensor<uint1, shape=(1, 64, 56, 56)>
        return %35

    %20 = subgraph(%19):

         %0 = input                            # EncryptedTensor<uint1, shape=(1, 64, 56, 56)>          @ /trunk/trunk.4/C2/Conv.conv_rounding
         %1 = astype(%0, dtype=float64)        # EncryptedTensor<float64, shape=(1, 64, 56, 56)>
         %2 = 0                                # ClearScalar<uint1>
         %3 = add(%1, %2)                      # EncryptedTensor<float64, shape=(1, 64, 56, 56)>
         %4 = [[[[0]]  [ ... ]  [[0]]]]        # ClearTensor<uint1, shape=(1, 64, 1, 1)>
         %5 = subtract(%3, %4)                 # EncryptedTensor<float64, shape=(1, 64, 56, 56)>
         %6 = 0.021108379068348615             # ClearScalar<float64>
         %7 = multiply(%6, %5)                 # EncryptedTensor<float64, shape=(1, 64, 56, 56)>
         %8 = [[[[-0.848 ... 1415  ]]]]        # ClearTensor<float32, shape=(1, 64, 1, 1)>
         %9 = subtract(%7, %8)                 # EncryptedTensor<float64, shape=(1, 64, 56, 56)>
        %10 = [[[[1.5943 ... 689418]]]]        # ClearTensor<float32, shape=(1, 64, 1, 1)>
        %11 = divide(%9, %10)                  # EncryptedTensor<float64, shape=(1, 64, 56, 56)>
        %12 = [[[[0.9725 ... 31679 ]]]]        # ClearTensor<float32, shape=(1, 64, 1, 1)>
        %13 = multiply(%11, %12)               # EncryptedTensor<float64, shape=(1, 64, 56, 56)>
        %14 = [[[[ 0.015 ... 97162 ]]]]        # ClearTensor<float32, shape=(1, 64, 1, 1)>
        %15 = add(%13, %14)                    # EncryptedTensor<float64, shape=(1, 64, 56, 56)>
        %16 = 1.2167265                        # ClearScalar<float32>
        %17 = divide(%15, %16)                 # EncryptedTensor<float64, shape=(1, 64, 56, 56)>
        %18 = 0.0                              # ClearScalar<float32>
        %19 = add(%17, %18)                    # EncryptedTensor<float64, shape=(1, 64, 56, 56)>
        %20 = -8.0                             # ClearScalar<float64>
        %21 = 7.0                              # ClearScalar<float64>
        %22 = clip(%19, %20, %21)              # EncryptedTensor<float64, shape=(1, 64, 56, 56)>
        %23 = rint(%22)                        # EncryptedTensor<float64, shape=(1, 64, 56, 56)>
        %24 = 0.0                              # ClearScalar<float32>
        %25 = subtract(%23, %24)               # EncryptedTensor<float64, shape=(1, 64, 56, 56)>
        %26 = 1.2167265                        # ClearScalar<float32>
        %27 = multiply(%25, %26)               # EncryptedTensor<float64, shape=(1, 64, 56, 56)>
        %28 = 1.216726541519165                # ClearScalar<float64>
        %29 = divide(%27, %28)                 # EncryptedTensor<float64, shape=(1, 64, 56, 56)>
        %30 = 0                                # ClearScalar<uint1>
        %31 = add(%29, %30)                    # EncryptedTensor<float64, shape=(1, 64, 56, 56)>
        %32 = rint(%31)                        # EncryptedTensor<float64, shape=(1, 64, 56, 56)>
        %33 = astype(%32, dtype=int_)          # EncryptedTensor<uint1, shape=(1, 64, 56, 56)>
        return %33

    %21 = subgraph(%3):

         %0 = input                            # EncryptedTensor<int4, shape=(1, 64, 56, 56)>           @ /trunk/trunk.1/Conv.conv_rounding
         %1 = astype(%0, dtype=float64)        # EncryptedTensor<float64, shape=(1, 64, 56, 56)>
         %2 = 0                                # ClearScalar<uint1>
         %3 = add(%1, %2)                      # EncryptedTensor<float64, shape=(1, 64, 56, 56)>
         %4 = [[[[0]]  [ ... ]  [[0]]]]        # ClearTensor<uint1, shape=(1, 64, 1, 1)>
         %5 = subtract(%3, %4)                 # EncryptedTensor<float64, shape=(1, 64, 56, 56)>
         %6 = 4.506058946047176                # ClearScalar<float64>
         %7 = multiply(%6, %5)                 # EncryptedTensor<float64, shape=(1, 64, 56, 56)>
         %8 = [[[[-0.097 ... 323255]]]]        # ClearTensor<float32, shape=(1, 64, 1, 1)>
         %9 = subtract(%7, %8)                 # EncryptedTensor<float64, shape=(1, 64, 56, 56)>
        %10 = [[[[17.494 ... 6178  ]]]]        # ClearTensor<float32, shape=(1, 64, 1, 1)>
        %11 = divide(%9, %10)                  # EncryptedTensor<float64, shape=(1, 64, 56, 56)>
        %12 = [[[[1.0452 ... 47377 ]]]]        # ClearTensor<float32, shape=(1, 64, 1, 1)>
        %13 = multiply(%11, %12)               # EncryptedTensor<float64, shape=(1, 64, 56, 56)>
        %14 = [[[[ 0.011 ... 144177]]]]        # ClearTensor<float32, shape=(1, 64, 1, 1)>
        %15 = add(%13, %14)                    # EncryptedTensor<float64, shape=(1, 64, 56, 56)>
        %16 = 1.4906285                        # ClearScalar<float32>
        %17 = divide(%15, %16)                 # EncryptedTensor<float64, shape=(1, 64, 56, 56)>
        %18 = 0.0                              # ClearScalar<float32>
        %19 = add(%17, %18)                    # EncryptedTensor<float64, shape=(1, 64, 56, 56)>
        %20 = -8.0                             # ClearScalar<float64>
        %21 = 7.0                              # ClearScalar<float64>
        %22 = clip(%19, %20, %21)              # EncryptedTensor<float64, shape=(1, 64, 56, 56)>
        %23 = rint(%22)                        # EncryptedTensor<float64, shape=(1, 64, 56, 56)>
        %24 = 0.0                              # ClearScalar<float32>
        %25 = subtract(%23, %24)               # EncryptedTensor<float64, shape=(1, 64, 56, 56)>
        %26 = 1.4906285                        # ClearScalar<float32>
        %27 = multiply(%25, %26)               # EncryptedTensor<float64, shape=(1, 64, 56, 56)>
        %28 = 1.4906284809112549               # ClearScalar<float64>
        %29 = divide(%27, %28)                 # EncryptedTensor<float64, shape=(1, 64, 56, 56)>
        %30 = 0                                # ClearScalar<uint1>
        %31 = add(%29, %30)                    # EncryptedTensor<float64, shape=(1, 64, 56, 56)>
        %32 = rint(%31)                        # EncryptedTensor<float64, shape=(1, 64, 56, 56)>
        %33 = astype(%32, dtype=int_)          # EncryptedTensor<uint1, shape=(1, 64, 56, 56)>
        return %33

    %22 = subgraph(%20):

         %0 = input                         # EncryptedTensor<uint1, shape=(1, 64, 56, 56)>
         %1 = 0.0                           # ClearScalar<float64>
         %2 = subtract(%0, %1)              # EncryptedTensor<float64, shape=(1, 64, 56, 56)>
         %3 = 1.216726541519165             # ClearScalar<float64>
         %4 = multiply(%3, %2)              # EncryptedTensor<float64, shape=(1, 64, 56, 56)>
         %5 = 0.6594230205781998            # ClearScalar<float64>
         %6 = divide(%4, %5)                # EncryptedTensor<float64, shape=(1, 64, 56, 56)>
         %7 = 0                             # ClearScalar<uint1>
         %8 = add(%6, %7)                   # EncryptedTensor<float64, shape=(1, 64, 56, 56)>
         %9 = rint(%8)                      # EncryptedTensor<float64, shape=(1, 64, 56, 56)>
        %10 = astype(%9, dtype=int_)        # EncryptedTensor<uint1, shape=(1, 64, 56, 56)>
        return %10

    %23 = subgraph(%21):

         %0 = input                         # EncryptedTensor<uint1, shape=(1, 64, 56, 56)>
         %1 = 0.0                           # ClearScalar<float64>
         %2 = subtract(%0, %1)              # EncryptedTensor<float64, shape=(1, 64, 56, 56)>
         %3 = 1.4906284809112549            # ClearScalar<float64>
         %4 = multiply(%3, %2)              # EncryptedTensor<float64, shape=(1, 64, 56, 56)>
         %5 = 0.6594230205781998            # ClearScalar<float64>
         %6 = divide(%4, %5)                # EncryptedTensor<float64, shape=(1, 64, 56, 56)>
         %7 = 0                             # ClearScalar<uint1>
         %8 = add(%6, %7)                   # EncryptedTensor<float64, shape=(1, 64, 56, 56)>
         %9 = rint(%8)                      # EncryptedTensor<float64, shape=(1, 64, 56, 56)>
        %10 = astype(%9, dtype=int_)        # EncryptedTensor<uint1, shape=(1, 64, 56, 56)>
        return %10

    %27 = subgraph(%26):

         %0 = input                          # EncryptedTensor<uint2, shape=(1, 64, 56, 56)>
         %1 = 0.0                            # ClearScalar<float64>
         %2 = subtract(%0, %1)               # EncryptedTensor<float64, shape=(1, 64, 56, 56)>
         %3 = 0.6594230205781998             # ClearScalar<float64>
         %4 = multiply(%3, %2)               # EncryptedTensor<float64, shape=(1, 64, 56, 56)>
         %5 = 0                              # ClearScalar<uint1>
         %6 = maximum(%4, %5)                # EncryptedTensor<float64, shape=(1, 64, 56, 56)>
         %7 = 0.9586559                      # ClearScalar<float32>
         %8 = divide(%6, %7)                 # EncryptedTensor<float64, shape=(1, 64, 56, 56)>
         %9 = 0.0                            # ClearScalar<float32>
        %10 = add(%8, %9)                    # EncryptedTensor<float64, shape=(1, 64, 56, 56)>
        %11 = 0.0                            # ClearScalar<float64>
        %12 = 15.0                           # ClearScalar<float64>
        %13 = clip(%10, %11, %12)            # EncryptedTensor<float64, shape=(1, 64, 56, 56)>
        %14 = rint(%13)                      # EncryptedTensor<float64, shape=(1, 64, 56, 56)>
        %15 = 0.0                            # ClearScalar<float32>
        %16 = subtract(%14, %15)             # EncryptedTensor<float64, shape=(1, 64, 56, 56)>
        %17 = 0.9586559                      # ClearScalar<float32>
        %18 = multiply(%16, %17)             # EncryptedTensor<float64, shape=(1, 64, 56, 56)>
        %19 = 0.9586558938026428             # ClearScalar<float64>
        %20 = divide(%18, %19)               # EncryptedTensor<float64, shape=(1, 64, 56, 56)>
        %21 = 0                              # ClearScalar<uint1>
        %22 = add(%20, %21)                  # EncryptedTensor<float64, shape=(1, 64, 56, 56)>
        %23 = rint(%22)                      # EncryptedTensor<float64, shape=(1, 64, 56, 56)>
        %24 = astype(%23, dtype=int_)        # EncryptedTensor<uint1, shape=(1, 64, 56, 56)>
        return %24

    %35 = subgraph(%34):

         %0 = input                            # EncryptedTensor<uint1, shape=(1, 64, 56, 56)>          @ /trunk/trunk.5/C1/Conv.conv_rounding
         %1 = astype(%0, dtype=float64)        # EncryptedTensor<float64, shape=(1, 64, 56, 56)>
         %2 = 0                                # ClearScalar<uint1>
         %3 = add(%1, %2)                      # EncryptedTensor<float64, shape=(1, 64, 56, 56)>
         %4 = [[[[0]]  [ ... ]  [[0]]]]        # ClearTensor<uint1, shape=(1, 64, 1, 1)>
         %5 = subtract(%3, %4)                 # EncryptedTensor<float64, shape=(1, 64, 56, 56)>
         %6 = 0.030491733920933628             # ClearScalar<float64>
         %7 = multiply(%6, %5)                 # EncryptedTensor<float64, shape=(1, 64, 56, 56)>
         %8 = [[[[-1.744 ... 809442]]]]        # ClearTensor<float32, shape=(1, 64, 1, 1)>
         %9 = subtract(%7, %8)                 # EncryptedTensor<float64, shape=(1, 64, 56, 56)>
        %10 = [[[[2.4803 ... 10526 ]]]]        # ClearTensor<float32, shape=(1, 64, 1, 1)>
        %11 = divide(%9, %10)                  # EncryptedTensor<float64, shape=(1, 64, 56, 56)>
        %12 = [[[[1.0577 ... 94685 ]]]]        # ClearTensor<float32, shape=(1, 64, 1, 1)>
        %13 = multiply(%11, %12)               # EncryptedTensor<float64, shape=(1, 64, 56, 56)>
        %14 = [[[[ 0.075 ... 438632]]]]        # ClearTensor<float32, shape=(1, 64, 1, 1)>
        %15 = add(%13, %14)                    # EncryptedTensor<float64, shape=(1, 64, 56, 56)>
        %16 = 0                                # ClearScalar<uint1>
        %17 = maximum(%15, %16)                # EncryptedTensor<float64, shape=(1, 64, 56, 56)>
        %18 = 0.57267225                       # ClearScalar<float32>
        %19 = divide(%17, %18)                 # EncryptedTensor<float64, shape=(1, 64, 56, 56)>
        %20 = 0.0                              # ClearScalar<float32>
        %21 = add(%19, %20)                    # EncryptedTensor<float64, shape=(1, 64, 56, 56)>
        %22 = 0.0                              # ClearScalar<float64>
        %23 = 15.0                             # ClearScalar<float64>
        %24 = clip(%21, %22, %23)              # EncryptedTensor<float64, shape=(1, 64, 56, 56)>
        %25 = rint(%24)                        # EncryptedTensor<float64, shape=(1, 64, 56, 56)>
        %26 = 0.0                              # ClearScalar<float32>
        %27 = subtract(%25, %26)               # EncryptedTensor<float64, shape=(1, 64, 56, 56)>
        %28 = 0.57267225                       # ClearScalar<float32>
        %29 = multiply(%27, %28)               # EncryptedTensor<float64, shape=(1, 64, 56, 56)>
        %30 = 0.5726722478866577               # ClearScalar<float64>
        %31 = divide(%29, %30)                 # EncryptedTensor<float64, shape=(1, 64, 56, 56)>
        %32 = 0                                # ClearScalar<uint1>
        %33 = add(%31, %32)                    # EncryptedTensor<float64, shape=(1, 64, 56, 56)>
        %34 = rint(%33)                        # EncryptedTensor<float64, shape=(1, 64, 56, 56)>
        %35 = astype(%34, dtype=int_)          # EncryptedTensor<uint1, shape=(1, 64, 56, 56)>
        return %35

    %43 = subgraph(%42):

         %0 = input                            # EncryptedTensor<uint1, shape=(1, 64, 56, 56)>          @ /trunk/trunk.5/C2/Conv.conv_rounding
         %1 = astype(%0, dtype=float64)        # EncryptedTensor<float64, shape=(1, 64, 56, 56)>
         %2 = 0                                # ClearScalar<uint1>
         %3 = add(%1, %2)                      # EncryptedTensor<float64, shape=(1, 64, 56, 56)>
         %4 = [[[[0]]  [ ... ]  [[0]]]]        # ClearTensor<uint1, shape=(1, 64, 1, 1)>
         %5 = subtract(%3, %4)                 # EncryptedTensor<float64, shape=(1, 64, 56, 56)>
         %6 = 0.01930685890590267              # ClearScalar<float64>
         %7 = multiply(%6, %5)                 # EncryptedTensor<float64, shape=(1, 64, 56, 56)>
         %8 = [[[[-0.946 ... 23143 ]]]]        # ClearTensor<float32, shape=(1, 64, 1, 1)>
         %9 = subtract(%7, %8)                 # EncryptedTensor<float64, shape=(1, 64, 56, 56)>
        %10 = [[[[1.3348 ... 657488]]]]        # ClearTensor<float32, shape=(1, 64, 1, 1)>
        %11 = divide(%9, %10)                  # EncryptedTensor<float64, shape=(1, 64, 56, 56)>
        %12 = [[[[0.9773 ... 51531 ]]]]        # ClearTensor<float32, shape=(1, 64, 1, 1)>
        %13 = multiply(%11, %12)               # EncryptedTensor<float64, shape=(1, 64, 56, 56)>
        %14 = [[[[ 4.099 ... 97e-02]]]]        # ClearTensor<float32, shape=(1, 64, 1, 1)>
        %15 = add(%13, %14)                    # EncryptedTensor<float64, shape=(1, 64, 56, 56)>
        %16 = 1.0955882                        # ClearScalar<float32>
        %17 = divide(%15, %16)                 # EncryptedTensor<float64, shape=(1, 64, 56, 56)>
        %18 = 0.0                              # ClearScalar<float32>
        %19 = add(%17, %18)                    # EncryptedTensor<float64, shape=(1, 64, 56, 56)>
        %20 = -8.0                             # ClearScalar<float64>
        %21 = 7.0                              # ClearScalar<float64>
        %22 = clip(%19, %20, %21)              # EncryptedTensor<float64, shape=(1, 64, 56, 56)>
        %23 = rint(%22)                        # EncryptedTensor<float64, shape=(1, 64, 56, 56)>
        %24 = 0.0                              # ClearScalar<float32>
        %25 = subtract(%23, %24)               # EncryptedTensor<float64, shape=(1, 64, 56, 56)>
        %26 = 1.0955882                        # ClearScalar<float32>
        %27 = multiply(%25, %26)               # EncryptedTensor<float64, shape=(1, 64, 56, 56)>
        %28 = 1.095588207244873                # ClearScalar<float64>
        %29 = divide(%27, %28)                 # EncryptedTensor<float64, shape=(1, 64, 56, 56)>
        %30 = 0                                # ClearScalar<uint1>
        %31 = add(%29, %30)                    # EncryptedTensor<float64, shape=(1, 64, 56, 56)>
        %32 = rint(%31)                        # EncryptedTensor<float64, shape=(1, 64, 56, 56)>
        %33 = astype(%32, dtype=int_)          # EncryptedTensor<uint1, shape=(1, 64, 56, 56)>
        return %33

    %44 = subgraph(%26):

         %0 = input                          # EncryptedTensor<uint2, shape=(1, 64, 56, 56)>
         %1 = 0.0                            # ClearScalar<float64>
         %2 = subtract(%0, %1)               # EncryptedTensor<float64, shape=(1, 64, 56, 56)>
         %3 = 0.6594230205781998             # ClearScalar<float64>
         %4 = multiply(%3, %2)               # EncryptedTensor<float64, shape=(1, 64, 56, 56)>
         %5 = 0                              # ClearScalar<uint1>
         %6 = maximum(%4, %5)                # EncryptedTensor<float64, shape=(1, 64, 56, 56)>
         %7 = 0.9586559                      # ClearScalar<float32>
         %8 = divide(%6, %7)                 # EncryptedTensor<float64, shape=(1, 64, 56, 56)>
         %9 = 0.0                            # ClearScalar<float32>
        %10 = add(%8, %9)                    # EncryptedTensor<float64, shape=(1, 64, 56, 56)>
        %11 = 0.0                            # ClearScalar<float64>
        %12 = 15.0                           # ClearScalar<float64>
        %13 = clip(%10, %11, %12)            # EncryptedTensor<float64, shape=(1, 64, 56, 56)>
        %14 = rint(%13)                      # EncryptedTensor<float64, shape=(1, 64, 56, 56)>
        %15 = 0.0                            # ClearScalar<float32>
        %16 = subtract(%14, %15)             # EncryptedTensor<float64, shape=(1, 64, 56, 56)>
        %17 = 0.9586559                      # ClearScalar<float32>
        %18 = multiply(%16, %17)             # EncryptedTensor<float64, shape=(1, 64, 56, 56)>
        %19 = 0.9586558938026428             # ClearScalar<float64>
        %20 = divide(%18, %19)               # EncryptedTensor<float64, shape=(1, 64, 56, 56)>
        %21 = 0                              # ClearScalar<uint1>
        %22 = add(%20, %21)                  # EncryptedTensor<float64, shape=(1, 64, 56, 56)>
        %23 = rint(%22)                      # EncryptedTensor<float64, shape=(1, 64, 56, 56)>
        %24 = astype(%23, dtype=int_)        # EncryptedTensor<uint1, shape=(1, 64, 56, 56)>
        return %24

    %45 = subgraph(%43):

         %0 = input                         # EncryptedTensor<uint1, shape=(1, 64, 56, 56)>
         %1 = 0.0                           # ClearScalar<float64>
         %2 = subtract(%0, %1)              # EncryptedTensor<float64, shape=(1, 64, 56, 56)>
         %3 = 1.095588207244873             # ClearScalar<float64>
         %4 = multiply(%3, %2)              # EncryptedTensor<float64, shape=(1, 64, 56, 56)>
         %5 = 0.5212931671450215            # ClearScalar<float64>
         %6 = divide(%4, %5)                # EncryptedTensor<float64, shape=(1, 64, 56, 56)>
         %7 = 0                             # ClearScalar<uint1>
         %8 = add(%6, %7)                   # EncryptedTensor<float64, shape=(1, 64, 56, 56)>
         %9 = rint(%8)                      # EncryptedTensor<float64, shape=(1, 64, 56, 56)>
        %10 = astype(%9, dtype=int_)        # EncryptedTensor<uint1, shape=(1, 64, 56, 56)>
        return %10

    %46 = subgraph(%44):

         %0 = input                         # EncryptedTensor<uint1, shape=(1, 64, 56, 56)>
         %1 = 0.0                           # ClearScalar<float64>
         %2 = subtract(%0, %1)              # EncryptedTensor<float64, shape=(1, 64, 56, 56)>
         %3 = 0.9586558938026428            # ClearScalar<float64>
         %4 = multiply(%3, %2)              # EncryptedTensor<float64, shape=(1, 64, 56, 56)>
         %5 = 0.5212931671450215            # ClearScalar<float64>
         %6 = divide(%4, %5)                # EncryptedTensor<float64, shape=(1, 64, 56, 56)>
         %7 = 0                             # ClearScalar<uint1>
         %8 = add(%6, %7)                   # EncryptedTensor<float64, shape=(1, 64, 56, 56)>
         %9 = rint(%8)                      # EncryptedTensor<float64, shape=(1, 64, 56, 56)>
        %10 = astype(%9, dtype=int_)        # EncryptedTensor<uint1, shape=(1, 64, 56, 56)>
        return %10

    %50 = subgraph(%49):

         %0 = input                          # EncryptedTensor<uint2, shape=(1, 64, 56, 56)>
         %1 = 0.0                            # ClearScalar<float64>
         %2 = subtract(%0, %1)               # EncryptedTensor<float64, shape=(1, 64, 56, 56)>
         %3 = 0.5212931671450215             # ClearScalar<float64>
         %4 = multiply(%3, %2)               # EncryptedTensor<float64, shape=(1, 64, 56, 56)>
         %5 = 0                              # ClearScalar<uint1>
         %6 = maximum(%4, %5)                # EncryptedTensor<float64, shape=(1, 64, 56, 56)>
         %7 = 1.0522903                      # ClearScalar<float32>
         %8 = divide(%6, %7)                 # EncryptedTensor<float64, shape=(1, 64, 56, 56)>
         %9 = 0.0                            # ClearScalar<float32>
        %10 = add(%8, %9)                    # EncryptedTensor<float64, shape=(1, 64, 56, 56)>
        %11 = 0.0                            # ClearScalar<float64>
        %12 = 15.0                           # ClearScalar<float64>
        %13 = clip(%10, %11, %12)            # EncryptedTensor<float64, shape=(1, 64, 56, 56)>
        %14 = rint(%13)                      # EncryptedTensor<float64, shape=(1, 64, 56, 56)>
        %15 = 0.0                            # ClearScalar<float32>
        %16 = subtract(%14, %15)             # EncryptedTensor<float64, shape=(1, 64, 56, 56)>
        %17 = 1.0522903                      # ClearScalar<float32>
        %18 = multiply(%16, %17)             # EncryptedTensor<float64, shape=(1, 64, 56, 56)>
        %19 = 1.0522903203964233             # ClearScalar<float64>
        %20 = divide(%18, %19)               # EncryptedTensor<float64, shape=(1, 64, 56, 56)>
        %21 = 0                              # ClearScalar<uint1>
        %22 = add(%20, %21)                  # EncryptedTensor<float64, shape=(1, 64, 56, 56)>
        %23 = rint(%22)                      # EncryptedTensor<float64, shape=(1, 64, 56, 56)>
        %24 = astype(%23, dtype=int_)        # EncryptedTensor<uint1, shape=(1, 64, 56, 56)>
        return %24

    %58 = subgraph(%57):

         %0 = input                            # EncryptedTensor<uint1, shape=(1, 128, 28, 28)>          @ /trunk/trunk.6/C1/Conv.conv_rounding
         %1 = astype(%0, dtype=float64)        # EncryptedTensor<float64, shape=(1, 128, 28, 28)>
         %2 = 0                                # ClearScalar<uint1>
         %3 = add(%1, %2)                      # EncryptedTensor<float64, shape=(1, 128, 28, 28)>
         %4 = [[[[0]]  [ ... ]  [[0]]]]        # ClearTensor<uint1, shape=(1, 128, 1, 1)>
         %5 = subtract(%3, %4)                 # EncryptedTensor<float64, shape=(1, 128, 28, 28)>
         %6 = 0.0249980708927533               # ClearScalar<float64>
         %7 = multiply(%6, %5)                 # EncryptedTensor<float64, shape=(1, 128, 28, 28)>
         %8 = [[[[ 1.334 ... 01505 ]]]]        # ClearTensor<float32, shape=(1, 128, 1, 1)>
         %9 = subtract(%7, %8)                 # EncryptedTensor<float64, shape=(1, 128, 28, 28)>
        %10 = [[[[1.5226 ... 992846]]]]        # ClearTensor<float32, shape=(1, 128, 1, 1)>
        %11 = divide(%9, %10)                  # EncryptedTensor<float64, shape=(1, 128, 28, 28)>
        %12 = [[[[0.9801 ... 035886]]]]        # ClearTensor<float32, shape=(1, 128, 1, 1)>
        %13 = multiply(%11, %12)               # EncryptedTensor<float64, shape=(1, 128, 28, 28)>
        %14 = [[[[ 3.601 ... 08e-02]]]]        # ClearTensor<float32, shape=(1, 128, 1, 1)>
        %15 = add(%13, %14)                    # EncryptedTensor<float64, shape=(1, 128, 28, 28)>
        %16 = 0                                # ClearScalar<uint1>
        %17 = maximum(%15, %16)                # EncryptedTensor<float64, shape=(1, 128, 28, 28)>
        %18 = 0.47896454                       # ClearScalar<float32>
        %19 = divide(%17, %18)                 # EncryptedTensor<float64, shape=(1, 128, 28, 28)>
        %20 = 0.0                              # ClearScalar<float32>
        %21 = add(%19, %20)                    # EncryptedTensor<float64, shape=(1, 128, 28, 28)>
        %22 = 0.0                              # ClearScalar<float64>
        %23 = 15.0                             # ClearScalar<float64>
        %24 = clip(%21, %22, %23)              # EncryptedTensor<float64, shape=(1, 128, 28, 28)>
        %25 = rint(%24)                        # EncryptedTensor<float64, shape=(1, 128, 28, 28)>
        %26 = 0.0                              # ClearScalar<float32>
        %27 = subtract(%25, %26)               # EncryptedTensor<float64, shape=(1, 128, 28, 28)>
        %28 = 0.47896454                       # ClearScalar<float32>
        %29 = multiply(%27, %28)               # EncryptedTensor<float64, shape=(1, 128, 28, 28)>
        %30 = 0.47896453738212585              # ClearScalar<float64>
        %31 = divide(%29, %30)                 # EncryptedTensor<float64, shape=(1, 128, 28, 28)>
        %32 = 0                                # ClearScalar<uint1>
        %33 = add(%31, %32)                    # EncryptedTensor<float64, shape=(1, 128, 28, 28)>
        %34 = rint(%33)                        # EncryptedTensor<float64, shape=(1, 128, 28, 28)>
        %35 = astype(%34, dtype=int_)          # EncryptedTensor<uint1, shape=(1, 128, 28, 28)>
        return %35

    %66 = subgraph(%49):

         %0 = input                          # EncryptedTensor<uint2, shape=(1, 64, 56, 56)>
         %1 = 0.0                            # ClearScalar<float64>
         %2 = subtract(%0, %1)               # EncryptedTensor<float64, shape=(1, 64, 56, 56)>
         %3 = 0.5212931671450215             # ClearScalar<float64>
         %4 = multiply(%3, %2)               # EncryptedTensor<float64, shape=(1, 64, 56, 56)>
         %5 = 0                              # ClearScalar<uint1>
         %6 = maximum(%4, %5)                # EncryptedTensor<float64, shape=(1, 64, 56, 56)>
         %7 = 1.0522903                      # ClearScalar<float32>
         %8 = divide(%6, %7)                 # EncryptedTensor<float64, shape=(1, 64, 56, 56)>
         %9 = 0.0                            # ClearScalar<float32>
        %10 = add(%8, %9)                    # EncryptedTensor<float64, shape=(1, 64, 56, 56)>
        %11 = 0.0                            # ClearScalar<float64>
        %12 = 15.0                           # ClearScalar<float64>
        %13 = clip(%10, %11, %12)            # EncryptedTensor<float64, shape=(1, 64, 56, 56)>
        %14 = rint(%13)                      # EncryptedTensor<float64, shape=(1, 64, 56, 56)>
        %15 = 0.0                            # ClearScalar<float32>
        %16 = subtract(%14, %15)             # EncryptedTensor<float64, shape=(1, 64, 56, 56)>
        %17 = 1.0522903                      # ClearScalar<float32>
        %18 = multiply(%16, %17)             # EncryptedTensor<float64, shape=(1, 64, 56, 56)>
        %19 = 1.0522903203964233             # ClearScalar<float64>
        %20 = divide(%18, %19)               # EncryptedTensor<float64, shape=(1, 64, 56, 56)>
        %21 = 0                              # ClearScalar<uint1>
        %22 = add(%20, %21)                  # EncryptedTensor<float64, shape=(1, 64, 56, 56)>
        %23 = rint(%22)                      # EncryptedTensor<float64, shape=(1, 64, 56, 56)>
        %24 = astype(%23, dtype=int_)        # EncryptedTensor<uint1, shape=(1, 64, 56, 56)>
        return %24

    %70 = subgraph(%65):

         %0 = input                            # EncryptedTensor<uint1, shape=(1, 128, 28, 28)>          @ /trunk/trunk.6/C2/Conv.conv_rounding
         %1 = astype(%0, dtype=float64)        # EncryptedTensor<float64, shape=(1, 128, 28, 28)>
         %2 = 0                                # ClearScalar<uint1>
         %3 = add(%1, %2)                      # EncryptedTensor<float64, shape=(1, 128, 28, 28)>
         %4 = [[[[0]]  [ ... ]  [[0]]]]        # ClearTensor<uint1, shape=(1, 128, 1, 1)>
         %5 = subtract(%3, %4)                 # EncryptedTensor<float64, shape=(1, 128, 28, 28)>
         %6 = 0.013732648368940337             # ClearScalar<float64>
         %7 = multiply(%6, %5)                 # EncryptedTensor<float64, shape=(1, 128, 28, 28)>
         %8 = [[[[-3.456 ... 97374 ]]]]        # ClearTensor<float32, shape=(1, 128, 1, 1)>
         %9 = subtract(%7, %8)                 # EncryptedTensor<float64, shape=(1, 128, 28, 28)>
        %10 = [[[[2.5014 ... 556142]]]]        # ClearTensor<float32, shape=(1, 128, 1, 1)>
        %11 = divide(%9, %10)                  # EncryptedTensor<float64, shape=(1, 128, 28, 28)>
        %12 = [[[[0.9719 ... 768265]]]]        # ClearTensor<float32, shape=(1, 128, 1, 1)>
        %13 = multiply(%11, %12)               # EncryptedTensor<float64, shape=(1, 128, 28, 28)>
        %14 = [[[[ 0.012 ... 648637]]]]        # ClearTensor<float32, shape=(1, 128, 1, 1)>
        %15 = add(%13, %14)                    # EncryptedTensor<float64, shape=(1, 128, 28, 28)>
        %16 = 0.9461508                        # ClearScalar<float32>
        %17 = divide(%15, %16)                 # EncryptedTensor<float64, shape=(1, 128, 28, 28)>
        %18 = 0.0                              # ClearScalar<float32>
        %19 = add(%17, %18)                    # EncryptedTensor<float64, shape=(1, 128, 28, 28)>
        %20 = -8.0                             # ClearScalar<float64>
        %21 = 7.0                              # ClearScalar<float64>
        %22 = clip(%19, %20, %21)              # EncryptedTensor<float64, shape=(1, 128, 28, 28)>
        %23 = rint(%22)                        # EncryptedTensor<float64, shape=(1, 128, 28, 28)>
        %24 = 0.0                              # ClearScalar<float32>
        %25 = subtract(%23, %24)               # EncryptedTensor<float64, shape=(1, 128, 28, 28)>
        %26 = 0.9461508                        # ClearScalar<float32>
        %27 = multiply(%25, %26)               # EncryptedTensor<float64, shape=(1, 128, 28, 28)>
        %28 = 0.9461507797241211               # ClearScalar<float64>
        %29 = divide(%27, %28)                 # EncryptedTensor<float64, shape=(1, 128, 28, 28)>
        %30 = 0                                # ClearScalar<uint1>
        %31 = add(%29, %30)                    # EncryptedTensor<float64, shape=(1, 128, 28, 28)>
        %32 = rint(%31)                        # EncryptedTensor<float64, shape=(1, 128, 28, 28)>
        %33 = astype(%32, dtype=int_)          # EncryptedTensor<uint1, shape=(1, 128, 28, 28)>
        return %33

    %71 = subgraph(%69):

         %0 = input                            # EncryptedTensor<uint1, shape=(1, 128, 28, 28)>          @ /trunk/trunk.6/shortcut/Conv.conv_rounding
         %1 = astype(%0, dtype=float64)        # EncryptedTensor<float64, shape=(1, 128, 28, 28)>
         %2 = 0                                # ClearScalar<uint1>
         %3 = add(%1, %2)                      # EncryptedTensor<float64, shape=(1, 128, 28, 28)>
         %4 = [[[[0]]  [ ... ]  [[0]]]]        # ClearTensor<uint1, shape=(1, 128, 1, 1)>
         %5 = subtract(%3, %4)                 # EncryptedTensor<float64, shape=(1, 128, 28, 28)>
         %6 = 0.06834785230571239              # ClearScalar<float64>
         %7 = multiply(%6, %5)                 # EncryptedTensor<float64, shape=(1, 128, 28, 28)>
         %8 = [[[[-0.717 ... 92932 ]]]]        # ClearTensor<float32, shape=(1, 128, 1, 1)>
         %9 = subtract(%7, %8)                 # EncryptedTensor<float64, shape=(1, 128, 28, 28)>
        %10 = [[[[0.9236 ... 66221 ]]]]        # ClearTensor<float32, shape=(1, 128, 1, 1)>
        %11 = divide(%9, %10)                  # EncryptedTensor<float64, shape=(1, 128, 28, 28)>
        %12 = [[[[0.9922 ... 84981 ]]]]        # ClearTensor<float32, shape=(1, 128, 1, 1)>
        %13 = multiply(%11, %12)               # EncryptedTensor<float64, shape=(1, 128, 28, 28)>
        %14 = [[[[ 0.013 ... 639463]]]]        # ClearTensor<float32, shape=(1, 128, 1, 1)>
        %15 = add(%13, %14)                    # EncryptedTensor<float64, shape=(1, 128, 28, 28)>
        %16 = 1.0267897                        # ClearScalar<float32>
        %17 = divide(%15, %16)                 # EncryptedTensor<float64, shape=(1, 128, 28, 28)>
        %18 = 0.0                              # ClearScalar<float32>
        %19 = add(%17, %18)                    # EncryptedTensor<float64, shape=(1, 128, 28, 28)>
        %20 = -8.0                             # ClearScalar<float64>
        %21 = 7.0                              # ClearScalar<float64>
        %22 = clip(%19, %20, %21)              # EncryptedTensor<float64, shape=(1, 128, 28, 28)>
        %23 = rint(%22)                        # EncryptedTensor<float64, shape=(1, 128, 28, 28)>
        %24 = 0.0                              # ClearScalar<float32>
        %25 = subtract(%23, %24)               # EncryptedTensor<float64, shape=(1, 128, 28, 28)>
        %26 = 1.0267897                        # ClearScalar<float32>
        %27 = multiply(%25, %26)               # EncryptedTensor<float64, shape=(1, 128, 28, 28)>
        %28 = 1.026789665222168                # ClearScalar<float64>
        %29 = divide(%27, %28)                 # EncryptedTensor<float64, shape=(1, 128, 28, 28)>
        %30 = 0                                # ClearScalar<uint1>
        %31 = add(%29, %30)                    # EncryptedTensor<float64, shape=(1, 128, 28, 28)>
        %32 = rint(%31)                        # EncryptedTensor<float64, shape=(1, 128, 28, 28)>
        %33 = astype(%32, dtype=int_)          # EncryptedTensor<uint1, shape=(1, 128, 28, 28)>
        return %33

    %72 = subgraph(%70):

         %0 = input                         # EncryptedTensor<uint1, shape=(1, 128, 28, 28)>
         %1 = 0.0                           # ClearScalar<float64>
         %2 = subtract(%0, %1)              # EncryptedTensor<float64, shape=(1, 128, 28, 28)>
         %3 = 0.9461507797241211            # ClearScalar<float64>
         %4 = multiply(%3, %2)              # EncryptedTensor<float64, shape=(1, 128, 28, 28)>
         %5 = 0.44810393548780875           # ClearScalar<float64>
         %6 = divide(%4, %5)                # EncryptedTensor<float64, shape=(1, 128, 28, 28)>
         %7 = 0                             # ClearScalar<uint1>
         %8 = add(%6, %7)                   # EncryptedTensor<float64, shape=(1, 128, 28, 28)>
         %9 = rint(%8)                      # EncryptedTensor<float64, shape=(1, 128, 28, 28)>
        %10 = astype(%9, dtype=int_)        # EncryptedTensor<uint1, shape=(1, 128, 28, 28)>
        return %10

    %73 = subgraph(%71):

         %0 = input                         # EncryptedTensor<uint1, shape=(1, 128, 28, 28)>
         %1 = 0.0                           # ClearScalar<float64>
         %2 = subtract(%0, %1)              # EncryptedTensor<float64, shape=(1, 128, 28, 28)>
         %3 = 1.026789665222168             # ClearScalar<float64>
         %4 = multiply(%3, %2)              # EncryptedTensor<float64, shape=(1, 128, 28, 28)>
         %5 = 0.44810393548780875           # ClearScalar<float64>
         %6 = divide(%4, %5)                # EncryptedTensor<float64, shape=(1, 128, 28, 28)>
         %7 = 0                             # ClearScalar<uint1>
         %8 = add(%6, %7)                   # EncryptedTensor<float64, shape=(1, 128, 28, 28)>
         %9 = rint(%8)                      # EncryptedTensor<float64, shape=(1, 128, 28, 28)>
        %10 = astype(%9, dtype=int_)        # EncryptedTensor<uint1, shape=(1, 128, 28, 28)>
        return %10

    %77 = subgraph(%76):

         %0 = input                          # EncryptedTensor<uint2, shape=(1, 128, 28, 28)>
         %1 = 0.0                            # ClearScalar<float64>
         %2 = subtract(%0, %1)               # EncryptedTensor<float64, shape=(1, 128, 28, 28)>
         %3 = 0.44810393548780875            # ClearScalar<float64>
         %4 = multiply(%3, %2)               # EncryptedTensor<float64, shape=(1, 128, 28, 28)>
         %5 = 0                              # ClearScalar<uint1>
         %6 = maximum(%4, %5)                # EncryptedTensor<float64, shape=(1, 128, 28, 28)>
         %7 = 0.7580318                      # ClearScalar<float32>
         %8 = divide(%6, %7)                 # EncryptedTensor<float64, shape=(1, 128, 28, 28)>
         %9 = 0.0                            # ClearScalar<float32>
        %10 = add(%8, %9)                    # EncryptedTensor<float64, shape=(1, 128, 28, 28)>
        %11 = 0.0                            # ClearScalar<float64>
        %12 = 15.0                           # ClearScalar<float64>
        %13 = clip(%10, %11, %12)            # EncryptedTensor<float64, shape=(1, 128, 28, 28)>
        %14 = rint(%13)                      # EncryptedTensor<float64, shape=(1, 128, 28, 28)>
        %15 = 0.0                            # ClearScalar<float32>
        %16 = subtract(%14, %15)             # EncryptedTensor<float64, shape=(1, 128, 28, 28)>
        %17 = 0.7580318                      # ClearScalar<float32>
        %18 = multiply(%16, %17)             # EncryptedTensor<float64, shape=(1, 128, 28, 28)>
        %19 = 0.7580317854881287             # ClearScalar<float64>
        %20 = divide(%18, %19)               # EncryptedTensor<float64, shape=(1, 128, 28, 28)>
        %21 = 0                              # ClearScalar<uint1>
        %22 = add(%20, %21)                  # EncryptedTensor<float64, shape=(1, 128, 28, 28)>
        %23 = rint(%22)                      # EncryptedTensor<float64, shape=(1, 128, 28, 28)>
        %24 = astype(%23, dtype=int_)        # EncryptedTensor<uint1, shape=(1, 128, 28, 28)>
        return %24

    %85 = subgraph(%84):

         %0 = input                            # EncryptedTensor<uint1, shape=(1, 128, 28, 28)>          @ /trunk/trunk.7/C1/Conv.conv_rounding
         %1 = astype(%0, dtype=float64)        # EncryptedTensor<float64, shape=(1, 128, 28, 28)>
         %2 = 0                                # ClearScalar<uint1>
         %3 = add(%1, %2)                      # EncryptedTensor<float64, shape=(1, 128, 28, 28)>
         %4 = [[[[0]]  [ ... ]  [[0]]]]        # ClearTensor<uint1, shape=(1, 128, 1, 1)>
         %5 = subtract(%3, %4)                 # EncryptedTensor<float64, shape=(1, 128, 28, 28)>
         %6 = 0.022413048776563138             # ClearScalar<float64>
         %7 = multiply(%6, %5)                 # EncryptedTensor<float64, shape=(1, 128, 28, 28)>
         %8 = [[[[-3.195 ... 67455 ]]]]        # ClearTensor<float32, shape=(1, 128, 1, 1)>
         %9 = subtract(%7, %8)                 # EncryptedTensor<float64, shape=(1, 128, 28, 28)>
        %10 = [[[[3.3094 ... 44268 ]]]]        # ClearTensor<float32, shape=(1, 128, 1, 1)>
        %11 = divide(%9, %10)                  # EncryptedTensor<float64, shape=(1, 128, 28, 28)>
        %12 = [[[[0.9435 ... 63253 ]]]]        # ClearTensor<float32, shape=(1, 128, 1, 1)>
        %13 = multiply(%11, %12)               # EncryptedTensor<float64, shape=(1, 128, 28, 28)>
        %14 = [[[[-2.276 ... 42e-02]]]]        # ClearTensor<float32, shape=(1, 128, 1, 1)>
        %15 = add(%13, %14)                    # EncryptedTensor<float64, shape=(1, 128, 28, 28)>
        %16 = 0                                # ClearScalar<uint1>
        %17 = maximum(%15, %16)                # EncryptedTensor<float64, shape=(1, 128, 28, 28)>
        %18 = 0.49649182                       # ClearScalar<float32>
        %19 = divide(%17, %18)                 # EncryptedTensor<float64, shape=(1, 128, 28, 28)>
        %20 = 0.0                              # ClearScalar<float32>
        %21 = add(%19, %20)                    # EncryptedTensor<float64, shape=(1, 128, 28, 28)>
        %22 = 0.0                              # ClearScalar<float64>
        %23 = 15.0                             # ClearScalar<float64>
        %24 = clip(%21, %22, %23)              # EncryptedTensor<float64, shape=(1, 128, 28, 28)>
        %25 = rint(%24)                        # EncryptedTensor<float64, shape=(1, 128, 28, 28)>
        %26 = 0.0                              # ClearScalar<float32>
        %27 = subtract(%25, %26)               # EncryptedTensor<float64, shape=(1, 128, 28, 28)>
        %28 = 0.49649182                       # ClearScalar<float32>
        %29 = multiply(%27, %28)               # EncryptedTensor<float64, shape=(1, 128, 28, 28)>
        %30 = 0.49649181962013245              # ClearScalar<float64>
        %31 = divide(%29, %30)                 # EncryptedTensor<float64, shape=(1, 128, 28, 28)>
        %32 = 0                                # ClearScalar<uint1>
        %33 = add(%31, %32)                    # EncryptedTensor<float64, shape=(1, 128, 28, 28)>
        %34 = rint(%33)                        # EncryptedTensor<float64, shape=(1, 128, 28, 28)>
        %35 = astype(%34, dtype=int_)          # EncryptedTensor<uint1, shape=(1, 128, 28, 28)>
        return %35

    %93 = subgraph(%92):

         %0 = input                            # EncryptedTensor<uint1, shape=(1, 128, 28, 28)>          @ /trunk/trunk.7/C2/Conv.conv_rounding
         %1 = astype(%0, dtype=float64)        # EncryptedTensor<float64, shape=(1, 128, 28, 28)>
         %2 = 0                                # ClearScalar<uint1>
         %3 = add(%1, %2)                      # EncryptedTensor<float64, shape=(1, 128, 28, 28)>
         %4 = [[[[0]]  [ ... ]  [[0]]]]        # ClearTensor<uint1, shape=(1, 128, 1, 1)>
         %5 = subtract(%3, %4)                 # EncryptedTensor<float64, shape=(1, 128, 28, 28)>
         %6 = 0.012883116384165005             # ClearScalar<float64>
         %7 = multiply(%6, %5)                 # EncryptedTensor<float64, shape=(1, 128, 28, 28)>
         %8 = [[[[-3.034 ... 516   ]]]]        # ClearTensor<float32, shape=(1, 128, 1, 1)>
         %9 = subtract(%7, %8)                 # EncryptedTensor<float64, shape=(1, 128, 28, 28)>
        %10 = [[[[2.8419 ... 809375]]]]        # ClearTensor<float32, shape=(1, 128, 1, 1)>
        %11 = divide(%9, %10)                  # EncryptedTensor<float64, shape=(1, 128, 28, 28)>
        %12 = [[[[0.9283 ... 211056]]]]        # ClearTensor<float32, shape=(1, 128, 1, 1)>
        %13 = multiply(%11, %12)               # EncryptedTensor<float64, shape=(1, 128, 28, 28)>
        %14 = [[[[-2.152 ... 72e-02]]]]        # ClearTensor<float32, shape=(1, 128, 1, 1)>
        %15 = add(%13, %14)                    # EncryptedTensor<float64, shape=(1, 128, 28, 28)>
        %16 = 1.0867182                        # ClearScalar<float32>
        %17 = divide(%15, %16)                 # EncryptedTensor<float64, shape=(1, 128, 28, 28)>
        %18 = 0.0                              # ClearScalar<float32>
        %19 = add(%17, %18)                    # EncryptedTensor<float64, shape=(1, 128, 28, 28)>
        %20 = -8.0                             # ClearScalar<float64>
        %21 = 7.0                              # ClearScalar<float64>
        %22 = clip(%19, %20, %21)              # EncryptedTensor<float64, shape=(1, 128, 28, 28)>
        %23 = rint(%22)                        # EncryptedTensor<float64, shape=(1, 128, 28, 28)>
        %24 = 0.0                              # ClearScalar<float32>
        %25 = subtract(%23, %24)               # EncryptedTensor<float64, shape=(1, 128, 28, 28)>
        %26 = 1.0867182                        # ClearScalar<float32>
        %27 = multiply(%25, %26)               # EncryptedTensor<float64, shape=(1, 128, 28, 28)>
        %28 = 1.086718201637268                # ClearScalar<float64>
        %29 = divide(%27, %28)                 # EncryptedTensor<float64, shape=(1, 128, 28, 28)>
        %30 = 0                                # ClearScalar<uint1>
        %31 = add(%29, %30)                    # EncryptedTensor<float64, shape=(1, 128, 28, 28)>
        %32 = rint(%31)                        # EncryptedTensor<float64, shape=(1, 128, 28, 28)>
        %33 = astype(%32, dtype=int_)          # EncryptedTensor<uint1, shape=(1, 128, 28, 28)>
        return %33

    %94 = subgraph(%76):

         %0 = input                          # EncryptedTensor<uint2, shape=(1, 128, 28, 28)>
         %1 = 0.0                            # ClearScalar<float64>
         %2 = subtract(%0, %1)               # EncryptedTensor<float64, shape=(1, 128, 28, 28)>
         %3 = 0.44810393548780875            # ClearScalar<float64>
         %4 = multiply(%3, %2)               # EncryptedTensor<float64, shape=(1, 128, 28, 28)>
         %5 = 0                              # ClearScalar<uint1>
         %6 = maximum(%4, %5)                # EncryptedTensor<float64, shape=(1, 128, 28, 28)>
         %7 = 0.7580318                      # ClearScalar<float32>
         %8 = divide(%6, %7)                 # EncryptedTensor<float64, shape=(1, 128, 28, 28)>
         %9 = 0.0                            # ClearScalar<float32>
        %10 = add(%8, %9)                    # EncryptedTensor<float64, shape=(1, 128, 28, 28)>
        %11 = 0.0                            # ClearScalar<float64>
        %12 = 15.0                           # ClearScalar<float64>
        %13 = clip(%10, %11, %12)            # EncryptedTensor<float64, shape=(1, 128, 28, 28)>
        %14 = rint(%13)                      # EncryptedTensor<float64, shape=(1, 128, 28, 28)>
        %15 = 0.0                            # ClearScalar<float32>
        %16 = subtract(%14, %15)             # EncryptedTensor<float64, shape=(1, 128, 28, 28)>
        %17 = 0.7580318                      # ClearScalar<float32>
        %18 = multiply(%16, %17)             # EncryptedTensor<float64, shape=(1, 128, 28, 28)>
        %19 = 0.7580317854881287             # ClearScalar<float64>
        %20 = divide(%18, %19)               # EncryptedTensor<float64, shape=(1, 128, 28, 28)>
        %21 = 0                              # ClearScalar<uint1>
        %22 = add(%20, %21)                  # EncryptedTensor<float64, shape=(1, 128, 28, 28)>
        %23 = rint(%22)                      # EncryptedTensor<float64, shape=(1, 128, 28, 28)>
        %24 = astype(%23, dtype=int_)        # EncryptedTensor<uint1, shape=(1, 128, 28, 28)>
        return %24

    %95 = subgraph(%93):

         %0 = input                         # EncryptedTensor<uint1, shape=(1, 128, 28, 28)>
         %1 = 0.0                           # ClearScalar<float64>
         %2 = subtract(%0, %1)              # EncryptedTensor<float64, shape=(1, 128, 28, 28)>
         %3 = 1.086718201637268             # ClearScalar<float64>
         %4 = multiply(%3, %2)              # EncryptedTensor<float64, shape=(1, 128, 28, 28)>
         %5 = 0.3953508734703064            # ClearScalar<float64>
         %6 = divide(%4, %5)                # EncryptedTensor<float64, shape=(1, 128, 28, 28)>
         %7 = 0                             # ClearScalar<uint1>
         %8 = add(%6, %7)                   # EncryptedTensor<float64, shape=(1, 128, 28, 28)>
         %9 = rint(%8)                      # EncryptedTensor<float64, shape=(1, 128, 28, 28)>
        %10 = astype(%9, dtype=int_)        # EncryptedTensor<uint1, shape=(1, 128, 28, 28)>
        return %10

    %96 = subgraph(%94):

         %0 = input                         # EncryptedTensor<uint1, shape=(1, 128, 28, 28)>
         %1 = 0.0                           # ClearScalar<float64>
         %2 = subtract(%0, %1)              # EncryptedTensor<float64, shape=(1, 128, 28, 28)>
         %3 = 0.7580317854881287            # ClearScalar<float64>
         %4 = multiply(%3, %2)              # EncryptedTensor<float64, shape=(1, 128, 28, 28)>
         %5 = 0.3953508734703064            # ClearScalar<float64>
         %6 = divide(%4, %5)                # EncryptedTensor<float64, shape=(1, 128, 28, 28)>
         %7 = 0                             # ClearScalar<uint1>
         %8 = add(%6, %7)                   # EncryptedTensor<float64, shape=(1, 128, 28, 28)>
         %9 = rint(%8)                      # EncryptedTensor<float64, shape=(1, 128, 28, 28)>
        %10 = astype(%9, dtype=int_)        # EncryptedTensor<uint1, shape=(1, 128, 28, 28)>
        return %10

    %100 = subgraph(%99):

         %0 = input                          # EncryptedTensor<uint2, shape=(1, 128, 28, 28)>
         %1 = 0.0                            # ClearScalar<float64>
         %2 = subtract(%0, %1)               # EncryptedTensor<float64, shape=(1, 128, 28, 28)>
         %3 = 0.3953508734703064             # ClearScalar<float64>
         %4 = multiply(%3, %2)               # EncryptedTensor<float64, shape=(1, 128, 28, 28)>
         %5 = 0                              # ClearScalar<uint1>
         %6 = maximum(%4, %5)                # EncryptedTensor<float64, shape=(1, 128, 28, 28)>
         %7 = 1.0574552                      # ClearScalar<float32>
         %8 = divide(%6, %7)                 # EncryptedTensor<float64, shape=(1, 128, 28, 28)>
         %9 = 0.0                            # ClearScalar<float32>
        %10 = add(%8, %9)                    # EncryptedTensor<float64, shape=(1, 128, 28, 28)>
        %11 = 0.0                            # ClearScalar<float64>
        %12 = 15.0                           # ClearScalar<float64>
        %13 = clip(%10, %11, %12)            # EncryptedTensor<float64, shape=(1, 128, 28, 28)>
        %14 = rint(%13)                      # EncryptedTensor<float64, shape=(1, 128, 28, 28)>
        %15 = 0.0                            # ClearScalar<float32>
        %16 = subtract(%14, %15)             # EncryptedTensor<float64, shape=(1, 128, 28, 28)>
        %17 = 1.0574552                      # ClearScalar<float32>
        %18 = multiply(%16, %17)             # EncryptedTensor<float64, shape=(1, 128, 28, 28)>
        %19 = 1.0574551820755005             # ClearScalar<float64>
        %20 = divide(%18, %19)               # EncryptedTensor<float64, shape=(1, 128, 28, 28)>
        %21 = 0                              # ClearScalar<uint1>
        %22 = add(%20, %21)                  # EncryptedTensor<float64, shape=(1, 128, 28, 28)>
        %23 = rint(%22)                      # EncryptedTensor<float64, shape=(1, 128, 28, 28)>
        %24 = astype(%23, dtype=int_)        # EncryptedTensor<uint1, shape=(1, 128, 28, 28)>
        return %24

    %108 = subgraph(%107):

         %0 = input                            # EncryptedTensor<uint1, shape=(1, 256, 14, 14)>          @ /trunk/trunk.8/C1/Conv.conv_rounding
         %1 = astype(%0, dtype=float64)        # EncryptedTensor<float64, shape=(1, 256, 14, 14)>
         %2 = 0                                # ClearScalar<uint1>
         %3 = add(%1, %2)                      # EncryptedTensor<float64, shape=(1, 256, 14, 14)>
         %4 = [[[[0]]  [ ... ]  [[0]]]]        # ClearTensor<uint1, shape=(1, 256, 1, 1)>
         %5 = subtract(%3, %4)                 # EncryptedTensor<float64, shape=(1, 256, 14, 14)>
         %6 = 0.02430967291871733              # ClearScalar<float64>
         %7 = multiply(%6, %5)                 # EncryptedTensor<float64, shape=(1, 256, 14, 14)>
         %8 = [[[[-1.919 ... 0139  ]]]]        # ClearTensor<float32, shape=(1, 256, 1, 1)>
         %9 = subtract(%7, %8)                 # EncryptedTensor<float64, shape=(1, 256, 14, 14)>
        %10 = [[[[3.5760 ... 363595]]]]        # ClearTensor<float32, shape=(1, 256, 1, 1)>
        %11 = divide(%9, %10)                  # EncryptedTensor<float64, shape=(1, 256, 14, 14)>
        %12 = [[[[0.9686 ... 00832 ]]]]        # ClearTensor<float32, shape=(1, 256, 1, 1)>
        %13 = multiply(%11, %12)               # EncryptedTensor<float64, shape=(1, 256, 14, 14)>
        %14 = [[[[ 0.001 ... 393164]]]]        # ClearTensor<float32, shape=(1, 256, 1, 1)>
        %15 = add(%13, %14)                    # EncryptedTensor<float64, shape=(1, 256, 14, 14)>
        %16 = 0                                # ClearScalar<uint1>
        %17 = maximum(%15, %16)                # EncryptedTensor<float64, shape=(1, 256, 14, 14)>
        %18 = 0.47403035                       # ClearScalar<float32>
        %19 = divide(%17, %18)                 # EncryptedTensor<float64, shape=(1, 256, 14, 14)>
        %20 = 0.0                              # ClearScalar<float32>
        %21 = add(%19, %20)                    # EncryptedTensor<float64, shape=(1, 256, 14, 14)>
        %22 = 0.0                              # ClearScalar<float64>
        %23 = 15.0                             # ClearScalar<float64>
        %24 = clip(%21, %22, %23)              # EncryptedTensor<float64, shape=(1, 256, 14, 14)>
        %25 = rint(%24)                        # EncryptedTensor<float64, shape=(1, 256, 14, 14)>
        %26 = 0.0                              # ClearScalar<float32>
        %27 = subtract(%25, %26)               # EncryptedTensor<float64, shape=(1, 256, 14, 14)>
        %28 = 0.47403035                       # ClearScalar<float32>
        %29 = multiply(%27, %28)               # EncryptedTensor<float64, shape=(1, 256, 14, 14)>
        %30 = 0.47403034567832947              # ClearScalar<float64>
        %31 = divide(%29, %30)                 # EncryptedTensor<float64, shape=(1, 256, 14, 14)>
        %32 = 0                                # ClearScalar<uint1>
        %33 = add(%31, %32)                    # EncryptedTensor<float64, shape=(1, 256, 14, 14)>
        %34 = rint(%33)                        # EncryptedTensor<float64, shape=(1, 256, 14, 14)>
        %35 = astype(%34, dtype=int_)          # EncryptedTensor<uint1, shape=(1, 256, 14, 14)>
        return %35

    %116 = subgraph(%99):

         %0 = input                          # EncryptedTensor<uint2, shape=(1, 128, 28, 28)>
         %1 = 0.0                            # ClearScalar<float64>
         %2 = subtract(%0, %1)               # EncryptedTensor<float64, shape=(1, 128, 28, 28)>
         %3 = 0.3953508734703064             # ClearScalar<float64>
         %4 = multiply(%3, %2)               # EncryptedTensor<float64, shape=(1, 128, 28, 28)>
         %5 = 0                              # ClearScalar<uint1>
         %6 = maximum(%4, %5)                # EncryptedTensor<float64, shape=(1, 128, 28, 28)>
         %7 = 1.0574552                      # ClearScalar<float32>
         %8 = divide(%6, %7)                 # EncryptedTensor<float64, shape=(1, 128, 28, 28)>
         %9 = 0.0                            # ClearScalar<float32>
        %10 = add(%8, %9)                    # EncryptedTensor<float64, shape=(1, 128, 28, 28)>
        %11 = 0.0                            # ClearScalar<float64>
        %12 = 15.0                           # ClearScalar<float64>
        %13 = clip(%10, %11, %12)            # EncryptedTensor<float64, shape=(1, 128, 28, 28)>
        %14 = rint(%13)                      # EncryptedTensor<float64, shape=(1, 128, 28, 28)>
        %15 = 0.0                            # ClearScalar<float32>
        %16 = subtract(%14, %15)             # EncryptedTensor<float64, shape=(1, 128, 28, 28)>
        %17 = 1.0574552                      # ClearScalar<float32>
        %18 = multiply(%16, %17)             # EncryptedTensor<float64, shape=(1, 128, 28, 28)>
        %19 = 1.0574551820755005             # ClearScalar<float64>
        %20 = divide(%18, %19)               # EncryptedTensor<float64, shape=(1, 128, 28, 28)>
        %21 = 0                              # ClearScalar<uint1>
        %22 = add(%20, %21)                  # EncryptedTensor<float64, shape=(1, 128, 28, 28)>
        %23 = rint(%22)                      # EncryptedTensor<float64, shape=(1, 128, 28, 28)>
        %24 = astype(%23, dtype=int_)        # EncryptedTensor<uint1, shape=(1, 128, 28, 28)>
        return %24

    %120 = subgraph(%115):

         %0 = input                            # EncryptedTensor<uint1, shape=(1, 256, 14, 14)>          @ /trunk/trunk.8/C2/Conv.conv_rounding
         %1 = astype(%0, dtype=float64)        # EncryptedTensor<float64, shape=(1, 256, 14, 14)>
         %2 = 0                                # ClearScalar<uint1>
         %3 = add(%1, %2)                      # EncryptedTensor<float64, shape=(1, 256, 14, 14)>
         %4 = [[[[0]]  [ ... ]  [[0]]]]        # ClearTensor<uint1, shape=(1, 256, 1, 1)>
         %5 = subtract(%3, %4)                 # EncryptedTensor<float64, shape=(1, 256, 14, 14)>
         %6 = 0.010308664886933883             # ClearScalar<float64>
         %7 = multiply(%6, %5)                 # EncryptedTensor<float64, shape=(1, 256, 14, 14)>
         %8 = [[[[-3.212 ... 99017 ]]]]        # ClearTensor<float32, shape=(1, 256, 1, 1)>
         %9 = subtract(%7, %8)                 # EncryptedTensor<float64, shape=(1, 256, 14, 14)>
        %10 = [[[[3.9953 ... 241057]]]]        # ClearTensor<float32, shape=(1, 256, 1, 1)>
        %11 = divide(%9, %10)                  # EncryptedTensor<float64, shape=(1, 256, 14, 14)>
        %12 = [[[[0.9895 ... 98852 ]]]]        # ClearTensor<float32, shape=(1, 256, 1, 1)>
        %13 = multiply(%11, %12)               # EncryptedTensor<float64, shape=(1, 256, 14, 14)>
        %14 = [[[[-1.120 ... 72e-02]]]]        # ClearTensor<float32, shape=(1, 256, 1, 1)>
        %15 = add(%13, %14)                    # EncryptedTensor<float64, shape=(1, 256, 14, 14)>
        %16 = 0.9626945                        # ClearScalar<float32>
        %17 = divide(%15, %16)                 # EncryptedTensor<float64, shape=(1, 256, 14, 14)>
        %18 = 0.0                              # ClearScalar<float32>
        %19 = add(%17, %18)                    # EncryptedTensor<float64, shape=(1, 256, 14, 14)>
        %20 = -8.0                             # ClearScalar<float64>
        %21 = 7.0                              # ClearScalar<float64>
        %22 = clip(%19, %20, %21)              # EncryptedTensor<float64, shape=(1, 256, 14, 14)>
        %23 = rint(%22)                        # EncryptedTensor<float64, shape=(1, 256, 14, 14)>
        %24 = 0.0                              # ClearScalar<float32>
        %25 = subtract(%23, %24)               # EncryptedTensor<float64, shape=(1, 256, 14, 14)>
        %26 = 0.9626945                        # ClearScalar<float32>
        %27 = multiply(%25, %26)               # EncryptedTensor<float64, shape=(1, 256, 14, 14)>
        %28 = 0.962694525718689                # ClearScalar<float64>
        %29 = divide(%27, %28)                 # EncryptedTensor<float64, shape=(1, 256, 14, 14)>
        %30 = 0                                # ClearScalar<uint1>
        %31 = add(%29, %30)                    # EncryptedTensor<float64, shape=(1, 256, 14, 14)>
        %32 = rint(%31)                        # EncryptedTensor<float64, shape=(1, 256, 14, 14)>
        %33 = astype(%32, dtype=int_)          # EncryptedTensor<uint1, shape=(1, 256, 14, 14)>
        return %33

    %121 = subgraph(%119):

         %0 = input                            # EncryptedTensor<uint1, shape=(1, 256, 14, 14)>          @ /trunk/trunk.8/shortcut/Conv.conv_rounding
         %1 = astype(%0, dtype=float64)        # EncryptedTensor<float64, shape=(1, 256, 14, 14)>
         %2 = 0                                # ClearScalar<uint1>
         %3 = add(%1, %2)                      # EncryptedTensor<float64, shape=(1, 256, 14, 14)>
         %4 = [[[[0]]  [ ... ]  [[0]]]]        # ClearTensor<uint1, shape=(1, 256, 1, 1)>
         %5 = subtract(%3, %4)                 # EncryptedTensor<float64, shape=(1, 256, 14, 14)>
         %6 = 0.05165386892435686              # ClearScalar<float64>
         %7 = multiply(%6, %5)                 # EncryptedTensor<float64, shape=(1, 256, 14, 14)>
         %8 = [[[[-0.312 ... 151916]]]]        # ClearTensor<float32, shape=(1, 256, 1, 1)>
         %9 = subtract(%7, %8)                 # EncryptedTensor<float64, shape=(1, 256, 14, 14)>
        %10 = [[[[1.7109 ... 40024 ]]]]        # ClearTensor<float32, shape=(1, 256, 1, 1)>
        %11 = divide(%9, %10)                  # EncryptedTensor<float64, shape=(1, 256, 14, 14)>
        %12 = [[[[0.9722 ... 830944]]]]        # ClearTensor<float32, shape=(1, 256, 1, 1)>
        %13 = multiply(%11, %12)               # EncryptedTensor<float64, shape=(1, 256, 14, 14)>
        %14 = [[[[-1.146 ... 89e-02]]]]        # ClearTensor<float32, shape=(1, 256, 1, 1)>
        %15 = add(%13, %14)                    # EncryptedTensor<float64, shape=(1, 256, 14, 14)>
        %16 = 0.941473                         # ClearScalar<float32>
        %17 = divide(%15, %16)                 # EncryptedTensor<float64, shape=(1, 256, 14, 14)>
        %18 = 0.0                              # ClearScalar<float32>
        %19 = add(%17, %18)                    # EncryptedTensor<float64, shape=(1, 256, 14, 14)>
        %20 = -8.0                             # ClearScalar<float64>
        %21 = 7.0                              # ClearScalar<float64>
        %22 = clip(%19, %20, %21)              # EncryptedTensor<float64, shape=(1, 256, 14, 14)>
        %23 = rint(%22)                        # EncryptedTensor<float64, shape=(1, 256, 14, 14)>
        %24 = 0.0                              # ClearScalar<float32>
        %25 = subtract(%23, %24)               # EncryptedTensor<float64, shape=(1, 256, 14, 14)>
        %26 = 0.941473                         # ClearScalar<float32>
        %27 = multiply(%25, %26)               # EncryptedTensor<float64, shape=(1, 256, 14, 14)>
        %28 = 0.9414730072021484               # ClearScalar<float64>
        %29 = divide(%27, %28)                 # EncryptedTensor<float64, shape=(1, 256, 14, 14)>
        %30 = 0                                # ClearScalar<uint1>
        %31 = add(%29, %30)                    # EncryptedTensor<float64, shape=(1, 256, 14, 14)>
        %32 = rint(%31)                        # EncryptedTensor<float64, shape=(1, 256, 14, 14)>
        %33 = astype(%32, dtype=int_)          # EncryptedTensor<uint1, shape=(1, 256, 14, 14)>
        return %33

    %122 = subgraph(%120):

         %0 = input                         # EncryptedTensor<uint1, shape=(1, 256, 14, 14)>
         %1 = 0.0                           # ClearScalar<float64>
         %2 = subtract(%0, %1)              # EncryptedTensor<float64, shape=(1, 256, 14, 14)>
         %3 = 0.962694525718689             # ClearScalar<float64>
         %4 = multiply(%3, %2)              # EncryptedTensor<float64, shape=(1, 256, 14, 14)>
         %5 = 0.33749389263891405           # ClearScalar<float64>
         %6 = divide(%4, %5)                # EncryptedTensor<float64, shape=(1, 256, 14, 14)>
         %7 = 0                             # ClearScalar<uint1>
         %8 = add(%6, %7)                   # EncryptedTensor<float64, shape=(1, 256, 14, 14)>
         %9 = rint(%8)                      # EncryptedTensor<float64, shape=(1, 256, 14, 14)>
        %10 = astype(%9, dtype=int_)        # EncryptedTensor<uint1, shape=(1, 256, 14, 14)>
        return %10

    %123 = subgraph(%121):

         %0 = input                         # EncryptedTensor<uint1, shape=(1, 256, 14, 14)>
         %1 = 0.0                           # ClearScalar<float64>
         %2 = subtract(%0, %1)              # EncryptedTensor<float64, shape=(1, 256, 14, 14)>
         %3 = 0.9414730072021484            # ClearScalar<float64>
         %4 = multiply(%3, %2)              # EncryptedTensor<float64, shape=(1, 256, 14, 14)>
         %5 = 0.33749389263891405           # ClearScalar<float64>
         %6 = divide(%4, %5)                # EncryptedTensor<float64, shape=(1, 256, 14, 14)>
         %7 = 0                             # ClearScalar<uint1>
         %8 = add(%6, %7)                   # EncryptedTensor<float64, shape=(1, 256, 14, 14)>
         %9 = rint(%8)                      # EncryptedTensor<float64, shape=(1, 256, 14, 14)>
        %10 = astype(%9, dtype=int_)        # EncryptedTensor<uint1, shape=(1, 256, 14, 14)>
        return %10

    %127 = subgraph(%126):

         %0 = input                          # EncryptedTensor<uint2, shape=(1, 256, 14, 14)>
         %1 = 0.0                            # ClearScalar<float64>
         %2 = subtract(%0, %1)               # EncryptedTensor<float64, shape=(1, 256, 14, 14)>
         %3 = 0.33749389263891405            # ClearScalar<float64>
         %4 = multiply(%3, %2)               # EncryptedTensor<float64, shape=(1, 256, 14, 14)>
         %5 = 0                              # ClearScalar<uint1>
         %6 = maximum(%4, %5)                # EncryptedTensor<float64, shape=(1, 256, 14, 14)>
         %7 = 0.8472635                      # ClearScalar<float32>
         %8 = divide(%6, %7)                 # EncryptedTensor<float64, shape=(1, 256, 14, 14)>
         %9 = 0.0                            # ClearScalar<float32>
        %10 = add(%8, %9)                    # EncryptedTensor<float64, shape=(1, 256, 14, 14)>
        %11 = 0.0                            # ClearScalar<float64>
        %12 = 15.0                           # ClearScalar<float64>
        %13 = clip(%10, %11, %12)            # EncryptedTensor<float64, shape=(1, 256, 14, 14)>
        %14 = rint(%13)                      # EncryptedTensor<float64, shape=(1, 256, 14, 14)>
        %15 = 0.0                            # ClearScalar<float32>
        %16 = subtract(%14, %15)             # EncryptedTensor<float64, shape=(1, 256, 14, 14)>
        %17 = 0.8472635                      # ClearScalar<float32>
        %18 = multiply(%16, %17)             # EncryptedTensor<float64, shape=(1, 256, 14, 14)>
        %19 = 0.847263514995575              # ClearScalar<float64>
        %20 = divide(%18, %19)               # EncryptedTensor<float64, shape=(1, 256, 14, 14)>
        %21 = 0                              # ClearScalar<uint1>
        %22 = add(%20, %21)                  # EncryptedTensor<float64, shape=(1, 256, 14, 14)>
        %23 = rint(%22)                      # EncryptedTensor<float64, shape=(1, 256, 14, 14)>
        %24 = astype(%23, dtype=int_)        # EncryptedTensor<uint1, shape=(1, 256, 14, 14)>
        return %24

    %135 = subgraph(%134):

         %0 = input                            # EncryptedTensor<uint1, shape=(1, 256, 14, 14)>          @ /trunk/trunk.9/C1/Conv.conv_rounding
         %1 = astype(%0, dtype=float64)        # EncryptedTensor<float64, shape=(1, 256, 14, 14)>
         %2 = 0                                # ClearScalar<uint1>
         %3 = add(%1, %2)                      # EncryptedTensor<float64, shape=(1, 256, 14, 14)>
         %4 = [[[[0]]  [ ... ]  [[0]]]]        # ClearTensor<uint1, shape=(1, 256, 1, 1)>
         %5 = subtract(%3, %4)                 # EncryptedTensor<float64, shape=(1, 256, 14, 14)>
         %6 = 0.01871458423973482              # ClearScalar<float64>
         %7 = multiply(%6, %5)                 # EncryptedTensor<float64, shape=(1, 256, 14, 14)>
         %8 = [[[[-0.918 ... 379   ]]]]        # ClearTensor<float32, shape=(1, 256, 1, 1)>
         %9 = subtract(%7, %8)                 # EncryptedTensor<float64, shape=(1, 256, 14, 14)>
        %10 = [[[[3.1460 ... 330026]]]]        # ClearTensor<float32, shape=(1, 256, 1, 1)>
        %11 = divide(%9, %10)                  # EncryptedTensor<float64, shape=(1, 256, 14, 14)>
        %12 = [[[[0.9204 ... 607194]]]]        # ClearTensor<float32, shape=(1, 256, 1, 1)>
        %13 = multiply(%11, %12)               # EncryptedTensor<float64, shape=(1, 256, 14, 14)>
        %14 = [[[[ 1.052 ... 12e-02]]]]        # ClearTensor<float32, shape=(1, 256, 1, 1)>
        %15 = add(%13, %14)                    # EncryptedTensor<float64, shape=(1, 256, 14, 14)>
        %16 = 0                                # ClearScalar<uint1>
        %17 = maximum(%15, %16)                # EncryptedTensor<float64, shape=(1, 256, 14, 14)>
        %18 = 0.5110172                        # ClearScalar<float32>
        %19 = divide(%17, %18)                 # EncryptedTensor<float64, shape=(1, 256, 14, 14)>
        %20 = 0.0                              # ClearScalar<float32>
        %21 = add(%19, %20)                    # EncryptedTensor<float64, shape=(1, 256, 14, 14)>
        %22 = 0.0                              # ClearScalar<float64>
        %23 = 15.0                             # ClearScalar<float64>
        %24 = clip(%21, %22, %23)              # EncryptedTensor<float64, shape=(1, 256, 14, 14)>
        %25 = rint(%24)                        # EncryptedTensor<float64, shape=(1, 256, 14, 14)>
        %26 = 0.0                              # ClearScalar<float32>
        %27 = subtract(%25, %26)               # EncryptedTensor<float64, shape=(1, 256, 14, 14)>
        %28 = 0.5110172                        # ClearScalar<float32>
        %29 = multiply(%27, %28)               # EncryptedTensor<float64, shape=(1, 256, 14, 14)>
        %30 = 0.5110172033309937               # ClearScalar<float64>
        %31 = divide(%29, %30)                 # EncryptedTensor<float64, shape=(1, 256, 14, 14)>
        %32 = 0                                # ClearScalar<uint1>
        %33 = add(%31, %32)                    # EncryptedTensor<float64, shape=(1, 256, 14, 14)>
        %34 = rint(%33)                        # EncryptedTensor<float64, shape=(1, 256, 14, 14)>
        %35 = astype(%34, dtype=int_)          # EncryptedTensor<uint1, shape=(1, 256, 14, 14)>
        return %35

    %143 = subgraph(%142):

         %0 = input                            # EncryptedTensor<uint1, shape=(1, 256, 14, 14)>          @ /trunk/trunk.9/C2/Conv.conv_rounding
         %1 = astype(%0, dtype=float64)        # EncryptedTensor<float64, shape=(1, 256, 14, 14)>
         %2 = 0                                # ClearScalar<uint1>
         %3 = add(%1, %2)                      # EncryptedTensor<float64, shape=(1, 256, 14, 14)>
         %4 = [[[[0]]  [ ... ]  [[0]]]]        # ClearTensor<uint1, shape=(1, 256, 1, 1)>
         %5 = subtract(%3, %4)                 # EncryptedTensor<float64, shape=(1, 256, 14, 14)>
         %6 = 0.01154167615009527              # ClearScalar<float64>
         %7 = multiply(%6, %5)                 # EncryptedTensor<float64, shape=(1, 256, 14, 14)>
         %8 = [[[[ 9.172 ... 78e-01]]]]        # ClearTensor<float32, shape=(1, 256, 1, 1)>
         %9 = subtract(%7, %8)                 # EncryptedTensor<float64, shape=(1, 256, 14, 14)>
        %10 = [[[[4.3982 ... 209154]]]]        # ClearTensor<float32, shape=(1, 256, 1, 1)>
        %11 = divide(%9, %10)                  # EncryptedTensor<float64, shape=(1, 256, 14, 14)>
        %12 = [[[[0.9595 ... 273946]]]]        # ClearTensor<float32, shape=(1, 256, 1, 1)>
        %13 = multiply(%11, %12)               # EncryptedTensor<float64, shape=(1, 256, 14, 14)>
        %14 = [[[[-0.003 ... 632694]]]]        # ClearTensor<float32, shape=(1, 256, 1, 1)>
        %15 = add(%13, %14)                    # EncryptedTensor<float64, shape=(1, 256, 14, 14)>
        %16 = 1.0808252                        # ClearScalar<float32>
        %17 = divide(%15, %16)                 # EncryptedTensor<float64, shape=(1, 256, 14, 14)>
        %18 = 0.0                              # ClearScalar<float32>
        %19 = add(%17, %18)                    # EncryptedTensor<float64, shape=(1, 256, 14, 14)>
        %20 = -8.0                             # ClearScalar<float64>
        %21 = 7.0                              # ClearScalar<float64>
        %22 = clip(%19, %20, %21)              # EncryptedTensor<float64, shape=(1, 256, 14, 14)>
        %23 = rint(%22)                        # EncryptedTensor<float64, shape=(1, 256, 14, 14)>
        %24 = 0.0                              # ClearScalar<float32>
        %25 = subtract(%23, %24)               # EncryptedTensor<float64, shape=(1, 256, 14, 14)>
        %26 = 1.0808252                        # ClearScalar<float32>
        %27 = multiply(%25, %26)               # EncryptedTensor<float64, shape=(1, 256, 14, 14)>
        %28 = 1.0808252096176147               # ClearScalar<float64>
        %29 = divide(%27, %28)                 # EncryptedTensor<float64, shape=(1, 256, 14, 14)>
        %30 = 0                                # ClearScalar<uint1>
        %31 = add(%29, %30)                    # EncryptedTensor<float64, shape=(1, 256, 14, 14)>
        %32 = rint(%31)                        # EncryptedTensor<float64, shape=(1, 256, 14, 14)>
        %33 = astype(%32, dtype=int_)          # EncryptedTensor<uint1, shape=(1, 256, 14, 14)>
        return %33

    %144 = subgraph(%126):

         %0 = input                          # EncryptedTensor<uint2, shape=(1, 256, 14, 14)>
         %1 = 0.0                            # ClearScalar<float64>
         %2 = subtract(%0, %1)               # EncryptedTensor<float64, shape=(1, 256, 14, 14)>
         %3 = 0.33749389263891405            # ClearScalar<float64>
         %4 = multiply(%3, %2)               # EncryptedTensor<float64, shape=(1, 256, 14, 14)>
         %5 = 0                              # ClearScalar<uint1>
         %6 = maximum(%4, %5)                # EncryptedTensor<float64, shape=(1, 256, 14, 14)>
         %7 = 0.8472635                      # ClearScalar<float32>
         %8 = divide(%6, %7)                 # EncryptedTensor<float64, shape=(1, 256, 14, 14)>
         %9 = 0.0                            # ClearScalar<float32>
        %10 = add(%8, %9)                    # EncryptedTensor<float64, shape=(1, 256, 14, 14)>
        %11 = 0.0                            # ClearScalar<float64>
        %12 = 15.0                           # ClearScalar<float64>
        %13 = clip(%10, %11, %12)            # EncryptedTensor<float64, shape=(1, 256, 14, 14)>
        %14 = rint(%13)                      # EncryptedTensor<float64, shape=(1, 256, 14, 14)>
        %15 = 0.0                            # ClearScalar<float32>
        %16 = subtract(%14, %15)             # EncryptedTensor<float64, shape=(1, 256, 14, 14)>
        %17 = 0.8472635                      # ClearScalar<float32>
        %18 = multiply(%16, %17)             # EncryptedTensor<float64, shape=(1, 256, 14, 14)>
        %19 = 0.847263514995575              # ClearScalar<float64>
        %20 = divide(%18, %19)               # EncryptedTensor<float64, shape=(1, 256, 14, 14)>
        %21 = 0                              # ClearScalar<uint1>
        %22 = add(%20, %21)                  # EncryptedTensor<float64, shape=(1, 256, 14, 14)>
        %23 = rint(%22)                      # EncryptedTensor<float64, shape=(1, 256, 14, 14)>
        %24 = astype(%23, dtype=int_)        # EncryptedTensor<uint1, shape=(1, 256, 14, 14)>
        return %24

    %145 = subgraph(%143):

         %0 = input                         # EncryptedTensor<uint1, shape=(1, 256, 14, 14)>
         %1 = 0.0                           # ClearScalar<float64>
         %2 = subtract(%0, %1)              # EncryptedTensor<float64, shape=(1, 256, 14, 14)>
         %3 = 1.0808252096176147            # ClearScalar<float64>
         %4 = multiply(%3, %2)              # EncryptedTensor<float64, shape=(1, 256, 14, 14)>
         %5 = 0.3656442146147451            # ClearScalar<float64>
         %6 = divide(%4, %5)                # EncryptedTensor<float64, shape=(1, 256, 14, 14)>
         %7 = 0                             # ClearScalar<uint1>
         %8 = add(%6, %7)                   # EncryptedTensor<float64, shape=(1, 256, 14, 14)>
         %9 = rint(%8)                      # EncryptedTensor<float64, shape=(1, 256, 14, 14)>
        %10 = astype(%9, dtype=int_)        # EncryptedTensor<uint1, shape=(1, 256, 14, 14)>
        return %10

    %146 = subgraph(%144):

         %0 = input                         # EncryptedTensor<uint1, shape=(1, 256, 14, 14)>
         %1 = 0.0                           # ClearScalar<float64>
         %2 = subtract(%0, %1)              # EncryptedTensor<float64, shape=(1, 256, 14, 14)>
         %3 = 0.847263514995575             # ClearScalar<float64>
         %4 = multiply(%3, %2)              # EncryptedTensor<float64, shape=(1, 256, 14, 14)>
         %5 = 0.3656442146147451            # ClearScalar<float64>
         %6 = divide(%4, %5)                # EncryptedTensor<float64, shape=(1, 256, 14, 14)>
         %7 = 0                             # ClearScalar<uint1>
         %8 = add(%6, %7)                   # EncryptedTensor<float64, shape=(1, 256, 14, 14)>
         %9 = rint(%8)                      # EncryptedTensor<float64, shape=(1, 256, 14, 14)>
        %10 = astype(%9, dtype=int_)        # EncryptedTensor<uint1, shape=(1, 256, 14, 14)>
        return %10

    %150 = subgraph(%149):

         %0 = input                          # EncryptedTensor<uint2, shape=(1, 256, 14, 14)>
         %1 = 0.0                            # ClearScalar<float64>
         %2 = subtract(%0, %1)               # EncryptedTensor<float64, shape=(1, 256, 14, 14)>
         %3 = 0.3656442146147451             # ClearScalar<float64>
         %4 = multiply(%3, %2)               # EncryptedTensor<float64, shape=(1, 256, 14, 14)>
         %5 = 0                              # ClearScalar<uint1>
         %6 = maximum(%4, %5)                # EncryptedTensor<float64, shape=(1, 256, 14, 14)>
         %7 = 1.1284292                      # ClearScalar<float32>
         %8 = divide(%6, %7)                 # EncryptedTensor<float64, shape=(1, 256, 14, 14)>
         %9 = 0.0                            # ClearScalar<float32>
        %10 = add(%8, %9)                    # EncryptedTensor<float64, shape=(1, 256, 14, 14)>
        %11 = 0.0                            # ClearScalar<float64>
        %12 = 15.0                           # ClearScalar<float64>
        %13 = clip(%10, %11, %12)            # EncryptedTensor<float64, shape=(1, 256, 14, 14)>
        %14 = rint(%13)                      # EncryptedTensor<float64, shape=(1, 256, 14, 14)>
        %15 = 0.0                            # ClearScalar<float32>
        %16 = subtract(%14, %15)             # EncryptedTensor<float64, shape=(1, 256, 14, 14)>
        %17 = 1.1284292                      # ClearScalar<float32>
        %18 = multiply(%16, %17)             # EncryptedTensor<float64, shape=(1, 256, 14, 14)>
        %19 = 1.1284291744232178             # ClearScalar<float64>
        %20 = divide(%18, %19)               # EncryptedTensor<float64, shape=(1, 256, 14, 14)>
        %21 = 0                              # ClearScalar<uint1>
        %22 = add(%20, %21)                  # EncryptedTensor<float64, shape=(1, 256, 14, 14)>
        %23 = rint(%22)                      # EncryptedTensor<float64, shape=(1, 256, 14, 14)>
        %24 = astype(%23, dtype=int_)        # EncryptedTensor<uint1, shape=(1, 256, 14, 14)>
        return %24

    %158 = subgraph(%157):

         %0 = input                            # EncryptedTensor<uint1, shape=(1, 512, 7, 7)>          @ /trunk/trunk.10/C1/Conv.conv_rounding
         %1 = astype(%0, dtype=float64)        # EncryptedTensor<float64, shape=(1, 512, 7, 7)>
         %2 = 0                                # ClearScalar<uint1>
         %3 = add(%1, %2)                      # EncryptedTensor<float64, shape=(1, 512, 7, 7)>
         %4 = [[[[0]]  [ ... ]  [[0]]]]        # ClearTensor<uint1, shape=(1, 512, 1, 1)>
         %5 = subtract(%3, %4)                 # EncryptedTensor<float64, shape=(1, 512, 7, 7)>
         %6 = 0.020744180501963694             # ClearScalar<float64>
         %7 = multiply(%6, %5)                 # EncryptedTensor<float64, shape=(1, 512, 7, 7)>
         %8 = [[[[-3.022 ... 93e-01]]]]        # ClearTensor<float32, shape=(1, 512, 1, 1)>
         %9 = subtract(%7, %8)                 # EncryptedTensor<float64, shape=(1, 512, 7, 7)>
        %10 = [[[[4.5999 ... 737295]]]]        # ClearTensor<float32, shape=(1, 512, 1, 1)>
        %11 = divide(%9, %10)                  # EncryptedTensor<float64, shape=(1, 512, 7, 7)>
        %12 = [[[[0.9154 ... 91028 ]]]]        # ClearTensor<float32, shape=(1, 512, 1, 1)>
        %13 = multiply(%11, %12)               # EncryptedTensor<float64, shape=(1, 512, 7, 7)>
        %14 = [[[[ 2.130 ... 69e-02]]]]        # ClearTensor<float32, shape=(1, 512, 1, 1)>
        %15 = add(%13, %14)                    # EncryptedTensor<float64, shape=(1, 512, 7, 7)>
        %16 = 0                                # ClearScalar<uint1>
        %17 = maximum(%15, %16)                # EncryptedTensor<float64, shape=(1, 512, 7, 7)>
        %18 = 0.48369947                       # ClearScalar<float32>
        %19 = divide(%17, %18)                 # EncryptedTensor<float64, shape=(1, 512, 7, 7)>
        %20 = 0.0                              # ClearScalar<float32>
        %21 = add(%19, %20)                    # EncryptedTensor<float64, shape=(1, 512, 7, 7)>
        %22 = 0.0                              # ClearScalar<float64>
        %23 = 15.0                             # ClearScalar<float64>
        %24 = clip(%21, %22, %23)              # EncryptedTensor<float64, shape=(1, 512, 7, 7)>
        %25 = rint(%24)                        # EncryptedTensor<float64, shape=(1, 512, 7, 7)>
        %26 = 0.0                              # ClearScalar<float32>
        %27 = subtract(%25, %26)               # EncryptedTensor<float64, shape=(1, 512, 7, 7)>
        %28 = 0.48369947                       # ClearScalar<float32>
        %29 = multiply(%27, %28)               # EncryptedTensor<float64, shape=(1, 512, 7, 7)>
        %30 = 0.4836994707584381               # ClearScalar<float64>
        %31 = divide(%29, %30)                 # EncryptedTensor<float64, shape=(1, 512, 7, 7)>
        %32 = 0                                # ClearScalar<uint1>
        %33 = add(%31, %32)                    # EncryptedTensor<float64, shape=(1, 512, 7, 7)>
        %34 = rint(%33)                        # EncryptedTensor<float64, shape=(1, 512, 7, 7)>
        %35 = astype(%34, dtype=int_)          # EncryptedTensor<uint1, shape=(1, 512, 7, 7)>
        return %35

    %166 = subgraph(%149):

         %0 = input                          # EncryptedTensor<uint2, shape=(1, 256, 14, 14)>
         %1 = 0.0                            # ClearScalar<float64>
         %2 = subtract(%0, %1)               # EncryptedTensor<float64, shape=(1, 256, 14, 14)>
         %3 = 0.3656442146147451             # ClearScalar<float64>
         %4 = multiply(%3, %2)               # EncryptedTensor<float64, shape=(1, 256, 14, 14)>
         %5 = 0                              # ClearScalar<uint1>
         %6 = maximum(%4, %5)                # EncryptedTensor<float64, shape=(1, 256, 14, 14)>
         %7 = 1.1284292                      # ClearScalar<float32>
         %8 = divide(%6, %7)                 # EncryptedTensor<float64, shape=(1, 256, 14, 14)>
         %9 = 0.0                            # ClearScalar<float32>
        %10 = add(%8, %9)                    # EncryptedTensor<float64, shape=(1, 256, 14, 14)>
        %11 = 0.0                            # ClearScalar<float64>
        %12 = 15.0                           # ClearScalar<float64>
        %13 = clip(%10, %11, %12)            # EncryptedTensor<float64, shape=(1, 256, 14, 14)>
        %14 = rint(%13)                      # EncryptedTensor<float64, shape=(1, 256, 14, 14)>
        %15 = 0.0                            # ClearScalar<float32>
        %16 = subtract(%14, %15)             # EncryptedTensor<float64, shape=(1, 256, 14, 14)>
        %17 = 1.1284292                      # ClearScalar<float32>
        %18 = multiply(%16, %17)             # EncryptedTensor<float64, shape=(1, 256, 14, 14)>
        %19 = 1.1284291744232178             # ClearScalar<float64>
        %20 = divide(%18, %19)               # EncryptedTensor<float64, shape=(1, 256, 14, 14)>
        %21 = 0                              # ClearScalar<uint1>
        %22 = add(%20, %21)                  # EncryptedTensor<float64, shape=(1, 256, 14, 14)>
        %23 = rint(%22)                      # EncryptedTensor<float64, shape=(1, 256, 14, 14)>
        %24 = astype(%23, dtype=int_)        # EncryptedTensor<uint1, shape=(1, 256, 14, 14)>
        return %24

    %170 = subgraph(%165):

         %0 = input                            # EncryptedTensor<uint1, shape=(1, 512, 7, 7)>          @ /trunk/trunk.10/C2/Conv.conv_rounding
         %1 = astype(%0, dtype=float64)        # EncryptedTensor<float64, shape=(1, 512, 7, 7)>
         %2 = 0                                # ClearScalar<uint1>
         %3 = add(%1, %2)                      # EncryptedTensor<float64, shape=(1, 512, 7, 7)>
         %4 = [[[[0]]  [ ... ]  [[0]]]]        # ClearTensor<uint1, shape=(1, 512, 1, 1)>
         %5 = subtract(%3, %4)                 # EncryptedTensor<float64, shape=(1, 512, 7, 7)>
         %6 = 0.007173203124892169             # ClearScalar<float64>
         %7 = multiply(%6, %5)                 # EncryptedTensor<float64, shape=(1, 512, 7, 7)>
         %8 = [[[[ 1.101 ... 69e+00]]]]        # ClearTensor<float32, shape=(1, 512, 1, 1)>
         %9 = subtract(%7, %8)                 # EncryptedTensor<float64, shape=(1, 512, 7, 7)>
        %10 = [[[[4.5485 ... 731167]]]]        # ClearTensor<float32, shape=(1, 512, 1, 1)>
        %11 = divide(%9, %10)                  # EncryptedTensor<float64, shape=(1, 512, 7, 7)>
        %12 = [[[[0.9836 ... 57247 ]]]]        # ClearTensor<float32, shape=(1, 512, 1, 1)>
        %13 = multiply(%11, %12)               # EncryptedTensor<float64, shape=(1, 512, 7, 7)>
        %14 = [[[[-0.002 ... 877018]]]]        # ClearTensor<float32, shape=(1, 512, 1, 1)>
        %15 = add(%13, %14)                    # EncryptedTensor<float64, shape=(1, 512, 7, 7)>
        %16 = 0.97394735                       # ClearScalar<float32>
        %17 = divide(%15, %16)                 # EncryptedTensor<float64, shape=(1, 512, 7, 7)>
        %18 = 0.0                              # ClearScalar<float32>
        %19 = add(%17, %18)                    # EncryptedTensor<float64, shape=(1, 512, 7, 7)>
        %20 = -8.0                             # ClearScalar<float64>
        %21 = 7.0                              # ClearScalar<float64>
        %22 = clip(%19, %20, %21)              # EncryptedTensor<float64, shape=(1, 512, 7, 7)>
        %23 = rint(%22)                        # EncryptedTensor<float64, shape=(1, 512, 7, 7)>
        %24 = 0.0                              # ClearScalar<float32>
        %25 = subtract(%23, %24)               # EncryptedTensor<float64, shape=(1, 512, 7, 7)>
        %26 = 0.97394735                       # ClearScalar<float32>
        %27 = multiply(%25, %26)               # EncryptedTensor<float64, shape=(1, 512, 7, 7)>
        %28 = 0.9739473462104797               # ClearScalar<float64>
        %29 = divide(%27, %28)                 # EncryptedTensor<float64, shape=(1, 512, 7, 7)>
        %30 = 0                                # ClearScalar<uint1>
        %31 = add(%29, %30)                    # EncryptedTensor<float64, shape=(1, 512, 7, 7)>
        %32 = rint(%31)                        # EncryptedTensor<float64, shape=(1, 512, 7, 7)>
        %33 = astype(%32, dtype=int_)          # EncryptedTensor<uint1, shape=(1, 512, 7, 7)>
        return %33

    %171 = subgraph(%169):

         %0 = input                            # EncryptedTensor<uint1, shape=(1, 512, 7, 7)>          @ /trunk/trunk.10/shortcut/Conv.conv_rounding
         %1 = astype(%0, dtype=float64)        # EncryptedTensor<float64, shape=(1, 512, 7, 7)>
         %2 = 0                                # ClearScalar<uint1>
         %3 = add(%1, %2)                      # EncryptedTensor<float64, shape=(1, 512, 7, 7)>
         %4 = [[[[0]]  [ ... ]  [[0]]]]        # ClearTensor<uint1, shape=(1, 512, 1, 1)>
         %5 = subtract(%3, %4)                 # EncryptedTensor<float64, shape=(1, 512, 7, 7)>
         %6 = 0.05415846760652432              # ClearScalar<float64>
         %7 = multiply(%6, %5)                 # EncryptedTensor<float64, shape=(1, 512, 7, 7)>
         %8 = [[[[-0.228 ... 14593 ]]]]        # ClearTensor<float32, shape=(1, 512, 1, 1)>
         %9 = subtract(%7, %8)                 # EncryptedTensor<float64, shape=(1, 512, 7, 7)>
        %10 = [[[[1.9025 ... 834442]]]]        # ClearTensor<float32, shape=(1, 512, 1, 1)>
        %11 = divide(%9, %10)                  # EncryptedTensor<float64, shape=(1, 512, 7, 7)>
        %12 = [[[[0.9936 ... 21476 ]]]]        # ClearTensor<float32, shape=(1, 512, 1, 1)>
        %13 = multiply(%11, %12)               # EncryptedTensor<float64, shape=(1, 512, 7, 7)>
        %14 = [[[[-0.002 ... 870291]]]]        # ClearTensor<float32, shape=(1, 512, 1, 1)>
        %15 = add(%13, %14)                    # EncryptedTensor<float64, shape=(1, 512, 7, 7)>
        %16 = 0.9605295                        # ClearScalar<float32>
        %17 = divide(%15, %16)                 # EncryptedTensor<float64, shape=(1, 512, 7, 7)>
        %18 = 0.0                              # ClearScalar<float32>
        %19 = add(%17, %18)                    # EncryptedTensor<float64, shape=(1, 512, 7, 7)>
        %20 = -8.0                             # ClearScalar<float64>
        %21 = 7.0                              # ClearScalar<float64>
        %22 = clip(%19, %20, %21)              # EncryptedTensor<float64, shape=(1, 512, 7, 7)>
        %23 = rint(%22)                        # EncryptedTensor<float64, shape=(1, 512, 7, 7)>
        %24 = 0.0                              # ClearScalar<float32>
        %25 = subtract(%23, %24)               # EncryptedTensor<float64, shape=(1, 512, 7, 7)>
        %26 = 0.9605295                        # ClearScalar<float32>
        %27 = multiply(%25, %26)               # EncryptedTensor<float64, shape=(1, 512, 7, 7)>
        %28 = 0.9605295062065125               # ClearScalar<float64>
        %29 = divide(%27, %28)                 # EncryptedTensor<float64, shape=(1, 512, 7, 7)>
        %30 = 0                                # ClearScalar<uint1>
        %31 = add(%29, %30)                    # EncryptedTensor<float64, shape=(1, 512, 7, 7)>
        %32 = rint(%31)                        # EncryptedTensor<float64, shape=(1, 512, 7, 7)>
        %33 = astype(%32, dtype=int_)          # EncryptedTensor<uint1, shape=(1, 512, 7, 7)>
        return %33

    %172 = subgraph(%170):

         %0 = input                         # EncryptedTensor<uint1, shape=(1, 512, 7, 7)>
         %1 = 0.0                           # ClearScalar<float64>
         %2 = subtract(%0, %1)              # EncryptedTensor<float64, shape=(1, 512, 7, 7)>
         %3 = 0.9739473462104797            # ClearScalar<float64>
         %4 = multiply(%3, %2)              # EncryptedTensor<float64, shape=(1, 512, 7, 7)>
         %5 = 0.342997218331983             # ClearScalar<float64>
         %6 = divide(%4, %5)                # EncryptedTensor<float64, shape=(1, 512, 7, 7)>
         %7 = 0                             # ClearScalar<uint1>
         %8 = add(%6, %7)                   # EncryptedTensor<float64, shape=(1, 512, 7, 7)>
         %9 = rint(%8)                      # EncryptedTensor<float64, shape=(1, 512, 7, 7)>
        %10 = astype(%9, dtype=int_)        # EncryptedTensor<uint1, shape=(1, 512, 7, 7)>
        return %10

    %173 = subgraph(%171):

         %0 = input                         # EncryptedTensor<uint1, shape=(1, 512, 7, 7)>
         %1 = 0.0                           # ClearScalar<float64>
         %2 = subtract(%0, %1)              # EncryptedTensor<float64, shape=(1, 512, 7, 7)>
         %3 = 0.9605295062065125            # ClearScalar<float64>
         %4 = multiply(%3, %2)              # EncryptedTensor<float64, shape=(1, 512, 7, 7)>
         %5 = 0.342997218331983             # ClearScalar<float64>
         %6 = divide(%4, %5)                # EncryptedTensor<float64, shape=(1, 512, 7, 7)>
         %7 = 0                             # ClearScalar<uint1>
         %8 = add(%6, %7)                   # EncryptedTensor<float64, shape=(1, 512, 7, 7)>
         %9 = rint(%8)                      # EncryptedTensor<float64, shape=(1, 512, 7, 7)>
        %10 = astype(%9, dtype=int_)        # EncryptedTensor<uint1, shape=(1, 512, 7, 7)>
        return %10

    %177 = subgraph(%176):

         %0 = input                          # EncryptedTensor<uint2, shape=(1, 512, 7, 7)>
         %1 = 0.0                            # ClearScalar<float64>
         %2 = subtract(%0, %1)               # EncryptedTensor<float64, shape=(1, 512, 7, 7)>
         %3 = 0.342997218331983              # ClearScalar<float64>
         %4 = multiply(%3, %2)               # EncryptedTensor<float64, shape=(1, 512, 7, 7)>
         %5 = 0                              # ClearScalar<uint1>
         %6 = maximum(%4, %5)                # EncryptedTensor<float64, shape=(1, 512, 7, 7)>
         %7 = 0.8426012                      # ClearScalar<float32>
         %8 = divide(%6, %7)                 # EncryptedTensor<float64, shape=(1, 512, 7, 7)>
         %9 = 0.0                            # ClearScalar<float32>
        %10 = add(%8, %9)                    # EncryptedTensor<float64, shape=(1, 512, 7, 7)>
        %11 = 0.0                            # ClearScalar<float64>
        %12 = 15.0                           # ClearScalar<float64>
        %13 = clip(%10, %11, %12)            # EncryptedTensor<float64, shape=(1, 512, 7, 7)>
        %14 = rint(%13)                      # EncryptedTensor<float64, shape=(1, 512, 7, 7)>
        %15 = 0.0                            # ClearScalar<float32>
        %16 = subtract(%14, %15)             # EncryptedTensor<float64, shape=(1, 512, 7, 7)>
        %17 = 0.8426012                      # ClearScalar<float32>
        %18 = multiply(%16, %17)             # EncryptedTensor<float64, shape=(1, 512, 7, 7)>
        %19 = 0.8426011800765991             # ClearScalar<float64>
        %20 = divide(%18, %19)               # EncryptedTensor<float64, shape=(1, 512, 7, 7)>
        %21 = 0                              # ClearScalar<uint1>
        %22 = add(%20, %21)                  # EncryptedTensor<float64, shape=(1, 512, 7, 7)>
        %23 = rint(%22)                      # EncryptedTensor<float64, shape=(1, 512, 7, 7)>
        %24 = astype(%23, dtype=int_)        # EncryptedTensor<uint1, shape=(1, 512, 7, 7)>
        return %24

    %185 = subgraph(%184):

         %0 = input                            # EncryptedTensor<uint1, shape=(1, 512, 7, 7)>          @ /trunk/trunk.11/C1/Conv.conv_rounding
         %1 = astype(%0, dtype=float64)        # EncryptedTensor<float64, shape=(1, 512, 7, 7)>
         %2 = 0                                # ClearScalar<uint1>
         %3 = add(%1, %2)                      # EncryptedTensor<float64, shape=(1, 512, 7, 7)>
         %4 = [[[[0]]  [ ... ]  [[0]]]]        # ClearTensor<uint1, shape=(1, 512, 1, 1)>
         %5 = subtract(%3, %4)                 # EncryptedTensor<float64, shape=(1, 512, 7, 7)>
         %6 = 0.014125750751236898             # ClearScalar<float64>
         %7 = multiply(%6, %5)                 # EncryptedTensor<float64, shape=(1, 512, 7, 7)>
         %8 = [[[[-2.965 ... 16e-01]]]]        # ClearTensor<float32, shape=(1, 512, 1, 1)>
         %9 = subtract(%7, %8)                 # EncryptedTensor<float64, shape=(1, 512, 7, 7)>
        %10 = [[[[3.5238 ... 876274]]]]        # ClearTensor<float32, shape=(1, 512, 1, 1)>
        %11 = divide(%9, %10)                  # EncryptedTensor<float64, shape=(1, 512, 7, 7)>
        %12 = [[[[0.9381 ... 379634]]]]        # ClearTensor<float32, shape=(1, 512, 1, 1)>
        %13 = multiply(%11, %12)               # EncryptedTensor<float64, shape=(1, 512, 7, 7)>
        %14 = [[[[-1.004 ... 51e-04]]]]        # ClearTensor<float32, shape=(1, 512, 1, 1)>
        %15 = add(%13, %14)                    # EncryptedTensor<float64, shape=(1, 512, 7, 7)>
        %16 = 0                                # ClearScalar<uint1>
        %17 = maximum(%15, %16)                # EncryptedTensor<float64, shape=(1, 512, 7, 7)>
        %18 = 0.45241976                       # ClearScalar<float32>
        %19 = divide(%17, %18)                 # EncryptedTensor<float64, shape=(1, 512, 7, 7)>
        %20 = 0.0                              # ClearScalar<float32>
        %21 = add(%19, %20)                    # EncryptedTensor<float64, shape=(1, 512, 7, 7)>
        %22 = 0.0                              # ClearScalar<float64>
        %23 = 15.0                             # ClearScalar<float64>
        %24 = clip(%21, %22, %23)              # EncryptedTensor<float64, shape=(1, 512, 7, 7)>
        %25 = rint(%24)                        # EncryptedTensor<float64, shape=(1, 512, 7, 7)>
        %26 = 0.0                              # ClearScalar<float32>
        %27 = subtract(%25, %26)               # EncryptedTensor<float64, shape=(1, 512, 7, 7)>
        %28 = 0.45241976                       # ClearScalar<float32>
        %29 = multiply(%27, %28)               # EncryptedTensor<float64, shape=(1, 512, 7, 7)>
        %30 = 0.4524197578430176               # ClearScalar<float64>
        %31 = divide(%29, %30)                 # EncryptedTensor<float64, shape=(1, 512, 7, 7)>
        %32 = 0                                # ClearScalar<uint1>
        %33 = add(%31, %32)                    # EncryptedTensor<float64, shape=(1, 512, 7, 7)>
        %34 = rint(%33)                        # EncryptedTensor<float64, shape=(1, 512, 7, 7)>
        %35 = astype(%34, dtype=int_)          # EncryptedTensor<uint1, shape=(1, 512, 7, 7)>
        return %35

    %193 = subgraph(%192):

         %0 = input                            # EncryptedTensor<uint1, shape=(1, 512, 7, 7)>          @ /trunk/trunk.11/C2/Conv.conv_rounding
         %1 = astype(%0, dtype=float64)        # EncryptedTensor<float64, shape=(1, 512, 7, 7)>
         %2 = 0                                # ClearScalar<uint1>
         %3 = add(%1, %2)                      # EncryptedTensor<float64, shape=(1, 512, 7, 7)>
         %4 = [[[[0]]  [ ... ]  [[0]]]]        # ClearTensor<uint1, shape=(1, 512, 1, 1)>
         %5 = subtract(%3, %4)                 # EncryptedTensor<float64, shape=(1, 512, 7, 7)>
         %6 = 0.007287327472713656             # ClearScalar<float64>
         %7 = multiply(%6, %5)                 # EncryptedTensor<float64, shape=(1, 512, 7, 7)>
         %8 = [[[[-0.650 ... 57378 ]]]]        # ClearTensor<float32, shape=(1, 512, 1, 1)>
         %9 = subtract(%7, %8)                 # EncryptedTensor<float64, shape=(1, 512, 7, 7)>
        %10 = [[[[ 4.599 ... 08486 ]]]]        # ClearTensor<float32, shape=(1, 512, 1, 1)>
        %11 = divide(%9, %10)                  # EncryptedTensor<float64, shape=(1, 512, 7, 7)>
        %12 = [[[[0.9848 ... 945134]]]]        # ClearTensor<float32, shape=(1, 512, 1, 1)>
        %13 = multiply(%11, %12)               # EncryptedTensor<float64, shape=(1, 512, 7, 7)>
        %14 = [[[[-0.003 ... 017703]]]]        # ClearTensor<float32, shape=(1, 512, 1, 1)>
        %15 = add(%13, %14)                    # EncryptedTensor<float64, shape=(1, 512, 7, 7)>
        %16 = 0.9378548                        # ClearScalar<float32>
        %17 = divide(%15, %16)                 # EncryptedTensor<float64, shape=(1, 512, 7, 7)>
        %18 = 0.0                              # ClearScalar<float32>
        %19 = add(%17, %18)                    # EncryptedTensor<float64, shape=(1, 512, 7, 7)>
        %20 = -8.0                             # ClearScalar<float64>
        %21 = 7.0                              # ClearScalar<float64>
        %22 = clip(%19, %20, %21)              # EncryptedTensor<float64, shape=(1, 512, 7, 7)>
        %23 = rint(%22)                        # EncryptedTensor<float64, shape=(1, 512, 7, 7)>
        %24 = 0.0                              # ClearScalar<float32>
        %25 = subtract(%23, %24)               # EncryptedTensor<float64, shape=(1, 512, 7, 7)>
        %26 = 0.9378548                        # ClearScalar<float32>
        %27 = multiply(%25, %26)               # EncryptedTensor<float64, shape=(1, 512, 7, 7)>
        %28 = 0.9378548264503479               # ClearScalar<float64>
        %29 = divide(%27, %28)                 # EncryptedTensor<float64, shape=(1, 512, 7, 7)>
        %30 = 0                                # ClearScalar<uint1>
        %31 = add(%29, %30)                    # EncryptedTensor<float64, shape=(1, 512, 7, 7)>
        %32 = rint(%31)                        # EncryptedTensor<float64, shape=(1, 512, 7, 7)>
        %33 = astype(%32, dtype=int_)          # EncryptedTensor<uint1, shape=(1, 512, 7, 7)>
        return %33

    %194 = subgraph(%176):

         %0 = input                          # EncryptedTensor<uint2, shape=(1, 512, 7, 7)>
         %1 = 0.0                            # ClearScalar<float64>
         %2 = subtract(%0, %1)               # EncryptedTensor<float64, shape=(1, 512, 7, 7)>
         %3 = 0.342997218331983              # ClearScalar<float64>
         %4 = multiply(%3, %2)               # EncryptedTensor<float64, shape=(1, 512, 7, 7)>
         %5 = 0                              # ClearScalar<uint1>
         %6 = maximum(%4, %5)                # EncryptedTensor<float64, shape=(1, 512, 7, 7)>
         %7 = 0.8426012                      # ClearScalar<float32>
         %8 = divide(%6, %7)                 # EncryptedTensor<float64, shape=(1, 512, 7, 7)>
         %9 = 0.0                            # ClearScalar<float32>
        %10 = add(%8, %9)                    # EncryptedTensor<float64, shape=(1, 512, 7, 7)>
        %11 = 0.0                            # ClearScalar<float64>
        %12 = 15.0                           # ClearScalar<float64>
        %13 = clip(%10, %11, %12)            # EncryptedTensor<float64, shape=(1, 512, 7, 7)>
        %14 = rint(%13)                      # EncryptedTensor<float64, shape=(1, 512, 7, 7)>
        %15 = 0.0                            # ClearScalar<float32>
        %16 = subtract(%14, %15)             # EncryptedTensor<float64, shape=(1, 512, 7, 7)>
        %17 = 0.8426012                      # ClearScalar<float32>
        %18 = multiply(%16, %17)             # EncryptedTensor<float64, shape=(1, 512, 7, 7)>
        %19 = 0.8426011800765991             # ClearScalar<float64>
        %20 = divide(%18, %19)               # EncryptedTensor<float64, shape=(1, 512, 7, 7)>
        %21 = 0                              # ClearScalar<uint1>
        %22 = add(%20, %21)                  # EncryptedTensor<float64, shape=(1, 512, 7, 7)>
        %23 = rint(%22)                      # EncryptedTensor<float64, shape=(1, 512, 7, 7)>
        %24 = astype(%23, dtype=int_)        # EncryptedTensor<uint1, shape=(1, 512, 7, 7)>
        return %24

    %195 = subgraph(%193):

         %0 = input                         # EncryptedTensor<uint1, shape=(1, 512, 7, 7)>
         %1 = 0.0                           # ClearScalar<float64>
         %2 = subtract(%0, %1)              # EncryptedTensor<float64, shape=(1, 512, 7, 7)>
         %3 = 0.9378548264503479            # ClearScalar<float64>
         %4 = multiply(%3, %2)              # EncryptedTensor<float64, shape=(1, 512, 7, 7)>
         %5 = 0.34153169008993334           # ClearScalar<float64>
         %6 = divide(%4, %5)                # EncryptedTensor<float64, shape=(1, 512, 7, 7)>
         %7 = 0                             # ClearScalar<uint1>
         %8 = add(%6, %7)                   # EncryptedTensor<float64, shape=(1, 512, 7, 7)>
         %9 = rint(%8)                      # EncryptedTensor<float64, shape=(1, 512, 7, 7)>
        %10 = astype(%9, dtype=int_)        # EncryptedTensor<uint1, shape=(1, 512, 7, 7)>
        return %10

    %196 = subgraph(%194):

         %0 = input                         # EncryptedTensor<uint1, shape=(1, 512, 7, 7)>
         %1 = 0.0                           # ClearScalar<float64>
         %2 = subtract(%0, %1)              # EncryptedTensor<float64, shape=(1, 512, 7, 7)>
         %3 = 0.8426011800765991            # ClearScalar<float64>
         %4 = multiply(%3, %2)              # EncryptedTensor<float64, shape=(1, 512, 7, 7)>
         %5 = 0.34153169008993334           # ClearScalar<float64>
         %6 = divide(%4, %5)                # EncryptedTensor<float64, shape=(1, 512, 7, 7)>
         %7 = 0                             # ClearScalar<uint1>
         %8 = add(%6, %7)                   # EncryptedTensor<float64, shape=(1, 512, 7, 7)>
         %9 = rint(%8)                      # EncryptedTensor<float64, shape=(1, 512, 7, 7)>
        %10 = astype(%9, dtype=int_)        # EncryptedTensor<uint1, shape=(1, 512, 7, 7)>
        return %10

    %200 = subgraph(%199):

         %0 = input                          # EncryptedTensor<uint2, shape=(1, 512, 7, 7)>
         %1 = 0.0                            # ClearScalar<float64>
         %2 = subtract(%0, %1)               # EncryptedTensor<float64, shape=(1, 512, 7, 7)>
         %3 = 0.34153169008993334            # ClearScalar<float64>
         %4 = multiply(%3, %2)               # EncryptedTensor<float64, shape=(1, 512, 7, 7)>
         %5 = 0                              # ClearScalar<uint1>
         %6 = maximum(%4, %5)                # EncryptedTensor<float64, shape=(1, 512, 7, 7)>
         %7 = 1.0681432                      # ClearScalar<float32>
         %8 = divide(%6, %7)                 # EncryptedTensor<float64, shape=(1, 512, 7, 7)>
         %9 = 0.0                            # ClearScalar<float32>
        %10 = add(%8, %9)                    # EncryptedTensor<float64, shape=(1, 512, 7, 7)>
        %11 = 0.0                            # ClearScalar<float64>
        %12 = 15.0                           # ClearScalar<float64>
        %13 = clip(%10, %11, %12)            # EncryptedTensor<float64, shape=(1, 512, 7, 7)>
        %14 = rint(%13)                      # EncryptedTensor<float64, shape=(1, 512, 7, 7)>
        %15 = 0.0                            # ClearScalar<float32>
        %16 = subtract(%14, %15)             # EncryptedTensor<float64, shape=(1, 512, 7, 7)>
        %17 = 1.0681432                      # ClearScalar<float32>
        %18 = multiply(%16, %17)             # EncryptedTensor<float64, shape=(1, 512, 7, 7)>
        %19 = 1.0681432485580444             # ClearScalar<float64>
        %20 = divide(%18, %19)               # EncryptedTensor<float64, shape=(1, 512, 7, 7)>
        %21 = 0                              # ClearScalar<uint1>
        %22 = add(%20, %21)                  # EncryptedTensor<float64, shape=(1, 512, 7, 7)>
        %23 = rint(%22)                      # EncryptedTensor<float64, shape=(1, 512, 7, 7)>
        %24 = astype(%23, dtype=int_)        # EncryptedTensor<uint1, shape=(1, 512, 7, 7)>
        return %24

    %204 = subgraph(%203):

         %0 = input                            # EncryptedTensor<uint1, shape=(1, 512, 1, 1)>          @ /trunk/trunk.12/AveragePool.avgpool_rounding
         %1 = astype(%0, dtype=float64)        # EncryptedTensor<float64, shape=(1, 512, 1, 1)>
         %2 = 0.04                             # ClearScalar<float64>
         %3 = multiply(%1, %2)                 # EncryptedTensor<float64, shape=(1, 512, 1, 1)>
         %4 = 0                                # ClearScalar<uint1>
         %5 = subtract(%3, %4)                 # EncryptedTensor<float64, shape=(1, 512, 1, 1)>
         %6 = 1.0681432485580444               # ClearScalar<float64>
         %7 = multiply(%5, %6)                 # EncryptedTensor<float64, shape=(1, 512, 1, 1)>
         %8 = 0.58076966                       # ClearScalar<float32>
         %9 = divide(%7, %8)                   # EncryptedTensor<float64, shape=(1, 512, 1, 1)>
        %10 = 0.0                              # ClearScalar<float32>
        %11 = add(%9, %10)                     # EncryptedTensor<float64, shape=(1, 512, 1, 1)>
        %12 = -8.0                             # ClearScalar<float64>
        %13 = 7.0                              # ClearScalar<float64>
        %14 = clip(%11, %12, %13)              # EncryptedTensor<float64, shape=(1, 512, 1, 1)>
        %15 = rint(%14)                        # EncryptedTensor<float64, shape=(1, 512, 1, 1)>
        %16 = 0.0                              # ClearScalar<float32>
        %17 = subtract(%15, %16)               # EncryptedTensor<float64, shape=(1, 512, 1, 1)>
        %18 = 0.58076966                       # ClearScalar<float32>
        %19 = multiply(%17, %18)               # EncryptedTensor<float64, shape=(1, 512, 1, 1)>
        %20 = 0.5807696580886841               # ClearScalar<float64>
        %21 = divide(%19, %20)                 # EncryptedTensor<float64, shape=(1, 512, 1, 1)>
        %22 = 0                                # ClearScalar<uint1>
        %23 = add(%21, %22)                    # EncryptedTensor<float64, shape=(1, 512, 1, 1)>
        %24 = rint(%23)                        # EncryptedTensor<float64, shape=(1, 512, 1, 1)>
        %25 = astype(%24, dtype=int_)          # EncryptedTensor<uint1, shape=(1, 512, 1, 1)>
        return %25
--------------------------------------------------------------------------------

Optimizer
--------------------------------------------------------------------------------
### Optimizer display
--- Circuit
  14 bits integers
  7 manp (maxi log2 norm2)
--- User config
  1.000000e-02 error per pbs call
  1.000000e+00 error per circuit call
-- Solution correctness
  For each pbs call:  1/100, p_error (9.998471e-03)
  For the full circuit: 1/1 global_p_error(1.000000e+00)
--- Complexity for the full circuit
  1.553387e+09 Millions Operations
-- Circuit Solution
CircuitSolution {
    circuit_keys: CircuitKeys {
        secret_keys: [
            SecretLweKey {
                identifier: 0,
                polynomial_size: 256,
                glwe_dimension: 6,
                description: "big-secret[#0 : partitions [0]]",
            },
            SecretLweKey {
                identifier: 1,
                polynomial_size: 2048,
                glwe_dimension: 1,
                description: "big-secret[#1 : partitions [1]]",
            },
            SecretLweKey {
                identifier: 2,
                polynomial_size: 4096,
                glwe_dimension: 1,
                description: "big-secret[#2 : partitions [2]]",
            },
            SecretLweKey {
                identifier: 3,
                polynomial_size: 512,
                glwe_dimension: 1,
                description: "small-secret[#3 : partitions [3]]",
            },
            SecretLweKey {
                identifier: 4,
                polynomial_size: 815,
                glwe_dimension: 1,
                description: "small-secret[#4 : partitions [4]]",
            },
            SecretLweKey {
                identifier: 5,
                polynomial_size: 885,
                glwe_dimension: 1,
                description: "small-secret[#5 : partitions [5]]",
            },
        ],
        keyswitch_keys: [
            KeySwitchKey {
                identifier: 0,
                input_key: SecretLweKey {
                    identifier: 0,
                    polynomial_size: 256,
                    glwe_dimension: 6,
                    description: "big-secret[#0 : partitions [0]]",
                },
                output_key: SecretLweKey {
                    identifier: 3,
                    polynomial_size: 512,
                    glwe_dimension: 1,
                    description: "small-secret[#3 : partitions [3]]",
                },
                ks_decomposition_parameter: KsDecompositionParameters {
                    level: 4,
                    log2_base: 2,
                },
                description: "ks[#0 : partitions [0] -> [3]]",
            },
            KeySwitchKey {
                identifier: 1,
                input_key: SecretLweKey {
                    identifier: 0,
                    polynomial_size: 256,
                    glwe_dimension: 6,
                    description: "big-secret[#0 : partitions [0]]",
                },
                output_key: SecretLweKey {
                    identifier: 4,
                    polynomial_size: 815,
                    glwe_dimension: 1,
                    description: "small-secret[#4 : partitions [4]]",
                },
                ks_decomposition_parameter: KsDecompositionParameters {
                    level: 8,
                    log2_base: 2,
                },
                description: "ks[#1 : partitions [0] -> [4]]",
            },
            KeySwitchKey {
                identifier: 2,
                input_key: SecretLweKey {
                    identifier: 0,
                    polynomial_size: 256,
                    glwe_dimension: 6,
                    description: "big-secret[#0 : partitions [0]]",
                },
                output_key: SecretLweKey {
                    identifier: 5,
                    polynomial_size: 885,
                    glwe_dimension: 1,
                    description: "small-secret[#5 : partitions [5]]",
                },
                ks_decomposition_parameter: KsDecompositionParameters {
                    level: 9,
                    log2_base: 2,
                },
                description: "ks[#2 : partitions [0] -> [5]]",
            },
            KeySwitchKey {
                identifier: 3,
                input_key: SecretLweKey {
                    identifier: 1,
                    polynomial_size: 2048,
                    glwe_dimension: 1,
                    description: "big-secret[#1 : partitions [1]]",
                },
                output_key: SecretLweKey {
                    identifier: 4,
                    polynomial_size: 815,
                    glwe_dimension: 1,
                    description: "small-secret[#4 : partitions [4]]",
                },
                ks_decomposition_parameter: KsDecompositionParameters {
                    level: 8,
                    log2_base: 2,
                },
                description: "ks[#3 : partitions [1] -> [4]]",
            },
            KeySwitchKey {
                identifier: 4,
                input_key: SecretLweKey {
                    identifier: 1,
                    polynomial_size: 2048,
                    glwe_dimension: 1,
                    description: "big-secret[#1 : partitions [1]]",
                },
                output_key: SecretLweKey {
                    identifier: 5,
                    polynomial_size: 885,
                    glwe_dimension: 1,
                    description: "small-secret[#5 : partitions [5]]",
                },
                ks_decomposition_parameter: KsDecompositionParameters {
                    level: 9,
                    log2_base: 2,
                },
                description: "ks[#4 : partitions [1] -> [5]]",
            },
        ],
        bootstrap_keys: [
            BootstrapKey {
                identifier: 0,
                input_key: SecretLweKey {
                    identifier: 3,
                    polynomial_size: 512,
                    glwe_dimension: 1,
                    description: "small-secret[#3 : partitions [3]]",
                },
                output_key: SecretLweKey {
                    identifier: 0,
                    polynomial_size: 256,
                    glwe_dimension: 6,
                    description: "big-secret[#0 : partitions [0]]",
                },
                br_decomposition_parameter: BrDecompositionParameters {
                    level: 3,
                    log2_base: 9,
                },
                description: "pbs[#0 : partitions [3] -> [0]]",
            },
            BootstrapKey {
                identifier: 1,
                input_key: SecretLweKey {
                    identifier: 4,
                    polynomial_size: 815,
                    glwe_dimension: 1,
                    description: "small-secret[#4 : partitions [4]]",
                },
                output_key: SecretLweKey {
                    identifier: 1,
                    polynomial_size: 2048,
                    glwe_dimension: 1,
                    description: "big-secret[#1 : partitions [1]]",
                },
                br_decomposition_parameter: BrDecompositionParameters {
                    level: 3,
                    log2_base: 11,
                },
                description: "pbs[#1 : partitions [4] -> [1]]",
            },
            BootstrapKey {
                identifier: 2,
                input_key: SecretLweKey {
                    identifier: 5,
                    polynomial_size: 885,
                    glwe_dimension: 1,
                    description: "small-secret[#5 : partitions [5]]",
                },
                output_key: SecretLweKey {
                    identifier: 2,
                    polynomial_size: 4096,
                    glwe_dimension: 1,
                    description: "big-secret[#2 : partitions [2]]",
                },
                br_decomposition_parameter: BrDecompositionParameters {
                    level: 3,
                    log2_base: 11,
                },
                description: "pbs[#2 : partitions [5] -> [2]]",
            },
        ],
        conversion_keyswitch_keys: [
            ConversionKeySwitchKey {
                identifier: 0,
                input_key: SecretLweKey {
                    identifier: 1,
                    polynomial_size: 2048,
                    glwe_dimension: 1,
                    description: "big-secret[#1 : partitions [1]]",
                },
                output_key: SecretLweKey {
                    identifier: 0,
                    polynomial_size: 256,
                    glwe_dimension: 6,
                    description: "big-secret[#0 : partitions [0]]",
                },
                ks_decomposition_parameter: KsDecompositionParameters {
                    level: 5,
                    log2_base: 6,
                },
                fast_keyswitch: false,
                description: "fks[#0 : partitions [1] -> [0]]",
            },
            ConversionKeySwitchKey {
                identifier: 1,
                input_key: SecretLweKey {
                    identifier: 2,
                    polynomial_size: 4096,
                    glwe_dimension: 1,
                    description: "big-secret[#2 : partitions [2]]",
                },
                output_key: SecretLweKey {
                    identifier: 0,
                    polynomial_size: 256,
                    glwe_dimension: 6,
                    description: "big-secret[#0 : partitions [0]]",
                },
                ks_decomposition_parameter: KsDecompositionParameters {
                    level: 3,
                    log2_base: 9,
                },
                fast_keyswitch: false,
                description: "fks[#1 : partitions [2] -> [0]]",
            },
            ConversionKeySwitchKey {
                identifier: 2,
                input_key: SecretLweKey {
                    identifier: 2,
                    polynomial_size: 4096,
                    glwe_dimension: 1,
                    description: "big-secret[#2 : partitions [2]]",
                },
                output_key: SecretLweKey {
                    identifier: 1,
                    polynomial_size: 2048,
                    glwe_dimension: 1,
                    description: "big-secret[#1 : partitions [1]]",
                },
                ks_decomposition_parameter: KsDecompositionParameters {
                    level: 1,
                    log2_base: 25,
                },
                fast_keyswitch: false,
                description: "fks[#2 : partitions [2] -> [1]]",
            },
        ],
        circuit_bootstrap_keys: [],
        private_functional_packing_keys: [],
    },
    instructions_keys: [],
    crt_decomposition: [],
    complexity: 1553387495650816.0,
    p_error: 0.009998470912326383,
    global_p_error: 1.0,
    is_feasible: true,
    error_msg: "",
}###
--------------------------------------------------------------------------------

Statistics
--------------------------------------------------------------------------------
size_of_inputs: 1806336
size_of_outputs: 8392704
programmable_bootstrap_count: 12469760
programmable_bootstrap_count_per_parameter: {
    BootstrapKeyParam(polynomial_size=256, glwe_dimension=6, input_lwe_dimension=512, level=3, base_log=9, variance=7.040630965929754e-23): 8906752
    BootstrapKeyParam(polynomial_size=2048, glwe_dimension=1, input_lwe_dimension=815, level=3, base_log=11, variance=8.442253112932959e-31): 2609664
    BootstrapKeyParam(polynomial_size=4096, glwe_dimension=1, input_lwe_dimension=885, level=3, base_log=11, variance=4.70197740328915e-38): 953344
}
key_switch_count: 14777856
key_switch_count_per_parameter: {
    KeyswitchKeyParam(level=4, base_log=2, variance=4.896863592478985e-07): 8906752
    KeyswitchKeyParam(level=8, base_log=2, variance=1.0050884651897284e-11): 2609664
    KeyswitchKeyParam(level=5, base_log=6, variance=7.040630965929754e-23): 1354752
    KeyswitchKeyParam(level=9, base_log=2, variance=8.302982510100098e-13): 953344
    KeyswitchKeyParam(level=3, base_log=9, variance=7.040630965929754e-23): 702464
    KeyswitchKeyParam(level=1, base_log=25, variance=8.442253112932959e-31): 250880
}
packing_key_switch_count: 0
clear_addition_count: 23258112
clear_addition_count_per_parameter: {
    LweSecretKeyParam(dimension=1536): 21777920
    LweSecretKeyParam(dimension=2048): 1480192
}
encrypted_addition_count: 1716577280
encrypted_addition_count_per_parameter: {
    LweSecretKeyParam(dimension=1536): 1715824640
    LweSecretKeyParam(dimension=2048): 752640
}
clear_multiplication_count: 1715824640
clear_multiplication_count_per_parameter: {
    LweSecretKeyParam(dimension=1536): 1715824640
}
encrypted_negation_count: 8906752
encrypted_negation_count_per_parameter: {
    LweSecretKeyParam(dimension=1536): 8906752
}
memory_usage_per_location: {
    loc("/home/zhiyong/miniconda3/envs/dct-cryptonets/lib/python3.9/site-packages/concrete/ml/onnx/onnx_impl_utils.py":55:0): 8111818752
    loc("/home/zhiyong/miniconda3/envs/dct-cryptonets/lib/python3.9/site-packages/concrete/ml/onnx/onnx_impl_utils.py":66:0): 44323833856
    loc("/home/zhiyong/miniconda3/envs/dct-cryptonets/lib/python3.9/site-packages/concrete/ml/quantization/quantized_ops.py":1699:0): 8392704
    loc("/home/zhiyong/miniconda3/envs/dct-cryptonets/lib/python3.9/site-packages/concrete/ml/quantization/quantized_ops.py":594:0): 43180593216
    loc("/home/zhiyong/miniconda3/envs/dct-cryptonets/lib/python3.9/site-packages/concrete/ml/quantization/quantizers.py":774:0): 138932808352
    loc("@/trunk/trunk.1/Conv.conv | /home/zhiyong/miniconda3/envs/dct-cryptonets/lib/python3.9/site-packages/concrete/ml/quantization/quantized_ops.py":891:0): 3393316360
    loc("@/trunk/trunk.1/Conv.conv_rounding | /home/zhiyong/miniconda3/envs/dct-cryptonets/lib/python3.9/site-packages/concrete/ml/quantization/base_quantized_op.py":1015:0): 4935884920
    loc("@/trunk/trunk.10/C1/Conv.conv | /home/zhiyong/miniconda3/envs/dct-cryptonets/lib/python3.9/site-packages/concrete/ml/quantization/quantized_ops.py":891:0): 1921335304
    loc("@/trunk/trunk.10/C1/Conv.conv_rounding | /home/zhiyong/miniconda3/envs/dct-cryptonets/lib/python3.9/site-packages/concrete/ml/quantization/base_quantized_op.py":1015:0): 617455960
    loc("@/trunk/trunk.10/C2/Conv.conv | /home/zhiyong/miniconda3/envs/dct-cryptonets/lib/python3.9/site-packages/concrete/ml/quantization/quantized_ops.py":891:0): 1330733064
    loc("@/trunk/trunk.10/C2/Conv.conv_rounding | /home/zhiyong/miniconda3/envs/dct-cryptonets/lib/python3.9/site-packages/concrete/ml/quantization/base_quantized_op.py":1015:0): 617535888
    loc("@/trunk/trunk.10/shortcut/Conv.conv | /home/zhiyong/miniconda3/envs/dct-cryptonets/lib/python3.9/site-packages/concrete/ml/quantization/quantized_ops.py":891:0): 1542553608
    loc("@/trunk/trunk.10/shortcut/Conv.conv_rounding | /home/zhiyong/miniconda3/envs/dct-cryptonets/lib/python3.9/site-packages/concrete/ml/quantization/base_quantized_op.py":1015:0): 617296104
    loc("@/trunk/trunk.11/C1/Conv.conv | /home/zhiyong/miniconda3/envs/dct-cryptonets/lib/python3.9/site-packages/concrete/ml/quantization/quantized_ops.py":891:0): 1330733064
    loc("@/trunk/trunk.11/C1/Conv.conv_rounding | /home/zhiyong/miniconda3/envs/dct-cryptonets/lib/python3.9/site-packages/concrete/ml/quantization/base_quantized_op.py":1015:0): 617535888
    loc("@/trunk/trunk.11/C2/Conv.conv | /home/zhiyong/miniconda3/envs/dct-cryptonets/lib/python3.9/site-packages/concrete/ml/quantization/quantized_ops.py":891:0): 1330733064
    loc("@/trunk/trunk.11/C2/Conv.conv_rounding | /home/zhiyong/miniconda3/envs/dct-cryptonets/lib/python3.9/site-packages/concrete/ml/quantization/base_quantized_op.py":1015:0): 617535888
    loc("@/trunk/trunk.12/AveragePool.avgpool | /home/zhiyong/miniconda3/envs/dct-cryptonets/lib/python3.9/site-packages/concrete/ml/quantization/quantized_ops.py":1157:0): 321343496
    loc("@/trunk/trunk.12/AveragePool.avgpool_rounding | /home/zhiyong/miniconda3/envs/dct-cryptonets/lib/python3.9/site-packages/concrete/ml/quantization/base_quantized_op.py":1015:0): 12683328
    loc("@/trunk/trunk.4/C1/Conv.conv | /home/zhiyong/miniconda3/envs/dct-cryptonets/lib/python3.9/site-packages/concrete/ml/quantization/quantized_ops.py":891:0): 5115185160
    loc("@/trunk/trunk.4/C1/Conv.conv_rounding | /home/zhiyong/miniconda3/envs/dct-cryptonets/lib/python3.9/site-packages/concrete/ml/quantization/base_quantized_op.py":1015:0): 4936124704
    loc("@/trunk/trunk.4/C2/Conv.conv | /home/zhiyong/miniconda3/envs/dct-cryptonets/lib/python3.9/site-packages/concrete/ml/quantization/quantized_ops.py":891:0): 7762464776
    loc("@/trunk/trunk.4/C2/Conv.conv_rounding | /home/zhiyong/miniconda3/envs/dct-cryptonets/lib/python3.9/site-packages/concrete/ml/quantization/base_quantized_op.py":1015:0): 4936124704
    loc("@/trunk/trunk.5/C1/Conv.conv | /home/zhiyong/miniconda3/envs/dct-cryptonets/lib/python3.9/site-packages/concrete/ml/quantization/quantized_ops.py":891:0): 7762464776
    loc("@/trunk/trunk.5/C1/Conv.conv_rounding | /home/zhiyong/miniconda3/envs/dct-cryptonets/lib/python3.9/site-packages/concrete/ml/quantization/base_quantized_op.py":1015:0): 4936124704
    loc("@/trunk/trunk.5/C2/Conv.conv | /home/zhiyong/miniconda3/envs/dct-cryptonets/lib/python3.9/site-packages/concrete/ml/quantization/quantized_ops.py":891:0): 7762464776
    loc("@/trunk/trunk.5/C2/Conv.conv_rounding | /home/zhiyong/miniconda3/envs/dct-cryptonets/lib/python3.9/site-packages/concrete/ml/quantization/base_quantized_op.py":1015:0): 4936124704
    loc("@/trunk/trunk.6/C1/Conv.conv | /home/zhiyong/miniconda3/envs/dct-cryptonets/lib/python3.9/site-packages/concrete/ml/quantization/quantized_ops.py":891:0): 6528573448
    loc("@/trunk/trunk.6/C1/Conv.conv_rounding | /home/zhiyong/miniconda3/envs/dct-cryptonets/lib/python3.9/site-packages/concrete/ml/quantization/base_quantized_op.py":1015:0): 2468268320
    loc("@/trunk/trunk.6/C2/Conv.conv | /home/zhiyong/miniconda3/envs/dct-cryptonets/lib/python3.9/site-packages/concrete/ml/quantization/quantized_ops.py":891:0): 4067086344
    loc("@/trunk/trunk.6/C2/Conv.conv_rounding | /home/zhiyong/miniconda3/envs/dct-cryptonets/lib/python3.9/site-packages/concrete/ml/quantization/base_quantized_op.py":1015:0): 2468268320
    loc("@/trunk/trunk.6/shortcut/Conv.conv | /home/zhiyong/miniconda3/envs/dct-cryptonets/lib/python3.9/site-packages/concrete/ml/quantization/quantized_ops.py":891:0): 6169661448
    loc("@/trunk/trunk.6/shortcut/Conv.conv_rounding | /home/zhiyong/miniconda3/envs/dct-cryptonets/lib/python3.9/site-packages/concrete/ml/quantization/base_quantized_op.py":1015:0): 2468108464
    loc("@/trunk/trunk.7/C1/Conv.conv | /home/zhiyong/miniconda3/envs/dct-cryptonets/lib/python3.9/site-packages/concrete/ml/quantization/quantized_ops.py":891:0): 4067086344
    loc("@/trunk/trunk.7/C1/Conv.conv_rounding | /home/zhiyong/miniconda3/envs/dct-cryptonets/lib/python3.9/site-packages/concrete/ml/quantization/base_quantized_op.py":1015:0): 2468268320
    loc("@/trunk/trunk.7/C2/Conv.conv | /home/zhiyong/miniconda3/envs/dct-cryptonets/lib/python3.9/site-packages/concrete/ml/quantization/quantized_ops.py":891:0): 4067086344
    loc("@/trunk/trunk.7/C2/Conv.conv_rounding | /home/zhiyong/miniconda3/envs/dct-cryptonets/lib/python3.9/site-packages/concrete/ml/quantization/base_quantized_op.py":1015:0): 2468348248
    loc("@/trunk/trunk.8/C1/Conv.conv | /home/zhiyong/miniconda3/envs/dct-cryptonets/lib/python3.9/site-packages/concrete/ml/quantization/quantized_ops.py":891:0): 3450269704
    loc("@/trunk/trunk.8/C1/Conv.conv_rounding | /home/zhiyong/miniconda3/envs/dct-cryptonets/lib/python3.9/site-packages/concrete/ml/quantization/base_quantized_op.py":1015:0): 1234340128
    loc("@/trunk/trunk.8/C2/Conv.conv | /home/zhiyong/miniconda3/envs/dct-cryptonets/lib/python3.9/site-packages/concrete/ml/quantization/quantized_ops.py":891:0): 2229227528
    loc("@/trunk/trunk.8/C2/Conv.conv_rounding | /home/zhiyong/miniconda3/envs/dct-cryptonets/lib/python3.9/site-packages/concrete/ml/quantization/base_quantized_op.py":1015:0): 1234420056
    loc("@/trunk/trunk.8/shortcut/Conv.conv | /home/zhiyong/miniconda3/envs/dct-cryptonets/lib/python3.9/site-packages/concrete/ml/quantization/quantized_ops.py":891:0): 3084865544
    loc("@/trunk/trunk.8/shortcut/Conv.conv_rounding | /home/zhiyong/miniconda3/envs/dct-cryptonets/lib/python3.9/site-packages/concrete/ml/quantization/base_quantized_op.py":1015:0): 1234180272
    loc("@/trunk/trunk.9/C1/Conv.conv | /home/zhiyong/miniconda3/envs/dct-cryptonets/lib/python3.9/site-packages/concrete/ml/quantization/quantized_ops.py":891:0): 2229227528
    loc("@/trunk/trunk.9/C1/Conv.conv_rounding | /home/zhiyong/miniconda3/envs/dct-cryptonets/lib/python3.9/site-packages/concrete/ml/quantization/base_quantized_op.py":1015:0): 1234420056
    loc("@/trunk/trunk.9/C2/Conv.conv | /home/zhiyong/miniconda3/envs/dct-cryptonets/lib/python3.9/site-packages/concrete/ml/quantization/quantized_ops.py":891:0): 2229227528
    loc("@/trunk/trunk.9/C2/Conv.conv_rounding | /home/zhiyong/miniconda3/envs/dct-cryptonets/lib/python3.9/site-packages/concrete/ml/quantization/base_quantized_op.py":1015:0): 1234420056
    loc(unknown): 52359571792
}
size_of_secret_keys: 79136
size_of_bootstrap_keys: 1433075712
size_of_keyswitch_keys: 785162240
p_error: 0.009998470912326383
global_p_error: 1.0
complexity: 1553387495650816.0
--------------------------------------------------------------------------------

Time for FHE compilation 40.88
Max bit-width: 14 bits -> it works in FHE!!
Keygen time: 1.74s

Running UNENCRYPTED model on a subset of 1 images...
  0%|          | 0/1 [00:00<?, ?it/s]100%|██████████| 1/1 [00:00<00:00, 39.00it/s]
  0%|          | 0/1 [00:00<?, ?it/s]100%|██████████| 1/1 [00:00<00:00, 49.52it/s]
[Validation] Top-1 Acc: 100.000% | Top-5 Acc: 0.000% | Avg. Loss: 0.000
[Test] Top-1 Acc: 100.000% | Top-5 Acc: 0.000% | Avg. Loss: 0.000

Running ENCRYPTED test inference in EXECUTE mode on a subset of 1 images...
  0%|          | 0/1 [00:00<?, ?it/s]100%|██████████| 1/1 [1:15:30<00:00, 4530.49s/it]100%|██████████| 1/1 [1:15:30<00:00, 4530.49s/it]
[Test] Top-1 Acc: 100.000% | Top-5 Acc: 0.000% | Time per inference in FHE: 4530.49
Done
