-----General parameters-----
model=ResNet18qat
dataset=FaceForensic
num_classes=2
dataset_path=/home/zhiyong/Git/dct-cryptonets/dct-cryptonets/dataset/FaceForensic
checkpoint_path=/home/zhiyong/Git/dct-cryptonets/dct-cryptonets/checkpoint/faceforensic/resnet18_qat_dct/best.tar
bit_width=4
-----Homomorphic encryption parameters-----
fhe_mode=execute
calib_batch_size=100
test_batch_size=1
test_subset=1
rounding_threshold_bits=7
n_bits=5
p_error=0.05
reliability_test=True
verbose=True
-----DCT parameters-----
dct_status=Y
image_size=56
filter_size=8
dct_pattern=default
channels=24

Using GPU: True

Number Parameters: 11169696

============Model Summary============
=============================================================================================================================
Layer (type:depth-idx)                                                      Output Shape              Param #
=============================================================================================================================
ResNetQDCT                                                                  [1, 512]                  --
├─Sequential: 1-1                                                           [1, 512]                  --
│    └─QuantIdentity: 2-1                                                   [1, 24, 56, 56]           --
│    │    └─ActQuantProxyFromInjector: 3-1                                  [1, 24, 56, 56]           --
│    │    └─ActQuantProxyFromInjector: 3-2                                  [1, 24, 56, 56]           1
│    └─QuantIdentity: 2-69                                                  --                        (recursive)
│    │    └─ActQuantProxyFromInjector: 3-129                                --                        (recursive)
│    └─QuantIdentity: 2-3                                                   --                        (recursive)
│    │    └─ActQuantProxyFromInjector: 3-4                                  --                        (recursive)
│    └─QuantConv2d: 2-4                                                     [1, 64, 56, 56]           --
│    │    └─ActQuantProxyFromInjector: 3-5                                  [1, 24, 56, 56]           --
│    │    └─WeightQuantProxyFromInjector: 3-6                               [64, 24, 1, 1]            1,536
│    │    └─ActQuantProxyFromInjector: 3-7                                  [1, 64, 56, 56]           --
│    └─BatchNorm2d: 2-5                                                     [1, 64, 56, 56]           128
│    └─QuantIdentity: 2-6                                                   [1, 64, 56, 56]           --
│    │    └─ActQuantProxyFromInjector: 3-8                                  [1, 64, 56, 56]           --
│    │    └─ActQuantProxyFromInjector: 3-9                                  [1, 64, 56, 56]           1
│    └─QuantIdentity: 2-69                                                  --                        (recursive)
│    │    └─ActQuantProxyFromInjector: 3-129                                --                        (recursive)
│    └─QuantIdentity: 2-8                                                   --                        (recursive)
│    │    └─ActQuantProxyFromInjector: 3-11                                 --                        (recursive)
│    └─SimpleQBlock: 2-9                                                    [1, 64, 56, 56]           36,994
│    │    └─QuantConv2d: 3-12                                               [1, 64, 56, 56]           36,864
│    │    └─BatchNorm2d: 3-13                                               [1, 64, 56, 56]           128
│    │    └─QuantReLU: 3-14                                                 [1, 64, 56, 56]           1
│    └─QuantIdentity: 2-69                                                  --                        (recursive)
│    │    └─ActQuantProxyFromInjector: 3-129                                --                        (recursive)
│    └─SimpleQBlock: 2-15                                                   --                        (recursive)
│    │    └─QuantReLU: 3-16                                                 --                        (recursive)
│    │    └─QuantConv2d: 3-17                                               [1, 64, 56, 56]           36,864
│    │    └─BatchNorm2d: 3-18                                               [1, 64, 56, 56]           128
│    │    └─QuantIdentity: 3-19                                             [1, 64, 56, 56]           1
│    └─QuantIdentity: 2-69                                                  --                        (recursive)
│    │    └─ActQuantProxyFromInjector: 3-129                                --                        (recursive)
│    └─SimpleQBlock: 2-15                                                   --                        (recursive)
│    │    └─QuantIdentity: 3-21                                             --                        (recursive)
│    │    └─QuantReLU: 3-22                                                 [1, 64, 56, 56]           1
│    └─QuantIdentity: 2-69                                                  --                        (recursive)
│    │    └─ActQuantProxyFromInjector: 3-129                                --                        (recursive)
│    └─SimpleQBlock: 2-15                                                   --                        (recursive)
│    │    └─QuantReLU: 3-24                                                 --                        (recursive)
│    └─SimpleQBlock: 2-16                                                   [1, 64, 56, 56]           36,994
│    │    └─QuantConv2d: 3-25                                               [1, 64, 56, 56]           36,864
│    │    └─BatchNorm2d: 3-26                                               [1, 64, 56, 56]           128
│    │    └─QuantReLU: 3-27                                                 [1, 64, 56, 56]           1
│    └─QuantIdentity: 2-69                                                  --                        (recursive)
│    │    └─ActQuantProxyFromInjector: 3-129                                --                        (recursive)
│    └─SimpleQBlock: 2-22                                                   --                        (recursive)
│    │    └─QuantReLU: 3-29                                                 --                        (recursive)
│    │    └─QuantConv2d: 3-30                                               [1, 64, 56, 56]           36,864
│    │    └─BatchNorm2d: 3-31                                               [1, 64, 56, 56]           128
│    │    └─QuantIdentity: 3-32                                             [1, 64, 56, 56]           1
│    └─QuantIdentity: 2-69                                                  --                        (recursive)
│    │    └─ActQuantProxyFromInjector: 3-129                                --                        (recursive)
│    └─SimpleQBlock: 2-22                                                   --                        (recursive)
│    │    └─QuantIdentity: 3-34                                             --                        (recursive)
│    │    └─QuantReLU: 3-35                                                 [1, 64, 56, 56]           1
│    └─QuantIdentity: 2-69                                                  --                        (recursive)
│    │    └─ActQuantProxyFromInjector: 3-129                                --                        (recursive)
│    └─SimpleQBlock: 2-22                                                   --                        (recursive)
│    │    └─QuantReLU: 3-37                                                 --                        (recursive)
│    └─SimpleQBlock: 2-23                                                   [1, 128, 28, 28]          156,163
│    │    └─QuantConv2d: 3-38                                               [1, 128, 28, 28]          73,728
│    │    └─BatchNorm2d: 3-39                                               [1, 128, 28, 28]          256
│    │    └─QuantReLU: 3-40                                                 [1, 128, 28, 28]          1
│    └─QuantIdentity: 2-69                                                  --                        (recursive)
│    │    └─ActQuantProxyFromInjector: 3-129                                --                        (recursive)
│    └─SimpleQBlock: 2-31                                                   --                        (recursive)
│    │    └─QuantReLU: 3-42                                                 --                        (recursive)
│    │    └─QuantConv2d: 3-43                                               [1, 128, 28, 28]          147,456
│    │    └─BatchNorm2d: 3-44                                               [1, 128, 28, 28]          256
│    │    └─QuantIdentity: 3-45                                             [1, 128, 28, 28]          1
│    └─QuantIdentity: 2-69                                                  --                        (recursive)
│    │    └─ActQuantProxyFromInjector: 3-129                                --                        (recursive)
│    └─SimpleQBlock: 2-31                                                   --                        (recursive)
│    │    └─QuantIdentity: 3-47                                             --                        (recursive)
│    │    └─QuantConv2d: 3-48                                               [1, 128, 28, 28]          8,192
│    │    └─BatchNorm2d: 3-49                                               [1, 128, 28, 28]          256
│    │    └─QuantIdentity: 3-50                                             [1, 128, 28, 28]          1
│    └─QuantIdentity: 2-69                                                  --                        (recursive)
│    │    └─ActQuantProxyFromInjector: 3-129                                --                        (recursive)
│    └─SimpleQBlock: 2-31                                                   --                        (recursive)
│    │    └─QuantIdentity: 3-52                                             --                        (recursive)
│    │    └─QuantReLU: 3-53                                                 [1, 128, 28, 28]          1
│    └─QuantIdentity: 2-69                                                  --                        (recursive)
│    │    └─ActQuantProxyFromInjector: 3-129                                --                        (recursive)
│    └─SimpleQBlock: 2-31                                                   --                        (recursive)
│    │    └─QuantReLU: 3-55                                                 --                        (recursive)
│    └─SimpleQBlock: 2-32                                                   [1, 128, 28, 28]          147,714
│    │    └─QuantConv2d: 3-56                                               [1, 128, 28, 28]          147,456
│    │    └─BatchNorm2d: 3-57                                               [1, 128, 28, 28]          256
│    │    └─QuantReLU: 3-58                                                 [1, 128, 28, 28]          1
│    └─QuantIdentity: 2-69                                                  --                        (recursive)
│    │    └─ActQuantProxyFromInjector: 3-129                                --                        (recursive)
│    └─SimpleQBlock: 2-38                                                   --                        (recursive)
│    │    └─QuantReLU: 3-60                                                 --                        (recursive)
│    │    └─QuantConv2d: 3-61                                               [1, 128, 28, 28]          147,456
│    │    └─BatchNorm2d: 3-62                                               [1, 128, 28, 28]          256
│    │    └─QuantIdentity: 3-63                                             [1, 128, 28, 28]          1
│    └─QuantIdentity: 2-69                                                  --                        (recursive)
│    │    └─ActQuantProxyFromInjector: 3-129                                --                        (recursive)
│    └─SimpleQBlock: 2-38                                                   --                        (recursive)
│    │    └─QuantIdentity: 3-65                                             --                        (recursive)
│    │    └─QuantReLU: 3-66                                                 [1, 128, 28, 28]          1
│    └─QuantIdentity: 2-69                                                  --                        (recursive)
│    │    └─ActQuantProxyFromInjector: 3-129                                --                        (recursive)
│    └─SimpleQBlock: 2-38                                                   --                        (recursive)
│    │    └─QuantReLU: 3-68                                                 --                        (recursive)
│    └─SimpleQBlock: 2-39                                                   [1, 256, 14, 14]          623,619
│    │    └─QuantConv2d: 3-69                                               [1, 256, 14, 14]          294,912
│    │    └─BatchNorm2d: 3-70                                               [1, 256, 14, 14]          512
│    │    └─QuantReLU: 3-71                                                 [1, 256, 14, 14]          1
│    └─QuantIdentity: 2-69                                                  --                        (recursive)
│    │    └─ActQuantProxyFromInjector: 3-129                                --                        (recursive)
│    └─SimpleQBlock: 2-47                                                   --                        (recursive)
│    │    └─QuantReLU: 3-73                                                 --                        (recursive)
│    │    └─QuantConv2d: 3-74                                               [1, 256, 14, 14]          589,824
│    │    └─BatchNorm2d: 3-75                                               [1, 256, 14, 14]          512
│    │    └─QuantIdentity: 3-76                                             [1, 256, 14, 14]          1
│    └─QuantIdentity: 2-69                                                  --                        (recursive)
│    │    └─ActQuantProxyFromInjector: 3-129                                --                        (recursive)
│    └─SimpleQBlock: 2-47                                                   --                        (recursive)
│    │    └─QuantIdentity: 3-78                                             --                        (recursive)
│    │    └─QuantConv2d: 3-79                                               [1, 256, 14, 14]          32,768
│    │    └─BatchNorm2d: 3-80                                               [1, 256, 14, 14]          512
│    │    └─QuantIdentity: 3-81                                             [1, 256, 14, 14]          1
│    └─QuantIdentity: 2-69                                                  --                        (recursive)
│    │    └─ActQuantProxyFromInjector: 3-129                                --                        (recursive)
│    └─SimpleQBlock: 2-47                                                   --                        (recursive)
│    │    └─QuantIdentity: 3-83                                             --                        (recursive)
│    │    └─QuantReLU: 3-84                                                 [1, 256, 14, 14]          1
│    └─QuantIdentity: 2-69                                                  --                        (recursive)
│    │    └─ActQuantProxyFromInjector: 3-129                                --                        (recursive)
│    └─SimpleQBlock: 2-47                                                   --                        (recursive)
│    │    └─QuantReLU: 3-86                                                 --                        (recursive)
│    └─SimpleQBlock: 2-48                                                   [1, 256, 14, 14]          590,338
│    │    └─QuantConv2d: 3-87                                               [1, 256, 14, 14]          589,824
│    │    └─BatchNorm2d: 3-88                                               [1, 256, 14, 14]          512
│    │    └─QuantReLU: 3-89                                                 [1, 256, 14, 14]          1
│    └─QuantIdentity: 2-69                                                  --                        (recursive)
│    │    └─ActQuantProxyFromInjector: 3-129                                --                        (recursive)
│    └─SimpleQBlock: 2-54                                                   --                        (recursive)
│    │    └─QuantReLU: 3-91                                                 --                        (recursive)
│    │    └─QuantConv2d: 3-92                                               [1, 256, 14, 14]          589,824
│    │    └─BatchNorm2d: 3-93                                               [1, 256, 14, 14]          512
│    │    └─QuantIdentity: 3-94                                             [1, 256, 14, 14]          1
│    └─QuantIdentity: 2-69                                                  --                        (recursive)
│    │    └─ActQuantProxyFromInjector: 3-129                                --                        (recursive)
│    └─SimpleQBlock: 2-54                                                   --                        (recursive)
│    │    └─QuantIdentity: 3-96                                             --                        (recursive)
│    │    └─QuantReLU: 3-97                                                 [1, 256, 14, 14]          1
│    └─QuantIdentity: 2-69                                                  --                        (recursive)
│    │    └─ActQuantProxyFromInjector: 3-129                                --                        (recursive)
│    └─SimpleQBlock: 2-54                                                   --                        (recursive)
│    │    └─QuantReLU: 3-99                                                 --                        (recursive)
│    └─SimpleQBlock: 2-55                                                   [1, 512, 7, 7]            2,492,419
│    │    └─QuantConv2d: 3-100                                              [1, 512, 7, 7]            1,179,648
│    │    └─BatchNorm2d: 3-101                                              [1, 512, 7, 7]            1,024
│    │    └─QuantReLU: 3-102                                                [1, 512, 7, 7]            1
│    └─QuantIdentity: 2-69                                                  --                        (recursive)
│    │    └─ActQuantProxyFromInjector: 3-129                                --                        (recursive)
│    └─SimpleQBlock: 2-63                                                   --                        (recursive)
│    │    └─QuantReLU: 3-104                                                --                        (recursive)
│    │    └─QuantConv2d: 3-105                                              [1, 512, 7, 7]            2,359,296
│    │    └─BatchNorm2d: 3-106                                              [1, 512, 7, 7]            1,024
│    │    └─QuantIdentity: 3-107                                            [1, 512, 7, 7]            1
│    └─QuantIdentity: 2-69                                                  --                        (recursive)
│    │    └─ActQuantProxyFromInjector: 3-129                                --                        (recursive)
│    └─SimpleQBlock: 2-63                                                   --                        (recursive)
│    │    └─QuantIdentity: 3-109                                            --                        (recursive)
│    │    └─QuantConv2d: 3-110                                              [1, 512, 7, 7]            131,072
│    │    └─BatchNorm2d: 3-111                                              [1, 512, 7, 7]            1,024
│    │    └─QuantIdentity: 3-112                                            [1, 512, 7, 7]            1
│    └─QuantIdentity: 2-69                                                  --                        (recursive)
│    │    └─ActQuantProxyFromInjector: 3-129                                --                        (recursive)
│    └─SimpleQBlock: 2-63                                                   --                        (recursive)
│    │    └─QuantIdentity: 3-114                                            --                        (recursive)
│    │    └─QuantReLU: 3-115                                                [1, 512, 7, 7]            1
│    └─QuantIdentity: 2-69                                                  --                        (recursive)
│    │    └─ActQuantProxyFromInjector: 3-129                                --                        (recursive)
│    └─SimpleQBlock: 2-63                                                   --                        (recursive)
│    │    └─QuantReLU: 3-117                                                --                        (recursive)
│    └─SimpleQBlock: 2-64                                                   [1, 512, 7, 7]            2,360,322
│    │    └─QuantConv2d: 3-118                                              [1, 512, 7, 7]            2,359,296
│    │    └─BatchNorm2d: 3-119                                              [1, 512, 7, 7]            1,024
│    │    └─QuantReLU: 3-120                                                [1, 512, 7, 7]            1
│    └─QuantIdentity: 2-69                                                  --                        (recursive)
│    │    └─ActQuantProxyFromInjector: 3-129                                --                        (recursive)
│    └─SimpleQBlock: 2-70                                                   --                        (recursive)
│    │    └─QuantReLU: 3-122                                                --                        (recursive)
│    │    └─QuantConv2d: 3-123                                              [1, 512, 7, 7]            2,359,296
│    │    └─BatchNorm2d: 3-124                                              [1, 512, 7, 7]            1,024
│    │    └─QuantIdentity: 3-125                                            [1, 512, 7, 7]            1
│    └─QuantIdentity: 2-69                                                  --                        (recursive)
│    │    └─ActQuantProxyFromInjector: 3-129                                --                        (recursive)
│    └─SimpleQBlock: 2-70                                                   --                        (recursive)
│    │    └─QuantIdentity: 3-127                                            --                        (recursive)
│    │    └─QuantReLU: 3-128                                                [1, 512, 7, 7]            1
│    └─QuantIdentity: 2-69                                                  --                        (recursive)
│    │    └─ActQuantProxyFromInjector: 3-129                                --                        (recursive)
│    └─SimpleQBlock: 2-70                                                   --                        (recursive)
│    │    └─QuantReLU: 3-130                                                --                        (recursive)
│    └─AvgPool2d: 2-71                                                      [1, 512, 1, 1]            --
│    └─QuantIdentity: 2-72                                                  [1, 512, 1, 1]            --
│    │    └─ActQuantProxyFromInjector: 3-131                                [1, 512, 1, 1]            --
│    │    └─ActQuantProxyFromInjector: 3-132                                [1, 512, 1, 1]            1
│    └─Flatten: 2-73                                                        [1, 512]                  --
=============================================================================================================================
Total params: 17,613,233
Trainable params: 17,613,233
Non-trainable params: 0
Total mult-adds (M): 0.01
=============================================================================================================================
Input size (MB): 0.30
Forward/backward pass size (MB): 15.05
Params size (MB): 0.04
Estimated Total Size (MB): 15.39
=============================================================================================================================

Loading checkpoint...
Loaded checkpoint /home/zhiyong/Git/dct-cryptonets/dct-cryptonets/checkpoint/faceforensic/resnet18_qat_dct/best.tar (99.488% Top-1 Acc. @ epoch 4)

Compiling FHE Model (this can take up to 10 minutes for larger networks)...

Computation Graph
--------------------------------------------------------------------------------
  %0 = _inp_1                                                                                                             # EncryptedTensor<int4, shape=(1, 24, 56, 56)>          ∈ [-8, 7]
  %1 = [[[[ 0]]   ...   [[ 1]]]]                                                                                          # ClearTensor<int4, shape=(64, 24, 1, 1)>               ∈ [-7, 7]               @ /trunk/trunk.1/Conv.conv
  %2 = conv2d(%0, %1, [0 0 0 0 0 ... 0 0 0 0 0], pads=[0, 0, 0, 0], strides=(1, 1), dilations=(1, 1), group=1)            # EncryptedTensor<int8, shape=(1, 64, 56, 56)>          ∈ [-111, 105]           @ /trunk/trunk.1/Conv.conv
  %3 = round_bit_pattern(%2, lsbs_to_remove=1, overflow_protection=False, exactness=Exactness.EXACT)                      # EncryptedTensor<int8, shape=(1, 64, 56, 56)>          ∈ [-110, 106]           @ /trunk/trunk.1/Conv.conv_rounding
  %4 = subgraph(%3)                                                                                                       # EncryptedTensor<int4, shape=(1, 64, 56, 56)>          ∈ [-8, 7]
  %5 = ones()                                                                                                             # EncryptedTensor<uint1, shape=(1, 64, 58, 58)>         ∈ [1, 1]
  %6 = 0                                                                                                                  # ClearScalar<uint1>                                    ∈ [0, 0]
  %7 = multiply(%5, %6)                                                                                                   # EncryptedTensor<uint1, shape=(1, 64, 58, 58)>         ∈ [0, 0]
  %8 = (%7[:, :, 1:57, 1:57] = %4)                                                                                        # EncryptedTensor<int4, shape=(1, 64, 58, 58)>          ∈ [-8, 7]
  %9 = [[[[-3  1  ...  -1  1]]]]                                                                                          # ClearTensor<int4, shape=(64, 64, 3, 3)>               ∈ [-7, 7]               @ /trunk/trunk.4/C1/Conv.conv
 %10 = conv2d(%8, %9, [0 0 0 0 0 ... 0 0 0 0 0], pads=[0, 0, 0, 0], strides=(1, 1), dilations=(1, 1), group=1)            # EncryptedTensor<int11, shape=(1, 64, 56, 56)>         ∈ [-881, 984]           @ /trunk/trunk.4/C1/Conv.conv
 %11 = round_bit_pattern(%10, lsbs_to_remove=4, overflow_protection=False, exactness=Exactness.EXACT)                     # EncryptedTensor<int11, shape=(1, 64, 56, 56)>         ∈ [-880, 992]           @ /trunk/trunk.4/C1/Conv.conv_rounding
 %12 = subgraph(%11)                                                                                                      # EncryptedTensor<uint4, shape=(1, 64, 56, 56)>         ∈ [0, 15]
 %13 = ones()                                                                                                             # EncryptedTensor<uint1, shape=(1, 64, 58, 58)>         ∈ [1, 1]
 %14 = 0                                                                                                                  # ClearScalar<uint1>                                    ∈ [0, 0]
 %15 = multiply(%13, %14)                                                                                                 # EncryptedTensor<uint1, shape=(1, 64, 58, 58)>         ∈ [0, 0]
 %16 = (%15[:, :, 1:57, 1:57] = %12)                                                                                      # EncryptedTensor<uint4, shape=(1, 64, 58, 58)>         ∈ [0, 15]
 %17 = [[[[ 2 -3  ...   2  1]]]]                                                                                          # ClearTensor<int4, shape=(64, 64, 3, 3)>               ∈ [-7, 7]               @ /trunk/trunk.4/C2/Conv.conv
 %18 = conv2d(%16, %17, [0 0 0 0 0 ... 0 0 0 0 0], pads=[0, 0, 0, 0], strides=(1, 1), dilations=(1, 1), group=1)          # EncryptedTensor<int12, shape=(1, 64, 56, 56)>         ∈ [-2017, 1657]         @ /trunk/trunk.4/C2/Conv.conv
 %19 = round_bit_pattern(%18, lsbs_to_remove=5, overflow_protection=False, exactness=Exactness.EXACT)                     # EncryptedTensor<int12, shape=(1, 64, 56, 56)>         ∈ [-2016, 1664]         @ /trunk/trunk.4/C2/Conv.conv_rounding
 %20 = subgraph(%19)                                                                                                      # EncryptedTensor<int4, shape=(1, 64, 56, 56)>          ∈ [-8, 7]
 %21 = subgraph(%3)                                                                                                       # EncryptedTensor<int4, shape=(1, 64, 56, 56)>          ∈ [-8, 7]
 %22 = subgraph(%20)                                                                                                      # EncryptedTensor<int5, shape=(1, 64, 56, 56)>          ∈ [-13, 12]
 %23 = subgraph(%21)                                                                                                      # EncryptedTensor<int5, shape=(1, 64, 56, 56)>          ∈ [-16, 14]
 %24 = 1                                                                                                                  # ClearScalar<uint1>                                    ∈ [1, 1]
 %25 = multiply(%24, %23)                                                                                                 # EncryptedTensor<int5, shape=(1, 64, 56, 56)>          ∈ [-16, 14]
 %26 = add(%22, %25)                                                                                                      # EncryptedTensor<int6, shape=(1, 64, 56, 56)>          ∈ [-29, 26]
 %27 = subgraph(%26)                                                                                                      # EncryptedTensor<uint4, shape=(1, 64, 56, 56)>         ∈ [0, 15]
 %28 = ones()                                                                                                             # EncryptedTensor<uint1, shape=(1, 64, 58, 58)>         ∈ [1, 1]
 %29 = 0                                                                                                                  # ClearScalar<uint1>                                    ∈ [0, 0]
 %30 = multiply(%28, %29)                                                                                                 # EncryptedTensor<uint1, shape=(1, 64, 58, 58)>         ∈ [0, 0]
 %31 = (%30[:, :, 1:57, 1:57] = %27)                                                                                      # EncryptedTensor<uint4, shape=(1, 64, 58, 58)>         ∈ [0, 15]
 %32 = [[[[ 3 -5  ...   0 -1]]]]                                                                                          # ClearTensor<int4, shape=(64, 64, 3, 3)>               ∈ [-7, 7]               @ /trunk/trunk.5/C1/Conv.conv
 %33 = conv2d(%31, %32, [0 0 0 0 0 ... 0 0 0 0 0], pads=[0, 0, 0, 0], strides=(1, 1), dilations=(1, 1), group=1)          # EncryptedTensor<int12, shape=(1, 64, 56, 56)>         ∈ [-1295, 962]          @ /trunk/trunk.5/C1/Conv.conv
 %34 = round_bit_pattern(%33, lsbs_to_remove=4, overflow_protection=False, exactness=Exactness.EXACT)                     # EncryptedTensor<int12, shape=(1, 64, 56, 56)>         ∈ [-1296, 960]          @ /trunk/trunk.5/C1/Conv.conv_rounding
 %35 = subgraph(%34)                                                                                                      # EncryptedTensor<uint4, shape=(1, 64, 56, 56)>         ∈ [0, 15]
 %36 = ones()                                                                                                             # EncryptedTensor<uint1, shape=(1, 64, 58, 58)>         ∈ [1, 1]
 %37 = 0                                                                                                                  # ClearScalar<uint1>                                    ∈ [0, 0]
 %38 = multiply(%36, %37)                                                                                                 # EncryptedTensor<uint1, shape=(1, 64, 58, 58)>         ∈ [0, 0]
 %39 = (%38[:, :, 1:57, 1:57] = %35)                                                                                      # EncryptedTensor<uint4, shape=(1, 64, 58, 58)>         ∈ [0, 15]
 %40 = [[[[-2  1  ...  -5 -3]]]]                                                                                          # ClearTensor<int4, shape=(64, 64, 3, 3)>               ∈ [-7, 7]               @ /trunk/trunk.5/C2/Conv.conv
 %41 = conv2d(%39, %40, [0 0 0 0 0 ... 0 0 0 0 0], pads=[0, 0, 0, 0], strides=(1, 1), dilations=(1, 1), group=1)          # EncryptedTensor<int12, shape=(1, 64, 56, 56)>         ∈ [-1607, 1776]         @ /trunk/trunk.5/C2/Conv.conv
 %42 = round_bit_pattern(%41, lsbs_to_remove=5, overflow_protection=False, exactness=Exactness.EXACT)                     # EncryptedTensor<int12, shape=(1, 64, 56, 56)>         ∈ [-1600, 1792]         @ /trunk/trunk.5/C2/Conv.conv_rounding
 %43 = subgraph(%42)                                                                                                      # EncryptedTensor<int4, shape=(1, 64, 56, 56)>          ∈ [-8, 7]
 %44 = subgraph(%26)                                                                                                      # EncryptedTensor<uint4, shape=(1, 64, 56, 56)>         ∈ [0, 15]
 %45 = subgraph(%43)                                                                                                      # EncryptedTensor<int5, shape=(1, 64, 56, 56)>          ∈ [-14, 12]
 %46 = subgraph(%44)                                                                                                      # EncryptedTensor<uint5, shape=(1, 64, 56, 56)>         ∈ [0, 23]
 %47 = 1                                                                                                                  # ClearScalar<uint1>                                    ∈ [1, 1]
 %48 = multiply(%47, %46)                                                                                                 # EncryptedTensor<uint5, shape=(1, 64, 56, 56)>         ∈ [0, 23]
 %49 = add(%45, %48)                                                                                                      # EncryptedTensor<int7, shape=(1, 64, 56, 56)>          ∈ [-14, 35]
 %50 = subgraph(%49)                                                                                                      # EncryptedTensor<uint4, shape=(1, 64, 56, 56)>         ∈ [0, 15]
 %51 = ones()                                                                                                             # EncryptedTensor<uint1, shape=(1, 64, 58, 58)>         ∈ [1, 1]
 %52 = 0                                                                                                                  # ClearScalar<uint1>                                    ∈ [0, 0]
 %53 = multiply(%51, %52)                                                                                                 # EncryptedTensor<uint1, shape=(1, 64, 58, 58)>         ∈ [0, 0]
 %54 = (%53[:, :, 1:57, 1:57] = %50)                                                                                      # EncryptedTensor<uint4, shape=(1, 64, 58, 58)>         ∈ [0, 15]
 %55 = [[[[-1  0  ...  -1 -2]]]]                                                                                          # ClearTensor<int4, shape=(128, 64, 3, 3)>              ∈ [-6, 7]               @ /trunk/trunk.6/C1/Conv.conv
 %56 = conv2d(%54, %55, [0 0 0 0 0 ... 0 0 0 0 0], pads=[0, 0, 0, 0], strides=(2, 2), dilations=(1, 1), group=1)          # EncryptedTensor<int12, shape=(1, 128, 28, 28)>        ∈ [-1307, 1296]         @ /trunk/trunk.6/C1/Conv.conv
 %57 = round_bit_pattern(%56, lsbs_to_remove=4, overflow_protection=False, exactness=Exactness.EXACT)                     # EncryptedTensor<int12, shape=(1, 128, 28, 28)>        ∈ [-1312, 1296]         @ /trunk/trunk.6/C1/Conv.conv_rounding
 %58 = subgraph(%57)                                                                                                      # EncryptedTensor<uint4, shape=(1, 128, 28, 28)>        ∈ [0, 15]
 %59 = ones()                                                                                                             # EncryptedTensor<uint1, shape=(1, 128, 30, 30)>        ∈ [1, 1]
 %60 = 0                                                                                                                  # ClearScalar<uint1>                                    ∈ [0, 0]
 %61 = multiply(%59, %60)                                                                                                 # EncryptedTensor<uint1, shape=(1, 128, 30, 30)>        ∈ [0, 0]
 %62 = (%61[:, :, 1:29, 1:29] = %58)                                                                                      # EncryptedTensor<uint4, shape=(1, 128, 30, 30)>        ∈ [0, 15]
 %63 = [[[[-1  2  ...  -2  1]]]]                                                                                          # ClearTensor<int4, shape=(128, 128, 3, 3)>             ∈ [-7, 7]               @ /trunk/trunk.6/C2/Conv.conv
 %64 = conv2d(%62, %63, [0 0 0 0 0 ... 0 0 0 0 0], pads=[0, 0, 0, 0], strides=(1, 1), dilations=(1, 1), group=1)          # EncryptedTensor<int13, shape=(1, 128, 28, 28)>        ∈ [-2565, 2562]         @ /trunk/trunk.6/C2/Conv.conv
 %65 = round_bit_pattern(%64, lsbs_to_remove=5, overflow_protection=False, exactness=Exactness.EXACT)                     # EncryptedTensor<int13, shape=(1, 128, 28, 28)>        ∈ [-2560, 2560]         @ /trunk/trunk.6/C2/Conv.conv_rounding
 %66 = subgraph(%49)                                                                                                      # EncryptedTensor<uint4, shape=(1, 64, 56, 56)>         ∈ [0, 15]
 %67 = [[[[ 1]]   ...   [[ 1]]]]                                                                                          # ClearTensor<int4, shape=(128, 64, 1, 1)>              ∈ [-6, 7]               @ /trunk/trunk.6/shortcut/Conv.conv
 %68 = conv2d(%66, %67, [0 0 0 0 0 ... 0 0 0 0 0], pads=[0, 0, 0, 0], strides=(2, 2), dilations=(1, 1), group=1)          # EncryptedTensor<int10, shape=(1, 128, 28, 28)>        ∈ [-277, 298]           @ /trunk/trunk.6/shortcut/Conv.conv
 %69 = round_bit_pattern(%68, lsbs_to_remove=2, overflow_protection=False, exactness=Exactness.EXACT)                     # EncryptedTensor<int10, shape=(1, 128, 28, 28)>        ∈ [-276, 300]           @ /trunk/trunk.6/shortcut/Conv.conv_rounding
 %70 = subgraph(%65)                                                                                                      # EncryptedTensor<int4, shape=(1, 128, 28, 28)>         ∈ [-8, 7]
 %71 = subgraph(%69)                                                                                                      # EncryptedTensor<int4, shape=(1, 128, 28, 28)>         ∈ [-8, 7]
 %72 = subgraph(%70)                                                                                                      # EncryptedTensor<int5, shape=(1, 128, 28, 28)>         ∈ [-13, 11]
 %73 = subgraph(%71)                                                                                                      # EncryptedTensor<int5, shape=(1, 128, 28, 28)>         ∈ [-13, 12]
 %74 = 1                                                                                                                  # ClearScalar<uint1>                                    ∈ [1, 1]
 %75 = multiply(%74, %73)                                                                                                 # EncryptedTensor<int5, shape=(1, 128, 28, 28)>         ∈ [-13, 12]
 %76 = add(%72, %75)                                                                                                      # EncryptedTensor<int6, shape=(1, 128, 28, 28)>         ∈ [-26, 23]
 %77 = subgraph(%76)                                                                                                      # EncryptedTensor<uint4, shape=(1, 128, 28, 28)>        ∈ [0, 15]
 %78 = ones()                                                                                                             # EncryptedTensor<uint1, shape=(1, 128, 30, 30)>        ∈ [1, 1]
 %79 = 0                                                                                                                  # ClearScalar<uint1>                                    ∈ [0, 0]
 %80 = multiply(%78, %79)                                                                                                 # EncryptedTensor<uint1, shape=(1, 128, 30, 30)>        ∈ [0, 0]
 %81 = (%80[:, :, 1:29, 1:29] = %77)                                                                                      # EncryptedTensor<uint4, shape=(1, 128, 30, 30)>        ∈ [0, 15]
 %82 = [[[[-2 -1  ...  -2 -1]]]]                                                                                          # ClearTensor<int4, shape=(128, 128, 3, 3)>             ∈ [-7, 7]               @ /trunk/trunk.7/C1/Conv.conv
 %83 = conv2d(%81, %82, [0 0 0 0 0 ... 0 0 0 0 0], pads=[0, 0, 0, 0], strides=(1, 1), dilations=(1, 1), group=1)          # EncryptedTensor<int13, shape=(1, 128, 28, 28)>        ∈ [-2305, 2186]         @ /trunk/trunk.7/C1/Conv.conv
 %84 = round_bit_pattern(%83, lsbs_to_remove=5, overflow_protection=False, exactness=Exactness.EXACT)                     # EncryptedTensor<int13, shape=(1, 128, 28, 28)>        ∈ [-2304, 2176]         @ /trunk/trunk.7/C1/Conv.conv_rounding
 %85 = subgraph(%84)                                                                                                      # EncryptedTensor<uint4, shape=(1, 128, 28, 28)>        ∈ [0, 15]
 %86 = ones()                                                                                                             # EncryptedTensor<uint1, shape=(1, 128, 30, 30)>        ∈ [1, 1]
 %87 = 0                                                                                                                  # ClearScalar<uint1>                                    ∈ [0, 0]
 %88 = multiply(%86, %87)                                                                                                 # EncryptedTensor<uint1, shape=(1, 128, 30, 30)>        ∈ [0, 0]
 %89 = (%88[:, :, 1:29, 1:29] = %85)                                                                                      # EncryptedTensor<uint4, shape=(1, 128, 30, 30)>        ∈ [0, 15]
 %90 = [[[[ 2 -1  ...   0 -3]]]]                                                                                          # ClearTensor<int4, shape=(128, 128, 3, 3)>             ∈ [-7, 7]               @ /trunk/trunk.7/C2/Conv.conv
 %91 = conv2d(%89, %90, [0 0 0 0 0 ... 0 0 0 0 0], pads=[0, 0, 0, 0], strides=(1, 1), dilations=(1, 1), group=1)          # EncryptedTensor<int13, shape=(1, 128, 28, 28)>        ∈ [-3966, 3423]         @ /trunk/trunk.7/C2/Conv.conv
 %92 = round_bit_pattern(%91, lsbs_to_remove=6, overflow_protection=False, exactness=Exactness.EXACT)                     # EncryptedTensor<int13, shape=(1, 128, 28, 28)>        ∈ [-3968, 3392]         @ /trunk/trunk.7/C2/Conv.conv_rounding
 %93 = subgraph(%92)                                                                                                      # EncryptedTensor<int4, shape=(1, 128, 28, 28)>         ∈ [-8, 7]
 %94 = subgraph(%76)                                                                                                      # EncryptedTensor<uint4, shape=(1, 128, 28, 28)>        ∈ [0, 15]
 %95 = subgraph(%93)                                                                                                      # EncryptedTensor<int5, shape=(1, 128, 28, 28)>         ∈ [-13, 11]
 %96 = subgraph(%94)                                                                                                      # EncryptedTensor<uint5, shape=(1, 128, 28, 28)>        ∈ [0, 18]
 %97 = 1                                                                                                                  # ClearScalar<uint1>                                    ∈ [1, 1]
 %98 = multiply(%97, %96)                                                                                                 # EncryptedTensor<uint5, shape=(1, 128, 28, 28)>        ∈ [0, 18]
 %99 = add(%95, %98)                                                                                                      # EncryptedTensor<int6, shape=(1, 128, 28, 28)>         ∈ [-13, 29]
%100 = subgraph(%99)                                                                                                      # EncryptedTensor<uint4, shape=(1, 128, 28, 28)>        ∈ [0, 15]
%101 = ones()                                                                                                             # EncryptedTensor<uint1, shape=(1, 128, 30, 30)>        ∈ [1, 1]
%102 = 0                                                                                                                  # ClearScalar<uint1>                                    ∈ [0, 0]
%103 = multiply(%101, %102)                                                                                               # EncryptedTensor<uint1, shape=(1, 128, 30, 30)>        ∈ [0, 0]
%104 = (%103[:, :, 1:29, 1:29] = %100)                                                                                    # EncryptedTensor<uint4, shape=(1, 128, 30, 30)>        ∈ [0, 15]
%105 = [[[[-1  1  ...  -3 -3]]]]                                                                                          # ClearTensor<int4, shape=(256, 128, 3, 3)>             ∈ [-7, 7]               @ /trunk/trunk.8/C1/Conv.conv
%106 = conv2d(%104, %105, [0 0 0 0 0 ... 0 0 0 0 0], pads=[0, 0, 0, 0], strides=(2, 2), dilations=(1, 1), group=1)        # EncryptedTensor<int13, shape=(1, 256, 14, 14)>        ∈ [-2241, 2510]         @ /trunk/trunk.8/C1/Conv.conv
%107 = round_bit_pattern(%106, lsbs_to_remove=5, overflow_protection=False, exactness=Exactness.EXACT)                    # EncryptedTensor<int13, shape=(1, 256, 14, 14)>        ∈ [-2240, 2496]         @ /trunk/trunk.8/C1/Conv.conv_rounding
%108 = subgraph(%107)                                                                                                     # EncryptedTensor<uint4, shape=(1, 256, 14, 14)>        ∈ [0, 15]
%109 = ones()                                                                                                             # EncryptedTensor<uint1, shape=(1, 256, 16, 16)>        ∈ [1, 1]
%110 = 0                                                                                                                  # ClearScalar<uint1>                                    ∈ [0, 0]
%111 = multiply(%109, %110)                                                                                               # EncryptedTensor<uint1, shape=(1, 256, 16, 16)>        ∈ [0, 0]
%112 = (%111[:, :, 1:15, 1:15] = %108)                                                                                    # EncryptedTensor<uint4, shape=(1, 256, 16, 16)>        ∈ [0, 15]
%113 = [[[[-1  1  ...   3 -2]]]]                                                                                          # ClearTensor<int4, shape=(256, 256, 3, 3)>             ∈ [-7, 7]               @ /trunk/trunk.8/C2/Conv.conv
%114 = conv2d(%112, %113, [0 0 0 0 0 ... 0 0 0 0 0], pads=[0, 0, 0, 0], strides=(1, 1), dilations=(1, 1), group=1)        # EncryptedTensor<int14, shape=(1, 256, 14, 14)>        ∈ [-5448, 4491]         @ /trunk/trunk.8/C2/Conv.conv
%115 = round_bit_pattern(%114, lsbs_to_remove=6, overflow_protection=False, exactness=Exactness.EXACT)                    # EncryptedTensor<int14, shape=(1, 256, 14, 14)>        ∈ [-5440, 4480]         @ /trunk/trunk.8/C2/Conv.conv_rounding
%116 = subgraph(%99)                                                                                                      # EncryptedTensor<uint4, shape=(1, 128, 28, 28)>        ∈ [0, 15]
%117 = [[[[ 1]]   ...   [[-2]]]]                                                                                          # ClearTensor<int4, shape=(256, 128, 1, 1)>             ∈ [-7, 7]               @ /trunk/trunk.8/shortcut/Conv.conv
%118 = conv2d(%116, %117, [0 0 0 0 0 ... 0 0 0 0 0], pads=[0, 0, 0, 0], strides=(2, 2), dilations=(1, 1), group=1)        # EncryptedTensor<int10, shape=(1, 256, 14, 14)>        ∈ [-378, 432]           @ /trunk/trunk.8/shortcut/Conv.conv
%119 = round_bit_pattern(%118, lsbs_to_remove=3, overflow_protection=False, exactness=Exactness.EXACT)                    # EncryptedTensor<int10, shape=(1, 256, 14, 14)>        ∈ [-376, 432]           @ /trunk/trunk.8/shortcut/Conv.conv_rounding
%120 = subgraph(%115)                                                                                                     # EncryptedTensor<int4, shape=(1, 256, 14, 14)>         ∈ [-8, 7]
%121 = subgraph(%119)                                                                                                     # EncryptedTensor<int4, shape=(1, 256, 14, 14)>         ∈ [-8, 7]
%122 = subgraph(%120)                                                                                                     # EncryptedTensor<int5, shape=(1, 256, 14, 14)>         ∈ [-14, 13]
%123 = subgraph(%121)                                                                                                     # EncryptedTensor<int5, shape=(1, 256, 14, 14)>         ∈ [-13, 12]
%124 = 1                                                                                                                  # ClearScalar<uint1>                                    ∈ [1, 1]
%125 = multiply(%124, %123)                                                                                               # EncryptedTensor<int5, shape=(1, 256, 14, 14)>         ∈ [-13, 12]
%126 = add(%122, %125)                                                                                                    # EncryptedTensor<int6, shape=(1, 256, 14, 14)>         ∈ [-27, 25]
%127 = subgraph(%126)                                                                                                     # EncryptedTensor<uint4, shape=(1, 256, 14, 14)>        ∈ [0, 15]
%128 = ones()                                                                                                             # EncryptedTensor<uint1, shape=(1, 256, 16, 16)>        ∈ [1, 1]
%129 = 0                                                                                                                  # ClearScalar<uint1>                                    ∈ [0, 0]
%130 = multiply(%128, %129)                                                                                               # EncryptedTensor<uint1, shape=(1, 256, 16, 16)>        ∈ [0, 0]
%131 = (%130[:, :, 1:15, 1:15] = %127)                                                                                    # EncryptedTensor<uint4, shape=(1, 256, 16, 16)>        ∈ [0, 15]
%132 = [[[[-1  0  ...   1  1]]]]                                                                                          # ClearTensor<int4, shape=(256, 256, 3, 3)>             ∈ [-7, 7]               @ /trunk/trunk.9/C1/Conv.conv
%133 = conv2d(%131, %132, [0 0 0 0 0 ... 0 0 0 0 0], pads=[0, 0, 0, 0], strides=(1, 1), dilations=(1, 1), group=1)        # EncryptedTensor<int13, shape=(1, 256, 14, 14)>        ∈ [-2982, 3286]         @ /trunk/trunk.9/C1/Conv.conv
%134 = round_bit_pattern(%133, lsbs_to_remove=6, overflow_protection=False, exactness=Exactness.EXACT)                    # EncryptedTensor<int13, shape=(1, 256, 14, 14)>        ∈ [-3008, 3264]         @ /trunk/trunk.9/C1/Conv.conv_rounding
%135 = subgraph(%134)                                                                                                     # EncryptedTensor<uint4, shape=(1, 256, 14, 14)>        ∈ [0, 15]
%136 = ones()                                                                                                             # EncryptedTensor<uint1, shape=(1, 256, 16, 16)>        ∈ [1, 1]
%137 = 0                                                                                                                  # ClearScalar<uint1>                                    ∈ [0, 0]
%138 = multiply(%136, %137)                                                                                               # EncryptedTensor<uint1, shape=(1, 256, 16, 16)>        ∈ [0, 0]
%139 = (%138[:, :, 1:15, 1:15] = %135)                                                                                    # EncryptedTensor<uint4, shape=(1, 256, 16, 16)>        ∈ [0, 15]
%140 = [[[[-1  1  ...   0 -1]]]]                                                                                          # ClearTensor<int4, shape=(256, 256, 3, 3)>             ∈ [-6, 7]               @ /trunk/trunk.9/C2/Conv.conv
%141 = conv2d(%139, %140, [0 0 0 0 0 ... 0 0 0 0 0], pads=[0, 0, 0, 0], strides=(1, 1), dilations=(1, 1), group=1)        # EncryptedTensor<int14, shape=(1, 256, 14, 14)>        ∈ [-4626, 4277]         @ /trunk/trunk.9/C2/Conv.conv
%142 = round_bit_pattern(%141, lsbs_to_remove=6, overflow_protection=False, exactness=Exactness.EXACT)                    # EncryptedTensor<int14, shape=(1, 256, 14, 14)>        ∈ [-4608, 4288]         @ /trunk/trunk.9/C2/Conv.conv_rounding
%143 = subgraph(%142)                                                                                                     # EncryptedTensor<int4, shape=(1, 256, 14, 14)>         ∈ [-8, 7]
%144 = subgraph(%126)                                                                                                     # EncryptedTensor<uint4, shape=(1, 256, 14, 14)>        ∈ [0, 15]
%145 = subgraph(%143)                                                                                                     # EncryptedTensor<int5, shape=(1, 256, 14, 14)>         ∈ [-13, 11]
%146 = subgraph(%144)                                                                                                     # EncryptedTensor<uint5, shape=(1, 256, 14, 14)>        ∈ [0, 19]
%147 = 1                                                                                                                  # ClearScalar<uint1>                                    ∈ [1, 1]
%148 = multiply(%147, %146)                                                                                               # EncryptedTensor<uint5, shape=(1, 256, 14, 14)>        ∈ [0, 19]
%149 = add(%145, %148)                                                                                                    # EncryptedTensor<int6, shape=(1, 256, 14, 14)>         ∈ [-13, 30]
%150 = subgraph(%149)                                                                                                     # EncryptedTensor<uint4, shape=(1, 256, 14, 14)>        ∈ [0, 15]
%151 = ones()                                                                                                             # EncryptedTensor<uint1, shape=(1, 256, 16, 16)>        ∈ [1, 1]
%152 = 0                                                                                                                  # ClearScalar<uint1>                                    ∈ [0, 0]
%153 = multiply(%151, %152)                                                                                               # EncryptedTensor<uint1, shape=(1, 256, 16, 16)>        ∈ [0, 0]
%154 = (%153[:, :, 1:15, 1:15] = %150)                                                                                    # EncryptedTensor<uint4, shape=(1, 256, 16, 16)>        ∈ [0, 15]
%155 = [[[[ 0 -1  ...  -1  2]]]]                                                                                          # ClearTensor<int4, shape=(512, 256, 3, 3)>             ∈ [-7, 7]               @ /trunk/trunk.10/C1/Conv.conv
%156 = conv2d(%154, %155, [0 0 0 0 0 ... 0 0 0 0 0], pads=[0, 0, 0, 0], strides=(2, 2), dilations=(1, 1), group=1)        # EncryptedTensor<int13, shape=(1, 512, 7, 7)>          ∈ [-3638, 3593]         @ /trunk/trunk.10/C1/Conv.conv
%157 = round_bit_pattern(%156, lsbs_to_remove=6, overflow_protection=False, exactness=Exactness.EXACT)                    # EncryptedTensor<int13, shape=(1, 512, 7, 7)>          ∈ [-3648, 3584]         @ /trunk/trunk.10/C1/Conv.conv_rounding
%158 = subgraph(%157)                                                                                                     # EncryptedTensor<uint4, shape=(1, 512, 7, 7)>          ∈ [0, 15]
%159 = ones()                                                                                                             # EncryptedTensor<uint1, shape=(1, 512, 9, 9)>          ∈ [1, 1]
%160 = 0                                                                                                                  # ClearScalar<uint1>                                    ∈ [0, 0]
%161 = multiply(%159, %160)                                                                                               # EncryptedTensor<uint1, shape=(1, 512, 9, 9)>          ∈ [0, 0]
%162 = (%161[:, :, 1:8, 1:8] = %158)                                                                                      # EncryptedTensor<uint4, shape=(1, 512, 9, 9)>          ∈ [0, 15]
%163 = [[[[-1 -1  ...   3  2]]]]                                                                                          # ClearTensor<int4, shape=(512, 512, 3, 3)>             ∈ [-7, 7]               @ /trunk/trunk.10/C2/Conv.conv
%164 = conv2d(%162, %163, [0 0 0 0 0 ... 0 0 0 0 0], pads=[0, 0, 0, 0], strides=(1, 1), dilations=(1, 1), group=1)        # EncryptedTensor<int15, shape=(1, 512, 7, 7)>          ∈ [-8368, 10193]        @ /trunk/trunk.10/C2/Conv.conv
%165 = round_bit_pattern(%164, lsbs_to_remove=7, overflow_protection=False, exactness=Exactness.EXACT)                    # EncryptedTensor<int15, shape=(1, 512, 7, 7)>          ∈ [-8320, 10240]        @ /trunk/trunk.10/C2/Conv.conv_rounding
%166 = subgraph(%149)                                                                                                     # EncryptedTensor<uint4, shape=(1, 256, 14, 14)>        ∈ [0, 15]
%167 = [[[[ 1]]   ...   [[ 0]]]]                                                                                          # ClearTensor<int4, shape=(512, 256, 1, 1)>             ∈ [-7, 7]               @ /trunk/trunk.10/shortcut/Conv.conv
%168 = conv2d(%166, %167, [0 0 0 0 0 ... 0 0 0 0 0], pads=[0, 0, 0, 0], strides=(2, 2), dilations=(1, 1), group=1)        # EncryptedTensor<int11, shape=(1, 512, 7, 7)>          ∈ [-610, 535]           @ /trunk/trunk.10/shortcut/Conv.conv
%169 = round_bit_pattern(%168, lsbs_to_remove=3, overflow_protection=False, exactness=Exactness.EXACT)                    # EncryptedTensor<int11, shape=(1, 512, 7, 7)>          ∈ [-608, 536]           @ /trunk/trunk.10/shortcut/Conv.conv_rounding
%170 = subgraph(%165)                                                                                                     # EncryptedTensor<int4, shape=(1, 512, 7, 7)>           ∈ [-8, 7]
%171 = subgraph(%169)                                                                                                     # EncryptedTensor<int4, shape=(1, 512, 7, 7)>           ∈ [-8, 7]
%172 = subgraph(%170)                                                                                                     # EncryptedTensor<int5, shape=(1, 512, 7, 7)>           ∈ [-12, 11]
%173 = subgraph(%171)                                                                                                     # EncryptedTensor<int5, shape=(1, 512, 7, 7)>           ∈ [-13, 11]
%174 = 1                                                                                                                  # ClearScalar<uint1>                                    ∈ [1, 1]
%175 = multiply(%174, %173)                                                                                               # EncryptedTensor<int5, shape=(1, 512, 7, 7)>           ∈ [-13, 11]
%176 = add(%172, %175)                                                                                                    # EncryptedTensor<int6, shape=(1, 512, 7, 7)>           ∈ [-25, 22]
%177 = subgraph(%176)                                                                                                     # EncryptedTensor<uint4, shape=(1, 512, 7, 7)>          ∈ [0, 15]
%178 = ones()                                                                                                             # EncryptedTensor<uint1, shape=(1, 512, 9, 9)>          ∈ [1, 1]
%179 = 0                                                                                                                  # ClearScalar<uint1>                                    ∈ [0, 0]
%180 = multiply(%178, %179)                                                                                               # EncryptedTensor<uint1, shape=(1, 512, 9, 9)>          ∈ [0, 0]
%181 = (%180[:, :, 1:8, 1:8] = %177)                                                                                      # EncryptedTensor<uint4, shape=(1, 512, 9, 9)>          ∈ [0, 15]
%182 = [[[[-1  0  ...   0 -1]]]]                                                                                          # ClearTensor<int4, shape=(512, 512, 3, 3)>             ∈ [-5, 7]               @ /trunk/trunk.11/C1/Conv.conv
%183 = conv2d(%181, %182, [0 0 0 0 0 ... 0 0 0 0 0], pads=[0, 0, 0, 0], strides=(1, 1), dilations=(1, 1), group=1)        # EncryptedTensor<int13, shape=(1, 512, 7, 7)>          ∈ [-3154, 3356]         @ /trunk/trunk.11/C1/Conv.conv
%184 = round_bit_pattern(%183, lsbs_to_remove=6, overflow_protection=False, exactness=Exactness.EXACT)                    # EncryptedTensor<int13, shape=(1, 512, 7, 7)>          ∈ [-3136, 3328]         @ /trunk/trunk.11/C1/Conv.conv_rounding
%185 = subgraph(%184)                                                                                                     # EncryptedTensor<uint4, shape=(1, 512, 7, 7)>          ∈ [0, 15]
%186 = ones()                                                                                                             # EncryptedTensor<uint1, shape=(1, 512, 9, 9)>          ∈ [1, 1]
%187 = 0                                                                                                                  # ClearScalar<uint1>                                    ∈ [0, 0]
%188 = multiply(%186, %187)                                                                                               # EncryptedTensor<uint1, shape=(1, 512, 9, 9)>          ∈ [0, 0]
%189 = (%188[:, :, 1:8, 1:8] = %185)                                                                                      # EncryptedTensor<uint4, shape=(1, 512, 9, 9)>          ∈ [0, 15]
%190 = [[[[-1 -1  ...   0  0]]]]                                                                                          # ClearTensor<int4, shape=(512, 512, 3, 3)>             ∈ [-6, 7]               @ /trunk/trunk.11/C2/Conv.conv
%191 = conv2d(%189, %190, [0 0 0 0 0 ... 0 0 0 0 0], pads=[0, 0, 0, 0], strides=(1, 1), dilations=(1, 1), group=1)        # EncryptedTensor<int15, shape=(1, 512, 7, 7)>          ∈ [-12622, 9918]        @ /trunk/trunk.11/C2/Conv.conv
%192 = round_bit_pattern(%191, lsbs_to_remove=8, overflow_protection=False, exactness=Exactness.EXACT)                    # EncryptedTensor<int15, shape=(1, 512, 7, 7)>          ∈ [-12544, 9984]        @ /trunk/trunk.11/C2/Conv.conv_rounding
%193 = subgraph(%192)                                                                                                     # EncryptedTensor<int4, shape=(1, 512, 7, 7)>           ∈ [-8, 7]
%194 = subgraph(%176)                                                                                                     # EncryptedTensor<uint4, shape=(1, 512, 7, 7)>          ∈ [0, 15]
%195 = subgraph(%193)                                                                                                     # EncryptedTensor<int5, shape=(1, 512, 7, 7)>           ∈ [-12, 11]
%196 = subgraph(%194)                                                                                                     # EncryptedTensor<uint5, shape=(1, 512, 7, 7)>          ∈ [0, 21]
%197 = 1                                                                                                                  # ClearScalar<uint1>                                    ∈ [1, 1]
%198 = multiply(%197, %196)                                                                                               # EncryptedTensor<uint5, shape=(1, 512, 7, 7)>          ∈ [0, 21]
%199 = add(%195, %198)                                                                                                    # EncryptedTensor<int7, shape=(1, 512, 7, 7)>           ∈ [-12, 32]
%200 = subgraph(%199)                                                                                                     # EncryptedTensor<uint4, shape=(1, 512, 7, 7)>          ∈ [0, 15]
%201 = [[[[1 1 1  ...  1 1 1]]]]                                                                                          # ClearTensor<uint1, shape=(512, 512, 5, 5)>            ∈ [0, 1]                @ /trunk/trunk.12/AveragePool.avgpool
%202 = conv2d(%200, %201, [0 0 0 0 0 ... 0 0 0 0 0], pads=[0, 0, 0, 0], strides=(5, 5), dilations=(1, 1), group=1)        # EncryptedTensor<uint8, shape=(1, 512, 1, 1)>          ∈ [0, 223]              @ /trunk/trunk.12/AveragePool.avgpool
%203 = round_bit_pattern(%202, lsbs_to_remove=1, overflow_protection=False, exactness=Exactness.EXACT)                    # EncryptedTensor<uint8, shape=(1, 512, 1, 1)>          ∈ [0, 224]              @ /trunk/trunk.12/AveragePool.avgpool_rounding
%204 = subgraph(%203)                                                                                                     # EncryptedTensor<uint3, shape=(1, 512, 1, 1)>          ∈ [0, 7]
%205 = reshape(%204, newshape=(1, 512))                                                                                   # EncryptedTensor<uint3, shape=(1, 512)>                ∈ [0, 7]
return %205

Subgraphs:

    %4 = subgraph(%3):

         %0 = input                            # EncryptedTensor<int4, shape=(1, 64, 56, 56)>           @ /trunk/trunk.1/Conv.conv_rounding
         %1 = astype(%0, dtype=float64)        # EncryptedTensor<float64, shape=(1, 64, 56, 56)>
         %2 = 0                                # ClearScalar<uint1>
         %3 = add(%1, %2)                      # EncryptedTensor<float64, shape=(1, 64, 56, 56)>
         %4 = [[[[0]]  [ ... ]  [[0]]]]        # ClearTensor<uint1, shape=(1, 64, 1, 1)>
         %5 = subtract(%3, %4)                 # EncryptedTensor<float64, shape=(1, 64, 56, 56)>
         %6 = 4.3717045498121365               # ClearScalar<float64>
         %7 = multiply(%6, %5)                 # EncryptedTensor<float64, shape=(1, 64, 56, 56)>
         %8 = [[[[ 2.650 ... 13e-02]]]]        # ClearTensor<float32, shape=(1, 64, 1, 1)>
         %9 = subtract(%7, %8)                 # EncryptedTensor<float64, shape=(1, 64, 56, 56)>
        %10 = [[[[19.071 ... 40101 ]]]]        # ClearTensor<float32, shape=(1, 64, 1, 1)>
        %11 = divide(%9, %10)                  # EncryptedTensor<float64, shape=(1, 64, 56, 56)>
        %12 = [[[[1.0211 ... 29015 ]]]]        # ClearTensor<float32, shape=(1, 64, 1, 1)>
        %13 = multiply(%11, %12)               # EncryptedTensor<float64, shape=(1, 64, 56, 56)>
        %14 = [[[[ 0.035 ... 9463  ]]]]        # ClearTensor<float32, shape=(1, 64, 1, 1)>
        %15 = add(%13, %14)                    # EncryptedTensor<float64, shape=(1, 64, 56, 56)>
        %16 = 1.4756107                        # ClearScalar<float32>
        %17 = divide(%15, %16)                 # EncryptedTensor<float64, shape=(1, 64, 56, 56)>
        %18 = 0.0                              # ClearScalar<float32>
        %19 = add(%17, %18)                    # EncryptedTensor<float64, shape=(1, 64, 56, 56)>
        %20 = -8.0                             # ClearScalar<float64>
        %21 = 7.0                              # ClearScalar<float64>
        %22 = clip(%19, %20, %21)              # EncryptedTensor<float64, shape=(1, 64, 56, 56)>
        %23 = rint(%22)                        # EncryptedTensor<float64, shape=(1, 64, 56, 56)>
        %24 = 0.0                              # ClearScalar<float32>
        %25 = subtract(%23, %24)               # EncryptedTensor<float64, shape=(1, 64, 56, 56)>
        %26 = 1.4756107                        # ClearScalar<float32>
        %27 = multiply(%25, %26)               # EncryptedTensor<float64, shape=(1, 64, 56, 56)>
        %28 = 1.4756107330322266               # ClearScalar<float64>
        %29 = divide(%27, %28)                 # EncryptedTensor<float64, shape=(1, 64, 56, 56)>
        %30 = 0                                # ClearScalar<uint1>
        %31 = add(%29, %30)                    # EncryptedTensor<float64, shape=(1, 64, 56, 56)>
        %32 = rint(%31)                        # EncryptedTensor<float64, shape=(1, 64, 56, 56)>
        %33 = astype(%32, dtype=int_)          # EncryptedTensor<uint1, shape=(1, 64, 56, 56)>
        return %33

    %12 = subgraph(%11):

         %0 = input                            # EncryptedTensor<uint1, shape=(1, 64, 56, 56)>          @ /trunk/trunk.4/C1/Conv.conv_rounding
         %1 = astype(%0, dtype=float64)        # EncryptedTensor<float64, shape=(1, 64, 56, 56)>
         %2 = 0                                # ClearScalar<uint1>
         %3 = add(%1, %2)                      # EncryptedTensor<float64, shape=(1, 64, 56, 56)>
         %4 = [[[[0]]  [ ... ]  [[0]]]]        # ClearTensor<uint1, shape=(1, 64, 1, 1)>
         %5 = subtract(%3, %4)                 # EncryptedTensor<float64, shape=(1, 64, 56, 56)>
         %6 = 0.04493889584647803              # ClearScalar<float64>
         %7 = multiply(%6, %5)                 # EncryptedTensor<float64, shape=(1, 64, 56, 56)>
         %8 = [[[[ 0.000 ... 031522]]]]        # ClearTensor<float32, shape=(1, 64, 1, 1)>
         %9 = subtract(%7, %8)                 # EncryptedTensor<float64, shape=(1, 64, 56, 56)>
        %10 = [[[[2.2601 ... 434228]]]]        # ClearTensor<float32, shape=(1, 64, 1, 1)>
        %11 = divide(%9, %10)                  # EncryptedTensor<float64, shape=(1, 64, 56, 56)>
        %12 = [[[[1.0118 ... 746644]]]]        # ClearTensor<float32, shape=(1, 64, 1, 1)>
        %13 = multiply(%11, %12)               # EncryptedTensor<float64, shape=(1, 64, 56, 56)>
        %14 = [[[[ 0.075 ... 353977]]]]        # ClearTensor<float32, shape=(1, 64, 1, 1)>
        %15 = add(%13, %14)                    # EncryptedTensor<float64, shape=(1, 64, 56, 56)>
        %16 = 0                                # ClearScalar<uint1>
        %17 = maximum(%15, %16)                # EncryptedTensor<float64, shape=(1, 64, 56, 56)>
        %18 = 0.59496284                       # ClearScalar<float32>
        %19 = divide(%17, %18)                 # EncryptedTensor<float64, shape=(1, 64, 56, 56)>
        %20 = 0.0                              # ClearScalar<float32>
        %21 = add(%19, %20)                    # EncryptedTensor<float64, shape=(1, 64, 56, 56)>
        %22 = 0.0                              # ClearScalar<float64>
        %23 = 15.0                             # ClearScalar<float64>
        %24 = clip(%21, %22, %23)              # EncryptedTensor<float64, shape=(1, 64, 56, 56)>
        %25 = rint(%24)                        # EncryptedTensor<float64, shape=(1, 64, 56, 56)>
        %26 = 0.0                              # ClearScalar<float32>
        %27 = subtract(%25, %26)               # EncryptedTensor<float64, shape=(1, 64, 56, 56)>
        %28 = 0.59496284                       # ClearScalar<float32>
        %29 = multiply(%27, %28)               # EncryptedTensor<float64, shape=(1, 64, 56, 56)>
        %30 = 0.5949628353118896               # ClearScalar<float64>
        %31 = divide(%29, %30)                 # EncryptedTensor<float64, shape=(1, 64, 56, 56)>
        %32 = 0                                # ClearScalar<uint1>
        %33 = add(%31, %32)                    # EncryptedTensor<float64, shape=(1, 64, 56, 56)>
        %34 = rint(%33)                        # EncryptedTensor<float64, shape=(1, 64, 56, 56)>
        %35 = astype(%34, dtype=int_)          # EncryptedTensor<uint1, shape=(1, 64, 56, 56)>
        return %35

    %20 = subgraph(%19):

         %0 = input                            # EncryptedTensor<uint1, shape=(1, 64, 56, 56)>          @ /trunk/trunk.4/C2/Conv.conv_rounding
         %1 = astype(%0, dtype=float64)        # EncryptedTensor<float64, shape=(1, 64, 56, 56)>
         %2 = 0                                # ClearScalar<uint1>
         %3 = add(%1, %2)                      # EncryptedTensor<float64, shape=(1, 64, 56, 56)>
         %4 = [[[[0]]  [ ... ]  [[0]]]]        # ClearTensor<uint1, shape=(1, 64, 1, 1)>
         %5 = subtract(%3, %4)                 # EncryptedTensor<float64, shape=(1, 64, 56, 56)>
         %6 = 0.018928820107428912             # ClearScalar<float64>
         %7 = multiply(%6, %5)                 # EncryptedTensor<float64, shape=(1, 64, 56, 56)>
         %8 = [[[[-1.356 ... 54e-01]]]]        # ClearTensor<float32, shape=(1, 64, 1, 1)>
         %9 = subtract(%7, %8)                 # EncryptedTensor<float64, shape=(1, 64, 56, 56)>
        %10 = [[[[1.8593 ... 066333]]]]        # ClearTensor<float32, shape=(1, 64, 1, 1)>
        %11 = divide(%9, %10)                  # EncryptedTensor<float64, shape=(1, 64, 56, 56)>
        %12 = [[[[0.9842 ... 18029 ]]]]        # ClearTensor<float32, shape=(1, 64, 1, 1)>
        %13 = multiply(%11, %12)               # EncryptedTensor<float64, shape=(1, 64, 56, 56)>
        %14 = [[[[ 0.043 ... 110498]]]]        # ClearTensor<float32, shape=(1, 64, 1, 1)>
        %15 = add(%13, %14)                    # EncryptedTensor<float64, shape=(1, 64, 56, 56)>
        %16 = 1.2458574                        # ClearScalar<float32>
        %17 = divide(%15, %16)                 # EncryptedTensor<float64, shape=(1, 64, 56, 56)>
        %18 = 0.0                              # ClearScalar<float32>
        %19 = add(%17, %18)                    # EncryptedTensor<float64, shape=(1, 64, 56, 56)>
        %20 = -8.0                             # ClearScalar<float64>
        %21 = 7.0                              # ClearScalar<float64>
        %22 = clip(%19, %20, %21)              # EncryptedTensor<float64, shape=(1, 64, 56, 56)>
        %23 = rint(%22)                        # EncryptedTensor<float64, shape=(1, 64, 56, 56)>
        %24 = 0.0                              # ClearScalar<float32>
        %25 = subtract(%23, %24)               # EncryptedTensor<float64, shape=(1, 64, 56, 56)>
        %26 = 1.2458574                        # ClearScalar<float32>
        %27 = multiply(%25, %26)               # EncryptedTensor<float64, shape=(1, 64, 56, 56)>
        %28 = 1.2458573579788208               # ClearScalar<float64>
        %29 = divide(%27, %28)                 # EncryptedTensor<float64, shape=(1, 64, 56, 56)>
        %30 = 0                                # ClearScalar<uint1>
        %31 = add(%29, %30)                    # EncryptedTensor<float64, shape=(1, 64, 56, 56)>
        %32 = rint(%31)                        # EncryptedTensor<float64, shape=(1, 64, 56, 56)>
        %33 = astype(%32, dtype=int_)          # EncryptedTensor<uint1, shape=(1, 64, 56, 56)>
        return %33

    %21 = subgraph(%3):

         %0 = input                            # EncryptedTensor<int4, shape=(1, 64, 56, 56)>           @ /trunk/trunk.1/Conv.conv_rounding
         %1 = astype(%0, dtype=float64)        # EncryptedTensor<float64, shape=(1, 64, 56, 56)>
         %2 = 0                                # ClearScalar<uint1>
         %3 = add(%1, %2)                      # EncryptedTensor<float64, shape=(1, 64, 56, 56)>
         %4 = [[[[0]]  [ ... ]  [[0]]]]        # ClearTensor<uint1, shape=(1, 64, 1, 1)>
         %5 = subtract(%3, %4)                 # EncryptedTensor<float64, shape=(1, 64, 56, 56)>
         %6 = 4.3717045498121365               # ClearScalar<float64>
         %7 = multiply(%6, %5)                 # EncryptedTensor<float64, shape=(1, 64, 56, 56)>
         %8 = [[[[ 2.650 ... 13e-02]]]]        # ClearTensor<float32, shape=(1, 64, 1, 1)>
         %9 = subtract(%7, %8)                 # EncryptedTensor<float64, shape=(1, 64, 56, 56)>
        %10 = [[[[19.071 ... 40101 ]]]]        # ClearTensor<float32, shape=(1, 64, 1, 1)>
        %11 = divide(%9, %10)                  # EncryptedTensor<float64, shape=(1, 64, 56, 56)>
        %12 = [[[[1.0211 ... 29015 ]]]]        # ClearTensor<float32, shape=(1, 64, 1, 1)>
        %13 = multiply(%11, %12)               # EncryptedTensor<float64, shape=(1, 64, 56, 56)>
        %14 = [[[[ 0.035 ... 9463  ]]]]        # ClearTensor<float32, shape=(1, 64, 1, 1)>
        %15 = add(%13, %14)                    # EncryptedTensor<float64, shape=(1, 64, 56, 56)>
        %16 = 1.4756107                        # ClearScalar<float32>
        %17 = divide(%15, %16)                 # EncryptedTensor<float64, shape=(1, 64, 56, 56)>
        %18 = 0.0                              # ClearScalar<float32>
        %19 = add(%17, %18)                    # EncryptedTensor<float64, shape=(1, 64, 56, 56)>
        %20 = -8.0                             # ClearScalar<float64>
        %21 = 7.0                              # ClearScalar<float64>
        %22 = clip(%19, %20, %21)              # EncryptedTensor<float64, shape=(1, 64, 56, 56)>
        %23 = rint(%22)                        # EncryptedTensor<float64, shape=(1, 64, 56, 56)>
        %24 = 0.0                              # ClearScalar<float32>
        %25 = subtract(%23, %24)               # EncryptedTensor<float64, shape=(1, 64, 56, 56)>
        %26 = 1.4756107                        # ClearScalar<float32>
        %27 = multiply(%25, %26)               # EncryptedTensor<float64, shape=(1, 64, 56, 56)>
        %28 = 1.4756107330322266               # ClearScalar<float64>
        %29 = divide(%27, %28)                 # EncryptedTensor<float64, shape=(1, 64, 56, 56)>
        %30 = 0                                # ClearScalar<uint1>
        %31 = add(%29, %30)                    # EncryptedTensor<float64, shape=(1, 64, 56, 56)>
        %32 = rint(%31)                        # EncryptedTensor<float64, shape=(1, 64, 56, 56)>
        %33 = astype(%32, dtype=int_)          # EncryptedTensor<uint1, shape=(1, 64, 56, 56)>
        return %33

    %22 = subgraph(%20):

         %0 = input                         # EncryptedTensor<uint1, shape=(1, 64, 56, 56)>
         %1 = 0.0                           # ClearScalar<float64>
         %2 = subtract(%0, %1)              # EncryptedTensor<float64, shape=(1, 64, 56, 56)>
         %3 = 1.2458573579788208            # ClearScalar<float64>
         %4 = multiply(%3, %2)              # EncryptedTensor<float64, shape=(1, 64, 56, 56)>
         %5 = 0.7573260914894843            # ClearScalar<float64>
         %6 = divide(%4, %5)                # EncryptedTensor<float64, shape=(1, 64, 56, 56)>
         %7 = 0                             # ClearScalar<uint1>
         %8 = add(%6, %7)                   # EncryptedTensor<float64, shape=(1, 64, 56, 56)>
         %9 = rint(%8)                      # EncryptedTensor<float64, shape=(1, 64, 56, 56)>
        %10 = astype(%9, dtype=int_)        # EncryptedTensor<uint1, shape=(1, 64, 56, 56)>
        return %10

    %23 = subgraph(%21):

         %0 = input                         # EncryptedTensor<uint1, shape=(1, 64, 56, 56)>
         %1 = 0.0                           # ClearScalar<float64>
         %2 = subtract(%0, %1)              # EncryptedTensor<float64, shape=(1, 64, 56, 56)>
         %3 = 1.4756107330322266            # ClearScalar<float64>
         %4 = multiply(%3, %2)              # EncryptedTensor<float64, shape=(1, 64, 56, 56)>
         %5 = 0.7573260914894843            # ClearScalar<float64>
         %6 = divide(%4, %5)                # EncryptedTensor<float64, shape=(1, 64, 56, 56)>
         %7 = 0                             # ClearScalar<uint1>
         %8 = add(%6, %7)                   # EncryptedTensor<float64, shape=(1, 64, 56, 56)>
         %9 = rint(%8)                      # EncryptedTensor<float64, shape=(1, 64, 56, 56)>
        %10 = astype(%9, dtype=int_)        # EncryptedTensor<uint1, shape=(1, 64, 56, 56)>
        return %10

    %27 = subgraph(%26):

         %0 = input                          # EncryptedTensor<uint2, shape=(1, 64, 56, 56)>
         %1 = 0.0                            # ClearScalar<float64>
         %2 = subtract(%0, %1)               # EncryptedTensor<float64, shape=(1, 64, 56, 56)>
         %3 = 0.7573260914894843             # ClearScalar<float64>
         %4 = multiply(%3, %2)               # EncryptedTensor<float64, shape=(1, 64, 56, 56)>
         %5 = 0                              # ClearScalar<uint1>
         %6 = maximum(%4, %5)                # EncryptedTensor<float64, shape=(1, 64, 56, 56)>
         %7 = 0.98359185                     # ClearScalar<float32>
         %8 = divide(%6, %7)                 # EncryptedTensor<float64, shape=(1, 64, 56, 56)>
         %9 = 0.0                            # ClearScalar<float32>
        %10 = add(%8, %9)                    # EncryptedTensor<float64, shape=(1, 64, 56, 56)>
        %11 = 0.0                            # ClearScalar<float64>
        %12 = 15.0                           # ClearScalar<float64>
        %13 = clip(%10, %11, %12)            # EncryptedTensor<float64, shape=(1, 64, 56, 56)>
        %14 = rint(%13)                      # EncryptedTensor<float64, shape=(1, 64, 56, 56)>
        %15 = 0.0                            # ClearScalar<float32>
        %16 = subtract(%14, %15)             # EncryptedTensor<float64, shape=(1, 64, 56, 56)>
        %17 = 0.98359185                     # ClearScalar<float32>
        %18 = multiply(%16, %17)             # EncryptedTensor<float64, shape=(1, 64, 56, 56)>
        %19 = 0.9835918545722961             # ClearScalar<float64>
        %20 = divide(%18, %19)               # EncryptedTensor<float64, shape=(1, 64, 56, 56)>
        %21 = 0                              # ClearScalar<uint1>
        %22 = add(%20, %21)                  # EncryptedTensor<float64, shape=(1, 64, 56, 56)>
        %23 = rint(%22)                      # EncryptedTensor<float64, shape=(1, 64, 56, 56)>
        %24 = astype(%23, dtype=int_)        # EncryptedTensor<uint1, shape=(1, 64, 56, 56)>
        return %24

    %35 = subgraph(%34):

         %0 = input                            # EncryptedTensor<uint1, shape=(1, 64, 56, 56)>          @ /trunk/trunk.5/C1/Conv.conv_rounding
         %1 = astype(%0, dtype=float64)        # EncryptedTensor<float64, shape=(1, 64, 56, 56)>
         %2 = 0                                # ClearScalar<uint1>
         %3 = add(%1, %2)                      # EncryptedTensor<float64, shape=(1, 64, 56, 56)>
         %4 = [[[[0]]  [ ... ]  [[0]]]]        # ClearTensor<uint1, shape=(1, 64, 1, 1)>
         %5 = subtract(%3, %4)                 # EncryptedTensor<float64, shape=(1, 64, 56, 56)>
         %6 = 0.03150097473499258              # ClearScalar<float64>
         %7 = multiply(%6, %5)                 # EncryptedTensor<float64, shape=(1, 64, 56, 56)>
         %8 = [[[[-1.412 ... 360984]]]]        # ClearTensor<float32, shape=(1, 64, 1, 1)>
         %9 = subtract(%7, %8)                 # EncryptedTensor<float64, shape=(1, 64, 56, 56)>
        %10 = [[[[2.5569 ... 771237]]]]        # ClearTensor<float32, shape=(1, 64, 1, 1)>
        %11 = divide(%9, %10)                  # EncryptedTensor<float64, shape=(1, 64, 56, 56)>
        %12 = [[[[0.9530 ... 22497 ]]]]        # ClearTensor<float32, shape=(1, 64, 1, 1)>
        %13 = multiply(%11, %12)               # EncryptedTensor<float64, shape=(1, 64, 56, 56)>
        %14 = [[[[ 0.019 ... 806394]]]]        # ClearTensor<float32, shape=(1, 64, 1, 1)>
        %15 = add(%13, %14)                    # EncryptedTensor<float64, shape=(1, 64, 56, 56)>
        %16 = 0                                # ClearScalar<uint1>
        %17 = maximum(%15, %16)                # EncryptedTensor<float64, shape=(1, 64, 56, 56)>
        %18 = 0.5776227                        # ClearScalar<float32>
        %19 = divide(%17, %18)                 # EncryptedTensor<float64, shape=(1, 64, 56, 56)>
        %20 = 0.0                              # ClearScalar<float32>
        %21 = add(%19, %20)                    # EncryptedTensor<float64, shape=(1, 64, 56, 56)>
        %22 = 0.0                              # ClearScalar<float64>
        %23 = 15.0                             # ClearScalar<float64>
        %24 = clip(%21, %22, %23)              # EncryptedTensor<float64, shape=(1, 64, 56, 56)>
        %25 = rint(%24)                        # EncryptedTensor<float64, shape=(1, 64, 56, 56)>
        %26 = 0.0                              # ClearScalar<float32>
        %27 = subtract(%25, %26)               # EncryptedTensor<float64, shape=(1, 64, 56, 56)>
        %28 = 0.5776227                        # ClearScalar<float32>
        %29 = multiply(%27, %28)               # EncryptedTensor<float64, shape=(1, 64, 56, 56)>
        %30 = 0.5776227116584778               # ClearScalar<float64>
        %31 = divide(%29, %30)                 # EncryptedTensor<float64, shape=(1, 64, 56, 56)>
        %32 = 0                                # ClearScalar<uint1>
        %33 = add(%31, %32)                    # EncryptedTensor<float64, shape=(1, 64, 56, 56)>
        %34 = rint(%33)                        # EncryptedTensor<float64, shape=(1, 64, 56, 56)>
        %35 = astype(%34, dtype=int_)          # EncryptedTensor<uint1, shape=(1, 64, 56, 56)>
        return %35

    %43 = subgraph(%42):

         %0 = input                            # EncryptedTensor<uint1, shape=(1, 64, 56, 56)>          @ /trunk/trunk.5/C2/Conv.conv_rounding
         %1 = astype(%0, dtype=float64)        # EncryptedTensor<float64, shape=(1, 64, 56, 56)>
         %2 = 0                                # ClearScalar<uint1>
         %3 = add(%1, %2)                      # EncryptedTensor<float64, shape=(1, 64, 56, 56)>
         %4 = [[[[0]]  [ ... ]  [[0]]]]        # ClearTensor<uint1, shape=(1, 64, 1, 1)>
         %5 = subtract(%3, %4)                 # EncryptedTensor<float64, shape=(1, 64, 56, 56)>
         %6 = 0.018389054247412995             # ClearScalar<float64>
         %7 = multiply(%6, %5)                 # EncryptedTensor<float64, shape=(1, 64, 56, 56)>
         %8 = [[[[-1.843 ... 845   ]]]]        # ClearTensor<float32, shape=(1, 64, 1, 1)>
         %9 = subtract(%7, %8)                 # EncryptedTensor<float64, shape=(1, 64, 56, 56)>
        %10 = [[[[1.4537 ... 14331 ]]]]        # ClearTensor<float32, shape=(1, 64, 1, 1)>
        %11 = divide(%9, %10)                  # EncryptedTensor<float64, shape=(1, 64, 56, 56)>
        %12 = [[[[0.9812 ... 567636]]]]        # ClearTensor<float32, shape=(1, 64, 1, 1)>
        %13 = multiply(%11, %12)               # EncryptedTensor<float64, shape=(1, 64, 56, 56)>
        %14 = [[[[ 0.006 ... 826559]]]]        # ClearTensor<float32, shape=(1, 64, 1, 1)>
        %15 = add(%13, %14)                    # EncryptedTensor<float64, shape=(1, 64, 56, 56)>
        %16 = 1.1162461                        # ClearScalar<float32>
        %17 = divide(%15, %16)                 # EncryptedTensor<float64, shape=(1, 64, 56, 56)>
        %18 = 0.0                              # ClearScalar<float32>
        %19 = add(%17, %18)                    # EncryptedTensor<float64, shape=(1, 64, 56, 56)>
        %20 = -8.0                             # ClearScalar<float64>
        %21 = 7.0                              # ClearScalar<float64>
        %22 = clip(%19, %20, %21)              # EncryptedTensor<float64, shape=(1, 64, 56, 56)>
        %23 = rint(%22)                        # EncryptedTensor<float64, shape=(1, 64, 56, 56)>
        %24 = 0.0                              # ClearScalar<float32>
        %25 = subtract(%23, %24)               # EncryptedTensor<float64, shape=(1, 64, 56, 56)>
        %26 = 1.1162461                        # ClearScalar<float32>
        %27 = multiply(%25, %26)               # EncryptedTensor<float64, shape=(1, 64, 56, 56)>
        %28 = 1.1162461042404175               # ClearScalar<float64>
        %29 = divide(%27, %28)                 # EncryptedTensor<float64, shape=(1, 64, 56, 56)>
        %30 = 0                                # ClearScalar<uint1>
        %31 = add(%29, %30)                    # EncryptedTensor<float64, shape=(1, 64, 56, 56)>
        %32 = rint(%31)                        # EncryptedTensor<float64, shape=(1, 64, 56, 56)>
        %33 = astype(%32, dtype=int_)          # EncryptedTensor<uint1, shape=(1, 64, 56, 56)>
        return %33

    %44 = subgraph(%26):

         %0 = input                          # EncryptedTensor<uint2, shape=(1, 64, 56, 56)>
         %1 = 0.0                            # ClearScalar<float64>
         %2 = subtract(%0, %1)               # EncryptedTensor<float64, shape=(1, 64, 56, 56)>
         %3 = 0.7573260914894843             # ClearScalar<float64>
         %4 = multiply(%3, %2)               # EncryptedTensor<float64, shape=(1, 64, 56, 56)>
         %5 = 0                              # ClearScalar<uint1>
         %6 = maximum(%4, %5)                # EncryptedTensor<float64, shape=(1, 64, 56, 56)>
         %7 = 0.98359185                     # ClearScalar<float32>
         %8 = divide(%6, %7)                 # EncryptedTensor<float64, shape=(1, 64, 56, 56)>
         %9 = 0.0                            # ClearScalar<float32>
        %10 = add(%8, %9)                    # EncryptedTensor<float64, shape=(1, 64, 56, 56)>
        %11 = 0.0                            # ClearScalar<float64>
        %12 = 15.0                           # ClearScalar<float64>
        %13 = clip(%10, %11, %12)            # EncryptedTensor<float64, shape=(1, 64, 56, 56)>
        %14 = rint(%13)                      # EncryptedTensor<float64, shape=(1, 64, 56, 56)>
        %15 = 0.0                            # ClearScalar<float32>
        %16 = subtract(%14, %15)             # EncryptedTensor<float64, shape=(1, 64, 56, 56)>
        %17 = 0.98359185                     # ClearScalar<float32>
        %18 = multiply(%16, %17)             # EncryptedTensor<float64, shape=(1, 64, 56, 56)>
        %19 = 0.9835918545722961             # ClearScalar<float64>
        %20 = divide(%18, %19)               # EncryptedTensor<float64, shape=(1, 64, 56, 56)>
        %21 = 0                              # ClearScalar<uint1>
        %22 = add(%20, %21)                  # EncryptedTensor<float64, shape=(1, 64, 56, 56)>
        %23 = rint(%22)                      # EncryptedTensor<float64, shape=(1, 64, 56, 56)>
        %24 = astype(%23, dtype=int_)        # EncryptedTensor<uint1, shape=(1, 64, 56, 56)>
        return %24

    %45 = subgraph(%43):

         %0 = input                         # EncryptedTensor<uint1, shape=(1, 64, 56, 56)>
         %1 = 0.0                           # ClearScalar<float64>
         %2 = subtract(%0, %1)              # EncryptedTensor<float64, shape=(1, 64, 56, 56)>
         %3 = 1.1162461042404175            # ClearScalar<float64>
         %4 = multiply(%3, %2)              # EncryptedTensor<float64, shape=(1, 64, 56, 56)>
         %5 = 0.6370799752973741            # ClearScalar<float64>
         %6 = divide(%4, %5)                # EncryptedTensor<float64, shape=(1, 64, 56, 56)>
         %7 = 0                             # ClearScalar<uint1>
         %8 = add(%6, %7)                   # EncryptedTensor<float64, shape=(1, 64, 56, 56)>
         %9 = rint(%8)                      # EncryptedTensor<float64, shape=(1, 64, 56, 56)>
        %10 = astype(%9, dtype=int_)        # EncryptedTensor<uint1, shape=(1, 64, 56, 56)>
        return %10

    %46 = subgraph(%44):

         %0 = input                         # EncryptedTensor<uint1, shape=(1, 64, 56, 56)>
         %1 = 0.0                           # ClearScalar<float64>
         %2 = subtract(%0, %1)              # EncryptedTensor<float64, shape=(1, 64, 56, 56)>
         %3 = 0.9835918545722961            # ClearScalar<float64>
         %4 = multiply(%3, %2)              # EncryptedTensor<float64, shape=(1, 64, 56, 56)>
         %5 = 0.6370799752973741            # ClearScalar<float64>
         %6 = divide(%4, %5)                # EncryptedTensor<float64, shape=(1, 64, 56, 56)>
         %7 = 0                             # ClearScalar<uint1>
         %8 = add(%6, %7)                   # EncryptedTensor<float64, shape=(1, 64, 56, 56)>
         %9 = rint(%8)                      # EncryptedTensor<float64, shape=(1, 64, 56, 56)>
        %10 = astype(%9, dtype=int_)        # EncryptedTensor<uint1, shape=(1, 64, 56, 56)>
        return %10

    %50 = subgraph(%49):

         %0 = input                          # EncryptedTensor<uint2, shape=(1, 64, 56, 56)>
         %1 = 0.0                            # ClearScalar<float64>
         %2 = subtract(%0, %1)               # EncryptedTensor<float64, shape=(1, 64, 56, 56)>
         %3 = 0.6370799752973741             # ClearScalar<float64>
         %4 = multiply(%3, %2)               # EncryptedTensor<float64, shape=(1, 64, 56, 56)>
         %5 = 0                              # ClearScalar<uint1>
         %6 = maximum(%4, %5)                # EncryptedTensor<float64, shape=(1, 64, 56, 56)>
         %7 = 1.0876116                      # ClearScalar<float32>
         %8 = divide(%6, %7)                 # EncryptedTensor<float64, shape=(1, 64, 56, 56)>
         %9 = 0.0                            # ClearScalar<float32>
        %10 = add(%8, %9)                    # EncryptedTensor<float64, shape=(1, 64, 56, 56)>
        %11 = 0.0                            # ClearScalar<float64>
        %12 = 15.0                           # ClearScalar<float64>
        %13 = clip(%10, %11, %12)            # EncryptedTensor<float64, shape=(1, 64, 56, 56)>
        %14 = rint(%13)                      # EncryptedTensor<float64, shape=(1, 64, 56, 56)>
        %15 = 0.0                            # ClearScalar<float32>
        %16 = subtract(%14, %15)             # EncryptedTensor<float64, shape=(1, 64, 56, 56)>
        %17 = 1.0876116                      # ClearScalar<float32>
        %18 = multiply(%16, %17)             # EncryptedTensor<float64, shape=(1, 64, 56, 56)>
        %19 = 1.0876115560531616             # ClearScalar<float64>
        %20 = divide(%18, %19)               # EncryptedTensor<float64, shape=(1, 64, 56, 56)>
        %21 = 0                              # ClearScalar<uint1>
        %22 = add(%20, %21)                  # EncryptedTensor<float64, shape=(1, 64, 56, 56)>
        %23 = rint(%22)                      # EncryptedTensor<float64, shape=(1, 64, 56, 56)>
        %24 = astype(%23, dtype=int_)        # EncryptedTensor<uint1, shape=(1, 64, 56, 56)>
        return %24

    %58 = subgraph(%57):

         %0 = input                            # EncryptedTensor<uint1, shape=(1, 128, 28, 28)>          @ /trunk/trunk.6/C1/Conv.conv_rounding
         %1 = astype(%0, dtype=float64)        # EncryptedTensor<float64, shape=(1, 128, 28, 28)>
         %2 = 0                                # ClearScalar<uint1>
         %3 = add(%1, %2)                      # EncryptedTensor<float64, shape=(1, 128, 28, 28)>
         %4 = [[[[0]]  [ ... ]  [[0]]]]        # ClearTensor<uint1, shape=(1, 128, 1, 1)>
         %5 = subtract(%3, %4)                 # EncryptedTensor<float64, shape=(1, 128, 28, 28)>
         %6 = 0.031198345922026638             # ClearScalar<float64>
         %7 = multiply(%6, %5)                 # EncryptedTensor<float64, shape=(1, 128, 28, 28)>
         %8 = [[[[-0.980 ... 8251  ]]]]        # ClearTensor<float32, shape=(1, 128, 1, 1)>
         %9 = subtract(%7, %8)                 # EncryptedTensor<float64, shape=(1, 128, 28, 28)>
        %10 = [[[[1.5082 ... 181737]]]]        # ClearTensor<float32, shape=(1, 128, 1, 1)>
        %11 = divide(%9, %10)                  # EncryptedTensor<float64, shape=(1, 128, 28, 28)>
        %12 = [[[[0.9720 ... 08799 ]]]]        # ClearTensor<float32, shape=(1, 128, 1, 1)>
        %13 = multiply(%11, %12)               # EncryptedTensor<float64, shape=(1, 128, 28, 28)>
        %14 = [[[[ 0.008 ... 024615]]]]        # ClearTensor<float32, shape=(1, 128, 1, 1)>
        %15 = add(%13, %14)                    # EncryptedTensor<float64, shape=(1, 128, 28, 28)>
        %16 = 0                                # ClearScalar<uint1>
        %17 = maximum(%15, %16)                # EncryptedTensor<float64, shape=(1, 128, 28, 28)>
        %18 = 0.492688                         # ClearScalar<float32>
        %19 = divide(%17, %18)                 # EncryptedTensor<float64, shape=(1, 128, 28, 28)>
        %20 = 0.0                              # ClearScalar<float32>
        %21 = add(%19, %20)                    # EncryptedTensor<float64, shape=(1, 128, 28, 28)>
        %22 = 0.0                              # ClearScalar<float64>
        %23 = 15.0                             # ClearScalar<float64>
        %24 = clip(%21, %22, %23)              # EncryptedTensor<float64, shape=(1, 128, 28, 28)>
        %25 = rint(%24)                        # EncryptedTensor<float64, shape=(1, 128, 28, 28)>
        %26 = 0.0                              # ClearScalar<float32>
        %27 = subtract(%25, %26)               # EncryptedTensor<float64, shape=(1, 128, 28, 28)>
        %28 = 0.492688                         # ClearScalar<float32>
        %29 = multiply(%27, %28)               # EncryptedTensor<float64, shape=(1, 128, 28, 28)>
        %30 = 0.49268800020217896              # ClearScalar<float64>
        %31 = divide(%29, %30)                 # EncryptedTensor<float64, shape=(1, 128, 28, 28)>
        %32 = 0                                # ClearScalar<uint1>
        %33 = add(%31, %32)                    # EncryptedTensor<float64, shape=(1, 128, 28, 28)>
        %34 = rint(%33)                        # EncryptedTensor<float64, shape=(1, 128, 28, 28)>
        %35 = astype(%34, dtype=int_)          # EncryptedTensor<uint1, shape=(1, 128, 28, 28)>
        return %35

    %66 = subgraph(%49):

         %0 = input                          # EncryptedTensor<uint2, shape=(1, 64, 56, 56)>
         %1 = 0.0                            # ClearScalar<float64>
         %2 = subtract(%0, %1)               # EncryptedTensor<float64, shape=(1, 64, 56, 56)>
         %3 = 0.6370799752973741             # ClearScalar<float64>
         %4 = multiply(%3, %2)               # EncryptedTensor<float64, shape=(1, 64, 56, 56)>
         %5 = 0                              # ClearScalar<uint1>
         %6 = maximum(%4, %5)                # EncryptedTensor<float64, shape=(1, 64, 56, 56)>
         %7 = 1.0876116                      # ClearScalar<float32>
         %8 = divide(%6, %7)                 # EncryptedTensor<float64, shape=(1, 64, 56, 56)>
         %9 = 0.0                            # ClearScalar<float32>
        %10 = add(%8, %9)                    # EncryptedTensor<float64, shape=(1, 64, 56, 56)>
        %11 = 0.0                            # ClearScalar<float64>
        %12 = 15.0                           # ClearScalar<float64>
        %13 = clip(%10, %11, %12)            # EncryptedTensor<float64, shape=(1, 64, 56, 56)>
        %14 = rint(%13)                      # EncryptedTensor<float64, shape=(1, 64, 56, 56)>
        %15 = 0.0                            # ClearScalar<float32>
        %16 = subtract(%14, %15)             # EncryptedTensor<float64, shape=(1, 64, 56, 56)>
        %17 = 1.0876116                      # ClearScalar<float32>
        %18 = multiply(%16, %17)             # EncryptedTensor<float64, shape=(1, 64, 56, 56)>
        %19 = 1.0876115560531616             # ClearScalar<float64>
        %20 = divide(%18, %19)               # EncryptedTensor<float64, shape=(1, 64, 56, 56)>
        %21 = 0                              # ClearScalar<uint1>
        %22 = add(%20, %21)                  # EncryptedTensor<float64, shape=(1, 64, 56, 56)>
        %23 = rint(%22)                      # EncryptedTensor<float64, shape=(1, 64, 56, 56)>
        %24 = astype(%23, dtype=int_)        # EncryptedTensor<uint1, shape=(1, 64, 56, 56)>
        return %24

    %70 = subgraph(%65):

         %0 = input                            # EncryptedTensor<uint1, shape=(1, 128, 28, 28)>          @ /trunk/trunk.6/C2/Conv.conv_rounding
         %1 = astype(%0, dtype=float64)        # EncryptedTensor<float64, shape=(1, 128, 28, 28)>
         %2 = 0                                # ClearScalar<uint1>
         %3 = add(%1, %2)                      # EncryptedTensor<float64, shape=(1, 128, 28, 28)>
         %4 = [[[[0]]  [ ... ]  [[0]]]]        # ClearTensor<uint1, shape=(1, 128, 1, 1)>
         %5 = subtract(%3, %4)                 # EncryptedTensor<float64, shape=(1, 128, 28, 28)>
         %6 = 0.013183254782275111             # ClearScalar<float64>
         %7 = multiply(%6, %5)                 # EncryptedTensor<float64, shape=(1, 128, 28, 28)>
         %8 = [[[[-0.591 ... 320916]]]]        # ClearTensor<float32, shape=(1, 128, 1, 1)>
         %9 = subtract(%7, %8)                 # EncryptedTensor<float64, shape=(1, 128, 28, 28)>
        %10 = [[[[2.1671 ... 802551]]]]        # ClearTensor<float32, shape=(1, 128, 1, 1)>
        %11 = divide(%9, %10)                  # EncryptedTensor<float64, shape=(1, 128, 28, 28)>
        %12 = [[[[0.9785 ... 28647 ]]]]        # ClearTensor<float32, shape=(1, 128, 1, 1)>
        %13 = multiply(%11, %12)               # EncryptedTensor<float64, shape=(1, 128, 28, 28)>
        %14 = [[[[ 0.009 ... 3289  ]]]]        # ClearTensor<float32, shape=(1, 128, 1, 1)>
        %15 = add(%13, %14)                    # EncryptedTensor<float64, shape=(1, 128, 28, 28)>
        %16 = 0.9997429                        # ClearScalar<float32>
        %17 = divide(%15, %16)                 # EncryptedTensor<float64, shape=(1, 128, 28, 28)>
        %18 = 0.0                              # ClearScalar<float32>
        %19 = add(%17, %18)                    # EncryptedTensor<float64, shape=(1, 128, 28, 28)>
        %20 = -8.0                             # ClearScalar<float64>
        %21 = 7.0                              # ClearScalar<float64>
        %22 = clip(%19, %20, %21)              # EncryptedTensor<float64, shape=(1, 128, 28, 28)>
        %23 = rint(%22)                        # EncryptedTensor<float64, shape=(1, 128, 28, 28)>
        %24 = 0.0                              # ClearScalar<float32>
        %25 = subtract(%23, %24)               # EncryptedTensor<float64, shape=(1, 128, 28, 28)>
        %26 = 0.9997429                        # ClearScalar<float32>
        %27 = multiply(%25, %26)               # EncryptedTensor<float64, shape=(1, 128, 28, 28)>
        %28 = 0.9997429251670837               # ClearScalar<float64>
        %29 = divide(%27, %28)                 # EncryptedTensor<float64, shape=(1, 128, 28, 28)>
        %30 = 0                                # ClearScalar<uint1>
        %31 = add(%29, %30)                    # EncryptedTensor<float64, shape=(1, 128, 28, 28)>
        %32 = rint(%31)                        # EncryptedTensor<float64, shape=(1, 128, 28, 28)>
        %33 = astype(%32, dtype=int_)          # EncryptedTensor<uint1, shape=(1, 128, 28, 28)>
        return %33

    %71 = subgraph(%69):

         %0 = input                            # EncryptedTensor<uint1, shape=(1, 128, 28, 28)>          @ /trunk/trunk.6/shortcut/Conv.conv_rounding
         %1 = astype(%0, dtype=float64)        # EncryptedTensor<float64, shape=(1, 128, 28, 28)>
         %2 = 0                                # ClearScalar<uint1>
         %3 = add(%1, %2)                      # EncryptedTensor<float64, shape=(1, 128, 28, 28)>
         %4 = [[[[0]]  [ ... ]  [[0]]]]        # ClearTensor<uint1, shape=(1, 128, 1, 1)>
         %5 = subtract(%3, %4)                 # EncryptedTensor<float64, shape=(1, 128, 28, 28)>
         %6 = 0.07498560354330319              # ClearScalar<float64>
         %7 = multiply(%6, %5)                 # EncryptedTensor<float64, shape=(1, 128, 28, 28)>
         %8 = [[[[-0.199 ... 32224 ]]]]        # ClearTensor<float32, shape=(1, 128, 1, 1)>
         %9 = subtract(%7, %8)                 # EncryptedTensor<float64, shape=(1, 128, 28, 28)>
        %10 = [[[[1.4085 ... 80932 ]]]]        # ClearTensor<float32, shape=(1, 128, 1, 1)>
        %11 = divide(%9, %10)                  # EncryptedTensor<float64, shape=(1, 128, 28, 28)>
        %12 = [[[[0.9915 ... 555933]]]]        # ClearTensor<float32, shape=(1, 128, 1, 1)>
        %13 = multiply(%11, %12)               # EncryptedTensor<float64, shape=(1, 128, 28, 28)>
        %14 = [[[[ 0.009 ... 328008]]]]        # ClearTensor<float32, shape=(1, 128, 1, 1)>
        %15 = add(%13, %14)                    # EncryptedTensor<float64, shape=(1, 128, 28, 28)>
        %16 = 1.0589141                        # ClearScalar<float32>
        %17 = divide(%15, %16)                 # EncryptedTensor<float64, shape=(1, 128, 28, 28)>
        %18 = 0.0                              # ClearScalar<float32>
        %19 = add(%17, %18)                    # EncryptedTensor<float64, shape=(1, 128, 28, 28)>
        %20 = -8.0                             # ClearScalar<float64>
        %21 = 7.0                              # ClearScalar<float64>
        %22 = clip(%19, %20, %21)              # EncryptedTensor<float64, shape=(1, 128, 28, 28)>
        %23 = rint(%22)                        # EncryptedTensor<float64, shape=(1, 128, 28, 28)>
        %24 = 0.0                              # ClearScalar<float32>
        %25 = subtract(%23, %24)               # EncryptedTensor<float64, shape=(1, 128, 28, 28)>
        %26 = 1.0589141                        # ClearScalar<float32>
        %27 = multiply(%25, %26)               # EncryptedTensor<float64, shape=(1, 128, 28, 28)>
        %28 = 1.058914065361023                # ClearScalar<float64>
        %29 = divide(%27, %28)                 # EncryptedTensor<float64, shape=(1, 128, 28, 28)>
        %30 = 0                                # ClearScalar<uint1>
        %31 = add(%29, %30)                    # EncryptedTensor<float64, shape=(1, 128, 28, 28)>
        %32 = rint(%31)                        # EncryptedTensor<float64, shape=(1, 128, 28, 28)>
        %33 = astype(%32, dtype=int_)          # EncryptedTensor<uint1, shape=(1, 128, 28, 28)>
        return %33

    %72 = subgraph(%70):

         %0 = input                         # EncryptedTensor<uint1, shape=(1, 128, 28, 28)>
         %1 = 0.0                           # ClearScalar<float64>
         %2 = subtract(%0, %1)              # EncryptedTensor<float64, shape=(1, 128, 28, 28)>
         %3 = 0.9997429251670837            # ClearScalar<float64>
         %4 = multiply(%3, %2)              # EncryptedTensor<float64, shape=(1, 128, 28, 28)>
         %5 = 0.6299243819329047            # ClearScalar<float64>
         %6 = divide(%4, %5)                # EncryptedTensor<float64, shape=(1, 128, 28, 28)>
         %7 = 0                             # ClearScalar<uint1>
         %8 = add(%6, %7)                   # EncryptedTensor<float64, shape=(1, 128, 28, 28)>
         %9 = rint(%8)                      # EncryptedTensor<float64, shape=(1, 128, 28, 28)>
        %10 = astype(%9, dtype=int_)        # EncryptedTensor<uint1, shape=(1, 128, 28, 28)>
        return %10

    %73 = subgraph(%71):

         %0 = input                         # EncryptedTensor<uint1, shape=(1, 128, 28, 28)>
         %1 = 0.0                           # ClearScalar<float64>
         %2 = subtract(%0, %1)              # EncryptedTensor<float64, shape=(1, 128, 28, 28)>
         %3 = 1.058914065361023             # ClearScalar<float64>
         %4 = multiply(%3, %2)              # EncryptedTensor<float64, shape=(1, 128, 28, 28)>
         %5 = 0.6299243819329047            # ClearScalar<float64>
         %6 = divide(%4, %5)                # EncryptedTensor<float64, shape=(1, 128, 28, 28)>
         %7 = 0                             # ClearScalar<uint1>
         %8 = add(%6, %7)                   # EncryptedTensor<float64, shape=(1, 128, 28, 28)>
         %9 = rint(%8)                      # EncryptedTensor<float64, shape=(1, 128, 28, 28)>
        %10 = astype(%9, dtype=int_)        # EncryptedTensor<uint1, shape=(1, 128, 28, 28)>
        return %10

    %77 = subgraph(%76):

         %0 = input                          # EncryptedTensor<uint2, shape=(1, 128, 28, 28)>
         %1 = 0.0                            # ClearScalar<float64>
         %2 = subtract(%0, %1)               # EncryptedTensor<float64, shape=(1, 128, 28, 28)>
         %3 = 0.6299243819329047             # ClearScalar<float64>
         %4 = multiply(%3, %2)               # EncryptedTensor<float64, shape=(1, 128, 28, 28)>
         %5 = 0                              # ClearScalar<uint1>
         %6 = maximum(%4, %5)                # EncryptedTensor<float64, shape=(1, 128, 28, 28)>
         %7 = 0.8072492                      # ClearScalar<float32>
         %8 = divide(%6, %7)                 # EncryptedTensor<float64, shape=(1, 128, 28, 28)>
         %9 = 0.0                            # ClearScalar<float32>
        %10 = add(%8, %9)                    # EncryptedTensor<float64, shape=(1, 128, 28, 28)>
        %11 = 0.0                            # ClearScalar<float64>
        %12 = 15.0                           # ClearScalar<float64>
        %13 = clip(%10, %11, %12)            # EncryptedTensor<float64, shape=(1, 128, 28, 28)>
        %14 = rint(%13)                      # EncryptedTensor<float64, shape=(1, 128, 28, 28)>
        %15 = 0.0                            # ClearScalar<float32>
        %16 = subtract(%14, %15)             # EncryptedTensor<float64, shape=(1, 128, 28, 28)>
        %17 = 0.8072492                      # ClearScalar<float32>
        %18 = multiply(%16, %17)             # EncryptedTensor<float64, shape=(1, 128, 28, 28)>
        %19 = 0.8072491884231567             # ClearScalar<float64>
        %20 = divide(%18, %19)               # EncryptedTensor<float64, shape=(1, 128, 28, 28)>
        %21 = 0                              # ClearScalar<uint1>
        %22 = add(%20, %21)                  # EncryptedTensor<float64, shape=(1, 128, 28, 28)>
        %23 = rint(%22)                      # EncryptedTensor<float64, shape=(1, 128, 28, 28)>
        %24 = astype(%23, dtype=int_)        # EncryptedTensor<uint1, shape=(1, 128, 28, 28)>
        return %24

    %85 = subgraph(%84):

         %0 = input                            # EncryptedTensor<uint1, shape=(1, 128, 28, 28)>          @ /trunk/trunk.7/C1/Conv.conv_rounding
         %1 = astype(%0, dtype=float64)        # EncryptedTensor<float64, shape=(1, 128, 28, 28)>
         %2 = 0                                # ClearScalar<uint1>
         %3 = add(%1, %2)                      # EncryptedTensor<float64, shape=(1, 128, 28, 28)>
         %4 = [[[[0]]  [ ... ]  [[0]]]]        # ClearTensor<uint1, shape=(1, 128, 1, 1)>
         %5 = subtract(%3, %4)                 # EncryptedTensor<float64, shape=(1, 128, 28, 28)>
         %6 = 0.019934774863484828             # ClearScalar<float64>
         %7 = multiply(%6, %5)                 # EncryptedTensor<float64, shape=(1, 128, 28, 28)>
         %8 = [[[[-3.110 ... 944255]]]]        # ClearTensor<float32, shape=(1, 128, 1, 1)>
         %9 = subtract(%7, %8)                 # EncryptedTensor<float64, shape=(1, 128, 28, 28)>
        %10 = [[[[2.4390 ... 33935 ]]]]        # ClearTensor<float32, shape=(1, 128, 1, 1)>
        %11 = divide(%9, %10)                  # EncryptedTensor<float64, shape=(1, 128, 28, 28)>
        %12 = [[[[0.8971 ... 34493 ]]]]        # ClearTensor<float32, shape=(1, 128, 1, 1)>
        %13 = multiply(%11, %12)               # EncryptedTensor<float64, shape=(1, 128, 28, 28)>
        %14 = [[[[-0.035 ... 297529]]]]        # ClearTensor<float32, shape=(1, 128, 1, 1)>
        %15 = add(%13, %14)                    # EncryptedTensor<float64, shape=(1, 128, 28, 28)>
        %16 = 0                                # ClearScalar<uint1>
        %17 = maximum(%15, %16)                # EncryptedTensor<float64, shape=(1, 128, 28, 28)>
        %18 = 0.48382595                       # ClearScalar<float32>
        %19 = divide(%17, %18)                 # EncryptedTensor<float64, shape=(1, 128, 28, 28)>
        %20 = 0.0                              # ClearScalar<float32>
        %21 = add(%19, %20)                    # EncryptedTensor<float64, shape=(1, 128, 28, 28)>
        %22 = 0.0                              # ClearScalar<float64>
        %23 = 15.0                             # ClearScalar<float64>
        %24 = clip(%21, %22, %23)              # EncryptedTensor<float64, shape=(1, 128, 28, 28)>
        %25 = rint(%24)                        # EncryptedTensor<float64, shape=(1, 128, 28, 28)>
        %26 = 0.0                              # ClearScalar<float32>
        %27 = subtract(%25, %26)               # EncryptedTensor<float64, shape=(1, 128, 28, 28)>
        %28 = 0.48382595                       # ClearScalar<float32>
        %29 = multiply(%27, %28)               # EncryptedTensor<float64, shape=(1, 128, 28, 28)>
        %30 = 0.4838259518146515               # ClearScalar<float64>
        %31 = divide(%29, %30)                 # EncryptedTensor<float64, shape=(1, 128, 28, 28)>
        %32 = 0                                # ClearScalar<uint1>
        %33 = add(%31, %32)                    # EncryptedTensor<float64, shape=(1, 128, 28, 28)>
        %34 = rint(%33)                        # EncryptedTensor<float64, shape=(1, 128, 28, 28)>
        %35 = astype(%34, dtype=int_)          # EncryptedTensor<uint1, shape=(1, 128, 28, 28)>
        return %35

    %93 = subgraph(%92):

         %0 = input                            # EncryptedTensor<uint1, shape=(1, 128, 28, 28)>          @ /trunk/trunk.7/C2/Conv.conv_rounding
         %1 = astype(%0, dtype=float64)        # EncryptedTensor<float64, shape=(1, 128, 28, 28)>
         %2 = 0                                # ClearScalar<uint1>
         %3 = add(%1, %2)                      # EncryptedTensor<float64, shape=(1, 128, 28, 28)>
         %4 = [[[[0]]  [ ... ]  [[0]]]]        # ClearTensor<uint1, shape=(1, 128, 1, 1)>
         %5 = subtract(%3, %4)                 # EncryptedTensor<float64, shape=(1, 128, 28, 28)>
         %6 = 0.012108564016373169             # ClearScalar<float64>
         %7 = multiply(%6, %5)                 # EncryptedTensor<float64, shape=(1, 128, 28, 28)>
         %8 = [[[[-3.084 ... 86e+00]]]]        # ClearTensor<float32, shape=(1, 128, 1, 1)>
         %9 = subtract(%7, %8)                 # EncryptedTensor<float64, shape=(1, 128, 28, 28)>
        %10 = [[[[2.6875 ... 225468]]]]        # ClearTensor<float32, shape=(1, 128, 1, 1)>
        %11 = divide(%9, %10)                  # EncryptedTensor<float64, shape=(1, 128, 28, 28)>
        %12 = [[[[0.9515 ... 267484]]]]        # ClearTensor<float32, shape=(1, 128, 1, 1)>
        %13 = multiply(%11, %12)               # EncryptedTensor<float64, shape=(1, 128, 28, 28)>
        %14 = [[[[-0.008 ... 066367]]]]        # ClearTensor<float32, shape=(1, 128, 1, 1)>
        %15 = add(%13, %14)                    # EncryptedTensor<float64, shape=(1, 128, 28, 28)>
        %16 = 1.0752591                        # ClearScalar<float32>
        %17 = divide(%15, %16)                 # EncryptedTensor<float64, shape=(1, 128, 28, 28)>
        %18 = 0.0                              # ClearScalar<float32>
        %19 = add(%17, %18)                    # EncryptedTensor<float64, shape=(1, 128, 28, 28)>
        %20 = -8.0                             # ClearScalar<float64>
        %21 = 7.0                              # ClearScalar<float64>
        %22 = clip(%19, %20, %21)              # EncryptedTensor<float64, shape=(1, 128, 28, 28)>
        %23 = rint(%22)                        # EncryptedTensor<float64, shape=(1, 128, 28, 28)>
        %24 = 0.0                              # ClearScalar<float32>
        %25 = subtract(%23, %24)               # EncryptedTensor<float64, shape=(1, 128, 28, 28)>
        %26 = 1.0752591                        # ClearScalar<float32>
        %27 = multiply(%25, %26)               # EncryptedTensor<float64, shape=(1, 128, 28, 28)>
        %28 = 1.0752590894699097               # ClearScalar<float64>
        %29 = divide(%27, %28)                 # EncryptedTensor<float64, shape=(1, 128, 28, 28)>
        %30 = 0                                # ClearScalar<uint1>
        %31 = add(%29, %30)                    # EncryptedTensor<float64, shape=(1, 128, 28, 28)>
        %32 = rint(%31)                        # EncryptedTensor<float64, shape=(1, 128, 28, 28)>
        %33 = astype(%32, dtype=int_)          # EncryptedTensor<uint1, shape=(1, 128, 28, 28)>
        return %33

    %94 = subgraph(%76):

         %0 = input                          # EncryptedTensor<uint2, shape=(1, 128, 28, 28)>
         %1 = 0.0                            # ClearScalar<float64>
         %2 = subtract(%0, %1)               # EncryptedTensor<float64, shape=(1, 128, 28, 28)>
         %3 = 0.6299243819329047             # ClearScalar<float64>
         %4 = multiply(%3, %2)               # EncryptedTensor<float64, shape=(1, 128, 28, 28)>
         %5 = 0                              # ClearScalar<uint1>
         %6 = maximum(%4, %5)                # EncryptedTensor<float64, shape=(1, 128, 28, 28)>
         %7 = 0.8072492                      # ClearScalar<float32>
         %8 = divide(%6, %7)                 # EncryptedTensor<float64, shape=(1, 128, 28, 28)>
         %9 = 0.0                            # ClearScalar<float32>
        %10 = add(%8, %9)                    # EncryptedTensor<float64, shape=(1, 128, 28, 28)>
        %11 = 0.0                            # ClearScalar<float64>
        %12 = 15.0                           # ClearScalar<float64>
        %13 = clip(%10, %11, %12)            # EncryptedTensor<float64, shape=(1, 128, 28, 28)>
        %14 = rint(%13)                      # EncryptedTensor<float64, shape=(1, 128, 28, 28)>
        %15 = 0.0                            # ClearScalar<float32>
        %16 = subtract(%14, %15)             # EncryptedTensor<float64, shape=(1, 128, 28, 28)>
        %17 = 0.8072492                      # ClearScalar<float32>
        %18 = multiply(%16, %17)             # EncryptedTensor<float64, shape=(1, 128, 28, 28)>
        %19 = 0.8072491884231567             # ClearScalar<float64>
        %20 = divide(%18, %19)               # EncryptedTensor<float64, shape=(1, 128, 28, 28)>
        %21 = 0                              # ClearScalar<uint1>
        %22 = add(%20, %21)                  # EncryptedTensor<float64, shape=(1, 128, 28, 28)>
        %23 = rint(%22)                      # EncryptedTensor<float64, shape=(1, 128, 28, 28)>
        %24 = astype(%23, dtype=int_)        # EncryptedTensor<uint1, shape=(1, 128, 28, 28)>
        return %24

    %95 = subgraph(%93):

         %0 = input                         # EncryptedTensor<uint1, shape=(1, 128, 28, 28)>
         %1 = 0.0                           # ClearScalar<float64>
         %2 = subtract(%0, %1)              # EncryptedTensor<float64, shape=(1, 128, 28, 28)>
         %3 = 1.0752590894699097            # ClearScalar<float64>
         %4 = multiply(%3, %2)              # EncryptedTensor<float64, shape=(1, 128, 28, 28)>
         %5 = 0.685381624006456             # ClearScalar<float64>
         %6 = divide(%4, %5)                # EncryptedTensor<float64, shape=(1, 128, 28, 28)>
         %7 = 0                             # ClearScalar<uint1>
         %8 = add(%6, %7)                   # EncryptedTensor<float64, shape=(1, 128, 28, 28)>
         %9 = rint(%8)                      # EncryptedTensor<float64, shape=(1, 128, 28, 28)>
        %10 = astype(%9, dtype=int_)        # EncryptedTensor<uint1, shape=(1, 128, 28, 28)>
        return %10

    %96 = subgraph(%94):

         %0 = input                         # EncryptedTensor<uint1, shape=(1, 128, 28, 28)>
         %1 = 0.0                           # ClearScalar<float64>
         %2 = subtract(%0, %1)              # EncryptedTensor<float64, shape=(1, 128, 28, 28)>
         %3 = 0.8072491884231567            # ClearScalar<float64>
         %4 = multiply(%3, %2)              # EncryptedTensor<float64, shape=(1, 128, 28, 28)>
         %5 = 0.685381624006456             # ClearScalar<float64>
         %6 = divide(%4, %5)                # EncryptedTensor<float64, shape=(1, 128, 28, 28)>
         %7 = 0                             # ClearScalar<uint1>
         %8 = add(%6, %7)                   # EncryptedTensor<float64, shape=(1, 128, 28, 28)>
         %9 = rint(%8)                      # EncryptedTensor<float64, shape=(1, 128, 28, 28)>
        %10 = astype(%9, dtype=int_)        # EncryptedTensor<uint1, shape=(1, 128, 28, 28)>
        return %10

    %100 = subgraph(%99):

         %0 = input                          # EncryptedTensor<uint2, shape=(1, 128, 28, 28)>
         %1 = 0.0                            # ClearScalar<float64>
         %2 = subtract(%0, %1)               # EncryptedTensor<float64, shape=(1, 128, 28, 28)>
         %3 = 0.685381624006456              # ClearScalar<float64>
         %4 = multiply(%3, %2)               # EncryptedTensor<float64, shape=(1, 128, 28, 28)>
         %5 = 0                              # ClearScalar<uint1>
         %6 = maximum(%4, %5)                # EncryptedTensor<float64, shape=(1, 128, 28, 28)>
         %7 = 1.0950239                      # ClearScalar<float32>
         %8 = divide(%6, %7)                 # EncryptedTensor<float64, shape=(1, 128, 28, 28)>
         %9 = 0.0                            # ClearScalar<float32>
        %10 = add(%8, %9)                    # EncryptedTensor<float64, shape=(1, 128, 28, 28)>
        %11 = 0.0                            # ClearScalar<float64>
        %12 = 15.0                           # ClearScalar<float64>
        %13 = clip(%10, %11, %12)            # EncryptedTensor<float64, shape=(1, 128, 28, 28)>
        %14 = rint(%13)                      # EncryptedTensor<float64, shape=(1, 128, 28, 28)>
        %15 = 0.0                            # ClearScalar<float32>
        %16 = subtract(%14, %15)             # EncryptedTensor<float64, shape=(1, 128, 28, 28)>
        %17 = 1.0950239                      # ClearScalar<float32>
        %18 = multiply(%16, %17)             # EncryptedTensor<float64, shape=(1, 128, 28, 28)>
        %19 = 1.0950238704681396             # ClearScalar<float64>
        %20 = divide(%18, %19)               # EncryptedTensor<float64, shape=(1, 128, 28, 28)>
        %21 = 0                              # ClearScalar<uint1>
        %22 = add(%20, %21)                  # EncryptedTensor<float64, shape=(1, 128, 28, 28)>
        %23 = rint(%22)                      # EncryptedTensor<float64, shape=(1, 128, 28, 28)>
        %24 = astype(%23, dtype=int_)        # EncryptedTensor<uint1, shape=(1, 128, 28, 28)>
        return %24

    %108 = subgraph(%107):

         %0 = input                            # EncryptedTensor<uint1, shape=(1, 256, 14, 14)>          @ /trunk/trunk.8/C1/Conv.conv_rounding
         %1 = astype(%0, dtype=float64)        # EncryptedTensor<float64, shape=(1, 256, 14, 14)>
         %2 = 0                                # ClearScalar<uint1>
         %3 = add(%1, %2)                      # EncryptedTensor<float64, shape=(1, 256, 14, 14)>
         %4 = [[[[0]]  [ ... ]  [[0]]]]        # ClearTensor<uint1, shape=(1, 256, 1, 1)>
         %5 = subtract(%3, %4)                 # EncryptedTensor<float64, shape=(1, 256, 14, 14)>
         %6 = 0.020693737658483702             # ClearScalar<float64>
         %7 = multiply(%6, %5)                 # EncryptedTensor<float64, shape=(1, 256, 14, 14)>
         %8 = [[[[ 0.755 ... 77506 ]]]]        # ClearTensor<float32, shape=(1, 256, 1, 1)>
         %9 = subtract(%7, %8)                 # EncryptedTensor<float64, shape=(1, 256, 14, 14)>
        %10 = [[[[2.1236 ... 54307 ]]]]        # ClearTensor<float32, shape=(1, 256, 1, 1)>
        %11 = divide(%9, %10)                  # EncryptedTensor<float64, shape=(1, 256, 14, 14)>
        %12 = [[[[0.9380 ... 7742  ]]]]        # ClearTensor<float32, shape=(1, 256, 1, 1)>
        %13 = multiply(%11, %12)               # EncryptedTensor<float64, shape=(1, 256, 14, 14)>
        %14 = [[[[-0.004 ... 191385]]]]        # ClearTensor<float32, shape=(1, 256, 1, 1)>
        %15 = add(%13, %14)                    # EncryptedTensor<float64, shape=(1, 256, 14, 14)>
        %16 = 0                                # ClearScalar<uint1>
        %17 = maximum(%15, %16)                # EncryptedTensor<float64, shape=(1, 256, 14, 14)>
        %18 = 0.4784247                        # ClearScalar<float32>
        %19 = divide(%17, %18)                 # EncryptedTensor<float64, shape=(1, 256, 14, 14)>
        %20 = 0.0                              # ClearScalar<float32>
        %21 = add(%19, %20)                    # EncryptedTensor<float64, shape=(1, 256, 14, 14)>
        %22 = 0.0                              # ClearScalar<float64>
        %23 = 15.0                             # ClearScalar<float64>
        %24 = clip(%21, %22, %23)              # EncryptedTensor<float64, shape=(1, 256, 14, 14)>
        %25 = rint(%24)                        # EncryptedTensor<float64, shape=(1, 256, 14, 14)>
        %26 = 0.0                              # ClearScalar<float32>
        %27 = subtract(%25, %26)               # EncryptedTensor<float64, shape=(1, 256, 14, 14)>
        %28 = 0.4784247                        # ClearScalar<float32>
        %29 = multiply(%27, %28)               # EncryptedTensor<float64, shape=(1, 256, 14, 14)>
        %30 = 0.47842469811439514              # ClearScalar<float64>
        %31 = divide(%29, %30)                 # EncryptedTensor<float64, shape=(1, 256, 14, 14)>
        %32 = 0                                # ClearScalar<uint1>
        %33 = add(%31, %32)                    # EncryptedTensor<float64, shape=(1, 256, 14, 14)>
        %34 = rint(%33)                        # EncryptedTensor<float64, shape=(1, 256, 14, 14)>
        %35 = astype(%34, dtype=int_)          # EncryptedTensor<uint1, shape=(1, 256, 14, 14)>
        return %35

    %116 = subgraph(%99):

         %0 = input                          # EncryptedTensor<uint2, shape=(1, 128, 28, 28)>
         %1 = 0.0                            # ClearScalar<float64>
         %2 = subtract(%0, %1)               # EncryptedTensor<float64, shape=(1, 128, 28, 28)>
         %3 = 0.685381624006456              # ClearScalar<float64>
         %4 = multiply(%3, %2)               # EncryptedTensor<float64, shape=(1, 128, 28, 28)>
         %5 = 0                              # ClearScalar<uint1>
         %6 = maximum(%4, %5)                # EncryptedTensor<float64, shape=(1, 128, 28, 28)>
         %7 = 1.0950239                      # ClearScalar<float32>
         %8 = divide(%6, %7)                 # EncryptedTensor<float64, shape=(1, 128, 28, 28)>
         %9 = 0.0                            # ClearScalar<float32>
        %10 = add(%8, %9)                    # EncryptedTensor<float64, shape=(1, 128, 28, 28)>
        %11 = 0.0                            # ClearScalar<float64>
        %12 = 15.0                           # ClearScalar<float64>
        %13 = clip(%10, %11, %12)            # EncryptedTensor<float64, shape=(1, 128, 28, 28)>
        %14 = rint(%13)                      # EncryptedTensor<float64, shape=(1, 128, 28, 28)>
        %15 = 0.0                            # ClearScalar<float32>
        %16 = subtract(%14, %15)             # EncryptedTensor<float64, shape=(1, 128, 28, 28)>
        %17 = 1.0950239                      # ClearScalar<float32>
        %18 = multiply(%16, %17)             # EncryptedTensor<float64, shape=(1, 128, 28, 28)>
        %19 = 1.0950238704681396             # ClearScalar<float64>
        %20 = divide(%18, %19)               # EncryptedTensor<float64, shape=(1, 128, 28, 28)>
        %21 = 0                              # ClearScalar<uint1>
        %22 = add(%20, %21)                  # EncryptedTensor<float64, shape=(1, 128, 28, 28)>
        %23 = rint(%22)                      # EncryptedTensor<float64, shape=(1, 128, 28, 28)>
        %24 = astype(%23, dtype=int_)        # EncryptedTensor<uint1, shape=(1, 128, 28, 28)>
        return %24

    %120 = subgraph(%115):

         %0 = input                            # EncryptedTensor<uint1, shape=(1, 256, 14, 14)>          @ /trunk/trunk.8/C2/Conv.conv_rounding
         %1 = astype(%0, dtype=float64)        # EncryptedTensor<float64, shape=(1, 256, 14, 14)>
         %2 = 0                                # ClearScalar<uint1>
         %3 = add(%1, %2)                      # EncryptedTensor<float64, shape=(1, 256, 14, 14)>
         %4 = [[[[0]]  [ ... ]  [[0]]]]        # ClearTensor<uint1, shape=(1, 256, 1, 1)>
         %5 = subtract(%3, %4)                 # EncryptedTensor<float64, shape=(1, 256, 14, 14)>
         %6 = 0.009597370101317337             # ClearScalar<float64>
         %7 = multiply(%6, %5)                 # EncryptedTensor<float64, shape=(1, 256, 14, 14)>
         %8 = [[[[-2.138 ... 354   ]]]]        # ClearTensor<float32, shape=(1, 256, 1, 1)>
         %9 = subtract(%7, %8)                 # EncryptedTensor<float64, shape=(1, 256, 14, 14)>
        %10 = [[[[2.2090 ... 874904]]]]        # ClearTensor<float32, shape=(1, 256, 1, 1)>
        %11 = divide(%9, %10)                  # EncryptedTensor<float64, shape=(1, 256, 14, 14)>
        %12 = [[[[0.9582 ... 34428 ]]]]        # ClearTensor<float32, shape=(1, 256, 1, 1)>
        %13 = multiply(%11, %12)               # EncryptedTensor<float64, shape=(1, 256, 14, 14)>
        %14 = [[[[-2.536 ... 48e-02]]]]        # ClearTensor<float32, shape=(1, 256, 1, 1)>
        %15 = add(%13, %14)                    # EncryptedTensor<float64, shape=(1, 256, 14, 14)>
        %16 = 0.98487365                       # ClearScalar<float32>
        %17 = divide(%15, %16)                 # EncryptedTensor<float64, shape=(1, 256, 14, 14)>
        %18 = 0.0                              # ClearScalar<float32>
        %19 = add(%17, %18)                    # EncryptedTensor<float64, shape=(1, 256, 14, 14)>
        %20 = -8.0                             # ClearScalar<float64>
        %21 = 7.0                              # ClearScalar<float64>
        %22 = clip(%19, %20, %21)              # EncryptedTensor<float64, shape=(1, 256, 14, 14)>
        %23 = rint(%22)                        # EncryptedTensor<float64, shape=(1, 256, 14, 14)>
        %24 = 0.0                              # ClearScalar<float32>
        %25 = subtract(%23, %24)               # EncryptedTensor<float64, shape=(1, 256, 14, 14)>
        %26 = 0.98487365                       # ClearScalar<float32>
        %27 = multiply(%25, %26)               # EncryptedTensor<float64, shape=(1, 256, 14, 14)>
        %28 = 0.9848736524581909               # ClearScalar<float64>
        %29 = divide(%27, %28)                 # EncryptedTensor<float64, shape=(1, 256, 14, 14)>
        %30 = 0                                # ClearScalar<uint1>
        %31 = add(%29, %30)                    # EncryptedTensor<float64, shape=(1, 256, 14, 14)>
        %32 = rint(%31)                        # EncryptedTensor<float64, shape=(1, 256, 14, 14)>
        %33 = astype(%32, dtype=int_)          # EncryptedTensor<uint1, shape=(1, 256, 14, 14)>
        return %33

    %121 = subgraph(%119):

         %0 = input                            # EncryptedTensor<uint1, shape=(1, 256, 14, 14)>          @ /trunk/trunk.8/shortcut/Conv.conv_rounding
         %1 = astype(%0, dtype=float64)        # EncryptedTensor<float64, shape=(1, 256, 14, 14)>
         %2 = 0                                # ClearScalar<uint1>
         %3 = add(%1, %2)                      # EncryptedTensor<float64, shape=(1, 256, 14, 14)>
         %4 = [[[[0]]  [ ... ]  [[0]]]]        # ClearTensor<uint1, shape=(1, 256, 1, 1)>
         %5 = subtract(%3, %4)                 # EncryptedTensor<float64, shape=(1, 256, 14, 14)>
         %6 = 0.05534288600596948              # ClearScalar<float64>
         %7 = multiply(%6, %5)                 # EncryptedTensor<float64, shape=(1, 256, 14, 14)>
         %8 = [[[[ 8.031 ... 66e-01]]]]        # ClearTensor<float32, shape=(1, 256, 1, 1)>
         %9 = subtract(%7, %8)                 # EncryptedTensor<float64, shape=(1, 256, 14, 14)>
        %10 = [[[[1.5547 ... 44342 ]]]]        # ClearTensor<float32, shape=(1, 256, 1, 1)>
        %11 = divide(%9, %10)                  # EncryptedTensor<float64, shape=(1, 256, 14, 14)>
        %12 = [[[[0.9556 ... 46387 ]]]]        # ClearTensor<float32, shape=(1, 256, 1, 1)>
        %13 = multiply(%11, %12)               # EncryptedTensor<float64, shape=(1, 256, 14, 14)>
        %14 = [[[[-2.549 ... 08e-02]]]]        # ClearTensor<float32, shape=(1, 256, 1, 1)>
        %15 = add(%13, %14)                    # EncryptedTensor<float64, shape=(1, 256, 14, 14)>
        %16 = 0.8998933                        # ClearScalar<float32>
        %17 = divide(%15, %16)                 # EncryptedTensor<float64, shape=(1, 256, 14, 14)>
        %18 = 0.0                              # ClearScalar<float32>
        %19 = add(%17, %18)                    # EncryptedTensor<float64, shape=(1, 256, 14, 14)>
        %20 = -8.0                             # ClearScalar<float64>
        %21 = 7.0                              # ClearScalar<float64>
        %22 = clip(%19, %20, %21)              # EncryptedTensor<float64, shape=(1, 256, 14, 14)>
        %23 = rint(%22)                        # EncryptedTensor<float64, shape=(1, 256, 14, 14)>
        %24 = 0.0                              # ClearScalar<float32>
        %25 = subtract(%23, %24)               # EncryptedTensor<float64, shape=(1, 256, 14, 14)>
        %26 = 0.8998933                        # ClearScalar<float32>
        %27 = multiply(%25, %26)               # EncryptedTensor<float64, shape=(1, 256, 14, 14)>
        %28 = 0.8998932838439941               # ClearScalar<float64>
        %29 = divide(%27, %28)                 # EncryptedTensor<float64, shape=(1, 256, 14, 14)>
        %30 = 0                                # ClearScalar<uint1>
        %31 = add(%29, %30)                    # EncryptedTensor<float64, shape=(1, 256, 14, 14)>
        %32 = rint(%31)                        # EncryptedTensor<float64, shape=(1, 256, 14, 14)>
        %33 = astype(%32, dtype=int_)          # EncryptedTensor<uint1, shape=(1, 256, 14, 14)>
        return %33

    %122 = subgraph(%120):

         %0 = input                         # EncryptedTensor<uint1, shape=(1, 256, 14, 14)>
         %1 = 0.0                           # ClearScalar<float64>
         %2 = subtract(%0, %1)              # EncryptedTensor<float64, shape=(1, 256, 14, 14)>
         %3 = 0.9848736524581909            # ClearScalar<float64>
         %4 = multiply(%3, %2)              # EncryptedTensor<float64, shape=(1, 256, 14, 14)>
         %5 = 0.5471904008619247            # ClearScalar<float64>
         %6 = divide(%4, %5)                # EncryptedTensor<float64, shape=(1, 256, 14, 14)>
         %7 = 0                             # ClearScalar<uint1>
         %8 = add(%6, %7)                   # EncryptedTensor<float64, shape=(1, 256, 14, 14)>
         %9 = rint(%8)                      # EncryptedTensor<float64, shape=(1, 256, 14, 14)>
        %10 = astype(%9, dtype=int_)        # EncryptedTensor<uint1, shape=(1, 256, 14, 14)>
        return %10

    %123 = subgraph(%121):

         %0 = input                         # EncryptedTensor<uint1, shape=(1, 256, 14, 14)>
         %1 = 0.0                           # ClearScalar<float64>
         %2 = subtract(%0, %1)              # EncryptedTensor<float64, shape=(1, 256, 14, 14)>
         %3 = 0.8998932838439941            # ClearScalar<float64>
         %4 = multiply(%3, %2)              # EncryptedTensor<float64, shape=(1, 256, 14, 14)>
         %5 = 0.5471904008619247            # ClearScalar<float64>
         %6 = divide(%4, %5)                # EncryptedTensor<float64, shape=(1, 256, 14, 14)>
         %7 = 0                             # ClearScalar<uint1>
         %8 = add(%6, %7)                   # EncryptedTensor<float64, shape=(1, 256, 14, 14)>
         %9 = rint(%8)                      # EncryptedTensor<float64, shape=(1, 256, 14, 14)>
        %10 = astype(%9, dtype=int_)        # EncryptedTensor<uint1, shape=(1, 256, 14, 14)>
        return %10

    %127 = subgraph(%126):

         %0 = input                          # EncryptedTensor<uint2, shape=(1, 256, 14, 14)>
         %1 = 0.0                            # ClearScalar<float64>
         %2 = subtract(%0, %1)               # EncryptedTensor<float64, shape=(1, 256, 14, 14)>
         %3 = 0.5471904008619247             # ClearScalar<float64>
         %4 = multiply(%3, %2)               # EncryptedTensor<float64, shape=(1, 256, 14, 14)>
         %5 = 0                              # ClearScalar<uint1>
         %6 = maximum(%4, %5)                # EncryptedTensor<float64, shape=(1, 256, 14, 14)>
         %7 = 0.81232923                     # ClearScalar<float32>
         %8 = divide(%6, %7)                 # EncryptedTensor<float64, shape=(1, 256, 14, 14)>
         %9 = 0.0                            # ClearScalar<float32>
        %10 = add(%8, %9)                    # EncryptedTensor<float64, shape=(1, 256, 14, 14)>
        %11 = 0.0                            # ClearScalar<float64>
        %12 = 15.0                           # ClearScalar<float64>
        %13 = clip(%10, %11, %12)            # EncryptedTensor<float64, shape=(1, 256, 14, 14)>
        %14 = rint(%13)                      # EncryptedTensor<float64, shape=(1, 256, 14, 14)>
        %15 = 0.0                            # ClearScalar<float32>
        %16 = subtract(%14, %15)             # EncryptedTensor<float64, shape=(1, 256, 14, 14)>
        %17 = 0.81232923                     # ClearScalar<float32>
        %18 = multiply(%16, %17)             # EncryptedTensor<float64, shape=(1, 256, 14, 14)>
        %19 = 0.8123292326927185             # ClearScalar<float64>
        %20 = divide(%18, %19)               # EncryptedTensor<float64, shape=(1, 256, 14, 14)>
        %21 = 0                              # ClearScalar<uint1>
        %22 = add(%20, %21)                  # EncryptedTensor<float64, shape=(1, 256, 14, 14)>
        %23 = rint(%22)                      # EncryptedTensor<float64, shape=(1, 256, 14, 14)>
        %24 = astype(%23, dtype=int_)        # EncryptedTensor<uint1, shape=(1, 256, 14, 14)>
        return %24

    %135 = subgraph(%134):

         %0 = input                            # EncryptedTensor<uint1, shape=(1, 256, 14, 14)>          @ /trunk/trunk.9/C1/Conv.conv_rounding
         %1 = astype(%0, dtype=float64)        # EncryptedTensor<float64, shape=(1, 256, 14, 14)>
         %2 = 0                                # ClearScalar<uint1>
         %3 = add(%1, %2)                      # EncryptedTensor<float64, shape=(1, 256, 14, 14)>
         %4 = [[[[0]]  [ ... ]  [[0]]]]        # ClearTensor<uint1, shape=(1, 256, 1, 1)>
         %5 = subtract(%3, %4)                 # EncryptedTensor<float64, shape=(1, 256, 14, 14)>
         %6 = 0.015298109400137427             # ClearScalar<float64>
         %7 = multiply(%6, %5)                 # EncryptedTensor<float64, shape=(1, 256, 14, 14)>
         %8 = [[[[ 2.416 ... 61507 ]]]]        # ClearTensor<float32, shape=(1, 256, 1, 1)>
         %9 = subtract(%7, %8)                 # EncryptedTensor<float64, shape=(1, 256, 14, 14)>
        %10 = [[[[3.5242 ... 36198 ]]]]        # ClearTensor<float32, shape=(1, 256, 1, 1)>
        %11 = divide(%9, %10)                  # EncryptedTensor<float64, shape=(1, 256, 14, 14)>
        %12 = [[[[0.9268 ... 36849 ]]]]        # ClearTensor<float32, shape=(1, 256, 1, 1)>
        %13 = multiply(%11, %12)               # EncryptedTensor<float64, shape=(1, 256, 14, 14)>
        %14 = [[[[ 9.052 ... 83e-02]]]]        # ClearTensor<float32, shape=(1, 256, 1, 1)>
        %15 = add(%13, %14)                    # EncryptedTensor<float64, shape=(1, 256, 14, 14)>
        %16 = 0                                # ClearScalar<uint1>
        %17 = maximum(%15, %16)                # EncryptedTensor<float64, shape=(1, 256, 14, 14)>
        %18 = 0.46738142                       # ClearScalar<float32>
        %19 = divide(%17, %18)                 # EncryptedTensor<float64, shape=(1, 256, 14, 14)>
        %20 = 0.0                              # ClearScalar<float32>
        %21 = add(%19, %20)                    # EncryptedTensor<float64, shape=(1, 256, 14, 14)>
        %22 = 0.0                              # ClearScalar<float64>
        %23 = 15.0                             # ClearScalar<float64>
        %24 = clip(%21, %22, %23)              # EncryptedTensor<float64, shape=(1, 256, 14, 14)>
        %25 = rint(%24)                        # EncryptedTensor<float64, shape=(1, 256, 14, 14)>
        %26 = 0.0                              # ClearScalar<float32>
        %27 = subtract(%25, %26)               # EncryptedTensor<float64, shape=(1, 256, 14, 14)>
        %28 = 0.46738142                       # ClearScalar<float32>
        %29 = multiply(%27, %28)               # EncryptedTensor<float64, shape=(1, 256, 14, 14)>
        %30 = 0.46738141775131226              # ClearScalar<float64>
        %31 = divide(%29, %30)                 # EncryptedTensor<float64, shape=(1, 256, 14, 14)>
        %32 = 0                                # ClearScalar<uint1>
        %33 = add(%31, %32)                    # EncryptedTensor<float64, shape=(1, 256, 14, 14)>
        %34 = rint(%33)                        # EncryptedTensor<float64, shape=(1, 256, 14, 14)>
        %35 = astype(%34, dtype=int_)          # EncryptedTensor<uint1, shape=(1, 256, 14, 14)>
        return %35

    %143 = subgraph(%142):

         %0 = input                            # EncryptedTensor<uint1, shape=(1, 256, 14, 14)>          @ /trunk/trunk.9/C2/Conv.conv_rounding
         %1 = astype(%0, dtype=float64)        # EncryptedTensor<float64, shape=(1, 256, 14, 14)>
         %2 = 0                                # ClearScalar<uint1>
         %3 = add(%1, %2)                      # EncryptedTensor<float64, shape=(1, 256, 14, 14)>
         %4 = [[[[0]]  [ ... ]  [[0]]]]        # ClearTensor<uint1, shape=(1, 256, 1, 1)>
         %5 = subtract(%3, %4)                 # EncryptedTensor<float64, shape=(1, 256, 14, 14)>
         %6 = 0.009751653348840317             # ClearScalar<float64>
         %7 = multiply(%6, %5)                 # EncryptedTensor<float64, shape=(1, 256, 14, 14)>
         %8 = [[[[-0.972 ... 267303]]]]        # ClearTensor<float32, shape=(1, 256, 1, 1)>
         %9 = subtract(%7, %8)                 # EncryptedTensor<float64, shape=(1, 256, 14, 14)>
        %10 = [[[[2.5446 ... 492823]]]]        # ClearTensor<float32, shape=(1, 256, 1, 1)>
        %11 = divide(%9, %10)                  # EncryptedTensor<float64, shape=(1, 256, 14, 14)>
        %12 = [[[[0.9371 ... 43033 ]]]]        # ClearTensor<float32, shape=(1, 256, 1, 1)>
        %13 = multiply(%11, %12)               # EncryptedTensor<float64, shape=(1, 256, 14, 14)>
        %14 = [[[[-1.508 ... 68e-03]]]]        # ClearTensor<float32, shape=(1, 256, 1, 1)>
        %15 = add(%13, %14)                    # EncryptedTensor<float64, shape=(1, 256, 14, 14)>
        %16 = 1.0073643                        # ClearScalar<float32>
        %17 = divide(%15, %16)                 # EncryptedTensor<float64, shape=(1, 256, 14, 14)>
        %18 = 0.0                              # ClearScalar<float32>
        %19 = add(%17, %18)                    # EncryptedTensor<float64, shape=(1, 256, 14, 14)>
        %20 = -8.0                             # ClearScalar<float64>
        %21 = 7.0                              # ClearScalar<float64>
        %22 = clip(%19, %20, %21)              # EncryptedTensor<float64, shape=(1, 256, 14, 14)>
        %23 = rint(%22)                        # EncryptedTensor<float64, shape=(1, 256, 14, 14)>
        %24 = 0.0                              # ClearScalar<float32>
        %25 = subtract(%23, %24)               # EncryptedTensor<float64, shape=(1, 256, 14, 14)>
        %26 = 1.0073643                        # ClearScalar<float32>
        %27 = multiply(%25, %26)               # EncryptedTensor<float64, shape=(1, 256, 14, 14)>
        %28 = 1.007364273071289                # ClearScalar<float64>
        %29 = divide(%27, %28)                 # EncryptedTensor<float64, shape=(1, 256, 14, 14)>
        %30 = 0                                # ClearScalar<uint1>
        %31 = add(%29, %30)                    # EncryptedTensor<float64, shape=(1, 256, 14, 14)>
        %32 = rint(%31)                        # EncryptedTensor<float64, shape=(1, 256, 14, 14)>
        %33 = astype(%32, dtype=int_)          # EncryptedTensor<uint1, shape=(1, 256, 14, 14)>
        return %33

    %144 = subgraph(%126):

         %0 = input                          # EncryptedTensor<uint2, shape=(1, 256, 14, 14)>
         %1 = 0.0                            # ClearScalar<float64>
         %2 = subtract(%0, %1)               # EncryptedTensor<float64, shape=(1, 256, 14, 14)>
         %3 = 0.5471904008619247             # ClearScalar<float64>
         %4 = multiply(%3, %2)               # EncryptedTensor<float64, shape=(1, 256, 14, 14)>
         %5 = 0                              # ClearScalar<uint1>
         %6 = maximum(%4, %5)                # EncryptedTensor<float64, shape=(1, 256, 14, 14)>
         %7 = 0.81232923                     # ClearScalar<float32>
         %8 = divide(%6, %7)                 # EncryptedTensor<float64, shape=(1, 256, 14, 14)>
         %9 = 0.0                            # ClearScalar<float32>
        %10 = add(%8, %9)                    # EncryptedTensor<float64, shape=(1, 256, 14, 14)>
        %11 = 0.0                            # ClearScalar<float64>
        %12 = 15.0                           # ClearScalar<float64>
        %13 = clip(%10, %11, %12)            # EncryptedTensor<float64, shape=(1, 256, 14, 14)>
        %14 = rint(%13)                      # EncryptedTensor<float64, shape=(1, 256, 14, 14)>
        %15 = 0.0                            # ClearScalar<float32>
        %16 = subtract(%14, %15)             # EncryptedTensor<float64, shape=(1, 256, 14, 14)>
        %17 = 0.81232923                     # ClearScalar<float32>
        %18 = multiply(%16, %17)             # EncryptedTensor<float64, shape=(1, 256, 14, 14)>
        %19 = 0.8123292326927185             # ClearScalar<float64>
        %20 = divide(%18, %19)               # EncryptedTensor<float64, shape=(1, 256, 14, 14)>
        %21 = 0                              # ClearScalar<uint1>
        %22 = add(%20, %21)                  # EncryptedTensor<float64, shape=(1, 256, 14, 14)>
        %23 = rint(%22)                      # EncryptedTensor<float64, shape=(1, 256, 14, 14)>
        %24 = astype(%23, dtype=int_)        # EncryptedTensor<uint1, shape=(1, 256, 14, 14)>
        return %24

    %145 = subgraph(%143):

         %0 = input                         # EncryptedTensor<uint1, shape=(1, 256, 14, 14)>
         %1 = 0.0                           # ClearScalar<float64>
         %2 = subtract(%0, %1)              # EncryptedTensor<float64, shape=(1, 256, 14, 14)>
         %3 = 1.007364273071289             # ClearScalar<float64>
         %4 = multiply(%3, %2)              # EncryptedTensor<float64, shape=(1, 256, 14, 14)>
         %5 = 0.6394062426782423            # ClearScalar<float64>
         %6 = divide(%4, %5)                # EncryptedTensor<float64, shape=(1, 256, 14, 14)>
         %7 = 0                             # ClearScalar<uint1>
         %8 = add(%6, %7)                   # EncryptedTensor<float64, shape=(1, 256, 14, 14)>
         %9 = rint(%8)                      # EncryptedTensor<float64, shape=(1, 256, 14, 14)>
        %10 = astype(%9, dtype=int_)        # EncryptedTensor<uint1, shape=(1, 256, 14, 14)>
        return %10

    %146 = subgraph(%144):

         %0 = input                         # EncryptedTensor<uint1, shape=(1, 256, 14, 14)>
         %1 = 0.0                           # ClearScalar<float64>
         %2 = subtract(%0, %1)              # EncryptedTensor<float64, shape=(1, 256, 14, 14)>
         %3 = 0.8123292326927185            # ClearScalar<float64>
         %4 = multiply(%3, %2)              # EncryptedTensor<float64, shape=(1, 256, 14, 14)>
         %5 = 0.6394062426782423            # ClearScalar<float64>
         %6 = divide(%4, %5)                # EncryptedTensor<float64, shape=(1, 256, 14, 14)>
         %7 = 0                             # ClearScalar<uint1>
         %8 = add(%6, %7)                   # EncryptedTensor<float64, shape=(1, 256, 14, 14)>
         %9 = rint(%8)                      # EncryptedTensor<float64, shape=(1, 256, 14, 14)>
        %10 = astype(%9, dtype=int_)        # EncryptedTensor<uint1, shape=(1, 256, 14, 14)>
        return %10

    %150 = subgraph(%149):

         %0 = input                          # EncryptedTensor<uint2, shape=(1, 256, 14, 14)>
         %1 = 0.0                            # ClearScalar<float64>
         %2 = subtract(%0, %1)               # EncryptedTensor<float64, shape=(1, 256, 14, 14)>
         %3 = 0.6394062426782423             # ClearScalar<float64>
         %4 = multiply(%3, %2)               # EncryptedTensor<float64, shape=(1, 256, 14, 14)>
         %5 = 0                              # ClearScalar<uint1>
         %6 = maximum(%4, %5)                # EncryptedTensor<float64, shape=(1, 256, 14, 14)>
         %7 = 1.116833                       # ClearScalar<float32>
         %8 = divide(%6, %7)                 # EncryptedTensor<float64, shape=(1, 256, 14, 14)>
         %9 = 0.0                            # ClearScalar<float32>
        %10 = add(%8, %9)                    # EncryptedTensor<float64, shape=(1, 256, 14, 14)>
        %11 = 0.0                            # ClearScalar<float64>
        %12 = 15.0                           # ClearScalar<float64>
        %13 = clip(%10, %11, %12)            # EncryptedTensor<float64, shape=(1, 256, 14, 14)>
        %14 = rint(%13)                      # EncryptedTensor<float64, shape=(1, 256, 14, 14)>
        %15 = 0.0                            # ClearScalar<float32>
        %16 = subtract(%14, %15)             # EncryptedTensor<float64, shape=(1, 256, 14, 14)>
        %17 = 1.116833                       # ClearScalar<float32>
        %18 = multiply(%16, %17)             # EncryptedTensor<float64, shape=(1, 256, 14, 14)>
        %19 = 1.116832971572876              # ClearScalar<float64>
        %20 = divide(%18, %19)               # EncryptedTensor<float64, shape=(1, 256, 14, 14)>
        %21 = 0                              # ClearScalar<uint1>
        %22 = add(%20, %21)                  # EncryptedTensor<float64, shape=(1, 256, 14, 14)>
        %23 = rint(%22)                      # EncryptedTensor<float64, shape=(1, 256, 14, 14)>
        %24 = astype(%23, dtype=int_)        # EncryptedTensor<uint1, shape=(1, 256, 14, 14)>
        return %24

    %158 = subgraph(%157):

         %0 = input                            # EncryptedTensor<uint1, shape=(1, 512, 7, 7)>          @ /trunk/trunk.10/C1/Conv.conv_rounding
         %1 = astype(%0, dtype=float64)        # EncryptedTensor<float64, shape=(1, 512, 7, 7)>
         %2 = 0                                # ClearScalar<uint1>
         %3 = add(%1, %2)                      # EncryptedTensor<float64, shape=(1, 512, 7, 7)>
         %4 = [[[[0]]  [ ... ]  [[0]]]]        # ClearTensor<uint1, shape=(1, 512, 1, 1)>
         %5 = subtract(%3, %4)                 # EncryptedTensor<float64, shape=(1, 512, 7, 7)>
         %6 = 0.017205951080713433             # ClearScalar<float64>
         %7 = multiply(%6, %5)                 # EncryptedTensor<float64, shape=(1, 512, 7, 7)>
         %8 = [[[[ 3.586 ... 52e+00]]]]        # ClearTensor<float32, shape=(1, 512, 1, 1)>
         %9 = subtract(%7, %8)                 # EncryptedTensor<float64, shape=(1, 512, 7, 7)>
        %10 = [[[[4.6786 ... 084324]]]]        # ClearTensor<float32, shape=(1, 512, 1, 1)>
        %11 = divide(%9, %10)                  # EncryptedTensor<float64, shape=(1, 512, 7, 7)>
        %12 = [[[[0.9593 ... 72586 ]]]]        # ClearTensor<float32, shape=(1, 512, 1, 1)>
        %13 = multiply(%11, %12)               # EncryptedTensor<float64, shape=(1, 512, 7, 7)>
        %14 = [[[[ 1.622 ... 82e-02]]]]        # ClearTensor<float32, shape=(1, 512, 1, 1)>
        %15 = add(%13, %14)                    # EncryptedTensor<float64, shape=(1, 512, 7, 7)>
        %16 = 0                                # ClearScalar<uint1>
        %17 = maximum(%15, %16)                # EncryptedTensor<float64, shape=(1, 512, 7, 7)>
        %18 = 0.4487983                        # ClearScalar<float32>
        %19 = divide(%17, %18)                 # EncryptedTensor<float64, shape=(1, 512, 7, 7)>
        %20 = 0.0                              # ClearScalar<float32>
        %21 = add(%19, %20)                    # EncryptedTensor<float64, shape=(1, 512, 7, 7)>
        %22 = 0.0                              # ClearScalar<float64>
        %23 = 15.0                             # ClearScalar<float64>
        %24 = clip(%21, %22, %23)              # EncryptedTensor<float64, shape=(1, 512, 7, 7)>
        %25 = rint(%24)                        # EncryptedTensor<float64, shape=(1, 512, 7, 7)>
        %26 = 0.0                              # ClearScalar<float32>
        %27 = subtract(%25, %26)               # EncryptedTensor<float64, shape=(1, 512, 7, 7)>
        %28 = 0.4487983                        # ClearScalar<float32>
        %29 = multiply(%27, %28)               # EncryptedTensor<float64, shape=(1, 512, 7, 7)>
        %30 = 0.4487982988357544               # ClearScalar<float64>
        %31 = divide(%29, %30)                 # EncryptedTensor<float64, shape=(1, 512, 7, 7)>
        %32 = 0                                # ClearScalar<uint1>
        %33 = add(%31, %32)                    # EncryptedTensor<float64, shape=(1, 512, 7, 7)>
        %34 = rint(%33)                        # EncryptedTensor<float64, shape=(1, 512, 7, 7)>
        %35 = astype(%34, dtype=int_)          # EncryptedTensor<uint1, shape=(1, 512, 7, 7)>
        return %35

    %166 = subgraph(%149):

         %0 = input                          # EncryptedTensor<uint2, shape=(1, 256, 14, 14)>
         %1 = 0.0                            # ClearScalar<float64>
         %2 = subtract(%0, %1)               # EncryptedTensor<float64, shape=(1, 256, 14, 14)>
         %3 = 0.6394062426782423             # ClearScalar<float64>
         %4 = multiply(%3, %2)               # EncryptedTensor<float64, shape=(1, 256, 14, 14)>
         %5 = 0                              # ClearScalar<uint1>
         %6 = maximum(%4, %5)                # EncryptedTensor<float64, shape=(1, 256, 14, 14)>
         %7 = 1.116833                       # ClearScalar<float32>
         %8 = divide(%6, %7)                 # EncryptedTensor<float64, shape=(1, 256, 14, 14)>
         %9 = 0.0                            # ClearScalar<float32>
        %10 = add(%8, %9)                    # EncryptedTensor<float64, shape=(1, 256, 14, 14)>
        %11 = 0.0                            # ClearScalar<float64>
        %12 = 15.0                           # ClearScalar<float64>
        %13 = clip(%10, %11, %12)            # EncryptedTensor<float64, shape=(1, 256, 14, 14)>
        %14 = rint(%13)                      # EncryptedTensor<float64, shape=(1, 256, 14, 14)>
        %15 = 0.0                            # ClearScalar<float32>
        %16 = subtract(%14, %15)             # EncryptedTensor<float64, shape=(1, 256, 14, 14)>
        %17 = 1.116833                       # ClearScalar<float32>
        %18 = multiply(%16, %17)             # EncryptedTensor<float64, shape=(1, 256, 14, 14)>
        %19 = 1.116832971572876              # ClearScalar<float64>
        %20 = divide(%18, %19)               # EncryptedTensor<float64, shape=(1, 256, 14, 14)>
        %21 = 0                              # ClearScalar<uint1>
        %22 = add(%20, %21)                  # EncryptedTensor<float64, shape=(1, 256, 14, 14)>
        %23 = rint(%22)                      # EncryptedTensor<float64, shape=(1, 256, 14, 14)>
        %24 = astype(%23, dtype=int_)        # EncryptedTensor<uint1, shape=(1, 256, 14, 14)>
        return %24

    %170 = subgraph(%165):

         %0 = input                            # EncryptedTensor<uint1, shape=(1, 512, 7, 7)>          @ /trunk/trunk.10/C2/Conv.conv_rounding
         %1 = astype(%0, dtype=float64)        # EncryptedTensor<float64, shape=(1, 512, 7, 7)>
         %2 = 0                                # ClearScalar<uint1>
         %3 = add(%1, %2)                      # EncryptedTensor<float64, shape=(1, 512, 7, 7)>
         %4 = [[[[0]]  [ ... ]  [[0]]]]        # ClearTensor<uint1, shape=(1, 512, 1, 1)>
         %5 = subtract(%3, %4)                 # EncryptedTensor<float64, shape=(1, 512, 7, 7)>
         %6 = 0.0067057471748229736            # ClearScalar<float64>
         %7 = multiply(%6, %5)                 # EncryptedTensor<float64, shape=(1, 512, 7, 7)>
         %8 = [[[[-1.717 ... 55e+00]]]]        # ClearTensor<float32, shape=(1, 512, 1, 1)>
         %9 = subtract(%7, %8)                 # EncryptedTensor<float64, shape=(1, 512, 7, 7)>
        %10 = [[[[3.2875 ... 694668]]]]        # ClearTensor<float32, shape=(1, 512, 1, 1)>
        %11 = divide(%9, %10)                  # EncryptedTensor<float64, shape=(1, 512, 7, 7)>
        %12 = [[[[0.9052 ... 34819 ]]]]        # ClearTensor<float32, shape=(1, 512, 1, 1)>
        %13 = multiply(%11, %12)               # EncryptedTensor<float64, shape=(1, 512, 7, 7)>
        %14 = [[[[-2.163 ... 03e-03]]]]        # ClearTensor<float32, shape=(1, 512, 1, 1)>
        %15 = add(%13, %14)                    # EncryptedTensor<float64, shape=(1, 512, 7, 7)>
        %16 = 0.8953998                        # ClearScalar<float32>
        %17 = divide(%15, %16)                 # EncryptedTensor<float64, shape=(1, 512, 7, 7)>
        %18 = 0.0                              # ClearScalar<float32>
        %19 = add(%17, %18)                    # EncryptedTensor<float64, shape=(1, 512, 7, 7)>
        %20 = -8.0                             # ClearScalar<float64>
        %21 = 7.0                              # ClearScalar<float64>
        %22 = clip(%19, %20, %21)              # EncryptedTensor<float64, shape=(1, 512, 7, 7)>
        %23 = rint(%22)                        # EncryptedTensor<float64, shape=(1, 512, 7, 7)>
        %24 = 0.0                              # ClearScalar<float32>
        %25 = subtract(%23, %24)               # EncryptedTensor<float64, shape=(1, 512, 7, 7)>
        %26 = 0.8953998                        # ClearScalar<float32>
        %27 = multiply(%25, %26)               # EncryptedTensor<float64, shape=(1, 512, 7, 7)>
        %28 = 0.895399808883667                # ClearScalar<float64>
        %29 = divide(%27, %28)                 # EncryptedTensor<float64, shape=(1, 512, 7, 7)>
        %30 = 0                                # ClearScalar<uint1>
        %31 = add(%29, %30)                    # EncryptedTensor<float64, shape=(1, 512, 7, 7)>
        %32 = rint(%31)                        # EncryptedTensor<float64, shape=(1, 512, 7, 7)>
        %33 = astype(%32, dtype=int_)          # EncryptedTensor<uint1, shape=(1, 512, 7, 7)>
        return %33

    %171 = subgraph(%169):

         %0 = input                            # EncryptedTensor<uint1, shape=(1, 512, 7, 7)>          @ /trunk/trunk.10/shortcut/Conv.conv_rounding
         %1 = astype(%0, dtype=float64)        # EncryptedTensor<float64, shape=(1, 512, 7, 7)>
         %2 = 0                                # ClearScalar<uint1>
         %3 = add(%1, %2)                      # EncryptedTensor<float64, shape=(1, 512, 7, 7)>
         %4 = [[[[0]]  [ ... ]  [[0]]]]        # ClearTensor<uint1, shape=(1, 512, 1, 1)>
         %5 = subtract(%3, %4)                 # EncryptedTensor<float64, shape=(1, 512, 7, 7)>
         %6 = 0.04737079972741132              # ClearScalar<float64>
         %7 = multiply(%6, %5)                 # EncryptedTensor<float64, shape=(1, 512, 7, 7)>
         %8 = [[[[ 1.631 ... 35743 ]]]]        # ClearTensor<float32, shape=(1, 512, 1, 1)>
         %9 = subtract(%7, %8)                 # EncryptedTensor<float64, shape=(1, 512, 7, 7)>
        %10 = [[[[2.0910 ... 404303]]]]        # ClearTensor<float32, shape=(1, 512, 1, 1)>
        %11 = divide(%9, %10)                  # EncryptedTensor<float64, shape=(1, 512, 7, 7)>
        %12 = [[[[0.9402 ... 48905 ]]]]        # ClearTensor<float32, shape=(1, 512, 1, 1)>
        %13 = multiply(%11, %12)               # EncryptedTensor<float64, shape=(1, 512, 7, 7)>
        %14 = [[[[-2.158 ... 89e-03]]]]        # ClearTensor<float32, shape=(1, 512, 1, 1)>
        %15 = add(%13, %14)                    # EncryptedTensor<float64, shape=(1, 512, 7, 7)>
        %16 = 0.93664676                       # ClearScalar<float32>
        %17 = divide(%15, %16)                 # EncryptedTensor<float64, shape=(1, 512, 7, 7)>
        %18 = 0.0                              # ClearScalar<float32>
        %19 = add(%17, %18)                    # EncryptedTensor<float64, shape=(1, 512, 7, 7)>
        %20 = -8.0                             # ClearScalar<float64>
        %21 = 7.0                              # ClearScalar<float64>
        %22 = clip(%19, %20, %21)              # EncryptedTensor<float64, shape=(1, 512, 7, 7)>
        %23 = rint(%22)                        # EncryptedTensor<float64, shape=(1, 512, 7, 7)>
        %24 = 0.0                              # ClearScalar<float32>
        %25 = subtract(%23, %24)               # EncryptedTensor<float64, shape=(1, 512, 7, 7)>
        %26 = 0.93664676                       # ClearScalar<float32>
        %27 = multiply(%25, %26)               # EncryptedTensor<float64, shape=(1, 512, 7, 7)>
        %28 = 0.9366467595100403               # ClearScalar<float64>
        %29 = divide(%27, %28)                 # EncryptedTensor<float64, shape=(1, 512, 7, 7)>
        %30 = 0                                # ClearScalar<uint1>
        %31 = add(%29, %30)                    # EncryptedTensor<float64, shape=(1, 512, 7, 7)>
        %32 = rint(%31)                        # EncryptedTensor<float64, shape=(1, 512, 7, 7)>
        %33 = astype(%32, dtype=int_)          # EncryptedTensor<uint1, shape=(1, 512, 7, 7)>
        return %33

    %172 = subgraph(%170):

         %0 = input                         # EncryptedTensor<uint1, shape=(1, 512, 7, 7)>
         %1 = 0.0                           # ClearScalar<float64>
         %2 = subtract(%0, %1)              # EncryptedTensor<float64, shape=(1, 512, 7, 7)>
         %3 = 0.895399808883667             # ClearScalar<float64>
         %4 = multiply(%3, %2)              # EncryptedTensor<float64, shape=(1, 512, 7, 7)>
         %5 = 0.5909827639979701            # ClearScalar<float64>
         %6 = divide(%4, %5)                # EncryptedTensor<float64, shape=(1, 512, 7, 7)>
         %7 = 0                             # ClearScalar<uint1>
         %8 = add(%6, %7)                   # EncryptedTensor<float64, shape=(1, 512, 7, 7)>
         %9 = rint(%8)                      # EncryptedTensor<float64, shape=(1, 512, 7, 7)>
        %10 = astype(%9, dtype=int_)        # EncryptedTensor<uint1, shape=(1, 512, 7, 7)>
        return %10

    %173 = subgraph(%171):

         %0 = input                         # EncryptedTensor<uint1, shape=(1, 512, 7, 7)>
         %1 = 0.0                           # ClearScalar<float64>
         %2 = subtract(%0, %1)              # EncryptedTensor<float64, shape=(1, 512, 7, 7)>
         %3 = 0.9366467595100403            # ClearScalar<float64>
         %4 = multiply(%3, %2)              # EncryptedTensor<float64, shape=(1, 512, 7, 7)>
         %5 = 0.5909827639979701            # ClearScalar<float64>
         %6 = divide(%4, %5)                # EncryptedTensor<float64, shape=(1, 512, 7, 7)>
         %7 = 0                             # ClearScalar<uint1>
         %8 = add(%6, %7)                   # EncryptedTensor<float64, shape=(1, 512, 7, 7)>
         %9 = rint(%8)                      # EncryptedTensor<float64, shape=(1, 512, 7, 7)>
        %10 = astype(%9, dtype=int_)        # EncryptedTensor<uint1, shape=(1, 512, 7, 7)>
        return %10

    %177 = subgraph(%176):

         %0 = input                          # EncryptedTensor<uint2, shape=(1, 512, 7, 7)>
         %1 = 0.0                            # ClearScalar<float64>
         %2 = subtract(%0, %1)               # EncryptedTensor<float64, shape=(1, 512, 7, 7)>
         %3 = 0.5909827639979701             # ClearScalar<float64>
         %4 = multiply(%3, %2)               # EncryptedTensor<float64, shape=(1, 512, 7, 7)>
         %5 = 0                              # ClearScalar<uint1>
         %6 = maximum(%4, %5)                # EncryptedTensor<float64, shape=(1, 512, 7, 7)>
         %7 = 0.80437315                     # ClearScalar<float32>
         %8 = divide(%6, %7)                 # EncryptedTensor<float64, shape=(1, 512, 7, 7)>
         %9 = 0.0                            # ClearScalar<float32>
        %10 = add(%8, %9)                    # EncryptedTensor<float64, shape=(1, 512, 7, 7)>
        %11 = 0.0                            # ClearScalar<float64>
        %12 = 15.0                           # ClearScalar<float64>
        %13 = clip(%10, %11, %12)            # EncryptedTensor<float64, shape=(1, 512, 7, 7)>
        %14 = rint(%13)                      # EncryptedTensor<float64, shape=(1, 512, 7, 7)>
        %15 = 0.0                            # ClearScalar<float32>
        %16 = subtract(%14, %15)             # EncryptedTensor<float64, shape=(1, 512, 7, 7)>
        %17 = 0.80437315                     # ClearScalar<float32>
        %18 = multiply(%16, %17)             # EncryptedTensor<float64, shape=(1, 512, 7, 7)>
        %19 = 0.8043731451034546             # ClearScalar<float64>
        %20 = divide(%18, %19)               # EncryptedTensor<float64, shape=(1, 512, 7, 7)>
        %21 = 0                              # ClearScalar<uint1>
        %22 = add(%20, %21)                  # EncryptedTensor<float64, shape=(1, 512, 7, 7)>
        %23 = rint(%22)                      # EncryptedTensor<float64, shape=(1, 512, 7, 7)>
        %24 = astype(%23, dtype=int_)        # EncryptedTensor<uint1, shape=(1, 512, 7, 7)>
        return %24

    %185 = subgraph(%184):

         %0 = input                            # EncryptedTensor<uint1, shape=(1, 512, 7, 7)>          @ /trunk/trunk.11/C1/Conv.conv_rounding
         %1 = astype(%0, dtype=float64)        # EncryptedTensor<float64, shape=(1, 512, 7, 7)>
         %2 = 0                                # ClearScalar<uint1>
         %3 = add(%1, %2)                      # EncryptedTensor<float64, shape=(1, 512, 7, 7)>
         %4 = [[[[0]]  [ ... ]  [[0]]]]        # ClearTensor<uint1, shape=(1, 512, 1, 1)>
         %5 = subtract(%3, %4)                 # EncryptedTensor<float64, shape=(1, 512, 7, 7)>
         %6 = 0.014253895821916718             # ClearScalar<float64>
         %7 = multiply(%6, %5)                 # EncryptedTensor<float64, shape=(1, 512, 7, 7)>
         %8 = [[[[-1.492 ... 39297 ]]]]        # ClearTensor<float32, shape=(1, 512, 1, 1)>
         %9 = subtract(%7, %8)                 # EncryptedTensor<float64, shape=(1, 512, 7, 7)>
        %10 = [[[[4.1090 ... 79571 ]]]]        # ClearTensor<float32, shape=(1, 512, 1, 1)>
        %11 = divide(%9, %10)                  # EncryptedTensor<float64, shape=(1, 512, 7, 7)>
        %12 = [[[[0.9474 ... 67398 ]]]]        # ClearTensor<float32, shape=(1, 512, 1, 1)>
        %13 = multiply(%11, %12)               # EncryptedTensor<float64, shape=(1, 512, 7, 7)>
        %14 = [[[[-6.068 ... 67e-02]]]]        # ClearTensor<float32, shape=(1, 512, 1, 1)>
        %15 = add(%13, %14)                    # EncryptedTensor<float64, shape=(1, 512, 7, 7)>
        %16 = 0                                # ClearScalar<uint1>
        %17 = maximum(%15, %16)                # EncryptedTensor<float64, shape=(1, 512, 7, 7)>
        %18 = 0.4127967                        # ClearScalar<float32>
        %19 = divide(%17, %18)                 # EncryptedTensor<float64, shape=(1, 512, 7, 7)>
        %20 = 0.0                              # ClearScalar<float32>
        %21 = add(%19, %20)                    # EncryptedTensor<float64, shape=(1, 512, 7, 7)>
        %22 = 0.0                              # ClearScalar<float64>
        %23 = 15.0                             # ClearScalar<float64>
        %24 = clip(%21, %22, %23)              # EncryptedTensor<float64, shape=(1, 512, 7, 7)>
        %25 = rint(%24)                        # EncryptedTensor<float64, shape=(1, 512, 7, 7)>
        %26 = 0.0                              # ClearScalar<float32>
        %27 = subtract(%25, %26)               # EncryptedTensor<float64, shape=(1, 512, 7, 7)>
        %28 = 0.4127967                        # ClearScalar<float32>
        %29 = multiply(%27, %28)               # EncryptedTensor<float64, shape=(1, 512, 7, 7)>
        %30 = 0.4127967059612274               # ClearScalar<float64>
        %31 = divide(%29, %30)                 # EncryptedTensor<float64, shape=(1, 512, 7, 7)>
        %32 = 0                                # ClearScalar<uint1>
        %33 = add(%31, %32)                    # EncryptedTensor<float64, shape=(1, 512, 7, 7)>
        %34 = rint(%33)                        # EncryptedTensor<float64, shape=(1, 512, 7, 7)>
        %35 = astype(%34, dtype=int_)          # EncryptedTensor<uint1, shape=(1, 512, 7, 7)>
        return %35

    %193 = subgraph(%192):

         %0 = input                            # EncryptedTensor<uint1, shape=(1, 512, 7, 7)>          @ /trunk/trunk.11/C2/Conv.conv_rounding
         %1 = astype(%0, dtype=float64)        # EncryptedTensor<float64, shape=(1, 512, 7, 7)>
         %2 = 0                                # ClearScalar<uint1>
         %3 = add(%1, %2)                      # EncryptedTensor<float64, shape=(1, 512, 7, 7)>
         %4 = [[[[0]]  [ ... ]  [[0]]]]        # ClearTensor<uint1, shape=(1, 512, 1, 1)>
         %5 = subtract(%3, %4)                 # EncryptedTensor<float64, shape=(1, 512, 7, 7)>
         %6 = 0.006706749058205397             # ClearScalar<float64>
         %7 = multiply(%6, %5)                 # EncryptedTensor<float64, shape=(1, 512, 7, 7)>
         %8 = [[[[-9.346 ... 56e+00]]]]        # ClearTensor<float32, shape=(1, 512, 1, 1)>
         %9 = subtract(%7, %8)                 # EncryptedTensor<float64, shape=(1, 512, 7, 7)>
        %10 = [[[[ 2.122 ... 31446 ]]]]        # ClearTensor<float32, shape=(1, 512, 1, 1)>
        %11 = divide(%9, %10)                  # EncryptedTensor<float64, shape=(1, 512, 7, 7)>
        %12 = [[[[0.9373 ... 05555 ]]]]        # ClearTensor<float32, shape=(1, 512, 1, 1)>
        %13 = multiply(%11, %12)               # EncryptedTensor<float64, shape=(1, 512, 7, 7)>
        %14 = [[[[-1.745 ... 16e-03]]]]        # ClearTensor<float32, shape=(1, 512, 1, 1)>
        %15 = add(%13, %14)                    # EncryptedTensor<float64, shape=(1, 512, 7, 7)>
        %16 = 0.8675328                        # ClearScalar<float32>
        %17 = divide(%15, %16)                 # EncryptedTensor<float64, shape=(1, 512, 7, 7)>
        %18 = 0.0                              # ClearScalar<float32>
        %19 = add(%17, %18)                    # EncryptedTensor<float64, shape=(1, 512, 7, 7)>
        %20 = -8.0                             # ClearScalar<float64>
        %21 = 7.0                              # ClearScalar<float64>
        %22 = clip(%19, %20, %21)              # EncryptedTensor<float64, shape=(1, 512, 7, 7)>
        %23 = rint(%22)                        # EncryptedTensor<float64, shape=(1, 512, 7, 7)>
        %24 = 0.0                              # ClearScalar<float32>
        %25 = subtract(%23, %24)               # EncryptedTensor<float64, shape=(1, 512, 7, 7)>
        %26 = 0.8675328                        # ClearScalar<float32>
        %27 = multiply(%25, %26)               # EncryptedTensor<float64, shape=(1, 512, 7, 7)>
        %28 = 0.8675327897071838               # ClearScalar<float64>
        %29 = divide(%27, %28)                 # EncryptedTensor<float64, shape=(1, 512, 7, 7)>
        %30 = 0                                # ClearScalar<uint1>
        %31 = add(%29, %30)                    # EncryptedTensor<float64, shape=(1, 512, 7, 7)>
        %32 = rint(%31)                        # EncryptedTensor<float64, shape=(1, 512, 7, 7)>
        %33 = astype(%32, dtype=int_)          # EncryptedTensor<uint1, shape=(1, 512, 7, 7)>
        return %33

    %194 = subgraph(%176):

         %0 = input                          # EncryptedTensor<uint2, shape=(1, 512, 7, 7)>
         %1 = 0.0                            # ClearScalar<float64>
         %2 = subtract(%0, %1)               # EncryptedTensor<float64, shape=(1, 512, 7, 7)>
         %3 = 0.5909827639979701             # ClearScalar<float64>
         %4 = multiply(%3, %2)               # EncryptedTensor<float64, shape=(1, 512, 7, 7)>
         %5 = 0                              # ClearScalar<uint1>
         %6 = maximum(%4, %5)                # EncryptedTensor<float64, shape=(1, 512, 7, 7)>
         %7 = 0.80437315                     # ClearScalar<float32>
         %8 = divide(%6, %7)                 # EncryptedTensor<float64, shape=(1, 512, 7, 7)>
         %9 = 0.0                            # ClearScalar<float32>
        %10 = add(%8, %9)                    # EncryptedTensor<float64, shape=(1, 512, 7, 7)>
        %11 = 0.0                            # ClearScalar<float64>
        %12 = 15.0                           # ClearScalar<float64>
        %13 = clip(%10, %11, %12)            # EncryptedTensor<float64, shape=(1, 512, 7, 7)>
        %14 = rint(%13)                      # EncryptedTensor<float64, shape=(1, 512, 7, 7)>
        %15 = 0.0                            # ClearScalar<float32>
        %16 = subtract(%14, %15)             # EncryptedTensor<float64, shape=(1, 512, 7, 7)>
        %17 = 0.80437315                     # ClearScalar<float32>
        %18 = multiply(%16, %17)             # EncryptedTensor<float64, shape=(1, 512, 7, 7)>
        %19 = 0.8043731451034546             # ClearScalar<float64>
        %20 = divide(%18, %19)               # EncryptedTensor<float64, shape=(1, 512, 7, 7)>
        %21 = 0                              # ClearScalar<uint1>
        %22 = add(%20, %21)                  # EncryptedTensor<float64, shape=(1, 512, 7, 7)>
        %23 = rint(%22)                      # EncryptedTensor<float64, shape=(1, 512, 7, 7)>
        %24 = astype(%23, dtype=int_)        # EncryptedTensor<uint1, shape=(1, 512, 7, 7)>
        return %24

    %195 = subgraph(%193):

         %0 = input                         # EncryptedTensor<uint1, shape=(1, 512, 7, 7)>
         %1 = 0.0                           # ClearScalar<float64>
         %2 = subtract(%0, %1)              # EncryptedTensor<float64, shape=(1, 512, 7, 7)>
         %3 = 0.8675327897071838            # ClearScalar<float64>
         %4 = multiply(%3, %2)              # EncryptedTensor<float64, shape=(1, 512, 7, 7)>
         %5 = 0.5652720159099948            # ClearScalar<float64>
         %6 = divide(%4, %5)                # EncryptedTensor<float64, shape=(1, 512, 7, 7)>
         %7 = 0                             # ClearScalar<uint1>
         %8 = add(%6, %7)                   # EncryptedTensor<float64, shape=(1, 512, 7, 7)>
         %9 = rint(%8)                      # EncryptedTensor<float64, shape=(1, 512, 7, 7)>
        %10 = astype(%9, dtype=int_)        # EncryptedTensor<uint1, shape=(1, 512, 7, 7)>
        return %10

    %196 = subgraph(%194):

         %0 = input                         # EncryptedTensor<uint1, shape=(1, 512, 7, 7)>
         %1 = 0.0                           # ClearScalar<float64>
         %2 = subtract(%0, %1)              # EncryptedTensor<float64, shape=(1, 512, 7, 7)>
         %3 = 0.8043731451034546            # ClearScalar<float64>
         %4 = multiply(%3, %2)              # EncryptedTensor<float64, shape=(1, 512, 7, 7)>
         %5 = 0.5652720159099948            # ClearScalar<float64>
         %6 = divide(%4, %5)                # EncryptedTensor<float64, shape=(1, 512, 7, 7)>
         %7 = 0                             # ClearScalar<uint1>
         %8 = add(%6, %7)                   # EncryptedTensor<float64, shape=(1, 512, 7, 7)>
         %9 = rint(%8)                      # EncryptedTensor<float64, shape=(1, 512, 7, 7)>
        %10 = astype(%9, dtype=int_)        # EncryptedTensor<uint1, shape=(1, 512, 7, 7)>
        return %10

    %200 = subgraph(%199):

         %0 = input                          # EncryptedTensor<uint2, shape=(1, 512, 7, 7)>
         %1 = 0.0                            # ClearScalar<float64>
         %2 = subtract(%0, %1)               # EncryptedTensor<float64, shape=(1, 512, 7, 7)>
         %3 = 0.5652720159099948             # ClearScalar<float64>
         %4 = multiply(%3, %2)               # EncryptedTensor<float64, shape=(1, 512, 7, 7)>
         %5 = 0                              # ClearScalar<uint1>
         %6 = maximum(%4, %5)                # EncryptedTensor<float64, shape=(1, 512, 7, 7)>
         %7 = 0.9105789                      # ClearScalar<float32>
         %8 = divide(%6, %7)                 # EncryptedTensor<float64, shape=(1, 512, 7, 7)>
         %9 = 0.0                            # ClearScalar<float32>
        %10 = add(%8, %9)                    # EncryptedTensor<float64, shape=(1, 512, 7, 7)>
        %11 = 0.0                            # ClearScalar<float64>
        %12 = 15.0                           # ClearScalar<float64>
        %13 = clip(%10, %11, %12)            # EncryptedTensor<float64, shape=(1, 512, 7, 7)>
        %14 = rint(%13)                      # EncryptedTensor<float64, shape=(1, 512, 7, 7)>
        %15 = 0.0                            # ClearScalar<float32>
        %16 = subtract(%14, %15)             # EncryptedTensor<float64, shape=(1, 512, 7, 7)>
        %17 = 0.9105789                      # ClearScalar<float32>
        %18 = multiply(%16, %17)             # EncryptedTensor<float64, shape=(1, 512, 7, 7)>
        %19 = 0.9105789065361023             # ClearScalar<float64>
        %20 = divide(%18, %19)               # EncryptedTensor<float64, shape=(1, 512, 7, 7)>
        %21 = 0                              # ClearScalar<uint1>
        %22 = add(%20, %21)                  # EncryptedTensor<float64, shape=(1, 512, 7, 7)>
        %23 = rint(%22)                      # EncryptedTensor<float64, shape=(1, 512, 7, 7)>
        %24 = astype(%23, dtype=int_)        # EncryptedTensor<uint1, shape=(1, 512, 7, 7)>
        return %24

    %204 = subgraph(%203):

         %0 = input                            # EncryptedTensor<uint1, shape=(1, 512, 1, 1)>          @ /trunk/trunk.12/AveragePool.avgpool_rounding
         %1 = astype(%0, dtype=float64)        # EncryptedTensor<float64, shape=(1, 512, 1, 1)>
         %2 = 0.04                             # ClearScalar<float64>
         %3 = multiply(%1, %2)                 # EncryptedTensor<float64, shape=(1, 512, 1, 1)>
         %4 = 0                                # ClearScalar<uint1>
         %5 = subtract(%3, %4)                 # EncryptedTensor<float64, shape=(1, 512, 1, 1)>
         %6 = 0.9105789065361023               # ClearScalar<float64>
         %7 = multiply(%5, %6)                 # EncryptedTensor<float64, shape=(1, 512, 1, 1)>
         %8 = 0.5821504                        # ClearScalar<float32>
         %9 = divide(%7, %8)                   # EncryptedTensor<float64, shape=(1, 512, 1, 1)>
        %10 = 0.0                              # ClearScalar<float32>
        %11 = add(%9, %10)                     # EncryptedTensor<float64, shape=(1, 512, 1, 1)>
        %12 = -8.0                             # ClearScalar<float64>
        %13 = 7.0                              # ClearScalar<float64>
        %14 = clip(%11, %12, %13)              # EncryptedTensor<float64, shape=(1, 512, 1, 1)>
        %15 = rint(%14)                        # EncryptedTensor<float64, shape=(1, 512, 1, 1)>
        %16 = 0.0                              # ClearScalar<float32>
        %17 = subtract(%15, %16)               # EncryptedTensor<float64, shape=(1, 512, 1, 1)>
        %18 = 0.5821504                        # ClearScalar<float32>
        %19 = multiply(%17, %18)               # EncryptedTensor<float64, shape=(1, 512, 1, 1)>
        %20 = 0.582150399684906                # ClearScalar<float64>
        %21 = divide(%19, %20)                 # EncryptedTensor<float64, shape=(1, 512, 1, 1)>
        %22 = 0                                # ClearScalar<uint1>
        %23 = add(%21, %22)                    # EncryptedTensor<float64, shape=(1, 512, 1, 1)>
        %24 = rint(%23)                        # EncryptedTensor<float64, shape=(1, 512, 1, 1)>
        %25 = astype(%24, dtype=int_)          # EncryptedTensor<uint1, shape=(1, 512, 1, 1)>
        return %25
--------------------------------------------------------------------------------

Bit-Width Constraints
--------------------------------------------------------------------------------
%0:
    main.%0 >= 4
%1:
    main.%1 >= 4
%2:
    main.%2 >= 8
    main.%0 == main.%1
    main.%1 == main.%2
%3:
    main.%3 >= 8
%4:
    main.%4 >= 4
%5:
    main.%5 >= 1
%6:
    main.%6 >= 1
%7:
    main.%7 >= 1
    main.%5 == main.%6
    main.%6 == main.%7
%8:
    main.%8 >= 4
    main.%7 == main.%4
    main.%4 == main.%8
%9:
    main.%9 >= 4
%10:
    main.%10 >= 11
    main.%8 == main.%9
    main.%9 == main.%10
%11:
    main.%11 >= 11
%12:
    main.%12 >= 4
%13:
    main.%13 >= 1
%14:
    main.%14 >= 1
%15:
    main.%15 >= 1
    main.%13 == main.%14
    main.%14 == main.%15
%16:
    main.%16 >= 4
    main.%15 == main.%12
    main.%12 == main.%16
%17:
    main.%17 >= 4
%18:
    main.%18 >= 12
    main.%16 == main.%17
    main.%17 == main.%18
%19:
    main.%19 >= 12
%20:
    main.%20 >= 4
%21:
    main.%21 >= 4
%22:
    main.%22 >= 5
%23:
    main.%23 >= 5
%24:
    main.%24 >= 1
%25:
    main.%25 >= 5
    main.%24 == main.%23
    main.%23 == main.%25
%26:
    main.%26 >= 6
    main.%22 == main.%25
    main.%25 == main.%26
%27:
    main.%27 >= 4
%28:
    main.%28 >= 1
%29:
    main.%29 >= 1
%30:
    main.%30 >= 1
    main.%28 == main.%29
    main.%29 == main.%30
%31:
    main.%31 >= 4
    main.%30 == main.%27
    main.%27 == main.%31
%32:
    main.%32 >= 4
%33:
    main.%33 >= 12
    main.%31 == main.%32
    main.%32 == main.%33
%34:
    main.%34 >= 12
%35:
    main.%35 >= 4
%36:
    main.%36 >= 1
%37:
    main.%37 >= 1
%38:
    main.%38 >= 1
    main.%36 == main.%37
    main.%37 == main.%38
%39:
    main.%39 >= 4
    main.%38 == main.%35
    main.%35 == main.%39
%40:
    main.%40 >= 4
%41:
    main.%41 >= 12
    main.%39 == main.%40
    main.%40 == main.%41
%42:
    main.%42 >= 12
%43:
    main.%43 >= 4
%44:
    main.%44 >= 4
%45:
    main.%45 >= 5
%46:
    main.%46 >= 5
%47:
    main.%47 >= 1
%48:
    main.%48 >= 5
    main.%47 == main.%46
    main.%46 == main.%48
%49:
    main.%49 >= 7
    main.%45 == main.%48
    main.%48 == main.%49
%50:
    main.%50 >= 4
%51:
    main.%51 >= 1
%52:
    main.%52 >= 1
%53:
    main.%53 >= 1
    main.%51 == main.%52
    main.%52 == main.%53
%54:
    main.%54 >= 4
    main.%53 == main.%50
    main.%50 == main.%54
%55:
    main.%55 >= 4
%56:
    main.%56 >= 12
    main.%54 == main.%55
    main.%55 == main.%56
%57:
    main.%57 >= 12
%58:
    main.%58 >= 4
%59:
    main.%59 >= 1
%60:
    main.%60 >= 1
%61:
    main.%61 >= 1
    main.%59 == main.%60
    main.%60 == main.%61
%62:
    main.%62 >= 4
    main.%61 == main.%58
    main.%58 == main.%62
%63:
    main.%63 >= 4
%64:
    main.%64 >= 13
    main.%62 == main.%63
    main.%63 == main.%64
%65:
    main.%65 >= 13
%66:
    main.%66 >= 4
%67:
    main.%67 >= 4
%68:
    main.%68 >= 10
    main.%66 == main.%67
    main.%67 == main.%68
%69:
    main.%69 >= 10
%70:
    main.%70 >= 4
%71:
    main.%71 >= 4
%72:
    main.%72 >= 5
%73:
    main.%73 >= 5
%74:
    main.%74 >= 1
%75:
    main.%75 >= 5
    main.%74 == main.%73
    main.%73 == main.%75
%76:
    main.%76 >= 6
    main.%72 == main.%75
    main.%75 == main.%76
%77:
    main.%77 >= 4
%78:
    main.%78 >= 1
%79:
    main.%79 >= 1
%80:
    main.%80 >= 1
    main.%78 == main.%79
    main.%79 == main.%80
%81:
    main.%81 >= 4
    main.%80 == main.%77
    main.%77 == main.%81
%82:
    main.%82 >= 4
%83:
    main.%83 >= 13
    main.%81 == main.%82
    main.%82 == main.%83
%84:
    main.%84 >= 13
%85:
    main.%85 >= 4
%86:
    main.%86 >= 1
%87:
    main.%87 >= 1
%88:
    main.%88 >= 1
    main.%86 == main.%87
    main.%87 == main.%88
%89:
    main.%89 >= 4
    main.%88 == main.%85
    main.%85 == main.%89
%90:
    main.%90 >= 4
%91:
    main.%91 >= 13
    main.%89 == main.%90
    main.%90 == main.%91
%92:
    main.%92 >= 13
%93:
    main.%93 >= 4
%94:
    main.%94 >= 4
%95:
    main.%95 >= 5
%96:
    main.%96 >= 5
%97:
    main.%97 >= 1
%98:
    main.%98 >= 5
    main.%97 == main.%96
    main.%96 == main.%98
%99:
    main.%99 >= 6
    main.%95 == main.%98
    main.%98 == main.%99
%100:
    main.%100 >= 4
%101:
    main.%101 >= 1
%102:
    main.%102 >= 1
%103:
    main.%103 >= 1
    main.%101 == main.%102
    main.%102 == main.%103
%104:
    main.%104 >= 4
    main.%103 == main.%100
    main.%100 == main.%104
%105:
    main.%105 >= 4
%106:
    main.%106 >= 13
    main.%104 == main.%105
    main.%105 == main.%106
%107:
    main.%107 >= 13
%108:
    main.%108 >= 4
%109:
    main.%109 >= 1
%110:
    main.%110 >= 1
%111:
    main.%111 >= 1
    main.%109 == main.%110
    main.%110 == main.%111
%112:
    main.%112 >= 4
    main.%111 == main.%108
    main.%108 == main.%112
%113:
    main.%113 >= 4
%114:
    main.%114 >= 14
    main.%112 == main.%113
    main.%113 == main.%114
%115:
    main.%115 >= 14
%116:
    main.%116 >= 4
%117:
    main.%117 >= 4
%118:
    main.%118 >= 10
    main.%116 == main.%117
    main.%117 == main.%118
%119:
    main.%119 >= 10
%120:
    main.%120 >= 4
%121:
    main.%121 >= 4
%122:
    main.%122 >= 5
%123:
    main.%123 >= 5
%124:
    main.%124 >= 1
%125:
    main.%125 >= 5
    main.%124 == main.%123
    main.%123 == main.%125
%126:
    main.%126 >= 6
    main.%122 == main.%125
    main.%125 == main.%126
%127:
    main.%127 >= 4
%128:
    main.%128 >= 1
%129:
    main.%129 >= 1
%130:
    main.%130 >= 1
    main.%128 == main.%129
    main.%129 == main.%130
%131:
    main.%131 >= 4
    main.%130 == main.%127
    main.%127 == main.%131
%132:
    main.%132 >= 4
%133:
    main.%133 >= 13
    main.%131 == main.%132
    main.%132 == main.%133
%134:
    main.%134 >= 13
%135:
    main.%135 >= 4
%136:
    main.%136 >= 1
%137:
    main.%137 >= 1
%138:
    main.%138 >= 1
    main.%136 == main.%137
    main.%137 == main.%138
%139:
    main.%139 >= 4
    main.%138 == main.%135
    main.%135 == main.%139
%140:
    main.%140 >= 4
%141:
    main.%141 >= 14
    main.%139 == main.%140
    main.%140 == main.%141
%142:
    main.%142 >= 14
%143:
    main.%143 >= 4
%144:
    main.%144 >= 4
%145:
    main.%145 >= 5
%146:
    main.%146 >= 5
%147:
    main.%147 >= 1
%148:
    main.%148 >= 5
    main.%147 == main.%146
    main.%146 == main.%148
%149:
    main.%149 >= 6
    main.%145 == main.%148
    main.%148 == main.%149
%150:
    main.%150 >= 4
%151:
    main.%151 >= 1
%152:
    main.%152 >= 1
%153:
    main.%153 >= 1
    main.%151 == main.%152
    main.%152 == main.%153
%154:
    main.%154 >= 4
    main.%153 == main.%150
    main.%150 == main.%154
%155:
    main.%155 >= 4
%156:
    main.%156 >= 13
    main.%154 == main.%155
    main.%155 == main.%156
%157:
    main.%157 >= 13
%158:
    main.%158 >= 4
%159:
    main.%159 >= 1
%160:
    main.%160 >= 1
%161:
    main.%161 >= 1
    main.%159 == main.%160
    main.%160 == main.%161
%162:
    main.%162 >= 4
    main.%161 == main.%158
    main.%158 == main.%162
%163:
    main.%163 >= 4
%164:
    main.%164 >= 15
    main.%162 == main.%163
    main.%163 == main.%164
%165:
    main.%165 >= 15
%166:
    main.%166 >= 4
%167:
    main.%167 >= 4
%168:
    main.%168 >= 11
    main.%166 == main.%167
    main.%167 == main.%168
%169:
    main.%169 >= 11
%170:
    main.%170 >= 4
%171:
    main.%171 >= 4
%172:
    main.%172 >= 5
%173:
    main.%173 >= 5
%174:
    main.%174 >= 1
%175:
    main.%175 >= 5
    main.%174 == main.%173
    main.%173 == main.%175
%176:
    main.%176 >= 6
    main.%172 == main.%175
    main.%175 == main.%176
%177:
    main.%177 >= 4
%178:
    main.%178 >= 1
%179:
    main.%179 >= 1
%180:
    main.%180 >= 1
    main.%178 == main.%179
    main.%179 == main.%180
%181:
    main.%181 >= 4
    main.%180 == main.%177
    main.%177 == main.%181
%182:
    main.%182 >= 4
%183:
    main.%183 >= 13
    main.%181 == main.%182
    main.%182 == main.%183
%184:
    main.%184 >= 13
%185:
    main.%185 >= 4
%186:
    main.%186 >= 1
%187:
    main.%187 >= 1
%188:
    main.%188 >= 1
    main.%186 == main.%187
    main.%187 == main.%188
%189:
    main.%189 >= 4
    main.%188 == main.%185
    main.%185 == main.%189
%190:
    main.%190 >= 4
%191:
    main.%191 >= 15
    main.%189 == main.%190
    main.%190 == main.%191
%192:
    main.%192 >= 15
%193:
    main.%193 >= 4
%194:
    main.%194 >= 4
%195:
    main.%195 >= 5
%196:
    main.%196 >= 5
%197:
    main.%197 >= 1
%198:
    main.%198 >= 5
    main.%197 == main.%196
    main.%196 == main.%198
%199:
    main.%199 >= 7
    main.%195 == main.%198
    main.%198 == main.%199
%200:
    main.%200 >= 4
%201:
    main.%201 >= 1
%202:
    main.%202 >= 8
    main.%200 == main.%201
    main.%201 == main.%202
%203:
    main.%203 >= 8
%204:
    main.%204 >= 3
%205:
    main.%205 >= 3
    main.%204 == main.%205
--------------------------------------------------------------------------------

Bit-Width Assignments
--------------------------------------------------------------------------------
  main.%0 = 8
  main.%1 = 8
  main.%2 = 8
  main.%3 = 8
  main.%4 = 11
  main.%5 = 11
  main.%6 = 11
  main.%7 = 11
  main.%8 = 11
  main.%9 = 11
 main.%10 = 11
 main.%11 = 11
 main.%12 = 12
 main.%13 = 12
 main.%14 = 12
 main.%15 = 12
 main.%16 = 12
 main.%17 = 12
 main.%18 = 12
 main.%19 = 12
 main.%20 = 4
 main.%21 = 4
 main.%22 = 6
 main.%23 = 6
 main.%24 = 6
 main.%25 = 6
 main.%26 = 6
 main.%27 = 12
 main.%28 = 12
 main.%29 = 12
 main.%30 = 12
 main.%31 = 12
 main.%32 = 12
 main.%33 = 12
 main.%34 = 12
 main.%35 = 12
 main.%36 = 12
 main.%37 = 12
 main.%38 = 12
 main.%39 = 12
 main.%40 = 12
 main.%41 = 12
 main.%42 = 12
 main.%43 = 4
 main.%44 = 4
 main.%45 = 7
 main.%46 = 7
 main.%47 = 7
 main.%48 = 7
 main.%49 = 7
 main.%50 = 12
 main.%51 = 12
 main.%52 = 12
 main.%53 = 12
 main.%54 = 12
 main.%55 = 12
 main.%56 = 12
 main.%57 = 12
 main.%58 = 13
 main.%59 = 13
 main.%60 = 13
 main.%61 = 13
 main.%62 = 13
 main.%63 = 13
 main.%64 = 13
 main.%65 = 13
 main.%66 = 10
 main.%67 = 10
 main.%68 = 10
 main.%69 = 10
 main.%70 = 4
 main.%71 = 4
 main.%72 = 6
 main.%73 = 6
 main.%74 = 6
 main.%75 = 6
 main.%76 = 6
 main.%77 = 13
 main.%78 = 13
 main.%79 = 13
 main.%80 = 13
 main.%81 = 13
 main.%82 = 13
 main.%83 = 13
 main.%84 = 13
 main.%85 = 13
 main.%86 = 13
 main.%87 = 13
 main.%88 = 13
 main.%89 = 13
 main.%90 = 13
 main.%91 = 13
 main.%92 = 13
 main.%93 = 4
 main.%94 = 4
 main.%95 = 6
 main.%96 = 6
 main.%97 = 6
 main.%98 = 6
 main.%99 = 6
main.%100 = 13
main.%101 = 13
main.%102 = 13
main.%103 = 13
main.%104 = 13
main.%105 = 13
main.%106 = 13
main.%107 = 13
main.%108 = 14
main.%109 = 14
main.%110 = 14
main.%111 = 14
main.%112 = 14
main.%113 = 14
main.%114 = 14
main.%115 = 14
main.%116 = 10
main.%117 = 10
main.%118 = 10
main.%119 = 10
main.%120 = 4
main.%121 = 4
main.%122 = 6
main.%123 = 6
main.%124 = 6
main.%125 = 6
main.%126 = 6
main.%127 = 13
main.%128 = 13
main.%129 = 13
main.%130 = 13
main.%131 = 13
main.%132 = 13
main.%133 = 13
main.%134 = 13
main.%135 = 14
main.%136 = 14
main.%137 = 14
main.%138 = 14
main.%139 = 14
main.%140 = 14
main.%141 = 14
main.%142 = 14
main.%143 = 4
main.%144 = 4
main.%145 = 6
main.%146 = 6
main.%147 = 6
main.%148 = 6
main.%149 = 6
main.%150 = 13
main.%151 = 13
main.%152 = 13
main.%153 = 13
main.%154 = 13
main.%155 = 13
main.%156 = 13
main.%157 = 13
main.%158 = 15
main.%159 = 15
main.%160 = 15
main.%161 = 15
main.%162 = 15
main.%163 = 15
main.%164 = 15
main.%165 = 15
main.%166 = 11
main.%167 = 11
main.%168 = 11
main.%169 = 11
main.%170 = 4
main.%171 = 4
main.%172 = 6
main.%173 = 6
main.%174 = 6
main.%175 = 6
main.%176 = 6
main.%177 = 13
main.%178 = 13
main.%179 = 13
main.%180 = 13
main.%181 = 13
main.%182 = 13
main.%183 = 13
main.%184 = 13
main.%185 = 15
main.%186 = 15
main.%187 = 15
main.%188 = 15
main.%189 = 15
main.%190 = 15
main.%191 = 15
main.%192 = 15
main.%193 = 4
main.%194 = 4
main.%195 = 7
main.%196 = 7
main.%197 = 7
main.%198 = 7
main.%199 = 7
main.%200 = 8
main.%201 = 8
main.%202 = 8
main.%203 = 8
main.%204 = 3
main.%205 = 3
 main.max = 15
--------------------------------------------------------------------------------

Bit-Width Assigned Computation Graph
--------------------------------------------------------------------------------
  %0 = _inp_1                                                                                                             # EncryptedTensor<int8, shape=(1, 24, 56, 56)>           ∈ [-8, 7]
  %1 = [[[[ 0]]   ...   [[ 1]]]]                                                                                          # ClearTensor<int5, shape=(64, 24, 1, 1)>                ∈ [-7, 7]               @ /trunk/trunk.1/Conv.conv
  %2 = conv2d(%0, %1, [0 0 0 0 0 ... 0 0 0 0 0], pads=[0, 0, 0, 0], strides=(1, 1), dilations=(1, 1), group=1)            # EncryptedTensor<int8, shape=(1, 64, 56, 56)>           ∈ [-111, 105]           @ /trunk/trunk.1/Conv.conv
  %3 = round_bit_pattern(%2, lsbs_to_remove=1, overflow_protection=False, exactness=Exactness.EXACT)                      # EncryptedTensor<int8, shape=(1, 64, 56, 56)>           ∈ [-110, 106]           @ /trunk/trunk.1/Conv.conv_rounding
  %4 = subgraph(%3)                                                                                                       # EncryptedTensor<int11, shape=(1, 64, 56, 56)>          ∈ [-8, 7]
  %5 = ones()                                                                                                             # EncryptedTensor<uint11, shape=(1, 64, 58, 58)>         ∈ [1, 1]
  %6 = 0                                                                                                                  # ClearScalar<uint2>                                     ∈ [0, 0]
  %7 = multiply(%5, %6)                                                                                                   # EncryptedTensor<uint11, shape=(1, 64, 58, 58)>         ∈ [0, 0]
  %8 = (%7[:, :, 1:57, 1:57] = %4)                                                                                        # EncryptedTensor<int11, shape=(1, 64, 58, 58)>          ∈ [-8, 7]
  %9 = [[[[-3  1  ...  -1  1]]]]                                                                                          # ClearTensor<int5, shape=(64, 64, 3, 3)>                ∈ [-7, 7]               @ /trunk/trunk.4/C1/Conv.conv
 %10 = conv2d(%8, %9, [0 0 0 0 0 ... 0 0 0 0 0], pads=[0, 0, 0, 0], strides=(1, 1), dilations=(1, 1), group=1)            # EncryptedTensor<int11, shape=(1, 64, 56, 56)>          ∈ [-881, 984]           @ /trunk/trunk.4/C1/Conv.conv
 %11 = round_bit_pattern(%10, lsbs_to_remove=4, overflow_protection=False, exactness=Exactness.EXACT)                     # EncryptedTensor<int11, shape=(1, 64, 56, 56)>          ∈ [-880, 992]           @ /trunk/trunk.4/C1/Conv.conv_rounding
 %12 = subgraph(%11)                                                                                                      # EncryptedTensor<uint12, shape=(1, 64, 56, 56)>         ∈ [0, 15]
 %13 = ones()                                                                                                             # EncryptedTensor<uint12, shape=(1, 64, 58, 58)>         ∈ [1, 1]
 %14 = 0                                                                                                                  # ClearScalar<uint2>                                     ∈ [0, 0]
 %15 = multiply(%13, %14)                                                                                                 # EncryptedTensor<uint12, shape=(1, 64, 58, 58)>         ∈ [0, 0]
 %16 = (%15[:, :, 1:57, 1:57] = %12)                                                                                      # EncryptedTensor<uint12, shape=(1, 64, 58, 58)>         ∈ [0, 15]
 %17 = [[[[ 2 -3  ...   2  1]]]]                                                                                          # ClearTensor<int5, shape=(64, 64, 3, 3)>                ∈ [-7, 7]               @ /trunk/trunk.4/C2/Conv.conv
 %18 = conv2d(%16, %17, [0 0 0 0 0 ... 0 0 0 0 0], pads=[0, 0, 0, 0], strides=(1, 1), dilations=(1, 1), group=1)          # EncryptedTensor<int12, shape=(1, 64, 56, 56)>          ∈ [-2017, 1657]         @ /trunk/trunk.4/C2/Conv.conv
 %19 = round_bit_pattern(%18, lsbs_to_remove=5, overflow_protection=False, exactness=Exactness.EXACT)                     # EncryptedTensor<int12, shape=(1, 64, 56, 56)>          ∈ [-2016, 1664]         @ /trunk/trunk.4/C2/Conv.conv_rounding
 %20 = subgraph(%19)                                                                                                      # EncryptedTensor<int4, shape=(1, 64, 56, 56)>           ∈ [-8, 7]
 %21 = subgraph(%3)                                                                                                       # EncryptedTensor<int4, shape=(1, 64, 56, 56)>           ∈ [-8, 7]
 %22 = subgraph(%20)                                                                                                      # EncryptedTensor<int6, shape=(1, 64, 56, 56)>           ∈ [-13, 12]
 %23 = subgraph(%21)                                                                                                      # EncryptedTensor<int6, shape=(1, 64, 56, 56)>           ∈ [-16, 14]
 %24 = 1                                                                                                                  # ClearScalar<uint2>                                     ∈ [1, 1]
 %25 = multiply(%24, %23)                                                                                                 # EncryptedTensor<int6, shape=(1, 64, 56, 56)>           ∈ [-16, 14]
 %26 = add(%22, %25)                                                                                                      # EncryptedTensor<int6, shape=(1, 64, 56, 56)>           ∈ [-29, 26]
 %27 = subgraph(%26)                                                                                                      # EncryptedTensor<uint12, shape=(1, 64, 56, 56)>         ∈ [0, 15]
 %28 = ones()                                                                                                             # EncryptedTensor<uint12, shape=(1, 64, 58, 58)>         ∈ [1, 1]
 %29 = 0                                                                                                                  # ClearScalar<uint2>                                     ∈ [0, 0]
 %30 = multiply(%28, %29)                                                                                                 # EncryptedTensor<uint12, shape=(1, 64, 58, 58)>         ∈ [0, 0]
 %31 = (%30[:, :, 1:57, 1:57] = %27)                                                                                      # EncryptedTensor<uint12, shape=(1, 64, 58, 58)>         ∈ [0, 15]
 %32 = [[[[ 3 -5  ...   0 -1]]]]                                                                                          # ClearTensor<int5, shape=(64, 64, 3, 3)>                ∈ [-7, 7]               @ /trunk/trunk.5/C1/Conv.conv
 %33 = conv2d(%31, %32, [0 0 0 0 0 ... 0 0 0 0 0], pads=[0, 0, 0, 0], strides=(1, 1), dilations=(1, 1), group=1)          # EncryptedTensor<int12, shape=(1, 64, 56, 56)>          ∈ [-1295, 962]          @ /trunk/trunk.5/C1/Conv.conv
 %34 = round_bit_pattern(%33, lsbs_to_remove=4, overflow_protection=False, exactness=Exactness.EXACT)                     # EncryptedTensor<int12, shape=(1, 64, 56, 56)>          ∈ [-1296, 960]          @ /trunk/trunk.5/C1/Conv.conv_rounding
 %35 = subgraph(%34)                                                                                                      # EncryptedTensor<uint12, shape=(1, 64, 56, 56)>         ∈ [0, 15]
 %36 = ones()                                                                                                             # EncryptedTensor<uint12, shape=(1, 64, 58, 58)>         ∈ [1, 1]
 %37 = 0                                                                                                                  # ClearScalar<uint2>                                     ∈ [0, 0]
 %38 = multiply(%36, %37)                                                                                                 # EncryptedTensor<uint12, shape=(1, 64, 58, 58)>         ∈ [0, 0]
 %39 = (%38[:, :, 1:57, 1:57] = %35)                                                                                      # EncryptedTensor<uint12, shape=(1, 64, 58, 58)>         ∈ [0, 15]
 %40 = [[[[-2  1  ...  -5 -3]]]]                                                                                          # ClearTensor<int5, shape=(64, 64, 3, 3)>                ∈ [-7, 7]               @ /trunk/trunk.5/C2/Conv.conv
 %41 = conv2d(%39, %40, [0 0 0 0 0 ... 0 0 0 0 0], pads=[0, 0, 0, 0], strides=(1, 1), dilations=(1, 1), group=1)          # EncryptedTensor<int12, shape=(1, 64, 56, 56)>          ∈ [-1607, 1776]         @ /trunk/trunk.5/C2/Conv.conv
 %42 = round_bit_pattern(%41, lsbs_to_remove=5, overflow_protection=False, exactness=Exactness.EXACT)                     # EncryptedTensor<int12, shape=(1, 64, 56, 56)>          ∈ [-1600, 1792]         @ /trunk/trunk.5/C2/Conv.conv_rounding
 %43 = subgraph(%42)                                                                                                      # EncryptedTensor<int4, shape=(1, 64, 56, 56)>           ∈ [-8, 7]
 %44 = subgraph(%26)                                                                                                      # EncryptedTensor<uint4, shape=(1, 64, 56, 56)>          ∈ [0, 15]
 %45 = subgraph(%43)                                                                                                      # EncryptedTensor<int7, shape=(1, 64, 56, 56)>           ∈ [-14, 12]
 %46 = subgraph(%44)                                                                                                      # EncryptedTensor<uint7, shape=(1, 64, 56, 56)>          ∈ [0, 23]
 %47 = 1                                                                                                                  # ClearScalar<uint2>                                     ∈ [1, 1]
 %48 = multiply(%47, %46)                                                                                                 # EncryptedTensor<uint7, shape=(1, 64, 56, 56)>          ∈ [0, 23]
 %49 = add(%45, %48)                                                                                                      # EncryptedTensor<int7, shape=(1, 64, 56, 56)>           ∈ [-14, 35]
 %50 = subgraph(%49)                                                                                                      # EncryptedTensor<uint12, shape=(1, 64, 56, 56)>         ∈ [0, 15]
 %51 = ones()                                                                                                             # EncryptedTensor<uint12, shape=(1, 64, 58, 58)>         ∈ [1, 1]
 %52 = 0                                                                                                                  # ClearScalar<uint2>                                     ∈ [0, 0]
 %53 = multiply(%51, %52)                                                                                                 # EncryptedTensor<uint12, shape=(1, 64, 58, 58)>         ∈ [0, 0]
 %54 = (%53[:, :, 1:57, 1:57] = %50)                                                                                      # EncryptedTensor<uint12, shape=(1, 64, 58, 58)>         ∈ [0, 15]
 %55 = [[[[-1  0  ...  -1 -2]]]]                                                                                          # ClearTensor<int5, shape=(128, 64, 3, 3)>               ∈ [-6, 7]               @ /trunk/trunk.6/C1/Conv.conv
 %56 = conv2d(%54, %55, [0 0 0 0 0 ... 0 0 0 0 0], pads=[0, 0, 0, 0], strides=(2, 2), dilations=(1, 1), group=1)          # EncryptedTensor<int12, shape=(1, 128, 28, 28)>         ∈ [-1307, 1296]         @ /trunk/trunk.6/C1/Conv.conv
 %57 = round_bit_pattern(%56, lsbs_to_remove=4, overflow_protection=False, exactness=Exactness.EXACT)                     # EncryptedTensor<int12, shape=(1, 128, 28, 28)>         ∈ [-1312, 1296]         @ /trunk/trunk.6/C1/Conv.conv_rounding
 %58 = subgraph(%57)                                                                                                      # EncryptedTensor<uint13, shape=(1, 128, 28, 28)>        ∈ [0, 15]
 %59 = ones()                                                                                                             # EncryptedTensor<uint13, shape=(1, 128, 30, 30)>        ∈ [1, 1]
 %60 = 0                                                                                                                  # ClearScalar<uint2>                                     ∈ [0, 0]
 %61 = multiply(%59, %60)                                                                                                 # EncryptedTensor<uint13, shape=(1, 128, 30, 30)>        ∈ [0, 0]
 %62 = (%61[:, :, 1:29, 1:29] = %58)                                                                                      # EncryptedTensor<uint13, shape=(1, 128, 30, 30)>        ∈ [0, 15]
 %63 = [[[[-1  2  ...  -2  1]]]]                                                                                          # ClearTensor<int5, shape=(128, 128, 3, 3)>              ∈ [-7, 7]               @ /trunk/trunk.6/C2/Conv.conv
 %64 = conv2d(%62, %63, [0 0 0 0 0 ... 0 0 0 0 0], pads=[0, 0, 0, 0], strides=(1, 1), dilations=(1, 1), group=1)          # EncryptedTensor<int13, shape=(1, 128, 28, 28)>         ∈ [-2565, 2562]         @ /trunk/trunk.6/C2/Conv.conv
 %65 = round_bit_pattern(%64, lsbs_to_remove=5, overflow_protection=False, exactness=Exactness.EXACT)                     # EncryptedTensor<int13, shape=(1, 128, 28, 28)>         ∈ [-2560, 2560]         @ /trunk/trunk.6/C2/Conv.conv_rounding
 %66 = subgraph(%49)                                                                                                      # EncryptedTensor<uint10, shape=(1, 64, 56, 56)>         ∈ [0, 15]
 %67 = [[[[ 1]]   ...   [[ 1]]]]                                                                                          # ClearTensor<int5, shape=(128, 64, 1, 1)>               ∈ [-6, 7]               @ /trunk/trunk.6/shortcut/Conv.conv
 %68 = conv2d(%66, %67, [0 0 0 0 0 ... 0 0 0 0 0], pads=[0, 0, 0, 0], strides=(2, 2), dilations=(1, 1), group=1)          # EncryptedTensor<int10, shape=(1, 128, 28, 28)>         ∈ [-277, 298]           @ /trunk/trunk.6/shortcut/Conv.conv
 %69 = round_bit_pattern(%68, lsbs_to_remove=2, overflow_protection=False, exactness=Exactness.EXACT)                     # EncryptedTensor<int10, shape=(1, 128, 28, 28)>         ∈ [-276, 300]           @ /trunk/trunk.6/shortcut/Conv.conv_rounding
 %70 = subgraph(%65)                                                                                                      # EncryptedTensor<int4, shape=(1, 128, 28, 28)>          ∈ [-8, 7]
 %71 = subgraph(%69)                                                                                                      # EncryptedTensor<int4, shape=(1, 128, 28, 28)>          ∈ [-8, 7]
 %72 = subgraph(%70)                                                                                                      # EncryptedTensor<int6, shape=(1, 128, 28, 28)>          ∈ [-13, 11]
 %73 = subgraph(%71)                                                                                                      # EncryptedTensor<int6, shape=(1, 128, 28, 28)>          ∈ [-13, 12]
 %74 = 1                                                                                                                  # ClearScalar<uint2>                                     ∈ [1, 1]
 %75 = multiply(%74, %73)                                                                                                 # EncryptedTensor<int6, shape=(1, 128, 28, 28)>          ∈ [-13, 12]
 %76 = add(%72, %75)                                                                                                      # EncryptedTensor<int6, shape=(1, 128, 28, 28)>          ∈ [-26, 23]
 %77 = subgraph(%76)                                                                                                      # EncryptedTensor<uint13, shape=(1, 128, 28, 28)>        ∈ [0, 15]
 %78 = ones()                                                                                                             # EncryptedTensor<uint13, shape=(1, 128, 30, 30)>        ∈ [1, 1]
 %79 = 0                                                                                                                  # ClearScalar<uint2>                                     ∈ [0, 0]
 %80 = multiply(%78, %79)                                                                                                 # EncryptedTensor<uint13, shape=(1, 128, 30, 30)>        ∈ [0, 0]
 %81 = (%80[:, :, 1:29, 1:29] = %77)                                                                                      # EncryptedTensor<uint13, shape=(1, 128, 30, 30)>        ∈ [0, 15]
 %82 = [[[[-2 -1  ...  -2 -1]]]]                                                                                          # ClearTensor<int5, shape=(128, 128, 3, 3)>              ∈ [-7, 7]               @ /trunk/trunk.7/C1/Conv.conv
 %83 = conv2d(%81, %82, [0 0 0 0 0 ... 0 0 0 0 0], pads=[0, 0, 0, 0], strides=(1, 1), dilations=(1, 1), group=1)          # EncryptedTensor<int13, shape=(1, 128, 28, 28)>         ∈ [-2305, 2186]         @ /trunk/trunk.7/C1/Conv.conv
 %84 = round_bit_pattern(%83, lsbs_to_remove=5, overflow_protection=False, exactness=Exactness.EXACT)                     # EncryptedTensor<int13, shape=(1, 128, 28, 28)>         ∈ [-2304, 2176]         @ /trunk/trunk.7/C1/Conv.conv_rounding
 %85 = subgraph(%84)                                                                                                      # EncryptedTensor<uint13, shape=(1, 128, 28, 28)>        ∈ [0, 15]
 %86 = ones()                                                                                                             # EncryptedTensor<uint13, shape=(1, 128, 30, 30)>        ∈ [1, 1]
 %87 = 0                                                                                                                  # ClearScalar<uint2>                                     ∈ [0, 0]
 %88 = multiply(%86, %87)                                                                                                 # EncryptedTensor<uint13, shape=(1, 128, 30, 30)>        ∈ [0, 0]
 %89 = (%88[:, :, 1:29, 1:29] = %85)                                                                                      # EncryptedTensor<uint13, shape=(1, 128, 30, 30)>        ∈ [0, 15]
 %90 = [[[[ 2 -1  ...   0 -3]]]]                                                                                          # ClearTensor<int5, shape=(128, 128, 3, 3)>              ∈ [-7, 7]               @ /trunk/trunk.7/C2/Conv.conv
 %91 = conv2d(%89, %90, [0 0 0 0 0 ... 0 0 0 0 0], pads=[0, 0, 0, 0], strides=(1, 1), dilations=(1, 1), group=1)          # EncryptedTensor<int13, shape=(1, 128, 28, 28)>         ∈ [-3966, 3423]         @ /trunk/trunk.7/C2/Conv.conv
 %92 = round_bit_pattern(%91, lsbs_to_remove=6, overflow_protection=False, exactness=Exactness.EXACT)                     # EncryptedTensor<int13, shape=(1, 128, 28, 28)>         ∈ [-3968, 3392]         @ /trunk/trunk.7/C2/Conv.conv_rounding
 %93 = subgraph(%92)                                                                                                      # EncryptedTensor<int4, shape=(1, 128, 28, 28)>          ∈ [-8, 7]
 %94 = subgraph(%76)                                                                                                      # EncryptedTensor<uint4, shape=(1, 128, 28, 28)>         ∈ [0, 15]
 %95 = subgraph(%93)                                                                                                      # EncryptedTensor<int6, shape=(1, 128, 28, 28)>          ∈ [-13, 11]
 %96 = subgraph(%94)                                                                                                      # EncryptedTensor<uint6, shape=(1, 128, 28, 28)>         ∈ [0, 18]
 %97 = 1                                                                                                                  # ClearScalar<uint2>                                     ∈ [1, 1]
 %98 = multiply(%97, %96)                                                                                                 # EncryptedTensor<uint6, shape=(1, 128, 28, 28)>         ∈ [0, 18]
 %99 = add(%95, %98)                                                                                                      # EncryptedTensor<int6, shape=(1, 128, 28, 28)>          ∈ [-13, 29]
%100 = subgraph(%99)                                                                                                      # EncryptedTensor<uint13, shape=(1, 128, 28, 28)>        ∈ [0, 15]
%101 = ones()                                                                                                             # EncryptedTensor<uint13, shape=(1, 128, 30, 30)>        ∈ [1, 1]
%102 = 0                                                                                                                  # ClearScalar<uint2>                                     ∈ [0, 0]
%103 = multiply(%101, %102)                                                                                               # EncryptedTensor<uint13, shape=(1, 128, 30, 30)>        ∈ [0, 0]
%104 = (%103[:, :, 1:29, 1:29] = %100)                                                                                    # EncryptedTensor<uint13, shape=(1, 128, 30, 30)>        ∈ [0, 15]
%105 = [[[[-1  1  ...  -3 -3]]]]                                                                                          # ClearTensor<int5, shape=(256, 128, 3, 3)>              ∈ [-7, 7]               @ /trunk/trunk.8/C1/Conv.conv
%106 = conv2d(%104, %105, [0 0 0 0 0 ... 0 0 0 0 0], pads=[0, 0, 0, 0], strides=(2, 2), dilations=(1, 1), group=1)        # EncryptedTensor<int13, shape=(1, 256, 14, 14)>         ∈ [-2241, 2510]         @ /trunk/trunk.8/C1/Conv.conv
%107 = round_bit_pattern(%106, lsbs_to_remove=5, overflow_protection=False, exactness=Exactness.EXACT)                    # EncryptedTensor<int13, shape=(1, 256, 14, 14)>         ∈ [-2240, 2496]         @ /trunk/trunk.8/C1/Conv.conv_rounding
%108 = subgraph(%107)                                                                                                     # EncryptedTensor<uint14, shape=(1, 256, 14, 14)>        ∈ [0, 15]
%109 = ones()                                                                                                             # EncryptedTensor<uint14, shape=(1, 256, 16, 16)>        ∈ [1, 1]
%110 = 0                                                                                                                  # ClearScalar<uint2>                                     ∈ [0, 0]
%111 = multiply(%109, %110)                                                                                               # EncryptedTensor<uint14, shape=(1, 256, 16, 16)>        ∈ [0, 0]
%112 = (%111[:, :, 1:15, 1:15] = %108)                                                                                    # EncryptedTensor<uint14, shape=(1, 256, 16, 16)>        ∈ [0, 15]
%113 = [[[[-1  1  ...   3 -2]]]]                                                                                          # ClearTensor<int5, shape=(256, 256, 3, 3)>              ∈ [-7, 7]               @ /trunk/trunk.8/C2/Conv.conv
%114 = conv2d(%112, %113, [0 0 0 0 0 ... 0 0 0 0 0], pads=[0, 0, 0, 0], strides=(1, 1), dilations=(1, 1), group=1)        # EncryptedTensor<int14, shape=(1, 256, 14, 14)>         ∈ [-5448, 4491]         @ /trunk/trunk.8/C2/Conv.conv
%115 = round_bit_pattern(%114, lsbs_to_remove=6, overflow_protection=False, exactness=Exactness.EXACT)                    # EncryptedTensor<int14, shape=(1, 256, 14, 14)>         ∈ [-5440, 4480]         @ /trunk/trunk.8/C2/Conv.conv_rounding
%116 = subgraph(%99)                                                                                                      # EncryptedTensor<uint10, shape=(1, 128, 28, 28)>        ∈ [0, 15]
%117 = [[[[ 1]]   ...   [[-2]]]]                                                                                          # ClearTensor<int5, shape=(256, 128, 1, 1)>              ∈ [-7, 7]               @ /trunk/trunk.8/shortcut/Conv.conv
%118 = conv2d(%116, %117, [0 0 0 0 0 ... 0 0 0 0 0], pads=[0, 0, 0, 0], strides=(2, 2), dilations=(1, 1), group=1)        # EncryptedTensor<int10, shape=(1, 256, 14, 14)>         ∈ [-378, 432]           @ /trunk/trunk.8/shortcut/Conv.conv
%119 = round_bit_pattern(%118, lsbs_to_remove=3, overflow_protection=False, exactness=Exactness.EXACT)                    # EncryptedTensor<int10, shape=(1, 256, 14, 14)>         ∈ [-376, 432]           @ /trunk/trunk.8/shortcut/Conv.conv_rounding
%120 = subgraph(%115)                                                                                                     # EncryptedTensor<int4, shape=(1, 256, 14, 14)>          ∈ [-8, 7]
%121 = subgraph(%119)                                                                                                     # EncryptedTensor<int4, shape=(1, 256, 14, 14)>          ∈ [-8, 7]
%122 = subgraph(%120)                                                                                                     # EncryptedTensor<int6, shape=(1, 256, 14, 14)>          ∈ [-14, 13]
%123 = subgraph(%121)                                                                                                     # EncryptedTensor<int6, shape=(1, 256, 14, 14)>          ∈ [-13, 12]
%124 = 1                                                                                                                  # ClearScalar<uint2>                                     ∈ [1, 1]
%125 = multiply(%124, %123)                                                                                               # EncryptedTensor<int6, shape=(1, 256, 14, 14)>          ∈ [-13, 12]
%126 = add(%122, %125)                                                                                                    # EncryptedTensor<int6, shape=(1, 256, 14, 14)>          ∈ [-27, 25]
%127 = subgraph(%126)                                                                                                     # EncryptedTensor<uint13, shape=(1, 256, 14, 14)>        ∈ [0, 15]
%128 = ones()                                                                                                             # EncryptedTensor<uint13, shape=(1, 256, 16, 16)>        ∈ [1, 1]
%129 = 0                                                                                                                  # ClearScalar<uint2>                                     ∈ [0, 0]
%130 = multiply(%128, %129)                                                                                               # EncryptedTensor<uint13, shape=(1, 256, 16, 16)>        ∈ [0, 0]
%131 = (%130[:, :, 1:15, 1:15] = %127)                                                                                    # EncryptedTensor<uint13, shape=(1, 256, 16, 16)>        ∈ [0, 15]
%132 = [[[[-1  0  ...   1  1]]]]                                                                                          # ClearTensor<int5, shape=(256, 256, 3, 3)>              ∈ [-7, 7]               @ /trunk/trunk.9/C1/Conv.conv
%133 = conv2d(%131, %132, [0 0 0 0 0 ... 0 0 0 0 0], pads=[0, 0, 0, 0], strides=(1, 1), dilations=(1, 1), group=1)        # EncryptedTensor<int13, shape=(1, 256, 14, 14)>         ∈ [-2982, 3286]         @ /trunk/trunk.9/C1/Conv.conv
%134 = round_bit_pattern(%133, lsbs_to_remove=6, overflow_protection=False, exactness=Exactness.EXACT)                    # EncryptedTensor<int13, shape=(1, 256, 14, 14)>         ∈ [-3008, 3264]         @ /trunk/trunk.9/C1/Conv.conv_rounding
%135 = subgraph(%134)                                                                                                     # EncryptedTensor<uint14, shape=(1, 256, 14, 14)>        ∈ [0, 15]
%136 = ones()                                                                                                             # EncryptedTensor<uint14, shape=(1, 256, 16, 16)>        ∈ [1, 1]
%137 = 0                                                                                                                  # ClearScalar<uint2>                                     ∈ [0, 0]
%138 = multiply(%136, %137)                                                                                               # EncryptedTensor<uint14, shape=(1, 256, 16, 16)>        ∈ [0, 0]
%139 = (%138[:, :, 1:15, 1:15] = %135)                                                                                    # EncryptedTensor<uint14, shape=(1, 256, 16, 16)>        ∈ [0, 15]
%140 = [[[[-1  1  ...   0 -1]]]]                                                                                          # ClearTensor<int5, shape=(256, 256, 3, 3)>              ∈ [-6, 7]               @ /trunk/trunk.9/C2/Conv.conv
%141 = conv2d(%139, %140, [0 0 0 0 0 ... 0 0 0 0 0], pads=[0, 0, 0, 0], strides=(1, 1), dilations=(1, 1), group=1)        # EncryptedTensor<int14, shape=(1, 256, 14, 14)>         ∈ [-4626, 4277]         @ /trunk/trunk.9/C2/Conv.conv
%142 = round_bit_pattern(%141, lsbs_to_remove=6, overflow_protection=False, exactness=Exactness.EXACT)                    # EncryptedTensor<int14, shape=(1, 256, 14, 14)>         ∈ [-4608, 4288]         @ /trunk/trunk.9/C2/Conv.conv_rounding
%143 = subgraph(%142)                                                                                                     # EncryptedTensor<int4, shape=(1, 256, 14, 14)>          ∈ [-8, 7]
%144 = subgraph(%126)                                                                                                     # EncryptedTensor<uint4, shape=(1, 256, 14, 14)>         ∈ [0, 15]
%145 = subgraph(%143)                                                                                                     # EncryptedTensor<int6, shape=(1, 256, 14, 14)>          ∈ [-13, 11]
%146 = subgraph(%144)                                                                                                     # EncryptedTensor<uint6, shape=(1, 256, 14, 14)>         ∈ [0, 19]
%147 = 1                                                                                                                  # ClearScalar<uint2>                                     ∈ [1, 1]
%148 = multiply(%147, %146)                                                                                               # EncryptedTensor<uint6, shape=(1, 256, 14, 14)>         ∈ [0, 19]
%149 = add(%145, %148)                                                                                                    # EncryptedTensor<int6, shape=(1, 256, 14, 14)>          ∈ [-13, 30]
%150 = subgraph(%149)                                                                                                     # EncryptedTensor<uint13, shape=(1, 256, 14, 14)>        ∈ [0, 15]
%151 = ones()                                                                                                             # EncryptedTensor<uint13, shape=(1, 256, 16, 16)>        ∈ [1, 1]
%152 = 0                                                                                                                  # ClearScalar<uint2>                                     ∈ [0, 0]
%153 = multiply(%151, %152)                                                                                               # EncryptedTensor<uint13, shape=(1, 256, 16, 16)>        ∈ [0, 0]
%154 = (%153[:, :, 1:15, 1:15] = %150)                                                                                    # EncryptedTensor<uint13, shape=(1, 256, 16, 16)>        ∈ [0, 15]
%155 = [[[[ 0 -1  ...  -1  2]]]]                                                                                          # ClearTensor<int5, shape=(512, 256, 3, 3)>              ∈ [-7, 7]               @ /trunk/trunk.10/C1/Conv.conv
%156 = conv2d(%154, %155, [0 0 0 0 0 ... 0 0 0 0 0], pads=[0, 0, 0, 0], strides=(2, 2), dilations=(1, 1), group=1)        # EncryptedTensor<int13, shape=(1, 512, 7, 7)>           ∈ [-3638, 3593]         @ /trunk/trunk.10/C1/Conv.conv
%157 = round_bit_pattern(%156, lsbs_to_remove=6, overflow_protection=False, exactness=Exactness.EXACT)                    # EncryptedTensor<int13, shape=(1, 512, 7, 7)>           ∈ [-3648, 3584]         @ /trunk/trunk.10/C1/Conv.conv_rounding
%158 = subgraph(%157)                                                                                                     # EncryptedTensor<uint15, shape=(1, 512, 7, 7)>          ∈ [0, 15]
%159 = ones()                                                                                                             # EncryptedTensor<uint15, shape=(1, 512, 9, 9)>          ∈ [1, 1]
%160 = 0                                                                                                                  # ClearScalar<uint2>                                     ∈ [0, 0]
%161 = multiply(%159, %160)                                                                                               # EncryptedTensor<uint15, shape=(1, 512, 9, 9)>          ∈ [0, 0]
%162 = (%161[:, :, 1:8, 1:8] = %158)                                                                                      # EncryptedTensor<uint15, shape=(1, 512, 9, 9)>          ∈ [0, 15]
%163 = [[[[-1 -1  ...   3  2]]]]                                                                                          # ClearTensor<int5, shape=(512, 512, 3, 3)>              ∈ [-7, 7]               @ /trunk/trunk.10/C2/Conv.conv
%164 = conv2d(%162, %163, [0 0 0 0 0 ... 0 0 0 0 0], pads=[0, 0, 0, 0], strides=(1, 1), dilations=(1, 1), group=1)        # EncryptedTensor<int15, shape=(1, 512, 7, 7)>           ∈ [-8368, 10193]        @ /trunk/trunk.10/C2/Conv.conv
%165 = round_bit_pattern(%164, lsbs_to_remove=7, overflow_protection=False, exactness=Exactness.EXACT)                    # EncryptedTensor<int15, shape=(1, 512, 7, 7)>           ∈ [-8320, 10240]        @ /trunk/trunk.10/C2/Conv.conv_rounding
%166 = subgraph(%149)                                                                                                     # EncryptedTensor<uint11, shape=(1, 256, 14, 14)>        ∈ [0, 15]
%167 = [[[[ 1]]   ...   [[ 0]]]]                                                                                          # ClearTensor<int5, shape=(512, 256, 1, 1)>              ∈ [-7, 7]               @ /trunk/trunk.10/shortcut/Conv.conv
%168 = conv2d(%166, %167, [0 0 0 0 0 ... 0 0 0 0 0], pads=[0, 0, 0, 0], strides=(2, 2), dilations=(1, 1), group=1)        # EncryptedTensor<int11, shape=(1, 512, 7, 7)>           ∈ [-610, 535]           @ /trunk/trunk.10/shortcut/Conv.conv
%169 = round_bit_pattern(%168, lsbs_to_remove=3, overflow_protection=False, exactness=Exactness.EXACT)                    # EncryptedTensor<int11, shape=(1, 512, 7, 7)>           ∈ [-608, 536]           @ /trunk/trunk.10/shortcut/Conv.conv_rounding
%170 = subgraph(%165)                                                                                                     # EncryptedTensor<int4, shape=(1, 512, 7, 7)>            ∈ [-8, 7]
%171 = subgraph(%169)                                                                                                     # EncryptedTensor<int4, shape=(1, 512, 7, 7)>            ∈ [-8, 7]
%172 = subgraph(%170)                                                                                                     # EncryptedTensor<int6, shape=(1, 512, 7, 7)>            ∈ [-12, 11]
%173 = subgraph(%171)                                                                                                     # EncryptedTensor<int6, shape=(1, 512, 7, 7)>            ∈ [-13, 11]
%174 = 1                                                                                                                  # ClearScalar<uint2>                                     ∈ [1, 1]
%175 = multiply(%174, %173)                                                                                               # EncryptedTensor<int6, shape=(1, 512, 7, 7)>            ∈ [-13, 11]
%176 = add(%172, %175)                                                                                                    # EncryptedTensor<int6, shape=(1, 512, 7, 7)>            ∈ [-25, 22]
%177 = subgraph(%176)                                                                                                     # EncryptedTensor<uint13, shape=(1, 512, 7, 7)>          ∈ [0, 15]
%178 = ones()                                                                                                             # EncryptedTensor<uint13, shape=(1, 512, 9, 9)>          ∈ [1, 1]
%179 = 0                                                                                                                  # ClearScalar<uint2>                                     ∈ [0, 0]
%180 = multiply(%178, %179)                                                                                               # EncryptedTensor<uint13, shape=(1, 512, 9, 9)>          ∈ [0, 0]
%181 = (%180[:, :, 1:8, 1:8] = %177)                                                                                      # EncryptedTensor<uint13, shape=(1, 512, 9, 9)>          ∈ [0, 15]
%182 = [[[[-1  0  ...   0 -1]]]]                                                                                          # ClearTensor<int5, shape=(512, 512, 3, 3)>              ∈ [-5, 7]               @ /trunk/trunk.11/C1/Conv.conv
%183 = conv2d(%181, %182, [0 0 0 0 0 ... 0 0 0 0 0], pads=[0, 0, 0, 0], strides=(1, 1), dilations=(1, 1), group=1)        # EncryptedTensor<int13, shape=(1, 512, 7, 7)>           ∈ [-3154, 3356]         @ /trunk/trunk.11/C1/Conv.conv
%184 = round_bit_pattern(%183, lsbs_to_remove=6, overflow_protection=False, exactness=Exactness.EXACT)                    # EncryptedTensor<int13, shape=(1, 512, 7, 7)>           ∈ [-3136, 3328]         @ /trunk/trunk.11/C1/Conv.conv_rounding
%185 = subgraph(%184)                                                                                                     # EncryptedTensor<uint15, shape=(1, 512, 7, 7)>          ∈ [0, 15]
%186 = ones()                                                                                                             # EncryptedTensor<uint15, shape=(1, 512, 9, 9)>          ∈ [1, 1]
%187 = 0                                                                                                                  # ClearScalar<uint2>                                     ∈ [0, 0]
%188 = multiply(%186, %187)                                                                                               # EncryptedTensor<uint15, shape=(1, 512, 9, 9)>          ∈ [0, 0]
%189 = (%188[:, :, 1:8, 1:8] = %185)                                                                                      # EncryptedTensor<uint15, shape=(1, 512, 9, 9)>          ∈ [0, 15]
%190 = [[[[-1 -1  ...   0  0]]]]                                                                                          # ClearTensor<int5, shape=(512, 512, 3, 3)>              ∈ [-6, 7]               @ /trunk/trunk.11/C2/Conv.conv
%191 = conv2d(%189, %190, [0 0 0 0 0 ... 0 0 0 0 0], pads=[0, 0, 0, 0], strides=(1, 1), dilations=(1, 1), group=1)        # EncryptedTensor<int15, shape=(1, 512, 7, 7)>           ∈ [-12622, 9918]        @ /trunk/trunk.11/C2/Conv.conv
%192 = round_bit_pattern(%191, lsbs_to_remove=8, overflow_protection=False, exactness=Exactness.EXACT)                    # EncryptedTensor<int15, shape=(1, 512, 7, 7)>           ∈ [-12544, 9984]        @ /trunk/trunk.11/C2/Conv.conv_rounding
%193 = subgraph(%192)                                                                                                     # EncryptedTensor<int4, shape=(1, 512, 7, 7)>            ∈ [-8, 7]
%194 = subgraph(%176)                                                                                                     # EncryptedTensor<uint4, shape=(1, 512, 7, 7)>           ∈ [0, 15]
%195 = subgraph(%193)                                                                                                     # EncryptedTensor<int7, shape=(1, 512, 7, 7)>            ∈ [-12, 11]
%196 = subgraph(%194)                                                                                                     # EncryptedTensor<uint7, shape=(1, 512, 7, 7)>           ∈ [0, 21]
%197 = 1                                                                                                                  # ClearScalar<uint2>                                     ∈ [1, 1]
%198 = multiply(%197, %196)                                                                                               # EncryptedTensor<uint7, shape=(1, 512, 7, 7)>           ∈ [0, 21]
%199 = add(%195, %198)                                                                                                    # EncryptedTensor<int7, shape=(1, 512, 7, 7)>            ∈ [-12, 32]
%200 = subgraph(%199)                                                                                                     # EncryptedTensor<uint8, shape=(1, 512, 7, 7)>           ∈ [0, 15]
%201 = [[[[1 1 1  ...  1 1 1]]]]                                                                                          # ClearTensor<uint2, shape=(512, 512, 5, 5)>             ∈ [0, 1]                @ /trunk/trunk.12/AveragePool.avgpool
%202 = conv2d(%200, %201, [0 0 0 0 0 ... 0 0 0 0 0], pads=[0, 0, 0, 0], strides=(5, 5), dilations=(1, 1), group=1)        # EncryptedTensor<uint8, shape=(1, 512, 1, 1)>           ∈ [0, 223]              @ /trunk/trunk.12/AveragePool.avgpool
%203 = round_bit_pattern(%202, lsbs_to_remove=1, overflow_protection=False, exactness=Exactness.EXACT)                    # EncryptedTensor<uint8, shape=(1, 512, 1, 1)>           ∈ [0, 224]              @ /trunk/trunk.12/AveragePool.avgpool_rounding
%204 = subgraph(%203)                                                                                                     # EncryptedTensor<uint3, shape=(1, 512, 1, 1)>           ∈ [0, 7]
%205 = reshape(%204, newshape=(1, 512))                                                                                   # EncryptedTensor<uint3, shape=(1, 512)>                 ∈ [0, 7]
return %205

Subgraphs:

    %4 = subgraph(%3):

         %0 = input                            # EncryptedTensor<int4, shape=(1, 64, 56, 56)>           @ /trunk/trunk.1/Conv.conv_rounding
         %1 = astype(%0, dtype=float64)        # EncryptedTensor<float64, shape=(1, 64, 56, 56)>
         %2 = 0                                # ClearScalar<uint1>
         %3 = add(%1, %2)                      # EncryptedTensor<float64, shape=(1, 64, 56, 56)>
         %4 = [[[[0]]  [ ... ]  [[0]]]]        # ClearTensor<uint1, shape=(1, 64, 1, 1)>
         %5 = subtract(%3, %4)                 # EncryptedTensor<float64, shape=(1, 64, 56, 56)>
         %6 = 4.3717045498121365               # ClearScalar<float64>
         %7 = multiply(%6, %5)                 # EncryptedTensor<float64, shape=(1, 64, 56, 56)>
         %8 = [[[[ 2.650 ... 13e-02]]]]        # ClearTensor<float32, shape=(1, 64, 1, 1)>
         %9 = subtract(%7, %8)                 # EncryptedTensor<float64, shape=(1, 64, 56, 56)>
        %10 = [[[[19.071 ... 40101 ]]]]        # ClearTensor<float32, shape=(1, 64, 1, 1)>
        %11 = divide(%9, %10)                  # EncryptedTensor<float64, shape=(1, 64, 56, 56)>
        %12 = [[[[1.0211 ... 29015 ]]]]        # ClearTensor<float32, shape=(1, 64, 1, 1)>
        %13 = multiply(%11, %12)               # EncryptedTensor<float64, shape=(1, 64, 56, 56)>
        %14 = [[[[ 0.035 ... 9463  ]]]]        # ClearTensor<float32, shape=(1, 64, 1, 1)>
        %15 = add(%13, %14)                    # EncryptedTensor<float64, shape=(1, 64, 56, 56)>
        %16 = 1.4756107                        # ClearScalar<float32>
        %17 = divide(%15, %16)                 # EncryptedTensor<float64, shape=(1, 64, 56, 56)>
        %18 = 0.0                              # ClearScalar<float32>
        %19 = add(%17, %18)                    # EncryptedTensor<float64, shape=(1, 64, 56, 56)>
        %20 = -8.0                             # ClearScalar<float64>
        %21 = 7.0                              # ClearScalar<float64>
        %22 = clip(%19, %20, %21)              # EncryptedTensor<float64, shape=(1, 64, 56, 56)>
        %23 = rint(%22)                        # EncryptedTensor<float64, shape=(1, 64, 56, 56)>
        %24 = 0.0                              # ClearScalar<float32>
        %25 = subtract(%23, %24)               # EncryptedTensor<float64, shape=(1, 64, 56, 56)>
        %26 = 1.4756107                        # ClearScalar<float32>
        %27 = multiply(%25, %26)               # EncryptedTensor<float64, shape=(1, 64, 56, 56)>
        %28 = 1.4756107330322266               # ClearScalar<float64>
        %29 = divide(%27, %28)                 # EncryptedTensor<float64, shape=(1, 64, 56, 56)>
        %30 = 0                                # ClearScalar<uint1>
        %31 = add(%29, %30)                    # EncryptedTensor<float64, shape=(1, 64, 56, 56)>
        %32 = rint(%31)                        # EncryptedTensor<float64, shape=(1, 64, 56, 56)>
        %33 = astype(%32, dtype=int_)          # EncryptedTensor<uint1, shape=(1, 64, 56, 56)>
        return %33

    %12 = subgraph(%11):

         %0 = input                            # EncryptedTensor<uint1, shape=(1, 64, 56, 56)>          @ /trunk/trunk.4/C1/Conv.conv_rounding
         %1 = astype(%0, dtype=float64)        # EncryptedTensor<float64, shape=(1, 64, 56, 56)>
         %2 = 0                                # ClearScalar<uint1>
         %3 = add(%1, %2)                      # EncryptedTensor<float64, shape=(1, 64, 56, 56)>
         %4 = [[[[0]]  [ ... ]  [[0]]]]        # ClearTensor<uint1, shape=(1, 64, 1, 1)>
         %5 = subtract(%3, %4)                 # EncryptedTensor<float64, shape=(1, 64, 56, 56)>
         %6 = 0.04493889584647803              # ClearScalar<float64>
         %7 = multiply(%6, %5)                 # EncryptedTensor<float64, shape=(1, 64, 56, 56)>
         %8 = [[[[ 0.000 ... 031522]]]]        # ClearTensor<float32, shape=(1, 64, 1, 1)>
         %9 = subtract(%7, %8)                 # EncryptedTensor<float64, shape=(1, 64, 56, 56)>
        %10 = [[[[2.2601 ... 434228]]]]        # ClearTensor<float32, shape=(1, 64, 1, 1)>
        %11 = divide(%9, %10)                  # EncryptedTensor<float64, shape=(1, 64, 56, 56)>
        %12 = [[[[1.0118 ... 746644]]]]        # ClearTensor<float32, shape=(1, 64, 1, 1)>
        %13 = multiply(%11, %12)               # EncryptedTensor<float64, shape=(1, 64, 56, 56)>
        %14 = [[[[ 0.075 ... 353977]]]]        # ClearTensor<float32, shape=(1, 64, 1, 1)>
        %15 = add(%13, %14)                    # EncryptedTensor<float64, shape=(1, 64, 56, 56)>
        %16 = 0                                # ClearScalar<uint1>
        %17 = maximum(%15, %16)                # EncryptedTensor<float64, shape=(1, 64, 56, 56)>
        %18 = 0.59496284                       # ClearScalar<float32>
        %19 = divide(%17, %18)                 # EncryptedTensor<float64, shape=(1, 64, 56, 56)>
        %20 = 0.0                              # ClearScalar<float32>
        %21 = add(%19, %20)                    # EncryptedTensor<float64, shape=(1, 64, 56, 56)>
        %22 = 0.0                              # ClearScalar<float64>
        %23 = 15.0                             # ClearScalar<float64>
        %24 = clip(%21, %22, %23)              # EncryptedTensor<float64, shape=(1, 64, 56, 56)>
        %25 = rint(%24)                        # EncryptedTensor<float64, shape=(1, 64, 56, 56)>
        %26 = 0.0                              # ClearScalar<float32>
        %27 = subtract(%25, %26)               # EncryptedTensor<float64, shape=(1, 64, 56, 56)>
        %28 = 0.59496284                       # ClearScalar<float32>
        %29 = multiply(%27, %28)               # EncryptedTensor<float64, shape=(1, 64, 56, 56)>
        %30 = 0.5949628353118896               # ClearScalar<float64>
        %31 = divide(%29, %30)                 # EncryptedTensor<float64, shape=(1, 64, 56, 56)>
        %32 = 0                                # ClearScalar<uint1>
        %33 = add(%31, %32)                    # EncryptedTensor<float64, shape=(1, 64, 56, 56)>
        %34 = rint(%33)                        # EncryptedTensor<float64, shape=(1, 64, 56, 56)>
        %35 = astype(%34, dtype=int_)          # EncryptedTensor<uint1, shape=(1, 64, 56, 56)>
        return %35

    %20 = subgraph(%19):

         %0 = input                            # EncryptedTensor<uint1, shape=(1, 64, 56, 56)>          @ /trunk/trunk.4/C2/Conv.conv_rounding
         %1 = astype(%0, dtype=float64)        # EncryptedTensor<float64, shape=(1, 64, 56, 56)>
         %2 = 0                                # ClearScalar<uint1>
         %3 = add(%1, %2)                      # EncryptedTensor<float64, shape=(1, 64, 56, 56)>
         %4 = [[[[0]]  [ ... ]  [[0]]]]        # ClearTensor<uint1, shape=(1, 64, 1, 1)>
         %5 = subtract(%3, %4)                 # EncryptedTensor<float64, shape=(1, 64, 56, 56)>
         %6 = 0.018928820107428912             # ClearScalar<float64>
         %7 = multiply(%6, %5)                 # EncryptedTensor<float64, shape=(1, 64, 56, 56)>
         %8 = [[[[-1.356 ... 54e-01]]]]        # ClearTensor<float32, shape=(1, 64, 1, 1)>
         %9 = subtract(%7, %8)                 # EncryptedTensor<float64, shape=(1, 64, 56, 56)>
        %10 = [[[[1.8593 ... 066333]]]]        # ClearTensor<float32, shape=(1, 64, 1, 1)>
        %11 = divide(%9, %10)                  # EncryptedTensor<float64, shape=(1, 64, 56, 56)>
        %12 = [[[[0.9842 ... 18029 ]]]]        # ClearTensor<float32, shape=(1, 64, 1, 1)>
        %13 = multiply(%11, %12)               # EncryptedTensor<float64, shape=(1, 64, 56, 56)>
        %14 = [[[[ 0.043 ... 110498]]]]        # ClearTensor<float32, shape=(1, 64, 1, 1)>
        %15 = add(%13, %14)                    # EncryptedTensor<float64, shape=(1, 64, 56, 56)>
        %16 = 1.2458574                        # ClearScalar<float32>
        %17 = divide(%15, %16)                 # EncryptedTensor<float64, shape=(1, 64, 56, 56)>
        %18 = 0.0                              # ClearScalar<float32>
        %19 = add(%17, %18)                    # EncryptedTensor<float64, shape=(1, 64, 56, 56)>
        %20 = -8.0                             # ClearScalar<float64>
        %21 = 7.0                              # ClearScalar<float64>
        %22 = clip(%19, %20, %21)              # EncryptedTensor<float64, shape=(1, 64, 56, 56)>
        %23 = rint(%22)                        # EncryptedTensor<float64, shape=(1, 64, 56, 56)>
        %24 = 0.0                              # ClearScalar<float32>
        %25 = subtract(%23, %24)               # EncryptedTensor<float64, shape=(1, 64, 56, 56)>
        %26 = 1.2458574                        # ClearScalar<float32>
        %27 = multiply(%25, %26)               # EncryptedTensor<float64, shape=(1, 64, 56, 56)>
        %28 = 1.2458573579788208               # ClearScalar<float64>
        %29 = divide(%27, %28)                 # EncryptedTensor<float64, shape=(1, 64, 56, 56)>
        %30 = 0                                # ClearScalar<uint1>
        %31 = add(%29, %30)                    # EncryptedTensor<float64, shape=(1, 64, 56, 56)>
        %32 = rint(%31)                        # EncryptedTensor<float64, shape=(1, 64, 56, 56)>
        %33 = astype(%32, dtype=int_)          # EncryptedTensor<uint1, shape=(1, 64, 56, 56)>
        return %33

    %21 = subgraph(%3):

         %0 = input                            # EncryptedTensor<int4, shape=(1, 64, 56, 56)>           @ /trunk/trunk.1/Conv.conv_rounding
         %1 = astype(%0, dtype=float64)        # EncryptedTensor<float64, shape=(1, 64, 56, 56)>
         %2 = 0                                # ClearScalar<uint1>
         %3 = add(%1, %2)                      # EncryptedTensor<float64, shape=(1, 64, 56, 56)>
         %4 = [[[[0]]  [ ... ]  [[0]]]]        # ClearTensor<uint1, shape=(1, 64, 1, 1)>
         %5 = subtract(%3, %4)                 # EncryptedTensor<float64, shape=(1, 64, 56, 56)>
         %6 = 4.3717045498121365               # ClearScalar<float64>
         %7 = multiply(%6, %5)                 # EncryptedTensor<float64, shape=(1, 64, 56, 56)>
         %8 = [[[[ 2.650 ... 13e-02]]]]        # ClearTensor<float32, shape=(1, 64, 1, 1)>
         %9 = subtract(%7, %8)                 # EncryptedTensor<float64, shape=(1, 64, 56, 56)>
        %10 = [[[[19.071 ... 40101 ]]]]        # ClearTensor<float32, shape=(1, 64, 1, 1)>
        %11 = divide(%9, %10)                  # EncryptedTensor<float64, shape=(1, 64, 56, 56)>
        %12 = [[[[1.0211 ... 29015 ]]]]        # ClearTensor<float32, shape=(1, 64, 1, 1)>
        %13 = multiply(%11, %12)               # EncryptedTensor<float64, shape=(1, 64, 56, 56)>
        %14 = [[[[ 0.035 ... 9463  ]]]]        # ClearTensor<float32, shape=(1, 64, 1, 1)>
        %15 = add(%13, %14)                    # EncryptedTensor<float64, shape=(1, 64, 56, 56)>
        %16 = 1.4756107                        # ClearScalar<float32>
        %17 = divide(%15, %16)                 # EncryptedTensor<float64, shape=(1, 64, 56, 56)>
        %18 = 0.0                              # ClearScalar<float32>
        %19 = add(%17, %18)                    # EncryptedTensor<float64, shape=(1, 64, 56, 56)>
        %20 = -8.0                             # ClearScalar<float64>
        %21 = 7.0                              # ClearScalar<float64>
        %22 = clip(%19, %20, %21)              # EncryptedTensor<float64, shape=(1, 64, 56, 56)>
        %23 = rint(%22)                        # EncryptedTensor<float64, shape=(1, 64, 56, 56)>
        %24 = 0.0                              # ClearScalar<float32>
        %25 = subtract(%23, %24)               # EncryptedTensor<float64, shape=(1, 64, 56, 56)>
        %26 = 1.4756107                        # ClearScalar<float32>
        %27 = multiply(%25, %26)               # EncryptedTensor<float64, shape=(1, 64, 56, 56)>
        %28 = 1.4756107330322266               # ClearScalar<float64>
        %29 = divide(%27, %28)                 # EncryptedTensor<float64, shape=(1, 64, 56, 56)>
        %30 = 0                                # ClearScalar<uint1>
        %31 = add(%29, %30)                    # EncryptedTensor<float64, shape=(1, 64, 56, 56)>
        %32 = rint(%31)                        # EncryptedTensor<float64, shape=(1, 64, 56, 56)>
        %33 = astype(%32, dtype=int_)          # EncryptedTensor<uint1, shape=(1, 64, 56, 56)>
        return %33

    %22 = subgraph(%20):

         %0 = input                         # EncryptedTensor<uint1, shape=(1, 64, 56, 56)>
         %1 = 0.0                           # ClearScalar<float64>
         %2 = subtract(%0, %1)              # EncryptedTensor<float64, shape=(1, 64, 56, 56)>
         %3 = 1.2458573579788208            # ClearScalar<float64>
         %4 = multiply(%3, %2)              # EncryptedTensor<float64, shape=(1, 64, 56, 56)>
         %5 = 0.7573260914894843            # ClearScalar<float64>
         %6 = divide(%4, %5)                # EncryptedTensor<float64, shape=(1, 64, 56, 56)>
         %7 = 0                             # ClearScalar<uint1>
         %8 = add(%6, %7)                   # EncryptedTensor<float64, shape=(1, 64, 56, 56)>
         %9 = rint(%8)                      # EncryptedTensor<float64, shape=(1, 64, 56, 56)>
        %10 = astype(%9, dtype=int_)        # EncryptedTensor<uint1, shape=(1, 64, 56, 56)>
        return %10

    %23 = subgraph(%21):

         %0 = input                         # EncryptedTensor<uint1, shape=(1, 64, 56, 56)>
         %1 = 0.0                           # ClearScalar<float64>
         %2 = subtract(%0, %1)              # EncryptedTensor<float64, shape=(1, 64, 56, 56)>
         %3 = 1.4756107330322266            # ClearScalar<float64>
         %4 = multiply(%3, %2)              # EncryptedTensor<float64, shape=(1, 64, 56, 56)>
         %5 = 0.7573260914894843            # ClearScalar<float64>
         %6 = divide(%4, %5)                # EncryptedTensor<float64, shape=(1, 64, 56, 56)>
         %7 = 0                             # ClearScalar<uint1>
         %8 = add(%6, %7)                   # EncryptedTensor<float64, shape=(1, 64, 56, 56)>
         %9 = rint(%8)                      # EncryptedTensor<float64, shape=(1, 64, 56, 56)>
        %10 = astype(%9, dtype=int_)        # EncryptedTensor<uint1, shape=(1, 64, 56, 56)>
        return %10

    %27 = subgraph(%26):

         %0 = input                          # EncryptedTensor<uint2, shape=(1, 64, 56, 56)>
         %1 = 0.0                            # ClearScalar<float64>
         %2 = subtract(%0, %1)               # EncryptedTensor<float64, shape=(1, 64, 56, 56)>
         %3 = 0.7573260914894843             # ClearScalar<float64>
         %4 = multiply(%3, %2)               # EncryptedTensor<float64, shape=(1, 64, 56, 56)>
         %5 = 0                              # ClearScalar<uint1>
         %6 = maximum(%4, %5)                # EncryptedTensor<float64, shape=(1, 64, 56, 56)>
         %7 = 0.98359185                     # ClearScalar<float32>
         %8 = divide(%6, %7)                 # EncryptedTensor<float64, shape=(1, 64, 56, 56)>
         %9 = 0.0                            # ClearScalar<float32>
        %10 = add(%8, %9)                    # EncryptedTensor<float64, shape=(1, 64, 56, 56)>
        %11 = 0.0                            # ClearScalar<float64>
        %12 = 15.0                           # ClearScalar<float64>
        %13 = clip(%10, %11, %12)            # EncryptedTensor<float64, shape=(1, 64, 56, 56)>
        %14 = rint(%13)                      # EncryptedTensor<float64, shape=(1, 64, 56, 56)>
        %15 = 0.0                            # ClearScalar<float32>
        %16 = subtract(%14, %15)             # EncryptedTensor<float64, shape=(1, 64, 56, 56)>
        %17 = 0.98359185                     # ClearScalar<float32>
        %18 = multiply(%16, %17)             # EncryptedTensor<float64, shape=(1, 64, 56, 56)>
        %19 = 0.9835918545722961             # ClearScalar<float64>
        %20 = divide(%18, %19)               # EncryptedTensor<float64, shape=(1, 64, 56, 56)>
        %21 = 0                              # ClearScalar<uint1>
        %22 = add(%20, %21)                  # EncryptedTensor<float64, shape=(1, 64, 56, 56)>
        %23 = rint(%22)                      # EncryptedTensor<float64, shape=(1, 64, 56, 56)>
        %24 = astype(%23, dtype=int_)        # EncryptedTensor<uint1, shape=(1, 64, 56, 56)>
        return %24

    %35 = subgraph(%34):

         %0 = input                            # EncryptedTensor<uint1, shape=(1, 64, 56, 56)>          @ /trunk/trunk.5/C1/Conv.conv_rounding
         %1 = astype(%0, dtype=float64)        # EncryptedTensor<float64, shape=(1, 64, 56, 56)>
         %2 = 0                                # ClearScalar<uint1>
         %3 = add(%1, %2)                      # EncryptedTensor<float64, shape=(1, 64, 56, 56)>
         %4 = [[[[0]]  [ ... ]  [[0]]]]        # ClearTensor<uint1, shape=(1, 64, 1, 1)>
         %5 = subtract(%3, %4)                 # EncryptedTensor<float64, shape=(1, 64, 56, 56)>
         %6 = 0.03150097473499258              # ClearScalar<float64>
         %7 = multiply(%6, %5)                 # EncryptedTensor<float64, shape=(1, 64, 56, 56)>
         %8 = [[[[-1.412 ... 360984]]]]        # ClearTensor<float32, shape=(1, 64, 1, 1)>
         %9 = subtract(%7, %8)                 # EncryptedTensor<float64, shape=(1, 64, 56, 56)>
        %10 = [[[[2.5569 ... 771237]]]]        # ClearTensor<float32, shape=(1, 64, 1, 1)>
        %11 = divide(%9, %10)                  # EncryptedTensor<float64, shape=(1, 64, 56, 56)>
        %12 = [[[[0.9530 ... 22497 ]]]]        # ClearTensor<float32, shape=(1, 64, 1, 1)>
        %13 = multiply(%11, %12)               # EncryptedTensor<float64, shape=(1, 64, 56, 56)>
        %14 = [[[[ 0.019 ... 806394]]]]        # ClearTensor<float32, shape=(1, 64, 1, 1)>
        %15 = add(%13, %14)                    # EncryptedTensor<float64, shape=(1, 64, 56, 56)>
        %16 = 0                                # ClearScalar<uint1>
        %17 = maximum(%15, %16)                # EncryptedTensor<float64, shape=(1, 64, 56, 56)>
        %18 = 0.5776227                        # ClearScalar<float32>
        %19 = divide(%17, %18)                 # EncryptedTensor<float64, shape=(1, 64, 56, 56)>
        %20 = 0.0                              # ClearScalar<float32>
        %21 = add(%19, %20)                    # EncryptedTensor<float64, shape=(1, 64, 56, 56)>
        %22 = 0.0                              # ClearScalar<float64>
        %23 = 15.0                             # ClearScalar<float64>
        %24 = clip(%21, %22, %23)              # EncryptedTensor<float64, shape=(1, 64, 56, 56)>
        %25 = rint(%24)                        # EncryptedTensor<float64, shape=(1, 64, 56, 56)>
        %26 = 0.0                              # ClearScalar<float32>
        %27 = subtract(%25, %26)               # EncryptedTensor<float64, shape=(1, 64, 56, 56)>
        %28 = 0.5776227                        # ClearScalar<float32>
        %29 = multiply(%27, %28)               # EncryptedTensor<float64, shape=(1, 64, 56, 56)>
        %30 = 0.5776227116584778               # ClearScalar<float64>
        %31 = divide(%29, %30)                 # EncryptedTensor<float64, shape=(1, 64, 56, 56)>
        %32 = 0                                # ClearScalar<uint1>
        %33 = add(%31, %32)                    # EncryptedTensor<float64, shape=(1, 64, 56, 56)>
        %34 = rint(%33)                        # EncryptedTensor<float64, shape=(1, 64, 56, 56)>
        %35 = astype(%34, dtype=int_)          # EncryptedTensor<uint1, shape=(1, 64, 56, 56)>
        return %35

    %43 = subgraph(%42):

         %0 = input                            # EncryptedTensor<uint1, shape=(1, 64, 56, 56)>          @ /trunk/trunk.5/C2/Conv.conv_rounding
         %1 = astype(%0, dtype=float64)        # EncryptedTensor<float64, shape=(1, 64, 56, 56)>
         %2 = 0                                # ClearScalar<uint1>
         %3 = add(%1, %2)                      # EncryptedTensor<float64, shape=(1, 64, 56, 56)>
         %4 = [[[[0]]  [ ... ]  [[0]]]]        # ClearTensor<uint1, shape=(1, 64, 1, 1)>
         %5 = subtract(%3, %4)                 # EncryptedTensor<float64, shape=(1, 64, 56, 56)>
         %6 = 0.018389054247412995             # ClearScalar<float64>
         %7 = multiply(%6, %5)                 # EncryptedTensor<float64, shape=(1, 64, 56, 56)>
         %8 = [[[[-1.843 ... 845   ]]]]        # ClearTensor<float32, shape=(1, 64, 1, 1)>
         %9 = subtract(%7, %8)                 # EncryptedTensor<float64, shape=(1, 64, 56, 56)>
        %10 = [[[[1.4537 ... 14331 ]]]]        # ClearTensor<float32, shape=(1, 64, 1, 1)>
        %11 = divide(%9, %10)                  # EncryptedTensor<float64, shape=(1, 64, 56, 56)>
        %12 = [[[[0.9812 ... 567636]]]]        # ClearTensor<float32, shape=(1, 64, 1, 1)>
        %13 = multiply(%11, %12)               # EncryptedTensor<float64, shape=(1, 64, 56, 56)>
        %14 = [[[[ 0.006 ... 826559]]]]        # ClearTensor<float32, shape=(1, 64, 1, 1)>
        %15 = add(%13, %14)                    # EncryptedTensor<float64, shape=(1, 64, 56, 56)>
        %16 = 1.1162461                        # ClearScalar<float32>
        %17 = divide(%15, %16)                 # EncryptedTensor<float64, shape=(1, 64, 56, 56)>
        %18 = 0.0                              # ClearScalar<float32>
        %19 = add(%17, %18)                    # EncryptedTensor<float64, shape=(1, 64, 56, 56)>
        %20 = -8.0                             # ClearScalar<float64>
        %21 = 7.0                              # ClearScalar<float64>
        %22 = clip(%19, %20, %21)              # EncryptedTensor<float64, shape=(1, 64, 56, 56)>
        %23 = rint(%22)                        # EncryptedTensor<float64, shape=(1, 64, 56, 56)>
        %24 = 0.0                              # ClearScalar<float32>
        %25 = subtract(%23, %24)               # EncryptedTensor<float64, shape=(1, 64, 56, 56)>
        %26 = 1.1162461                        # ClearScalar<float32>
        %27 = multiply(%25, %26)               # EncryptedTensor<float64, shape=(1, 64, 56, 56)>
        %28 = 1.1162461042404175               # ClearScalar<float64>
        %29 = divide(%27, %28)                 # EncryptedTensor<float64, shape=(1, 64, 56, 56)>
        %30 = 0                                # ClearScalar<uint1>
        %31 = add(%29, %30)                    # EncryptedTensor<float64, shape=(1, 64, 56, 56)>
        %32 = rint(%31)                        # EncryptedTensor<float64, shape=(1, 64, 56, 56)>
        %33 = astype(%32, dtype=int_)          # EncryptedTensor<uint1, shape=(1, 64, 56, 56)>
        return %33

    %44 = subgraph(%26):

         %0 = input                          # EncryptedTensor<uint2, shape=(1, 64, 56, 56)>
         %1 = 0.0                            # ClearScalar<float64>
         %2 = subtract(%0, %1)               # EncryptedTensor<float64, shape=(1, 64, 56, 56)>
         %3 = 0.7573260914894843             # ClearScalar<float64>
         %4 = multiply(%3, %2)               # EncryptedTensor<float64, shape=(1, 64, 56, 56)>
         %5 = 0                              # ClearScalar<uint1>
         %6 = maximum(%4, %5)                # EncryptedTensor<float64, shape=(1, 64, 56, 56)>
         %7 = 0.98359185                     # ClearScalar<float32>
         %8 = divide(%6, %7)                 # EncryptedTensor<float64, shape=(1, 64, 56, 56)>
         %9 = 0.0                            # ClearScalar<float32>
        %10 = add(%8, %9)                    # EncryptedTensor<float64, shape=(1, 64, 56, 56)>
        %11 = 0.0                            # ClearScalar<float64>
        %12 = 15.0                           # ClearScalar<float64>
        %13 = clip(%10, %11, %12)            # EncryptedTensor<float64, shape=(1, 64, 56, 56)>
        %14 = rint(%13)                      # EncryptedTensor<float64, shape=(1, 64, 56, 56)>
        %15 = 0.0                            # ClearScalar<float32>
        %16 = subtract(%14, %15)             # EncryptedTensor<float64, shape=(1, 64, 56, 56)>
        %17 = 0.98359185                     # ClearScalar<float32>
        %18 = multiply(%16, %17)             # EncryptedTensor<float64, shape=(1, 64, 56, 56)>
        %19 = 0.9835918545722961             # ClearScalar<float64>
        %20 = divide(%18, %19)               # EncryptedTensor<float64, shape=(1, 64, 56, 56)>
        %21 = 0                              # ClearScalar<uint1>
        %22 = add(%20, %21)                  # EncryptedTensor<float64, shape=(1, 64, 56, 56)>
        %23 = rint(%22)                      # EncryptedTensor<float64, shape=(1, 64, 56, 56)>
        %24 = astype(%23, dtype=int_)        # EncryptedTensor<uint1, shape=(1, 64, 56, 56)>
        return %24

    %45 = subgraph(%43):

         %0 = input                         # EncryptedTensor<uint1, shape=(1, 64, 56, 56)>
         %1 = 0.0                           # ClearScalar<float64>
         %2 = subtract(%0, %1)              # EncryptedTensor<float64, shape=(1, 64, 56, 56)>
         %3 = 1.1162461042404175            # ClearScalar<float64>
         %4 = multiply(%3, %2)              # EncryptedTensor<float64, shape=(1, 64, 56, 56)>
         %5 = 0.6370799752973741            # ClearScalar<float64>
         %6 = divide(%4, %5)                # EncryptedTensor<float64, shape=(1, 64, 56, 56)>
         %7 = 0                             # ClearScalar<uint1>
         %8 = add(%6, %7)                   # EncryptedTensor<float64, shape=(1, 64, 56, 56)>
         %9 = rint(%8)                      # EncryptedTensor<float64, shape=(1, 64, 56, 56)>
        %10 = astype(%9, dtype=int_)        # EncryptedTensor<uint1, shape=(1, 64, 56, 56)>
        return %10

    %46 = subgraph(%44):

         %0 = input                         # EncryptedTensor<uint1, shape=(1, 64, 56, 56)>
         %1 = 0.0                           # ClearScalar<float64>
         %2 = subtract(%0, %1)              # EncryptedTensor<float64, shape=(1, 64, 56, 56)>
         %3 = 0.9835918545722961            # ClearScalar<float64>
         %4 = multiply(%3, %2)              # EncryptedTensor<float64, shape=(1, 64, 56, 56)>
         %5 = 0.6370799752973741            # ClearScalar<float64>
         %6 = divide(%4, %5)                # EncryptedTensor<float64, shape=(1, 64, 56, 56)>
         %7 = 0                             # ClearScalar<uint1>
         %8 = add(%6, %7)                   # EncryptedTensor<float64, shape=(1, 64, 56, 56)>
         %9 = rint(%8)                      # EncryptedTensor<float64, shape=(1, 64, 56, 56)>
        %10 = astype(%9, dtype=int_)        # EncryptedTensor<uint1, shape=(1, 64, 56, 56)>
        return %10

    %50 = subgraph(%49):

         %0 = input                          # EncryptedTensor<uint2, shape=(1, 64, 56, 56)>
         %1 = 0.0                            # ClearScalar<float64>
         %2 = subtract(%0, %1)               # EncryptedTensor<float64, shape=(1, 64, 56, 56)>
         %3 = 0.6370799752973741             # ClearScalar<float64>
         %4 = multiply(%3, %2)               # EncryptedTensor<float64, shape=(1, 64, 56, 56)>
         %5 = 0                              # ClearScalar<uint1>
         %6 = maximum(%4, %5)                # EncryptedTensor<float64, shape=(1, 64, 56, 56)>
         %7 = 1.0876116                      # ClearScalar<float32>
         %8 = divide(%6, %7)                 # EncryptedTensor<float64, shape=(1, 64, 56, 56)>
         %9 = 0.0                            # ClearScalar<float32>
        %10 = add(%8, %9)                    # EncryptedTensor<float64, shape=(1, 64, 56, 56)>
        %11 = 0.0                            # ClearScalar<float64>
        %12 = 15.0                           # ClearScalar<float64>
        %13 = clip(%10, %11, %12)            # EncryptedTensor<float64, shape=(1, 64, 56, 56)>
        %14 = rint(%13)                      # EncryptedTensor<float64, shape=(1, 64, 56, 56)>
        %15 = 0.0                            # ClearScalar<float32>
        %16 = subtract(%14, %15)             # EncryptedTensor<float64, shape=(1, 64, 56, 56)>
        %17 = 1.0876116                      # ClearScalar<float32>
        %18 = multiply(%16, %17)             # EncryptedTensor<float64, shape=(1, 64, 56, 56)>
        %19 = 1.0876115560531616             # ClearScalar<float64>
        %20 = divide(%18, %19)               # EncryptedTensor<float64, shape=(1, 64, 56, 56)>
        %21 = 0                              # ClearScalar<uint1>
        %22 = add(%20, %21)                  # EncryptedTensor<float64, shape=(1, 64, 56, 56)>
        %23 = rint(%22)                      # EncryptedTensor<float64, shape=(1, 64, 56, 56)>
        %24 = astype(%23, dtype=int_)        # EncryptedTensor<uint1, shape=(1, 64, 56, 56)>
        return %24

    %58 = subgraph(%57):

         %0 = input                            # EncryptedTensor<uint1, shape=(1, 128, 28, 28)>          @ /trunk/trunk.6/C1/Conv.conv_rounding
         %1 = astype(%0, dtype=float64)        # EncryptedTensor<float64, shape=(1, 128, 28, 28)>
         %2 = 0                                # ClearScalar<uint1>
         %3 = add(%1, %2)                      # EncryptedTensor<float64, shape=(1, 128, 28, 28)>
         %4 = [[[[0]]  [ ... ]  [[0]]]]        # ClearTensor<uint1, shape=(1, 128, 1, 1)>
         %5 = subtract(%3, %4)                 # EncryptedTensor<float64, shape=(1, 128, 28, 28)>
         %6 = 0.031198345922026638             # ClearScalar<float64>
         %7 = multiply(%6, %5)                 # EncryptedTensor<float64, shape=(1, 128, 28, 28)>
         %8 = [[[[-0.980 ... 8251  ]]]]        # ClearTensor<float32, shape=(1, 128, 1, 1)>
         %9 = subtract(%7, %8)                 # EncryptedTensor<float64, shape=(1, 128, 28, 28)>
        %10 = [[[[1.5082 ... 181737]]]]        # ClearTensor<float32, shape=(1, 128, 1, 1)>
        %11 = divide(%9, %10)                  # EncryptedTensor<float64, shape=(1, 128, 28, 28)>
        %12 = [[[[0.9720 ... 08799 ]]]]        # ClearTensor<float32, shape=(1, 128, 1, 1)>
        %13 = multiply(%11, %12)               # EncryptedTensor<float64, shape=(1, 128, 28, 28)>
        %14 = [[[[ 0.008 ... 024615]]]]        # ClearTensor<float32, shape=(1, 128, 1, 1)>
        %15 = add(%13, %14)                    # EncryptedTensor<float64, shape=(1, 128, 28, 28)>
        %16 = 0                                # ClearScalar<uint1>
        %17 = maximum(%15, %16)                # EncryptedTensor<float64, shape=(1, 128, 28, 28)>
        %18 = 0.492688                         # ClearScalar<float32>
        %19 = divide(%17, %18)                 # EncryptedTensor<float64, shape=(1, 128, 28, 28)>
        %20 = 0.0                              # ClearScalar<float32>
        %21 = add(%19, %20)                    # EncryptedTensor<float64, shape=(1, 128, 28, 28)>
        %22 = 0.0                              # ClearScalar<float64>
        %23 = 15.0                             # ClearScalar<float64>
        %24 = clip(%21, %22, %23)              # EncryptedTensor<float64, shape=(1, 128, 28, 28)>
        %25 = rint(%24)                        # EncryptedTensor<float64, shape=(1, 128, 28, 28)>
        %26 = 0.0                              # ClearScalar<float32>
        %27 = subtract(%25, %26)               # EncryptedTensor<float64, shape=(1, 128, 28, 28)>
        %28 = 0.492688                         # ClearScalar<float32>
        %29 = multiply(%27, %28)               # EncryptedTensor<float64, shape=(1, 128, 28, 28)>
        %30 = 0.49268800020217896              # ClearScalar<float64>
        %31 = divide(%29, %30)                 # EncryptedTensor<float64, shape=(1, 128, 28, 28)>
        %32 = 0                                # ClearScalar<uint1>
        %33 = add(%31, %32)                    # EncryptedTensor<float64, shape=(1, 128, 28, 28)>
        %34 = rint(%33)                        # EncryptedTensor<float64, shape=(1, 128, 28, 28)>
        %35 = astype(%34, dtype=int_)          # EncryptedTensor<uint1, shape=(1, 128, 28, 28)>
        return %35

    %66 = subgraph(%49):

         %0 = input                          # EncryptedTensor<uint2, shape=(1, 64, 56, 56)>
         %1 = 0.0                            # ClearScalar<float64>
         %2 = subtract(%0, %1)               # EncryptedTensor<float64, shape=(1, 64, 56, 56)>
         %3 = 0.6370799752973741             # ClearScalar<float64>
         %4 = multiply(%3, %2)               # EncryptedTensor<float64, shape=(1, 64, 56, 56)>
         %5 = 0                              # ClearScalar<uint1>
         %6 = maximum(%4, %5)                # EncryptedTensor<float64, shape=(1, 64, 56, 56)>
         %7 = 1.0876116                      # ClearScalar<float32>
         %8 = divide(%6, %7)                 # EncryptedTensor<float64, shape=(1, 64, 56, 56)>
         %9 = 0.0                            # ClearScalar<float32>
        %10 = add(%8, %9)                    # EncryptedTensor<float64, shape=(1, 64, 56, 56)>
        %11 = 0.0                            # ClearScalar<float64>
        %12 = 15.0                           # ClearScalar<float64>
        %13 = clip(%10, %11, %12)            # EncryptedTensor<float64, shape=(1, 64, 56, 56)>
        %14 = rint(%13)                      # EncryptedTensor<float64, shape=(1, 64, 56, 56)>
        %15 = 0.0                            # ClearScalar<float32>
        %16 = subtract(%14, %15)             # EncryptedTensor<float64, shape=(1, 64, 56, 56)>
        %17 = 1.0876116                      # ClearScalar<float32>
        %18 = multiply(%16, %17)             # EncryptedTensor<float64, shape=(1, 64, 56, 56)>
        %19 = 1.0876115560531616             # ClearScalar<float64>
        %20 = divide(%18, %19)               # EncryptedTensor<float64, shape=(1, 64, 56, 56)>
        %21 = 0                              # ClearScalar<uint1>
        %22 = add(%20, %21)                  # EncryptedTensor<float64, shape=(1, 64, 56, 56)>
        %23 = rint(%22)                      # EncryptedTensor<float64, shape=(1, 64, 56, 56)>
        %24 = astype(%23, dtype=int_)        # EncryptedTensor<uint1, shape=(1, 64, 56, 56)>
        return %24

    %70 = subgraph(%65):

         %0 = input                            # EncryptedTensor<uint1, shape=(1, 128, 28, 28)>          @ /trunk/trunk.6/C2/Conv.conv_rounding
         %1 = astype(%0, dtype=float64)        # EncryptedTensor<float64, shape=(1, 128, 28, 28)>
         %2 = 0                                # ClearScalar<uint1>
         %3 = add(%1, %2)                      # EncryptedTensor<float64, shape=(1, 128, 28, 28)>
         %4 = [[[[0]]  [ ... ]  [[0]]]]        # ClearTensor<uint1, shape=(1, 128, 1, 1)>
         %5 = subtract(%3, %4)                 # EncryptedTensor<float64, shape=(1, 128, 28, 28)>
         %6 = 0.013183254782275111             # ClearScalar<float64>
         %7 = multiply(%6, %5)                 # EncryptedTensor<float64, shape=(1, 128, 28, 28)>
         %8 = [[[[-0.591 ... 320916]]]]        # ClearTensor<float32, shape=(1, 128, 1, 1)>
         %9 = subtract(%7, %8)                 # EncryptedTensor<float64, shape=(1, 128, 28, 28)>
        %10 = [[[[2.1671 ... 802551]]]]        # ClearTensor<float32, shape=(1, 128, 1, 1)>
        %11 = divide(%9, %10)                  # EncryptedTensor<float64, shape=(1, 128, 28, 28)>
        %12 = [[[[0.9785 ... 28647 ]]]]        # ClearTensor<float32, shape=(1, 128, 1, 1)>
        %13 = multiply(%11, %12)               # EncryptedTensor<float64, shape=(1, 128, 28, 28)>
        %14 = [[[[ 0.009 ... 3289  ]]]]        # ClearTensor<float32, shape=(1, 128, 1, 1)>
        %15 = add(%13, %14)                    # EncryptedTensor<float64, shape=(1, 128, 28, 28)>
        %16 = 0.9997429                        # ClearScalar<float32>
        %17 = divide(%15, %16)                 # EncryptedTensor<float64, shape=(1, 128, 28, 28)>
        %18 = 0.0                              # ClearScalar<float32>
        %19 = add(%17, %18)                    # EncryptedTensor<float64, shape=(1, 128, 28, 28)>
        %20 = -8.0                             # ClearScalar<float64>
        %21 = 7.0                              # ClearScalar<float64>
        %22 = clip(%19, %20, %21)              # EncryptedTensor<float64, shape=(1, 128, 28, 28)>
        %23 = rint(%22)                        # EncryptedTensor<float64, shape=(1, 128, 28, 28)>
        %24 = 0.0                              # ClearScalar<float32>
        %25 = subtract(%23, %24)               # EncryptedTensor<float64, shape=(1, 128, 28, 28)>
        %26 = 0.9997429                        # ClearScalar<float32>
        %27 = multiply(%25, %26)               # EncryptedTensor<float64, shape=(1, 128, 28, 28)>
        %28 = 0.9997429251670837               # ClearScalar<float64>
        %29 = divide(%27, %28)                 # EncryptedTensor<float64, shape=(1, 128, 28, 28)>
        %30 = 0                                # ClearScalar<uint1>
        %31 = add(%29, %30)                    # EncryptedTensor<float64, shape=(1, 128, 28, 28)>
        %32 = rint(%31)                        # EncryptedTensor<float64, shape=(1, 128, 28, 28)>
        %33 = astype(%32, dtype=int_)          # EncryptedTensor<uint1, shape=(1, 128, 28, 28)>
        return %33

    %71 = subgraph(%69):

         %0 = input                            # EncryptedTensor<uint1, shape=(1, 128, 28, 28)>          @ /trunk/trunk.6/shortcut/Conv.conv_rounding
         %1 = astype(%0, dtype=float64)        # EncryptedTensor<float64, shape=(1, 128, 28, 28)>
         %2 = 0                                # ClearScalar<uint1>
         %3 = add(%1, %2)                      # EncryptedTensor<float64, shape=(1, 128, 28, 28)>
         %4 = [[[[0]]  [ ... ]  [[0]]]]        # ClearTensor<uint1, shape=(1, 128, 1, 1)>
         %5 = subtract(%3, %4)                 # EncryptedTensor<float64, shape=(1, 128, 28, 28)>
         %6 = 0.07498560354330319              # ClearScalar<float64>
         %7 = multiply(%6, %5)                 # EncryptedTensor<float64, shape=(1, 128, 28, 28)>
         %8 = [[[[-0.199 ... 32224 ]]]]        # ClearTensor<float32, shape=(1, 128, 1, 1)>
         %9 = subtract(%7, %8)                 # EncryptedTensor<float64, shape=(1, 128, 28, 28)>
        %10 = [[[[1.4085 ... 80932 ]]]]        # ClearTensor<float32, shape=(1, 128, 1, 1)>
        %11 = divide(%9, %10)                  # EncryptedTensor<float64, shape=(1, 128, 28, 28)>
        %12 = [[[[0.9915 ... 555933]]]]        # ClearTensor<float32, shape=(1, 128, 1, 1)>
        %13 = multiply(%11, %12)               # EncryptedTensor<float64, shape=(1, 128, 28, 28)>
        %14 = [[[[ 0.009 ... 328008]]]]        # ClearTensor<float32, shape=(1, 128, 1, 1)>
        %15 = add(%13, %14)                    # EncryptedTensor<float64, shape=(1, 128, 28, 28)>
        %16 = 1.0589141                        # ClearScalar<float32>
        %17 = divide(%15, %16)                 # EncryptedTensor<float64, shape=(1, 128, 28, 28)>
        %18 = 0.0                              # ClearScalar<float32>
        %19 = add(%17, %18)                    # EncryptedTensor<float64, shape=(1, 128, 28, 28)>
        %20 = -8.0                             # ClearScalar<float64>
        %21 = 7.0                              # ClearScalar<float64>
        %22 = clip(%19, %20, %21)              # EncryptedTensor<float64, shape=(1, 128, 28, 28)>
        %23 = rint(%22)                        # EncryptedTensor<float64, shape=(1, 128, 28, 28)>
        %24 = 0.0                              # ClearScalar<float32>
        %25 = subtract(%23, %24)               # EncryptedTensor<float64, shape=(1, 128, 28, 28)>
        %26 = 1.0589141                        # ClearScalar<float32>
        %27 = multiply(%25, %26)               # EncryptedTensor<float64, shape=(1, 128, 28, 28)>
        %28 = 1.058914065361023                # ClearScalar<float64>
        %29 = divide(%27, %28)                 # EncryptedTensor<float64, shape=(1, 128, 28, 28)>
        %30 = 0                                # ClearScalar<uint1>
        %31 = add(%29, %30)                    # EncryptedTensor<float64, shape=(1, 128, 28, 28)>
        %32 = rint(%31)                        # EncryptedTensor<float64, shape=(1, 128, 28, 28)>
        %33 = astype(%32, dtype=int_)          # EncryptedTensor<uint1, shape=(1, 128, 28, 28)>
        return %33

    %72 = subgraph(%70):

         %0 = input                         # EncryptedTensor<uint1, shape=(1, 128, 28, 28)>
         %1 = 0.0                           # ClearScalar<float64>
         %2 = subtract(%0, %1)              # EncryptedTensor<float64, shape=(1, 128, 28, 28)>
         %3 = 0.9997429251670837            # ClearScalar<float64>
         %4 = multiply(%3, %2)              # EncryptedTensor<float64, shape=(1, 128, 28, 28)>
         %5 = 0.6299243819329047            # ClearScalar<float64>
         %6 = divide(%4, %5)                # EncryptedTensor<float64, shape=(1, 128, 28, 28)>
         %7 = 0                             # ClearScalar<uint1>
         %8 = add(%6, %7)                   # EncryptedTensor<float64, shape=(1, 128, 28, 28)>
         %9 = rint(%8)                      # EncryptedTensor<float64, shape=(1, 128, 28, 28)>
        %10 = astype(%9, dtype=int_)        # EncryptedTensor<uint1, shape=(1, 128, 28, 28)>
        return %10

    %73 = subgraph(%71):

         %0 = input                         # EncryptedTensor<uint1, shape=(1, 128, 28, 28)>
         %1 = 0.0                           # ClearScalar<float64>
         %2 = subtract(%0, %1)              # EncryptedTensor<float64, shape=(1, 128, 28, 28)>
         %3 = 1.058914065361023             # ClearScalar<float64>
         %4 = multiply(%3, %2)              # EncryptedTensor<float64, shape=(1, 128, 28, 28)>
         %5 = 0.6299243819329047            # ClearScalar<float64>
         %6 = divide(%4, %5)                # EncryptedTensor<float64, shape=(1, 128, 28, 28)>
         %7 = 0                             # ClearScalar<uint1>
         %8 = add(%6, %7)                   # EncryptedTensor<float64, shape=(1, 128, 28, 28)>
         %9 = rint(%8)                      # EncryptedTensor<float64, shape=(1, 128, 28, 28)>
        %10 = astype(%9, dtype=int_)        # EncryptedTensor<uint1, shape=(1, 128, 28, 28)>
        return %10

    %77 = subgraph(%76):

         %0 = input                          # EncryptedTensor<uint2, shape=(1, 128, 28, 28)>
         %1 = 0.0                            # ClearScalar<float64>
         %2 = subtract(%0, %1)               # EncryptedTensor<float64, shape=(1, 128, 28, 28)>
         %3 = 0.6299243819329047             # ClearScalar<float64>
         %4 = multiply(%3, %2)               # EncryptedTensor<float64, shape=(1, 128, 28, 28)>
         %5 = 0                              # ClearScalar<uint1>
         %6 = maximum(%4, %5)                # EncryptedTensor<float64, shape=(1, 128, 28, 28)>
         %7 = 0.8072492                      # ClearScalar<float32>
         %8 = divide(%6, %7)                 # EncryptedTensor<float64, shape=(1, 128, 28, 28)>
         %9 = 0.0                            # ClearScalar<float32>
        %10 = add(%8, %9)                    # EncryptedTensor<float64, shape=(1, 128, 28, 28)>
        %11 = 0.0                            # ClearScalar<float64>
        %12 = 15.0                           # ClearScalar<float64>
        %13 = clip(%10, %11, %12)            # EncryptedTensor<float64, shape=(1, 128, 28, 28)>
        %14 = rint(%13)                      # EncryptedTensor<float64, shape=(1, 128, 28, 28)>
        %15 = 0.0                            # ClearScalar<float32>
        %16 = subtract(%14, %15)             # EncryptedTensor<float64, shape=(1, 128, 28, 28)>
        %17 = 0.8072492                      # ClearScalar<float32>
        %18 = multiply(%16, %17)             # EncryptedTensor<float64, shape=(1, 128, 28, 28)>
        %19 = 0.8072491884231567             # ClearScalar<float64>
        %20 = divide(%18, %19)               # EncryptedTensor<float64, shape=(1, 128, 28, 28)>
        %21 = 0                              # ClearScalar<uint1>
        %22 = add(%20, %21)                  # EncryptedTensor<float64, shape=(1, 128, 28, 28)>
        %23 = rint(%22)                      # EncryptedTensor<float64, shape=(1, 128, 28, 28)>
        %24 = astype(%23, dtype=int_)        # EncryptedTensor<uint1, shape=(1, 128, 28, 28)>
        return %24

    %85 = subgraph(%84):

         %0 = input                            # EncryptedTensor<uint1, shape=(1, 128, 28, 28)>          @ /trunk/trunk.7/C1/Conv.conv_rounding
         %1 = astype(%0, dtype=float64)        # EncryptedTensor<float64, shape=(1, 128, 28, 28)>
         %2 = 0                                # ClearScalar<uint1>
         %3 = add(%1, %2)                      # EncryptedTensor<float64, shape=(1, 128, 28, 28)>
         %4 = [[[[0]]  [ ... ]  [[0]]]]        # ClearTensor<uint1, shape=(1, 128, 1, 1)>
         %5 = subtract(%3, %4)                 # EncryptedTensor<float64, shape=(1, 128, 28, 28)>
         %6 = 0.019934774863484828             # ClearScalar<float64>
         %7 = multiply(%6, %5)                 # EncryptedTensor<float64, shape=(1, 128, 28, 28)>
         %8 = [[[[-3.110 ... 944255]]]]        # ClearTensor<float32, shape=(1, 128, 1, 1)>
         %9 = subtract(%7, %8)                 # EncryptedTensor<float64, shape=(1, 128, 28, 28)>
        %10 = [[[[2.4390 ... 33935 ]]]]        # ClearTensor<float32, shape=(1, 128, 1, 1)>
        %11 = divide(%9, %10)                  # EncryptedTensor<float64, shape=(1, 128, 28, 28)>
        %12 = [[[[0.8971 ... 34493 ]]]]        # ClearTensor<float32, shape=(1, 128, 1, 1)>
        %13 = multiply(%11, %12)               # EncryptedTensor<float64, shape=(1, 128, 28, 28)>
        %14 = [[[[-0.035 ... 297529]]]]        # ClearTensor<float32, shape=(1, 128, 1, 1)>
        %15 = add(%13, %14)                    # EncryptedTensor<float64, shape=(1, 128, 28, 28)>
        %16 = 0                                # ClearScalar<uint1>
        %17 = maximum(%15, %16)                # EncryptedTensor<float64, shape=(1, 128, 28, 28)>
        %18 = 0.48382595                       # ClearScalar<float32>
        %19 = divide(%17, %18)                 # EncryptedTensor<float64, shape=(1, 128, 28, 28)>
        %20 = 0.0                              # ClearScalar<float32>
        %21 = add(%19, %20)                    # EncryptedTensor<float64, shape=(1, 128, 28, 28)>
        %22 = 0.0                              # ClearScalar<float64>
        %23 = 15.0                             # ClearScalar<float64>
        %24 = clip(%21, %22, %23)              # EncryptedTensor<float64, shape=(1, 128, 28, 28)>
        %25 = rint(%24)                        # EncryptedTensor<float64, shape=(1, 128, 28, 28)>
        %26 = 0.0                              # ClearScalar<float32>
        %27 = subtract(%25, %26)               # EncryptedTensor<float64, shape=(1, 128, 28, 28)>
        %28 = 0.48382595                       # ClearScalar<float32>
        %29 = multiply(%27, %28)               # EncryptedTensor<float64, shape=(1, 128, 28, 28)>
        %30 = 0.4838259518146515               # ClearScalar<float64>
        %31 = divide(%29, %30)                 # EncryptedTensor<float64, shape=(1, 128, 28, 28)>
        %32 = 0                                # ClearScalar<uint1>
        %33 = add(%31, %32)                    # EncryptedTensor<float64, shape=(1, 128, 28, 28)>
        %34 = rint(%33)                        # EncryptedTensor<float64, shape=(1, 128, 28, 28)>
        %35 = astype(%34, dtype=int_)          # EncryptedTensor<uint1, shape=(1, 128, 28, 28)>
        return %35

    %93 = subgraph(%92):

         %0 = input                            # EncryptedTensor<uint1, shape=(1, 128, 28, 28)>          @ /trunk/trunk.7/C2/Conv.conv_rounding
         %1 = astype(%0, dtype=float64)        # EncryptedTensor<float64, shape=(1, 128, 28, 28)>
         %2 = 0                                # ClearScalar<uint1>
         %3 = add(%1, %2)                      # EncryptedTensor<float64, shape=(1, 128, 28, 28)>
         %4 = [[[[0]]  [ ... ]  [[0]]]]        # ClearTensor<uint1, shape=(1, 128, 1, 1)>
         %5 = subtract(%3, %4)                 # EncryptedTensor<float64, shape=(1, 128, 28, 28)>
         %6 = 0.012108564016373169             # ClearScalar<float64>
         %7 = multiply(%6, %5)                 # EncryptedTensor<float64, shape=(1, 128, 28, 28)>
         %8 = [[[[-3.084 ... 86e+00]]]]        # ClearTensor<float32, shape=(1, 128, 1, 1)>
         %9 = subtract(%7, %8)                 # EncryptedTensor<float64, shape=(1, 128, 28, 28)>
        %10 = [[[[2.6875 ... 225468]]]]        # ClearTensor<float32, shape=(1, 128, 1, 1)>
        %11 = divide(%9, %10)                  # EncryptedTensor<float64, shape=(1, 128, 28, 28)>
        %12 = [[[[0.9515 ... 267484]]]]        # ClearTensor<float32, shape=(1, 128, 1, 1)>
        %13 = multiply(%11, %12)               # EncryptedTensor<float64, shape=(1, 128, 28, 28)>
        %14 = [[[[-0.008 ... 066367]]]]        # ClearTensor<float32, shape=(1, 128, 1, 1)>
        %15 = add(%13, %14)                    # EncryptedTensor<float64, shape=(1, 128, 28, 28)>
        %16 = 1.0752591                        # ClearScalar<float32>
        %17 = divide(%15, %16)                 # EncryptedTensor<float64, shape=(1, 128, 28, 28)>
        %18 = 0.0                              # ClearScalar<float32>
        %19 = add(%17, %18)                    # EncryptedTensor<float64, shape=(1, 128, 28, 28)>
        %20 = -8.0                             # ClearScalar<float64>
        %21 = 7.0                              # ClearScalar<float64>
        %22 = clip(%19, %20, %21)              # EncryptedTensor<float64, shape=(1, 128, 28, 28)>
        %23 = rint(%22)                        # EncryptedTensor<float64, shape=(1, 128, 28, 28)>
        %24 = 0.0                              # ClearScalar<float32>
        %25 = subtract(%23, %24)               # EncryptedTensor<float64, shape=(1, 128, 28, 28)>
        %26 = 1.0752591                        # ClearScalar<float32>
        %27 = multiply(%25, %26)               # EncryptedTensor<float64, shape=(1, 128, 28, 28)>
        %28 = 1.0752590894699097               # ClearScalar<float64>
        %29 = divide(%27, %28)                 # EncryptedTensor<float64, shape=(1, 128, 28, 28)>
        %30 = 0                                # ClearScalar<uint1>
        %31 = add(%29, %30)                    # EncryptedTensor<float64, shape=(1, 128, 28, 28)>
        %32 = rint(%31)                        # EncryptedTensor<float64, shape=(1, 128, 28, 28)>
        %33 = astype(%32, dtype=int_)          # EncryptedTensor<uint1, shape=(1, 128, 28, 28)>
        return %33

    %94 = subgraph(%76):

         %0 = input                          # EncryptedTensor<uint2, shape=(1, 128, 28, 28)>
         %1 = 0.0                            # ClearScalar<float64>
         %2 = subtract(%0, %1)               # EncryptedTensor<float64, shape=(1, 128, 28, 28)>
         %3 = 0.6299243819329047             # ClearScalar<float64>
         %4 = multiply(%3, %2)               # EncryptedTensor<float64, shape=(1, 128, 28, 28)>
         %5 = 0                              # ClearScalar<uint1>
         %6 = maximum(%4, %5)                # EncryptedTensor<float64, shape=(1, 128, 28, 28)>
         %7 = 0.8072492                      # ClearScalar<float32>
         %8 = divide(%6, %7)                 # EncryptedTensor<float64, shape=(1, 128, 28, 28)>
         %9 = 0.0                            # ClearScalar<float32>
        %10 = add(%8, %9)                    # EncryptedTensor<float64, shape=(1, 128, 28, 28)>
        %11 = 0.0                            # ClearScalar<float64>
        %12 = 15.0                           # ClearScalar<float64>
        %13 = clip(%10, %11, %12)            # EncryptedTensor<float64, shape=(1, 128, 28, 28)>
        %14 = rint(%13)                      # EncryptedTensor<float64, shape=(1, 128, 28, 28)>
        %15 = 0.0                            # ClearScalar<float32>
        %16 = subtract(%14, %15)             # EncryptedTensor<float64, shape=(1, 128, 28, 28)>
        %17 = 0.8072492                      # ClearScalar<float32>
        %18 = multiply(%16, %17)             # EncryptedTensor<float64, shape=(1, 128, 28, 28)>
        %19 = 0.8072491884231567             # ClearScalar<float64>
        %20 = divide(%18, %19)               # EncryptedTensor<float64, shape=(1, 128, 28, 28)>
        %21 = 0                              # ClearScalar<uint1>
        %22 = add(%20, %21)                  # EncryptedTensor<float64, shape=(1, 128, 28, 28)>
        %23 = rint(%22)                      # EncryptedTensor<float64, shape=(1, 128, 28, 28)>
        %24 = astype(%23, dtype=int_)        # EncryptedTensor<uint1, shape=(1, 128, 28, 28)>
        return %24

    %95 = subgraph(%93):

         %0 = input                         # EncryptedTensor<uint1, shape=(1, 128, 28, 28)>
         %1 = 0.0                           # ClearScalar<float64>
         %2 = subtract(%0, %1)              # EncryptedTensor<float64, shape=(1, 128, 28, 28)>
         %3 = 1.0752590894699097            # ClearScalar<float64>
         %4 = multiply(%3, %2)              # EncryptedTensor<float64, shape=(1, 128, 28, 28)>
         %5 = 0.685381624006456             # ClearScalar<float64>
         %6 = divide(%4, %5)                # EncryptedTensor<float64, shape=(1, 128, 28, 28)>
         %7 = 0                             # ClearScalar<uint1>
         %8 = add(%6, %7)                   # EncryptedTensor<float64, shape=(1, 128, 28, 28)>
         %9 = rint(%8)                      # EncryptedTensor<float64, shape=(1, 128, 28, 28)>
        %10 = astype(%9, dtype=int_)        # EncryptedTensor<uint1, shape=(1, 128, 28, 28)>
        return %10

    %96 = subgraph(%94):

         %0 = input                         # EncryptedTensor<uint1, shape=(1, 128, 28, 28)>
         %1 = 0.0                           # ClearScalar<float64>
         %2 = subtract(%0, %1)              # EncryptedTensor<float64, shape=(1, 128, 28, 28)>
         %3 = 0.8072491884231567            # ClearScalar<float64>
         %4 = multiply(%3, %2)              # EncryptedTensor<float64, shape=(1, 128, 28, 28)>
         %5 = 0.685381624006456             # ClearScalar<float64>
         %6 = divide(%4, %5)                # EncryptedTensor<float64, shape=(1, 128, 28, 28)>
         %7 = 0                             # ClearScalar<uint1>
         %8 = add(%6, %7)                   # EncryptedTensor<float64, shape=(1, 128, 28, 28)>
         %9 = rint(%8)                      # EncryptedTensor<float64, shape=(1, 128, 28, 28)>
        %10 = astype(%9, dtype=int_)        # EncryptedTensor<uint1, shape=(1, 128, 28, 28)>
        return %10

    %100 = subgraph(%99):

         %0 = input                          # EncryptedTensor<uint2, shape=(1, 128, 28, 28)>
         %1 = 0.0                            # ClearScalar<float64>
         %2 = subtract(%0, %1)               # EncryptedTensor<float64, shape=(1, 128, 28, 28)>
         %3 = 0.685381624006456              # ClearScalar<float64>
         %4 = multiply(%3, %2)               # EncryptedTensor<float64, shape=(1, 128, 28, 28)>
         %5 = 0                              # ClearScalar<uint1>
         %6 = maximum(%4, %5)                # EncryptedTensor<float64, shape=(1, 128, 28, 28)>
         %7 = 1.0950239                      # ClearScalar<float32>
         %8 = divide(%6, %7)                 # EncryptedTensor<float64, shape=(1, 128, 28, 28)>
         %9 = 0.0                            # ClearScalar<float32>
        %10 = add(%8, %9)                    # EncryptedTensor<float64, shape=(1, 128, 28, 28)>
        %11 = 0.0                            # ClearScalar<float64>
        %12 = 15.0                           # ClearScalar<float64>
        %13 = clip(%10, %11, %12)            # EncryptedTensor<float64, shape=(1, 128, 28, 28)>
        %14 = rint(%13)                      # EncryptedTensor<float64, shape=(1, 128, 28, 28)>
        %15 = 0.0                            # ClearScalar<float32>
        %16 = subtract(%14, %15)             # EncryptedTensor<float64, shape=(1, 128, 28, 28)>
        %17 = 1.0950239                      # ClearScalar<float32>
        %18 = multiply(%16, %17)             # EncryptedTensor<float64, shape=(1, 128, 28, 28)>
        %19 = 1.0950238704681396             # ClearScalar<float64>
        %20 = divide(%18, %19)               # EncryptedTensor<float64, shape=(1, 128, 28, 28)>
        %21 = 0                              # ClearScalar<uint1>
        %22 = add(%20, %21)                  # EncryptedTensor<float64, shape=(1, 128, 28, 28)>
        %23 = rint(%22)                      # EncryptedTensor<float64, shape=(1, 128, 28, 28)>
        %24 = astype(%23, dtype=int_)        # EncryptedTensor<uint1, shape=(1, 128, 28, 28)>
        return %24

    %108 = subgraph(%107):

         %0 = input                            # EncryptedTensor<uint1, shape=(1, 256, 14, 14)>          @ /trunk/trunk.8/C1/Conv.conv_rounding
         %1 = astype(%0, dtype=float64)        # EncryptedTensor<float64, shape=(1, 256, 14, 14)>
         %2 = 0                                # ClearScalar<uint1>
         %3 = add(%1, %2)                      # EncryptedTensor<float64, shape=(1, 256, 14, 14)>
         %4 = [[[[0]]  [ ... ]  [[0]]]]        # ClearTensor<uint1, shape=(1, 256, 1, 1)>
         %5 = subtract(%3, %4)                 # EncryptedTensor<float64, shape=(1, 256, 14, 14)>
         %6 = 0.020693737658483702             # ClearScalar<float64>
         %7 = multiply(%6, %5)                 # EncryptedTensor<float64, shape=(1, 256, 14, 14)>
         %8 = [[[[ 0.755 ... 77506 ]]]]        # ClearTensor<float32, shape=(1, 256, 1, 1)>
         %9 = subtract(%7, %8)                 # EncryptedTensor<float64, shape=(1, 256, 14, 14)>
        %10 = [[[[2.1236 ... 54307 ]]]]        # ClearTensor<float32, shape=(1, 256, 1, 1)>
        %11 = divide(%9, %10)                  # EncryptedTensor<float64, shape=(1, 256, 14, 14)>
        %12 = [[[[0.9380 ... 7742  ]]]]        # ClearTensor<float32, shape=(1, 256, 1, 1)>
        %13 = multiply(%11, %12)               # EncryptedTensor<float64, shape=(1, 256, 14, 14)>
        %14 = [[[[-0.004 ... 191385]]]]        # ClearTensor<float32, shape=(1, 256, 1, 1)>
        %15 = add(%13, %14)                    # EncryptedTensor<float64, shape=(1, 256, 14, 14)>
        %16 = 0                                # ClearScalar<uint1>
        %17 = maximum(%15, %16)                # EncryptedTensor<float64, shape=(1, 256, 14, 14)>
        %18 = 0.4784247                        # ClearScalar<float32>
        %19 = divide(%17, %18)                 # EncryptedTensor<float64, shape=(1, 256, 14, 14)>
        %20 = 0.0                              # ClearScalar<float32>
        %21 = add(%19, %20)                    # EncryptedTensor<float64, shape=(1, 256, 14, 14)>
        %22 = 0.0                              # ClearScalar<float64>
        %23 = 15.0                             # ClearScalar<float64>
        %24 = clip(%21, %22, %23)              # EncryptedTensor<float64, shape=(1, 256, 14, 14)>
        %25 = rint(%24)                        # EncryptedTensor<float64, shape=(1, 256, 14, 14)>
        %26 = 0.0                              # ClearScalar<float32>
        %27 = subtract(%25, %26)               # EncryptedTensor<float64, shape=(1, 256, 14, 14)>
        %28 = 0.4784247                        # ClearScalar<float32>
        %29 = multiply(%27, %28)               # EncryptedTensor<float64, shape=(1, 256, 14, 14)>
        %30 = 0.47842469811439514              # ClearScalar<float64>
        %31 = divide(%29, %30)                 # EncryptedTensor<float64, shape=(1, 256, 14, 14)>
        %32 = 0                                # ClearScalar<uint1>
        %33 = add(%31, %32)                    # EncryptedTensor<float64, shape=(1, 256, 14, 14)>
        %34 = rint(%33)                        # EncryptedTensor<float64, shape=(1, 256, 14, 14)>
        %35 = astype(%34, dtype=int_)          # EncryptedTensor<uint1, shape=(1, 256, 14, 14)>
        return %35

    %116 = subgraph(%99):

         %0 = input                          # EncryptedTensor<uint2, shape=(1, 128, 28, 28)>
         %1 = 0.0                            # ClearScalar<float64>
         %2 = subtract(%0, %1)               # EncryptedTensor<float64, shape=(1, 128, 28, 28)>
         %3 = 0.685381624006456              # ClearScalar<float64>
         %4 = multiply(%3, %2)               # EncryptedTensor<float64, shape=(1, 128, 28, 28)>
         %5 = 0                              # ClearScalar<uint1>
         %6 = maximum(%4, %5)                # EncryptedTensor<float64, shape=(1, 128, 28, 28)>
         %7 = 1.0950239                      # ClearScalar<float32>
         %8 = divide(%6, %7)                 # EncryptedTensor<float64, shape=(1, 128, 28, 28)>
         %9 = 0.0                            # ClearScalar<float32>
        %10 = add(%8, %9)                    # EncryptedTensor<float64, shape=(1, 128, 28, 28)>
        %11 = 0.0                            # ClearScalar<float64>
        %12 = 15.0                           # ClearScalar<float64>
        %13 = clip(%10, %11, %12)            # EncryptedTensor<float64, shape=(1, 128, 28, 28)>
        %14 = rint(%13)                      # EncryptedTensor<float64, shape=(1, 128, 28, 28)>
        %15 = 0.0                            # ClearScalar<float32>
        %16 = subtract(%14, %15)             # EncryptedTensor<float64, shape=(1, 128, 28, 28)>
        %17 = 1.0950239                      # ClearScalar<float32>
        %18 = multiply(%16, %17)             # EncryptedTensor<float64, shape=(1, 128, 28, 28)>
        %19 = 1.0950238704681396             # ClearScalar<float64>
        %20 = divide(%18, %19)               # EncryptedTensor<float64, shape=(1, 128, 28, 28)>
        %21 = 0                              # ClearScalar<uint1>
        %22 = add(%20, %21)                  # EncryptedTensor<float64, shape=(1, 128, 28, 28)>
        %23 = rint(%22)                      # EncryptedTensor<float64, shape=(1, 128, 28, 28)>
        %24 = astype(%23, dtype=int_)        # EncryptedTensor<uint1, shape=(1, 128, 28, 28)>
        return %24

    %120 = subgraph(%115):

         %0 = input                            # EncryptedTensor<uint1, shape=(1, 256, 14, 14)>          @ /trunk/trunk.8/C2/Conv.conv_rounding
         %1 = astype(%0, dtype=float64)        # EncryptedTensor<float64, shape=(1, 256, 14, 14)>
         %2 = 0                                # ClearScalar<uint1>
         %3 = add(%1, %2)                      # EncryptedTensor<float64, shape=(1, 256, 14, 14)>
         %4 = [[[[0]]  [ ... ]  [[0]]]]        # ClearTensor<uint1, shape=(1, 256, 1, 1)>
         %5 = subtract(%3, %4)                 # EncryptedTensor<float64, shape=(1, 256, 14, 14)>
         %6 = 0.009597370101317337             # ClearScalar<float64>
         %7 = multiply(%6, %5)                 # EncryptedTensor<float64, shape=(1, 256, 14, 14)>
         %8 = [[[[-2.138 ... 354   ]]]]        # ClearTensor<float32, shape=(1, 256, 1, 1)>
         %9 = subtract(%7, %8)                 # EncryptedTensor<float64, shape=(1, 256, 14, 14)>
        %10 = [[[[2.2090 ... 874904]]]]        # ClearTensor<float32, shape=(1, 256, 1, 1)>
        %11 = divide(%9, %10)                  # EncryptedTensor<float64, shape=(1, 256, 14, 14)>
        %12 = [[[[0.9582 ... 34428 ]]]]        # ClearTensor<float32, shape=(1, 256, 1, 1)>
        %13 = multiply(%11, %12)               # EncryptedTensor<float64, shape=(1, 256, 14, 14)>
        %14 = [[[[-2.536 ... 48e-02]]]]        # ClearTensor<float32, shape=(1, 256, 1, 1)>
        %15 = add(%13, %14)                    # EncryptedTensor<float64, shape=(1, 256, 14, 14)>
        %16 = 0.98487365                       # ClearScalar<float32>
        %17 = divide(%15, %16)                 # EncryptedTensor<float64, shape=(1, 256, 14, 14)>
        %18 = 0.0                              # ClearScalar<float32>
        %19 = add(%17, %18)                    # EncryptedTensor<float64, shape=(1, 256, 14, 14)>
        %20 = -8.0                             # ClearScalar<float64>
        %21 = 7.0                              # ClearScalar<float64>
        %22 = clip(%19, %20, %21)              # EncryptedTensor<float64, shape=(1, 256, 14, 14)>
        %23 = rint(%22)                        # EncryptedTensor<float64, shape=(1, 256, 14, 14)>
        %24 = 0.0                              # ClearScalar<float32>
        %25 = subtract(%23, %24)               # EncryptedTensor<float64, shape=(1, 256, 14, 14)>
        %26 = 0.98487365                       # ClearScalar<float32>
        %27 = multiply(%25, %26)               # EncryptedTensor<float64, shape=(1, 256, 14, 14)>
        %28 = 0.9848736524581909               # ClearScalar<float64>
        %29 = divide(%27, %28)                 # EncryptedTensor<float64, shape=(1, 256, 14, 14)>
        %30 = 0                                # ClearScalar<uint1>
        %31 = add(%29, %30)                    # EncryptedTensor<float64, shape=(1, 256, 14, 14)>
        %32 = rint(%31)                        # EncryptedTensor<float64, shape=(1, 256, 14, 14)>
        %33 = astype(%32, dtype=int_)          # EncryptedTensor<uint1, shape=(1, 256, 14, 14)>
        return %33

    %121 = subgraph(%119):

         %0 = input                            # EncryptedTensor<uint1, shape=(1, 256, 14, 14)>          @ /trunk/trunk.8/shortcut/Conv.conv_rounding
         %1 = astype(%0, dtype=float64)        # EncryptedTensor<float64, shape=(1, 256, 14, 14)>
         %2 = 0                                # ClearScalar<uint1>
         %3 = add(%1, %2)                      # EncryptedTensor<float64, shape=(1, 256, 14, 14)>
         %4 = [[[[0]]  [ ... ]  [[0]]]]        # ClearTensor<uint1, shape=(1, 256, 1, 1)>
         %5 = subtract(%3, %4)                 # EncryptedTensor<float64, shape=(1, 256, 14, 14)>
         %6 = 0.05534288600596948              # ClearScalar<float64>
         %7 = multiply(%6, %5)                 # EncryptedTensor<float64, shape=(1, 256, 14, 14)>
         %8 = [[[[ 8.031 ... 66e-01]]]]        # ClearTensor<float32, shape=(1, 256, 1, 1)>
         %9 = subtract(%7, %8)                 # EncryptedTensor<float64, shape=(1, 256, 14, 14)>
        %10 = [[[[1.5547 ... 44342 ]]]]        # ClearTensor<float32, shape=(1, 256, 1, 1)>
        %11 = divide(%9, %10)                  # EncryptedTensor<float64, shape=(1, 256, 14, 14)>
        %12 = [[[[0.9556 ... 46387 ]]]]        # ClearTensor<float32, shape=(1, 256, 1, 1)>
        %13 = multiply(%11, %12)               # EncryptedTensor<float64, shape=(1, 256, 14, 14)>
        %14 = [[[[-2.549 ... 08e-02]]]]        # ClearTensor<float32, shape=(1, 256, 1, 1)>
        %15 = add(%13, %14)                    # EncryptedTensor<float64, shape=(1, 256, 14, 14)>
        %16 = 0.8998933                        # ClearScalar<float32>
        %17 = divide(%15, %16)                 # EncryptedTensor<float64, shape=(1, 256, 14, 14)>
        %18 = 0.0                              # ClearScalar<float32>
        %19 = add(%17, %18)                    # EncryptedTensor<float64, shape=(1, 256, 14, 14)>
        %20 = -8.0                             # ClearScalar<float64>
        %21 = 7.0                              # ClearScalar<float64>
        %22 = clip(%19, %20, %21)              # EncryptedTensor<float64, shape=(1, 256, 14, 14)>
        %23 = rint(%22)                        # EncryptedTensor<float64, shape=(1, 256, 14, 14)>
        %24 = 0.0                              # ClearScalar<float32>
        %25 = subtract(%23, %24)               # EncryptedTensor<float64, shape=(1, 256, 14, 14)>
        %26 = 0.8998933                        # ClearScalar<float32>
        %27 = multiply(%25, %26)               # EncryptedTensor<float64, shape=(1, 256, 14, 14)>
        %28 = 0.8998932838439941               # ClearScalar<float64>
        %29 = divide(%27, %28)                 # EncryptedTensor<float64, shape=(1, 256, 14, 14)>
        %30 = 0                                # ClearScalar<uint1>
        %31 = add(%29, %30)                    # EncryptedTensor<float64, shape=(1, 256, 14, 14)>
        %32 = rint(%31)                        # EncryptedTensor<float64, shape=(1, 256, 14, 14)>
        %33 = astype(%32, dtype=int_)          # EncryptedTensor<uint1, shape=(1, 256, 14, 14)>
        return %33

    %122 = subgraph(%120):

         %0 = input                         # EncryptedTensor<uint1, shape=(1, 256, 14, 14)>
         %1 = 0.0                           # ClearScalar<float64>
         %2 = subtract(%0, %1)              # EncryptedTensor<float64, shape=(1, 256, 14, 14)>
         %3 = 0.9848736524581909            # ClearScalar<float64>
         %4 = multiply(%3, %2)              # EncryptedTensor<float64, shape=(1, 256, 14, 14)>
         %5 = 0.5471904008619247            # ClearScalar<float64>
         %6 = divide(%4, %5)                # EncryptedTensor<float64, shape=(1, 256, 14, 14)>
         %7 = 0                             # ClearScalar<uint1>
         %8 = add(%6, %7)                   # EncryptedTensor<float64, shape=(1, 256, 14, 14)>
         %9 = rint(%8)                      # EncryptedTensor<float64, shape=(1, 256, 14, 14)>
        %10 = astype(%9, dtype=int_)        # EncryptedTensor<uint1, shape=(1, 256, 14, 14)>
        return %10

    %123 = subgraph(%121):

         %0 = input                         # EncryptedTensor<uint1, shape=(1, 256, 14, 14)>
         %1 = 0.0                           # ClearScalar<float64>
         %2 = subtract(%0, %1)              # EncryptedTensor<float64, shape=(1, 256, 14, 14)>
         %3 = 0.8998932838439941            # ClearScalar<float64>
         %4 = multiply(%3, %2)              # EncryptedTensor<float64, shape=(1, 256, 14, 14)>
         %5 = 0.5471904008619247            # ClearScalar<float64>
         %6 = divide(%4, %5)                # EncryptedTensor<float64, shape=(1, 256, 14, 14)>
         %7 = 0                             # ClearScalar<uint1>
         %8 = add(%6, %7)                   # EncryptedTensor<float64, shape=(1, 256, 14, 14)>
         %9 = rint(%8)                      # EncryptedTensor<float64, shape=(1, 256, 14, 14)>
        %10 = astype(%9, dtype=int_)        # EncryptedTensor<uint1, shape=(1, 256, 14, 14)>
        return %10

    %127 = subgraph(%126):

         %0 = input                          # EncryptedTensor<uint2, shape=(1, 256, 14, 14)>
         %1 = 0.0                            # ClearScalar<float64>
         %2 = subtract(%0, %1)               # EncryptedTensor<float64, shape=(1, 256, 14, 14)>
         %3 = 0.5471904008619247             # ClearScalar<float64>
         %4 = multiply(%3, %2)               # EncryptedTensor<float64, shape=(1, 256, 14, 14)>
         %5 = 0                              # ClearScalar<uint1>
         %6 = maximum(%4, %5)                # EncryptedTensor<float64, shape=(1, 256, 14, 14)>
         %7 = 0.81232923                     # ClearScalar<float32>
         %8 = divide(%6, %7)                 # EncryptedTensor<float64, shape=(1, 256, 14, 14)>
         %9 = 0.0                            # ClearScalar<float32>
        %10 = add(%8, %9)                    # EncryptedTensor<float64, shape=(1, 256, 14, 14)>
        %11 = 0.0                            # ClearScalar<float64>
        %12 = 15.0                           # ClearScalar<float64>
        %13 = clip(%10, %11, %12)            # EncryptedTensor<float64, shape=(1, 256, 14, 14)>
        %14 = rint(%13)                      # EncryptedTensor<float64, shape=(1, 256, 14, 14)>
        %15 = 0.0                            # ClearScalar<float32>
        %16 = subtract(%14, %15)             # EncryptedTensor<float64, shape=(1, 256, 14, 14)>
        %17 = 0.81232923                     # ClearScalar<float32>
        %18 = multiply(%16, %17)             # EncryptedTensor<float64, shape=(1, 256, 14, 14)>
        %19 = 0.8123292326927185             # ClearScalar<float64>
        %20 = divide(%18, %19)               # EncryptedTensor<float64, shape=(1, 256, 14, 14)>
        %21 = 0                              # ClearScalar<uint1>
        %22 = add(%20, %21)                  # EncryptedTensor<float64, shape=(1, 256, 14, 14)>
        %23 = rint(%22)                      # EncryptedTensor<float64, shape=(1, 256, 14, 14)>
        %24 = astype(%23, dtype=int_)        # EncryptedTensor<uint1, shape=(1, 256, 14, 14)>
        return %24

    %135 = subgraph(%134):

         %0 = input                            # EncryptedTensor<uint1, shape=(1, 256, 14, 14)>          @ /trunk/trunk.9/C1/Conv.conv_rounding
         %1 = astype(%0, dtype=float64)        # EncryptedTensor<float64, shape=(1, 256, 14, 14)>
         %2 = 0                                # ClearScalar<uint1>
         %3 = add(%1, %2)                      # EncryptedTensor<float64, shape=(1, 256, 14, 14)>
         %4 = [[[[0]]  [ ... ]  [[0]]]]        # ClearTensor<uint1, shape=(1, 256, 1, 1)>
         %5 = subtract(%3, %4)                 # EncryptedTensor<float64, shape=(1, 256, 14, 14)>
         %6 = 0.015298109400137427             # ClearScalar<float64>
         %7 = multiply(%6, %5)                 # EncryptedTensor<float64, shape=(1, 256, 14, 14)>
         %8 = [[[[ 2.416 ... 61507 ]]]]        # ClearTensor<float32, shape=(1, 256, 1, 1)>
         %9 = subtract(%7, %8)                 # EncryptedTensor<float64, shape=(1, 256, 14, 14)>
        %10 = [[[[3.5242 ... 36198 ]]]]        # ClearTensor<float32, shape=(1, 256, 1, 1)>
        %11 = divide(%9, %10)                  # EncryptedTensor<float64, shape=(1, 256, 14, 14)>
        %12 = [[[[0.9268 ... 36849 ]]]]        # ClearTensor<float32, shape=(1, 256, 1, 1)>
        %13 = multiply(%11, %12)               # EncryptedTensor<float64, shape=(1, 256, 14, 14)>
        %14 = [[[[ 9.052 ... 83e-02]]]]        # ClearTensor<float32, shape=(1, 256, 1, 1)>
        %15 = add(%13, %14)                    # EncryptedTensor<float64, shape=(1, 256, 14, 14)>
        %16 = 0                                # ClearScalar<uint1>
        %17 = maximum(%15, %16)                # EncryptedTensor<float64, shape=(1, 256, 14, 14)>
        %18 = 0.46738142                       # ClearScalar<float32>
        %19 = divide(%17, %18)                 # EncryptedTensor<float64, shape=(1, 256, 14, 14)>
        %20 = 0.0                              # ClearScalar<float32>
        %21 = add(%19, %20)                    # EncryptedTensor<float64, shape=(1, 256, 14, 14)>
        %22 = 0.0                              # ClearScalar<float64>
        %23 = 15.0                             # ClearScalar<float64>
        %24 = clip(%21, %22, %23)              # EncryptedTensor<float64, shape=(1, 256, 14, 14)>
        %25 = rint(%24)                        # EncryptedTensor<float64, shape=(1, 256, 14, 14)>
        %26 = 0.0                              # ClearScalar<float32>
        %27 = subtract(%25, %26)               # EncryptedTensor<float64, shape=(1, 256, 14, 14)>
        %28 = 0.46738142                       # ClearScalar<float32>
        %29 = multiply(%27, %28)               # EncryptedTensor<float64, shape=(1, 256, 14, 14)>
        %30 = 0.46738141775131226              # ClearScalar<float64>
        %31 = divide(%29, %30)                 # EncryptedTensor<float64, shape=(1, 256, 14, 14)>
        %32 = 0                                # ClearScalar<uint1>
        %33 = add(%31, %32)                    # EncryptedTensor<float64, shape=(1, 256, 14, 14)>
        %34 = rint(%33)                        # EncryptedTensor<float64, shape=(1, 256, 14, 14)>
        %35 = astype(%34, dtype=int_)          # EncryptedTensor<uint1, shape=(1, 256, 14, 14)>
        return %35

    %143 = subgraph(%142):

         %0 = input                            # EncryptedTensor<uint1, shape=(1, 256, 14, 14)>          @ /trunk/trunk.9/C2/Conv.conv_rounding
         %1 = astype(%0, dtype=float64)        # EncryptedTensor<float64, shape=(1, 256, 14, 14)>
         %2 = 0                                # ClearScalar<uint1>
         %3 = add(%1, %2)                      # EncryptedTensor<float64, shape=(1, 256, 14, 14)>
         %4 = [[[[0]]  [ ... ]  [[0]]]]        # ClearTensor<uint1, shape=(1, 256, 1, 1)>
         %5 = subtract(%3, %4)                 # EncryptedTensor<float64, shape=(1, 256, 14, 14)>
         %6 = 0.009751653348840317             # ClearScalar<float64>
         %7 = multiply(%6, %5)                 # EncryptedTensor<float64, shape=(1, 256, 14, 14)>
         %8 = [[[[-0.972 ... 267303]]]]        # ClearTensor<float32, shape=(1, 256, 1, 1)>
         %9 = subtract(%7, %8)                 # EncryptedTensor<float64, shape=(1, 256, 14, 14)>
        %10 = [[[[2.5446 ... 492823]]]]        # ClearTensor<float32, shape=(1, 256, 1, 1)>
        %11 = divide(%9, %10)                  # EncryptedTensor<float64, shape=(1, 256, 14, 14)>
        %12 = [[[[0.9371 ... 43033 ]]]]        # ClearTensor<float32, shape=(1, 256, 1, 1)>
        %13 = multiply(%11, %12)               # EncryptedTensor<float64, shape=(1, 256, 14, 14)>
        %14 = [[[[-1.508 ... 68e-03]]]]        # ClearTensor<float32, shape=(1, 256, 1, 1)>
        %15 = add(%13, %14)                    # EncryptedTensor<float64, shape=(1, 256, 14, 14)>
        %16 = 1.0073643                        # ClearScalar<float32>
        %17 = divide(%15, %16)                 # EncryptedTensor<float64, shape=(1, 256, 14, 14)>
        %18 = 0.0                              # ClearScalar<float32>
        %19 = add(%17, %18)                    # EncryptedTensor<float64, shape=(1, 256, 14, 14)>
        %20 = -8.0                             # ClearScalar<float64>
        %21 = 7.0                              # ClearScalar<float64>
        %22 = clip(%19, %20, %21)              # EncryptedTensor<float64, shape=(1, 256, 14, 14)>
        %23 = rint(%22)                        # EncryptedTensor<float64, shape=(1, 256, 14, 14)>
        %24 = 0.0                              # ClearScalar<float32>
        %25 = subtract(%23, %24)               # EncryptedTensor<float64, shape=(1, 256, 14, 14)>
        %26 = 1.0073643                        # ClearScalar<float32>
        %27 = multiply(%25, %26)               # EncryptedTensor<float64, shape=(1, 256, 14, 14)>
        %28 = 1.007364273071289                # ClearScalar<float64>
        %29 = divide(%27, %28)                 # EncryptedTensor<float64, shape=(1, 256, 14, 14)>
        %30 = 0                                # ClearScalar<uint1>
        %31 = add(%29, %30)                    # EncryptedTensor<float64, shape=(1, 256, 14, 14)>
        %32 = rint(%31)                        # EncryptedTensor<float64, shape=(1, 256, 14, 14)>
        %33 = astype(%32, dtype=int_)          # EncryptedTensor<uint1, shape=(1, 256, 14, 14)>
        return %33

    %144 = subgraph(%126):

         %0 = input                          # EncryptedTensor<uint2, shape=(1, 256, 14, 14)>
         %1 = 0.0                            # ClearScalar<float64>
         %2 = subtract(%0, %1)               # EncryptedTensor<float64, shape=(1, 256, 14, 14)>
         %3 = 0.5471904008619247             # ClearScalar<float64>
         %4 = multiply(%3, %2)               # EncryptedTensor<float64, shape=(1, 256, 14, 14)>
         %5 = 0                              # ClearScalar<uint1>
         %6 = maximum(%4, %5)                # EncryptedTensor<float64, shape=(1, 256, 14, 14)>
         %7 = 0.81232923                     # ClearScalar<float32>
         %8 = divide(%6, %7)                 # EncryptedTensor<float64, shape=(1, 256, 14, 14)>
         %9 = 0.0                            # ClearScalar<float32>
        %10 = add(%8, %9)                    # EncryptedTensor<float64, shape=(1, 256, 14, 14)>
        %11 = 0.0                            # ClearScalar<float64>
        %12 = 15.0                           # ClearScalar<float64>
        %13 = clip(%10, %11, %12)            # EncryptedTensor<float64, shape=(1, 256, 14, 14)>
        %14 = rint(%13)                      # EncryptedTensor<float64, shape=(1, 256, 14, 14)>
        %15 = 0.0                            # ClearScalar<float32>
        %16 = subtract(%14, %15)             # EncryptedTensor<float64, shape=(1, 256, 14, 14)>
        %17 = 0.81232923                     # ClearScalar<float32>
        %18 = multiply(%16, %17)             # EncryptedTensor<float64, shape=(1, 256, 14, 14)>
        %19 = 0.8123292326927185             # ClearScalar<float64>
        %20 = divide(%18, %19)               # EncryptedTensor<float64, shape=(1, 256, 14, 14)>
        %21 = 0                              # ClearScalar<uint1>
        %22 = add(%20, %21)                  # EncryptedTensor<float64, shape=(1, 256, 14, 14)>
        %23 = rint(%22)                      # EncryptedTensor<float64, shape=(1, 256, 14, 14)>
        %24 = astype(%23, dtype=int_)        # EncryptedTensor<uint1, shape=(1, 256, 14, 14)>
        return %24

    %145 = subgraph(%143):

         %0 = input                         # EncryptedTensor<uint1, shape=(1, 256, 14, 14)>
         %1 = 0.0                           # ClearScalar<float64>
         %2 = subtract(%0, %1)              # EncryptedTensor<float64, shape=(1, 256, 14, 14)>
         %3 = 1.007364273071289             # ClearScalar<float64>
         %4 = multiply(%3, %2)              # EncryptedTensor<float64, shape=(1, 256, 14, 14)>
         %5 = 0.6394062426782423            # ClearScalar<float64>
         %6 = divide(%4, %5)                # EncryptedTensor<float64, shape=(1, 256, 14, 14)>
         %7 = 0                             # ClearScalar<uint1>
         %8 = add(%6, %7)                   # EncryptedTensor<float64, shape=(1, 256, 14, 14)>
         %9 = rint(%8)                      # EncryptedTensor<float64, shape=(1, 256, 14, 14)>
        %10 = astype(%9, dtype=int_)        # EncryptedTensor<uint1, shape=(1, 256, 14, 14)>
        return %10

    %146 = subgraph(%144):

         %0 = input                         # EncryptedTensor<uint1, shape=(1, 256, 14, 14)>
         %1 = 0.0                           # ClearScalar<float64>
         %2 = subtract(%0, %1)              # EncryptedTensor<float64, shape=(1, 256, 14, 14)>
         %3 = 0.8123292326927185            # ClearScalar<float64>
         %4 = multiply(%3, %2)              # EncryptedTensor<float64, shape=(1, 256, 14, 14)>
         %5 = 0.6394062426782423            # ClearScalar<float64>
         %6 = divide(%4, %5)                # EncryptedTensor<float64, shape=(1, 256, 14, 14)>
         %7 = 0                             # ClearScalar<uint1>
         %8 = add(%6, %7)                   # EncryptedTensor<float64, shape=(1, 256, 14, 14)>
         %9 = rint(%8)                      # EncryptedTensor<float64, shape=(1, 256, 14, 14)>
        %10 = astype(%9, dtype=int_)        # EncryptedTensor<uint1, shape=(1, 256, 14, 14)>
        return %10

    %150 = subgraph(%149):

         %0 = input                          # EncryptedTensor<uint2, shape=(1, 256, 14, 14)>
         %1 = 0.0                            # ClearScalar<float64>
         %2 = subtract(%0, %1)               # EncryptedTensor<float64, shape=(1, 256, 14, 14)>
         %3 = 0.6394062426782423             # ClearScalar<float64>
         %4 = multiply(%3, %2)               # EncryptedTensor<float64, shape=(1, 256, 14, 14)>
         %5 = 0                              # ClearScalar<uint1>
         %6 = maximum(%4, %5)                # EncryptedTensor<float64, shape=(1, 256, 14, 14)>
         %7 = 1.116833                       # ClearScalar<float32>
         %8 = divide(%6, %7)                 # EncryptedTensor<float64, shape=(1, 256, 14, 14)>
         %9 = 0.0                            # ClearScalar<float32>
        %10 = add(%8, %9)                    # EncryptedTensor<float64, shape=(1, 256, 14, 14)>
        %11 = 0.0                            # ClearScalar<float64>
        %12 = 15.0                           # ClearScalar<float64>
        %13 = clip(%10, %11, %12)            # EncryptedTensor<float64, shape=(1, 256, 14, 14)>
        %14 = rint(%13)                      # EncryptedTensor<float64, shape=(1, 256, 14, 14)>
        %15 = 0.0                            # ClearScalar<float32>
        %16 = subtract(%14, %15)             # EncryptedTensor<float64, shape=(1, 256, 14, 14)>
        %17 = 1.116833                       # ClearScalar<float32>
        %18 = multiply(%16, %17)             # EncryptedTensor<float64, shape=(1, 256, 14, 14)>
        %19 = 1.116832971572876              # ClearScalar<float64>
        %20 = divide(%18, %19)               # EncryptedTensor<float64, shape=(1, 256, 14, 14)>
        %21 = 0                              # ClearScalar<uint1>
        %22 = add(%20, %21)                  # EncryptedTensor<float64, shape=(1, 256, 14, 14)>
        %23 = rint(%22)                      # EncryptedTensor<float64, shape=(1, 256, 14, 14)>
        %24 = astype(%23, dtype=int_)        # EncryptedTensor<uint1, shape=(1, 256, 14, 14)>
        return %24

    %158 = subgraph(%157):

         %0 = input                            # EncryptedTensor<uint1, shape=(1, 512, 7, 7)>          @ /trunk/trunk.10/C1/Conv.conv_rounding
         %1 = astype(%0, dtype=float64)        # EncryptedTensor<float64, shape=(1, 512, 7, 7)>
         %2 = 0                                # ClearScalar<uint1>
         %3 = add(%1, %2)                      # EncryptedTensor<float64, shape=(1, 512, 7, 7)>
         %4 = [[[[0]]  [ ... ]  [[0]]]]        # ClearTensor<uint1, shape=(1, 512, 1, 1)>
         %5 = subtract(%3, %4)                 # EncryptedTensor<float64, shape=(1, 512, 7, 7)>
         %6 = 0.017205951080713433             # ClearScalar<float64>
         %7 = multiply(%6, %5)                 # EncryptedTensor<float64, shape=(1, 512, 7, 7)>
         %8 = [[[[ 3.586 ... 52e+00]]]]        # ClearTensor<float32, shape=(1, 512, 1, 1)>
         %9 = subtract(%7, %8)                 # EncryptedTensor<float64, shape=(1, 512, 7, 7)>
        %10 = [[[[4.6786 ... 084324]]]]        # ClearTensor<float32, shape=(1, 512, 1, 1)>
        %11 = divide(%9, %10)                  # EncryptedTensor<float64, shape=(1, 512, 7, 7)>
        %12 = [[[[0.9593 ... 72586 ]]]]        # ClearTensor<float32, shape=(1, 512, 1, 1)>
        %13 = multiply(%11, %12)               # EncryptedTensor<float64, shape=(1, 512, 7, 7)>
        %14 = [[[[ 1.622 ... 82e-02]]]]        # ClearTensor<float32, shape=(1, 512, 1, 1)>
        %15 = add(%13, %14)                    # EncryptedTensor<float64, shape=(1, 512, 7, 7)>
        %16 = 0                                # ClearScalar<uint1>
        %17 = maximum(%15, %16)                # EncryptedTensor<float64, shape=(1, 512, 7, 7)>
        %18 = 0.4487983                        # ClearScalar<float32>
        %19 = divide(%17, %18)                 # EncryptedTensor<float64, shape=(1, 512, 7, 7)>
        %20 = 0.0                              # ClearScalar<float32>
        %21 = add(%19, %20)                    # EncryptedTensor<float64, shape=(1, 512, 7, 7)>
        %22 = 0.0                              # ClearScalar<float64>
        %23 = 15.0                             # ClearScalar<float64>
        %24 = clip(%21, %22, %23)              # EncryptedTensor<float64, shape=(1, 512, 7, 7)>
        %25 = rint(%24)                        # EncryptedTensor<float64, shape=(1, 512, 7, 7)>
        %26 = 0.0                              # ClearScalar<float32>
        %27 = subtract(%25, %26)               # EncryptedTensor<float64, shape=(1, 512, 7, 7)>
        %28 = 0.4487983                        # ClearScalar<float32>
        %29 = multiply(%27, %28)               # EncryptedTensor<float64, shape=(1, 512, 7, 7)>
        %30 = 0.4487982988357544               # ClearScalar<float64>
        %31 = divide(%29, %30)                 # EncryptedTensor<float64, shape=(1, 512, 7, 7)>
        %32 = 0                                # ClearScalar<uint1>
        %33 = add(%31, %32)                    # EncryptedTensor<float64, shape=(1, 512, 7, 7)>
        %34 = rint(%33)                        # EncryptedTensor<float64, shape=(1, 512, 7, 7)>
        %35 = astype(%34, dtype=int_)          # EncryptedTensor<uint1, shape=(1, 512, 7, 7)>
        return %35

    %166 = subgraph(%149):

         %0 = input                          # EncryptedTensor<uint2, shape=(1, 256, 14, 14)>
         %1 = 0.0                            # ClearScalar<float64>
         %2 = subtract(%0, %1)               # EncryptedTensor<float64, shape=(1, 256, 14, 14)>
         %3 = 0.6394062426782423             # ClearScalar<float64>
         %4 = multiply(%3, %2)               # EncryptedTensor<float64, shape=(1, 256, 14, 14)>
         %5 = 0                              # ClearScalar<uint1>
         %6 = maximum(%4, %5)                # EncryptedTensor<float64, shape=(1, 256, 14, 14)>
         %7 = 1.116833                       # ClearScalar<float32>
         %8 = divide(%6, %7)                 # EncryptedTensor<float64, shape=(1, 256, 14, 14)>
         %9 = 0.0                            # ClearScalar<float32>
        %10 = add(%8, %9)                    # EncryptedTensor<float64, shape=(1, 256, 14, 14)>
        %11 = 0.0                            # ClearScalar<float64>
        %12 = 15.0                           # ClearScalar<float64>
        %13 = clip(%10, %11, %12)            # EncryptedTensor<float64, shape=(1, 256, 14, 14)>
        %14 = rint(%13)                      # EncryptedTensor<float64, shape=(1, 256, 14, 14)>
        %15 = 0.0                            # ClearScalar<float32>
        %16 = subtract(%14, %15)             # EncryptedTensor<float64, shape=(1, 256, 14, 14)>
        %17 = 1.116833                       # ClearScalar<float32>
        %18 = multiply(%16, %17)             # EncryptedTensor<float64, shape=(1, 256, 14, 14)>
        %19 = 1.116832971572876              # ClearScalar<float64>
        %20 = divide(%18, %19)               # EncryptedTensor<float64, shape=(1, 256, 14, 14)>
        %21 = 0                              # ClearScalar<uint1>
        %22 = add(%20, %21)                  # EncryptedTensor<float64, shape=(1, 256, 14, 14)>
        %23 = rint(%22)                      # EncryptedTensor<float64, shape=(1, 256, 14, 14)>
        %24 = astype(%23, dtype=int_)        # EncryptedTensor<uint1, shape=(1, 256, 14, 14)>
        return %24

    %170 = subgraph(%165):

         %0 = input                            # EncryptedTensor<uint1, shape=(1, 512, 7, 7)>          @ /trunk/trunk.10/C2/Conv.conv_rounding
         %1 = astype(%0, dtype=float64)        # EncryptedTensor<float64, shape=(1, 512, 7, 7)>
         %2 = 0                                # ClearScalar<uint1>
         %3 = add(%1, %2)                      # EncryptedTensor<float64, shape=(1, 512, 7, 7)>
         %4 = [[[[0]]  [ ... ]  [[0]]]]        # ClearTensor<uint1, shape=(1, 512, 1, 1)>
         %5 = subtract(%3, %4)                 # EncryptedTensor<float64, shape=(1, 512, 7, 7)>
         %6 = 0.0067057471748229736            # ClearScalar<float64>
         %7 = multiply(%6, %5)                 # EncryptedTensor<float64, shape=(1, 512, 7, 7)>
         %8 = [[[[-1.717 ... 55e+00]]]]        # ClearTensor<float32, shape=(1, 512, 1, 1)>
         %9 = subtract(%7, %8)                 # EncryptedTensor<float64, shape=(1, 512, 7, 7)>
        %10 = [[[[3.2875 ... 694668]]]]        # ClearTensor<float32, shape=(1, 512, 1, 1)>
        %11 = divide(%9, %10)                  # EncryptedTensor<float64, shape=(1, 512, 7, 7)>
        %12 = [[[[0.9052 ... 34819 ]]]]        # ClearTensor<float32, shape=(1, 512, 1, 1)>
        %13 = multiply(%11, %12)               # EncryptedTensor<float64, shape=(1, 512, 7, 7)>
        %14 = [[[[-2.163 ... 03e-03]]]]        # ClearTensor<float32, shape=(1, 512, 1, 1)>
        %15 = add(%13, %14)                    # EncryptedTensor<float64, shape=(1, 512, 7, 7)>
        %16 = 0.8953998                        # ClearScalar<float32>
        %17 = divide(%15, %16)                 # EncryptedTensor<float64, shape=(1, 512, 7, 7)>
        %18 = 0.0                              # ClearScalar<float32>
        %19 = add(%17, %18)                    # EncryptedTensor<float64, shape=(1, 512, 7, 7)>
        %20 = -8.0                             # ClearScalar<float64>
        %21 = 7.0                              # ClearScalar<float64>
        %22 = clip(%19, %20, %21)              # EncryptedTensor<float64, shape=(1, 512, 7, 7)>
        %23 = rint(%22)                        # EncryptedTensor<float64, shape=(1, 512, 7, 7)>
        %24 = 0.0                              # ClearScalar<float32>
        %25 = subtract(%23, %24)               # EncryptedTensor<float64, shape=(1, 512, 7, 7)>
        %26 = 0.8953998                        # ClearScalar<float32>
        %27 = multiply(%25, %26)               # EncryptedTensor<float64, shape=(1, 512, 7, 7)>
        %28 = 0.895399808883667                # ClearScalar<float64>
        %29 = divide(%27, %28)                 # EncryptedTensor<float64, shape=(1, 512, 7, 7)>
        %30 = 0                                # ClearScalar<uint1>
        %31 = add(%29, %30)                    # EncryptedTensor<float64, shape=(1, 512, 7, 7)>
        %32 = rint(%31)                        # EncryptedTensor<float64, shape=(1, 512, 7, 7)>
        %33 = astype(%32, dtype=int_)          # EncryptedTensor<uint1, shape=(1, 512, 7, 7)>
        return %33

    %171 = subgraph(%169):

         %0 = input                            # EncryptedTensor<uint1, shape=(1, 512, 7, 7)>          @ /trunk/trunk.10/shortcut/Conv.conv_rounding
         %1 = astype(%0, dtype=float64)        # EncryptedTensor<float64, shape=(1, 512, 7, 7)>
         %2 = 0                                # ClearScalar<uint1>
         %3 = add(%1, %2)                      # EncryptedTensor<float64, shape=(1, 512, 7, 7)>
         %4 = [[[[0]]  [ ... ]  [[0]]]]        # ClearTensor<uint1, shape=(1, 512, 1, 1)>
         %5 = subtract(%3, %4)                 # EncryptedTensor<float64, shape=(1, 512, 7, 7)>
         %6 = 0.04737079972741132              # ClearScalar<float64>
         %7 = multiply(%6, %5)                 # EncryptedTensor<float64, shape=(1, 512, 7, 7)>
         %8 = [[[[ 1.631 ... 35743 ]]]]        # ClearTensor<float32, shape=(1, 512, 1, 1)>
         %9 = subtract(%7, %8)                 # EncryptedTensor<float64, shape=(1, 512, 7, 7)>
        %10 = [[[[2.0910 ... 404303]]]]        # ClearTensor<float32, shape=(1, 512, 1, 1)>
        %11 = divide(%9, %10)                  # EncryptedTensor<float64, shape=(1, 512, 7, 7)>
        %12 = [[[[0.9402 ... 48905 ]]]]        # ClearTensor<float32, shape=(1, 512, 1, 1)>
        %13 = multiply(%11, %12)               # EncryptedTensor<float64, shape=(1, 512, 7, 7)>
        %14 = [[[[-2.158 ... 89e-03]]]]        # ClearTensor<float32, shape=(1, 512, 1, 1)>
        %15 = add(%13, %14)                    # EncryptedTensor<float64, shape=(1, 512, 7, 7)>
        %16 = 0.93664676                       # ClearScalar<float32>
        %17 = divide(%15, %16)                 # EncryptedTensor<float64, shape=(1, 512, 7, 7)>
        %18 = 0.0                              # ClearScalar<float32>
        %19 = add(%17, %18)                    # EncryptedTensor<float64, shape=(1, 512, 7, 7)>
        %20 = -8.0                             # ClearScalar<float64>
        %21 = 7.0                              # ClearScalar<float64>
        %22 = clip(%19, %20, %21)              # EncryptedTensor<float64, shape=(1, 512, 7, 7)>
        %23 = rint(%22)                        # EncryptedTensor<float64, shape=(1, 512, 7, 7)>
        %24 = 0.0                              # ClearScalar<float32>
        %25 = subtract(%23, %24)               # EncryptedTensor<float64, shape=(1, 512, 7, 7)>
        %26 = 0.93664676                       # ClearScalar<float32>
        %27 = multiply(%25, %26)               # EncryptedTensor<float64, shape=(1, 512, 7, 7)>
        %28 = 0.9366467595100403               # ClearScalar<float64>
        %29 = divide(%27, %28)                 # EncryptedTensor<float64, shape=(1, 512, 7, 7)>
        %30 = 0                                # ClearScalar<uint1>
        %31 = add(%29, %30)                    # EncryptedTensor<float64, shape=(1, 512, 7, 7)>
        %32 = rint(%31)                        # EncryptedTensor<float64, shape=(1, 512, 7, 7)>
        %33 = astype(%32, dtype=int_)          # EncryptedTensor<uint1, shape=(1, 512, 7, 7)>
        return %33

    %172 = subgraph(%170):

         %0 = input                         # EncryptedTensor<uint1, shape=(1, 512, 7, 7)>
         %1 = 0.0                           # ClearScalar<float64>
         %2 = subtract(%0, %1)              # EncryptedTensor<float64, shape=(1, 512, 7, 7)>
         %3 = 0.895399808883667             # ClearScalar<float64>
         %4 = multiply(%3, %2)              # EncryptedTensor<float64, shape=(1, 512, 7, 7)>
         %5 = 0.5909827639979701            # ClearScalar<float64>
         %6 = divide(%4, %5)                # EncryptedTensor<float64, shape=(1, 512, 7, 7)>
         %7 = 0                             # ClearScalar<uint1>
         %8 = add(%6, %7)                   # EncryptedTensor<float64, shape=(1, 512, 7, 7)>
         %9 = rint(%8)                      # EncryptedTensor<float64, shape=(1, 512, 7, 7)>
        %10 = astype(%9, dtype=int_)        # EncryptedTensor<uint1, shape=(1, 512, 7, 7)>
        return %10

    %173 = subgraph(%171):

         %0 = input                         # EncryptedTensor<uint1, shape=(1, 512, 7, 7)>
         %1 = 0.0                           # ClearScalar<float64>
         %2 = subtract(%0, %1)              # EncryptedTensor<float64, shape=(1, 512, 7, 7)>
         %3 = 0.9366467595100403            # ClearScalar<float64>
         %4 = multiply(%3, %2)              # EncryptedTensor<float64, shape=(1, 512, 7, 7)>
         %5 = 0.5909827639979701            # ClearScalar<float64>
         %6 = divide(%4, %5)                # EncryptedTensor<float64, shape=(1, 512, 7, 7)>
         %7 = 0                             # ClearScalar<uint1>
         %8 = add(%6, %7)                   # EncryptedTensor<float64, shape=(1, 512, 7, 7)>
         %9 = rint(%8)                      # EncryptedTensor<float64, shape=(1, 512, 7, 7)>
        %10 = astype(%9, dtype=int_)        # EncryptedTensor<uint1, shape=(1, 512, 7, 7)>
        return %10

    %177 = subgraph(%176):

         %0 = input                          # EncryptedTensor<uint2, shape=(1, 512, 7, 7)>
         %1 = 0.0                            # ClearScalar<float64>
         %2 = subtract(%0, %1)               # EncryptedTensor<float64, shape=(1, 512, 7, 7)>
         %3 = 0.5909827639979701             # ClearScalar<float64>
         %4 = multiply(%3, %2)               # EncryptedTensor<float64, shape=(1, 512, 7, 7)>
         %5 = 0                              # ClearScalar<uint1>
         %6 = maximum(%4, %5)                # EncryptedTensor<float64, shape=(1, 512, 7, 7)>
         %7 = 0.80437315                     # ClearScalar<float32>
         %8 = divide(%6, %7)                 # EncryptedTensor<float64, shape=(1, 512, 7, 7)>
         %9 = 0.0                            # ClearScalar<float32>
        %10 = add(%8, %9)                    # EncryptedTensor<float64, shape=(1, 512, 7, 7)>
        %11 = 0.0                            # ClearScalar<float64>
        %12 = 15.0                           # ClearScalar<float64>
        %13 = clip(%10, %11, %12)            # EncryptedTensor<float64, shape=(1, 512, 7, 7)>
        %14 = rint(%13)                      # EncryptedTensor<float64, shape=(1, 512, 7, 7)>
        %15 = 0.0                            # ClearScalar<float32>
        %16 = subtract(%14, %15)             # EncryptedTensor<float64, shape=(1, 512, 7, 7)>
        %17 = 0.80437315                     # ClearScalar<float32>
        %18 = multiply(%16, %17)             # EncryptedTensor<float64, shape=(1, 512, 7, 7)>
        %19 = 0.8043731451034546             # ClearScalar<float64>
        %20 = divide(%18, %19)               # EncryptedTensor<float64, shape=(1, 512, 7, 7)>
        %21 = 0                              # ClearScalar<uint1>
        %22 = add(%20, %21)                  # EncryptedTensor<float64, shape=(1, 512, 7, 7)>
        %23 = rint(%22)                      # EncryptedTensor<float64, shape=(1, 512, 7, 7)>
        %24 = astype(%23, dtype=int_)        # EncryptedTensor<uint1, shape=(1, 512, 7, 7)>
        return %24

    %185 = subgraph(%184):

         %0 = input                            # EncryptedTensor<uint1, shape=(1, 512, 7, 7)>          @ /trunk/trunk.11/C1/Conv.conv_rounding
         %1 = astype(%0, dtype=float64)        # EncryptedTensor<float64, shape=(1, 512, 7, 7)>
         %2 = 0                                # ClearScalar<uint1>
         %3 = add(%1, %2)                      # EncryptedTensor<float64, shape=(1, 512, 7, 7)>
         %4 = [[[[0]]  [ ... ]  [[0]]]]        # ClearTensor<uint1, shape=(1, 512, 1, 1)>
         %5 = subtract(%3, %4)                 # EncryptedTensor<float64, shape=(1, 512, 7, 7)>
         %6 = 0.014253895821916718             # ClearScalar<float64>
         %7 = multiply(%6, %5)                 # EncryptedTensor<float64, shape=(1, 512, 7, 7)>
         %8 = [[[[-1.492 ... 39297 ]]]]        # ClearTensor<float32, shape=(1, 512, 1, 1)>
         %9 = subtract(%7, %8)                 # EncryptedTensor<float64, shape=(1, 512, 7, 7)>
        %10 = [[[[4.1090 ... 79571 ]]]]        # ClearTensor<float32, shape=(1, 512, 1, 1)>
        %11 = divide(%9, %10)                  # EncryptedTensor<float64, shape=(1, 512, 7, 7)>
        %12 = [[[[0.9474 ... 67398 ]]]]        # ClearTensor<float32, shape=(1, 512, 1, 1)>
        %13 = multiply(%11, %12)               # EncryptedTensor<float64, shape=(1, 512, 7, 7)>
        %14 = [[[[-6.068 ... 67e-02]]]]        # ClearTensor<float32, shape=(1, 512, 1, 1)>
        %15 = add(%13, %14)                    # EncryptedTensor<float64, shape=(1, 512, 7, 7)>
        %16 = 0                                # ClearScalar<uint1>
        %17 = maximum(%15, %16)                # EncryptedTensor<float64, shape=(1, 512, 7, 7)>
        %18 = 0.4127967                        # ClearScalar<float32>
        %19 = divide(%17, %18)                 # EncryptedTensor<float64, shape=(1, 512, 7, 7)>
        %20 = 0.0                              # ClearScalar<float32>
        %21 = add(%19, %20)                    # EncryptedTensor<float64, shape=(1, 512, 7, 7)>
        %22 = 0.0                              # ClearScalar<float64>
        %23 = 15.0                             # ClearScalar<float64>
        %24 = clip(%21, %22, %23)              # EncryptedTensor<float64, shape=(1, 512, 7, 7)>
        %25 = rint(%24)                        # EncryptedTensor<float64, shape=(1, 512, 7, 7)>
        %26 = 0.0                              # ClearScalar<float32>
        %27 = subtract(%25, %26)               # EncryptedTensor<float64, shape=(1, 512, 7, 7)>
        %28 = 0.4127967                        # ClearScalar<float32>
        %29 = multiply(%27, %28)               # EncryptedTensor<float64, shape=(1, 512, 7, 7)>
        %30 = 0.4127967059612274               # ClearScalar<float64>
        %31 = divide(%29, %30)                 # EncryptedTensor<float64, shape=(1, 512, 7, 7)>
        %32 = 0                                # ClearScalar<uint1>
        %33 = add(%31, %32)                    # EncryptedTensor<float64, shape=(1, 512, 7, 7)>
        %34 = rint(%33)                        # EncryptedTensor<float64, shape=(1, 512, 7, 7)>
        %35 = astype(%34, dtype=int_)          # EncryptedTensor<uint1, shape=(1, 512, 7, 7)>
        return %35

    %193 = subgraph(%192):

         %0 = input                            # EncryptedTensor<uint1, shape=(1, 512, 7, 7)>          @ /trunk/trunk.11/C2/Conv.conv_rounding
         %1 = astype(%0, dtype=float64)        # EncryptedTensor<float64, shape=(1, 512, 7, 7)>
         %2 = 0                                # ClearScalar<uint1>
         %3 = add(%1, %2)                      # EncryptedTensor<float64, shape=(1, 512, 7, 7)>
         %4 = [[[[0]]  [ ... ]  [[0]]]]        # ClearTensor<uint1, shape=(1, 512, 1, 1)>
         %5 = subtract(%3, %4)                 # EncryptedTensor<float64, shape=(1, 512, 7, 7)>
         %6 = 0.006706749058205397             # ClearScalar<float64>
         %7 = multiply(%6, %5)                 # EncryptedTensor<float64, shape=(1, 512, 7, 7)>
         %8 = [[[[-9.346 ... 56e+00]]]]        # ClearTensor<float32, shape=(1, 512, 1, 1)>
         %9 = subtract(%7, %8)                 # EncryptedTensor<float64, shape=(1, 512, 7, 7)>
        %10 = [[[[ 2.122 ... 31446 ]]]]        # ClearTensor<float32, shape=(1, 512, 1, 1)>
        %11 = divide(%9, %10)                  # EncryptedTensor<float64, shape=(1, 512, 7, 7)>
        %12 = [[[[0.9373 ... 05555 ]]]]        # ClearTensor<float32, shape=(1, 512, 1, 1)>
        %13 = multiply(%11, %12)               # EncryptedTensor<float64, shape=(1, 512, 7, 7)>
        %14 = [[[[-1.745 ... 16e-03]]]]        # ClearTensor<float32, shape=(1, 512, 1, 1)>
        %15 = add(%13, %14)                    # EncryptedTensor<float64, shape=(1, 512, 7, 7)>
        %16 = 0.8675328                        # ClearScalar<float32>
        %17 = divide(%15, %16)                 # EncryptedTensor<float64, shape=(1, 512, 7, 7)>
        %18 = 0.0                              # ClearScalar<float32>
        %19 = add(%17, %18)                    # EncryptedTensor<float64, shape=(1, 512, 7, 7)>
        %20 = -8.0                             # ClearScalar<float64>
        %21 = 7.0                              # ClearScalar<float64>
        %22 = clip(%19, %20, %21)              # EncryptedTensor<float64, shape=(1, 512, 7, 7)>
        %23 = rint(%22)                        # EncryptedTensor<float64, shape=(1, 512, 7, 7)>
        %24 = 0.0                              # ClearScalar<float32>
        %25 = subtract(%23, %24)               # EncryptedTensor<float64, shape=(1, 512, 7, 7)>
        %26 = 0.8675328                        # ClearScalar<float32>
        %27 = multiply(%25, %26)               # EncryptedTensor<float64, shape=(1, 512, 7, 7)>
        %28 = 0.8675327897071838               # ClearScalar<float64>
        %29 = divide(%27, %28)                 # EncryptedTensor<float64, shape=(1, 512, 7, 7)>
        %30 = 0                                # ClearScalar<uint1>
        %31 = add(%29, %30)                    # EncryptedTensor<float64, shape=(1, 512, 7, 7)>
        %32 = rint(%31)                        # EncryptedTensor<float64, shape=(1, 512, 7, 7)>
        %33 = astype(%32, dtype=int_)          # EncryptedTensor<uint1, shape=(1, 512, 7, 7)>
        return %33

    %194 = subgraph(%176):

         %0 = input                          # EncryptedTensor<uint2, shape=(1, 512, 7, 7)>
         %1 = 0.0                            # ClearScalar<float64>
         %2 = subtract(%0, %1)               # EncryptedTensor<float64, shape=(1, 512, 7, 7)>
         %3 = 0.5909827639979701             # ClearScalar<float64>
         %4 = multiply(%3, %2)               # EncryptedTensor<float64, shape=(1, 512, 7, 7)>
         %5 = 0                              # ClearScalar<uint1>
         %6 = maximum(%4, %5)                # EncryptedTensor<float64, shape=(1, 512, 7, 7)>
         %7 = 0.80437315                     # ClearScalar<float32>
         %8 = divide(%6, %7)                 # EncryptedTensor<float64, shape=(1, 512, 7, 7)>
         %9 = 0.0                            # ClearScalar<float32>
        %10 = add(%8, %9)                    # EncryptedTensor<float64, shape=(1, 512, 7, 7)>
        %11 = 0.0                            # ClearScalar<float64>
        %12 = 15.0                           # ClearScalar<float64>
        %13 = clip(%10, %11, %12)            # EncryptedTensor<float64, shape=(1, 512, 7, 7)>
        %14 = rint(%13)                      # EncryptedTensor<float64, shape=(1, 512, 7, 7)>
        %15 = 0.0                            # ClearScalar<float32>
        %16 = subtract(%14, %15)             # EncryptedTensor<float64, shape=(1, 512, 7, 7)>
        %17 = 0.80437315                     # ClearScalar<float32>
        %18 = multiply(%16, %17)             # EncryptedTensor<float64, shape=(1, 512, 7, 7)>
        %19 = 0.8043731451034546             # ClearScalar<float64>
        %20 = divide(%18, %19)               # EncryptedTensor<float64, shape=(1, 512, 7, 7)>
        %21 = 0                              # ClearScalar<uint1>
        %22 = add(%20, %21)                  # EncryptedTensor<float64, shape=(1, 512, 7, 7)>
        %23 = rint(%22)                      # EncryptedTensor<float64, shape=(1, 512, 7, 7)>
        %24 = astype(%23, dtype=int_)        # EncryptedTensor<uint1, shape=(1, 512, 7, 7)>
        return %24

    %195 = subgraph(%193):

         %0 = input                         # EncryptedTensor<uint1, shape=(1, 512, 7, 7)>
         %1 = 0.0                           # ClearScalar<float64>
         %2 = subtract(%0, %1)              # EncryptedTensor<float64, shape=(1, 512, 7, 7)>
         %3 = 0.8675327897071838            # ClearScalar<float64>
         %4 = multiply(%3, %2)              # EncryptedTensor<float64, shape=(1, 512, 7, 7)>
         %5 = 0.5652720159099948            # ClearScalar<float64>
         %6 = divide(%4, %5)                # EncryptedTensor<float64, shape=(1, 512, 7, 7)>
         %7 = 0                             # ClearScalar<uint1>
         %8 = add(%6, %7)                   # EncryptedTensor<float64, shape=(1, 512, 7, 7)>
         %9 = rint(%8)                      # EncryptedTensor<float64, shape=(1, 512, 7, 7)>
        %10 = astype(%9, dtype=int_)        # EncryptedTensor<uint1, shape=(1, 512, 7, 7)>
        return %10

    %196 = subgraph(%194):

         %0 = input                         # EncryptedTensor<uint1, shape=(1, 512, 7, 7)>
         %1 = 0.0                           # ClearScalar<float64>
         %2 = subtract(%0, %1)              # EncryptedTensor<float64, shape=(1, 512, 7, 7)>
         %3 = 0.8043731451034546            # ClearScalar<float64>
         %4 = multiply(%3, %2)              # EncryptedTensor<float64, shape=(1, 512, 7, 7)>
         %5 = 0.5652720159099948            # ClearScalar<float64>
         %6 = divide(%4, %5)                # EncryptedTensor<float64, shape=(1, 512, 7, 7)>
         %7 = 0                             # ClearScalar<uint1>
         %8 = add(%6, %7)                   # EncryptedTensor<float64, shape=(1, 512, 7, 7)>
         %9 = rint(%8)                      # EncryptedTensor<float64, shape=(1, 512, 7, 7)>
        %10 = astype(%9, dtype=int_)        # EncryptedTensor<uint1, shape=(1, 512, 7, 7)>
        return %10

    %200 = subgraph(%199):

         %0 = input                          # EncryptedTensor<uint2, shape=(1, 512, 7, 7)>
         %1 = 0.0                            # ClearScalar<float64>
         %2 = subtract(%0, %1)               # EncryptedTensor<float64, shape=(1, 512, 7, 7)>
         %3 = 0.5652720159099948             # ClearScalar<float64>
         %4 = multiply(%3, %2)               # EncryptedTensor<float64, shape=(1, 512, 7, 7)>
         %5 = 0                              # ClearScalar<uint1>
         %6 = maximum(%4, %5)                # EncryptedTensor<float64, shape=(1, 512, 7, 7)>
         %7 = 0.9105789                      # ClearScalar<float32>
         %8 = divide(%6, %7)                 # EncryptedTensor<float64, shape=(1, 512, 7, 7)>
         %9 = 0.0                            # ClearScalar<float32>
        %10 = add(%8, %9)                    # EncryptedTensor<float64, shape=(1, 512, 7, 7)>
        %11 = 0.0                            # ClearScalar<float64>
        %12 = 15.0                           # ClearScalar<float64>
        %13 = clip(%10, %11, %12)            # EncryptedTensor<float64, shape=(1, 512, 7, 7)>
        %14 = rint(%13)                      # EncryptedTensor<float64, shape=(1, 512, 7, 7)>
        %15 = 0.0                            # ClearScalar<float32>
        %16 = subtract(%14, %15)             # EncryptedTensor<float64, shape=(1, 512, 7, 7)>
        %17 = 0.9105789                      # ClearScalar<float32>
        %18 = multiply(%16, %17)             # EncryptedTensor<float64, shape=(1, 512, 7, 7)>
        %19 = 0.9105789065361023             # ClearScalar<float64>
        %20 = divide(%18, %19)               # EncryptedTensor<float64, shape=(1, 512, 7, 7)>
        %21 = 0                              # ClearScalar<uint1>
        %22 = add(%20, %21)                  # EncryptedTensor<float64, shape=(1, 512, 7, 7)>
        %23 = rint(%22)                      # EncryptedTensor<float64, shape=(1, 512, 7, 7)>
        %24 = astype(%23, dtype=int_)        # EncryptedTensor<uint1, shape=(1, 512, 7, 7)>
        return %24

    %204 = subgraph(%203):

         %0 = input                            # EncryptedTensor<uint1, shape=(1, 512, 1, 1)>          @ /trunk/trunk.12/AveragePool.avgpool_rounding
         %1 = astype(%0, dtype=float64)        # EncryptedTensor<float64, shape=(1, 512, 1, 1)>
         %2 = 0.04                             # ClearScalar<float64>
         %3 = multiply(%1, %2)                 # EncryptedTensor<float64, shape=(1, 512, 1, 1)>
         %4 = 0                                # ClearScalar<uint1>
         %5 = subtract(%3, %4)                 # EncryptedTensor<float64, shape=(1, 512, 1, 1)>
         %6 = 0.9105789065361023               # ClearScalar<float64>
         %7 = multiply(%5, %6)                 # EncryptedTensor<float64, shape=(1, 512, 1, 1)>
         %8 = 0.5821504                        # ClearScalar<float32>
         %9 = divide(%7, %8)                   # EncryptedTensor<float64, shape=(1, 512, 1, 1)>
        %10 = 0.0                              # ClearScalar<float32>
        %11 = add(%9, %10)                     # EncryptedTensor<float64, shape=(1, 512, 1, 1)>
        %12 = -8.0                             # ClearScalar<float64>
        %13 = 7.0                              # ClearScalar<float64>
        %14 = clip(%11, %12, %13)              # EncryptedTensor<float64, shape=(1, 512, 1, 1)>
        %15 = rint(%14)                        # EncryptedTensor<float64, shape=(1, 512, 1, 1)>
        %16 = 0.0                              # ClearScalar<float32>
        %17 = subtract(%15, %16)               # EncryptedTensor<float64, shape=(1, 512, 1, 1)>
        %18 = 0.5821504                        # ClearScalar<float32>
        %19 = multiply(%17, %18)               # EncryptedTensor<float64, shape=(1, 512, 1, 1)>
        %20 = 0.582150399684906                # ClearScalar<float64>
        %21 = divide(%19, %20)                 # EncryptedTensor<float64, shape=(1, 512, 1, 1)>
        %22 = 0                                # ClearScalar<uint1>
        %23 = add(%21, %22)                    # EncryptedTensor<float64, shape=(1, 512, 1, 1)>
        %24 = rint(%23)                        # EncryptedTensor<float64, shape=(1, 512, 1, 1)>
        %25 = astype(%24, dtype=int_)          # EncryptedTensor<uint1, shape=(1, 512, 1, 1)>
        return %25
--------------------------------------------------------------------------------

Optimizer
--------------------------------------------------------------------------------
### Optimizer display
--- Circuit
  15 bits integers
  7 manp (maxi log2 norm2)
--- User config
  5.000000e-02 error per pbs call
  1.000000e+00 error per circuit call
-- Solution correctness
  For each pbs call:  1/20, p_error (4.907215e-02)
  For the full circuit: 1/1 global_p_error(1.000000e+00)
--- Complexity for the full circuit
  2.386108e+09 Millions Operations
-- Circuit Solution
CircuitSolution {
    circuit_keys: CircuitKeys {
        secret_keys: [
            SecretLweKey {
                identifier: 0,
                polynomial_size: 256,
                glwe_dimension: 6,
                description: "big-secret[#0 : partitions [0]]",
            },
            SecretLweKey {
                identifier: 1,
                polynomial_size: 2048,
                glwe_dimension: 1,
                description: "big-secret[#1 : partitions [1]]",
            },
            SecretLweKey {
                identifier: 2,
                polynomial_size: 4096,
                glwe_dimension: 1,
                description: "big-secret[#2 : partitions [2]]",
            },
            SecretLweKey {
                identifier: 3,
                polynomial_size: 8192,
                glwe_dimension: 1,
                description: "big-secret[#3 : partitions [3]]",
            },
            SecretLweKey {
                identifier: 4,
                polynomial_size: 512,
                glwe_dimension: 1,
                description: "small-secret[#4 : partitions [4]]",
            },
            SecretLweKey {
                identifier: 5,
                polynomial_size: 834,
                glwe_dimension: 1,
                description: "small-secret[#5 : partitions [5]]",
            },
            SecretLweKey {
                identifier: 6,
                polynomial_size: 797,
                glwe_dimension: 1,
                description: "small-secret[#6 : partitions [6]]",
            },
            SecretLweKey {
                identifier: 7,
                polynomial_size: 832,
                glwe_dimension: 1,
                description: "small-secret[#7 : partitions [7]]",
            },
        ],
        keyswitch_keys: [
            KeySwitchKey {
                identifier: 0,
                input_key: SecretLweKey {
                    identifier: 0,
                    polynomial_size: 256,
                    glwe_dimension: 6,
                    description: "big-secret[#0 : partitions [0]]",
                },
                output_key: SecretLweKey {
                    identifier: 4,
                    polynomial_size: 512,
                    glwe_dimension: 1,
                    description: "small-secret[#4 : partitions [4]]",
                },
                ks_decomposition_parameter: KsDecompositionParameters {
                    level: 4,
                    log2_base: 2,
                },
                description: "ks[#0 : partitions [0] -> [4]]",
            },
            KeySwitchKey {
                identifier: 1,
                input_key: SecretLweKey {
                    identifier: 0,
                    polynomial_size: 256,
                    glwe_dimension: 6,
                    description: "big-secret[#0 : partitions [0]]",
                },
                output_key: SecretLweKey {
                    identifier: 6,
                    polynomial_size: 797,
                    glwe_dimension: 1,
                    description: "small-secret[#6 : partitions [6]]",
                },
                ks_decomposition_parameter: KsDecompositionParameters {
                    level: 8,
                    log2_base: 2,
                },
                description: "ks[#1 : partitions [0] -> [6]]",
            },
            KeySwitchKey {
                identifier: 2,
                input_key: SecretLweKey {
                    identifier: 0,
                    polynomial_size: 256,
                    glwe_dimension: 6,
                    description: "big-secret[#0 : partitions [0]]",
                },
                output_key: SecretLweKey {
                    identifier: 7,
                    polynomial_size: 832,
                    glwe_dimension: 1,
                    description: "small-secret[#7 : partitions [7]]",
                },
                ks_decomposition_parameter: KsDecompositionParameters {
                    level: 8,
                    log2_base: 2,
                },
                description: "ks[#2 : partitions [0] -> [7]]",
            },
            KeySwitchKey {
                identifier: 3,
                input_key: SecretLweKey {
                    identifier: 1,
                    polynomial_size: 2048,
                    glwe_dimension: 1,
                    description: "big-secret[#1 : partitions [1]]",
                },
                output_key: SecretLweKey {
                    identifier: 5,
                    polynomial_size: 834,
                    glwe_dimension: 1,
                    description: "small-secret[#5 : partitions [5]]",
                },
                ks_decomposition_parameter: KsDecompositionParameters {
                    level: 4,
                    log2_base: 4,
                },
                description: "ks[#3 : partitions [1] -> [5]]",
            },
            KeySwitchKey {
                identifier: 4,
                input_key: SecretLweKey {
                    identifier: 1,
                    polynomial_size: 2048,
                    glwe_dimension: 1,
                    description: "big-secret[#1 : partitions [1]]",
                },
                output_key: SecretLweKey {
                    identifier: 6,
                    polynomial_size: 797,
                    glwe_dimension: 1,
                    description: "small-secret[#6 : partitions [6]]",
                },
                ks_decomposition_parameter: KsDecompositionParameters {
                    level: 8,
                    log2_base: 2,
                },
                description: "ks[#4 : partitions [1] -> [6]]",
            },
            KeySwitchKey {
                identifier: 5,
                input_key: SecretLweKey {
                    identifier: 2,
                    polynomial_size: 4096,
                    glwe_dimension: 1,
                    description: "big-secret[#2 : partitions [2]]",
                },
                output_key: SecretLweKey {
                    identifier: 5,
                    polynomial_size: 834,
                    glwe_dimension: 1,
                    description: "small-secret[#5 : partitions [5]]",
                },
                ks_decomposition_parameter: KsDecompositionParameters {
                    level: 4,
                    log2_base: 4,
                },
                description: "ks[#5 : partitions [2] -> [5]]",
            },
            KeySwitchKey {
                identifier: 6,
                input_key: SecretLweKey {
                    identifier: 3,
                    polynomial_size: 8192,
                    glwe_dimension: 1,
                    description: "big-secret[#3 : partitions [3]]",
                },
                output_key: SecretLweKey {
                    identifier: 5,
                    polynomial_size: 834,
                    glwe_dimension: 1,
                    description: "small-secret[#5 : partitions [5]]",
                },
                ks_decomposition_parameter: KsDecompositionParameters {
                    level: 5,
                    log2_base: 3,
                },
                description: "ks[#6 : partitions [3] -> [5]]",
            },
        ],
        bootstrap_keys: [
            BootstrapKey {
                identifier: 0,
                input_key: SecretLweKey {
                    identifier: 4,
                    polynomial_size: 512,
                    glwe_dimension: 1,
                    description: "small-secret[#4 : partitions [4]]",
                },
                output_key: SecretLweKey {
                    identifier: 0,
                    polynomial_size: 256,
                    glwe_dimension: 6,
                    description: "big-secret[#0 : partitions [0]]",
                },
                br_decomposition_parameter: BrDecompositionParameters {
                    level: 3,
                    log2_base: 9,
                },
                description: "pbs[#0 : partitions [4] -> [0]]",
            },
            BootstrapKey {
                identifier: 1,
                input_key: SecretLweKey {
                    identifier: 5,
                    polynomial_size: 834,
                    glwe_dimension: 1,
                    description: "small-secret[#5 : partitions [5]]",
                },
                output_key: SecretLweKey {
                    identifier: 1,
                    polynomial_size: 2048,
                    glwe_dimension: 1,
                    description: "big-secret[#1 : partitions [1]]",
                },
                br_decomposition_parameter: BrDecompositionParameters {
                    level: 3,
                    log2_base: 11,
                },
                description: "pbs[#1 : partitions [5] -> [1]]",
            },
            BootstrapKey {
                identifier: 2,
                input_key: SecretLweKey {
                    identifier: 6,
                    polynomial_size: 797,
                    glwe_dimension: 1,
                    description: "small-secret[#6 : partitions [6]]",
                },
                output_key: SecretLweKey {
                    identifier: 2,
                    polynomial_size: 4096,
                    glwe_dimension: 1,
                    description: "big-secret[#2 : partitions [2]]",
                },
                br_decomposition_parameter: BrDecompositionParameters {
                    level: 4,
                    log2_base: 9,
                },
                description: "pbs[#2 : partitions [6] -> [2]]",
            },
            BootstrapKey {
                identifier: 3,
                input_key: SecretLweKey {
                    identifier: 7,
                    polynomial_size: 832,
                    glwe_dimension: 1,
                    description: "small-secret[#7 : partitions [7]]",
                },
                output_key: SecretLweKey {
                    identifier: 3,
                    polynomial_size: 8192,
                    glwe_dimension: 1,
                    description: "big-secret[#3 : partitions [3]]",
                },
                br_decomposition_parameter: BrDecompositionParameters {
                    level: 3,
                    log2_base: 11,
                },
                description: "pbs[#3 : partitions [7] -> [3]]",
            },
        ],
        conversion_keyswitch_keys: [
            ConversionKeySwitchKey {
                identifier: 0,
                input_key: SecretLweKey {
                    identifier: 1,
                    polynomial_size: 2048,
                    glwe_dimension: 1,
                    description: "big-secret[#1 : partitions [1]]",
                },
                output_key: SecretLweKey {
                    identifier: 0,
                    polynomial_size: 256,
                    glwe_dimension: 6,
                    description: "big-secret[#0 : partitions [0]]",
                },
                ks_decomposition_parameter: KsDecompositionParameters {
                    level: 3,
                    log2_base: 9,
                },
                fast_keyswitch: false,
                description: "fks[#0 : partitions [1] -> [0]]",
            },
            ConversionKeySwitchKey {
                identifier: 1,
                input_key: SecretLweKey {
                    identifier: 2,
                    polynomial_size: 4096,
                    glwe_dimension: 1,
                    description: "big-secret[#2 : partitions [2]]",
                },
                output_key: SecretLweKey {
                    identifier: 0,
                    polynomial_size: 256,
                    glwe_dimension: 6,
                    description: "big-secret[#0 : partitions [0]]",
                },
                ks_decomposition_parameter: KsDecompositionParameters {
                    level: 5,
                    log2_base: 6,
                },
                fast_keyswitch: false,
                description: "fks[#1 : partitions [2] -> [0]]",
            },
            ConversionKeySwitchKey {
                identifier: 2,
                input_key: SecretLweKey {
                    identifier: 2,
                    polynomial_size: 4096,
                    glwe_dimension: 1,
                    description: "big-secret[#2 : partitions [2]]",
                },
                output_key: SecretLweKey {
                    identifier: 1,
                    polynomial_size: 2048,
                    glwe_dimension: 1,
                    description: "big-secret[#1 : partitions [1]]",
                },
                ks_decomposition_parameter: KsDecompositionParameters {
                    level: 1,
                    log2_base: 25,
                },
                fast_keyswitch: false,
                description: "fks[#2 : partitions [2] -> [1]]",
            },
            ConversionKeySwitchKey {
                identifier: 3,
                input_key: SecretLweKey {
                    identifier: 3,
                    polynomial_size: 8192,
                    glwe_dimension: 1,
                    description: "big-secret[#3 : partitions [3]]",
                },
                output_key: SecretLweKey {
                    identifier: 0,
                    polynomial_size: 256,
                    glwe_dimension: 6,
                    description: "big-secret[#0 : partitions [0]]",
                },
                ks_decomposition_parameter: KsDecompositionParameters {
                    level: 5,
                    log2_base: 6,
                },
                fast_keyswitch: false,
                description: "fks[#3 : partitions [3] -> [0]]",
            },
            ConversionKeySwitchKey {
                identifier: 4,
                input_key: SecretLweKey {
                    identifier: 3,
                    polynomial_size: 8192,
                    glwe_dimension: 1,
                    description: "big-secret[#3 : partitions [3]]",
                },
                output_key: SecretLweKey {
                    identifier: 1,
                    polynomial_size: 2048,
                    glwe_dimension: 1,
                    description: "big-secret[#1 : partitions [1]]",
                },
                ks_decomposition_parameter: KsDecompositionParameters {
                    level: 1,
                    log2_base: 25,
                },
                fast_keyswitch: false,
                description: "fks[#4 : partitions [3] -> [1]]",
            },
            ConversionKeySwitchKey {
                identifier: 5,
                input_key: SecretLweKey {
                    identifier: 3,
                    polynomial_size: 8192,
                    glwe_dimension: 1,
                    description: "big-secret[#3 : partitions [3]]",
                },
                output_key: SecretLweKey {
                    identifier: 2,
                    polynomial_size: 4096,
                    glwe_dimension: 1,
                    description: "big-secret[#2 : partitions [2]]",
                },
                ks_decomposition_parameter: KsDecompositionParameters {
                    level: 1,
                    log2_base: 31,
                },
                fast_keyswitch: false,
                description: "fks[#5 : partitions [3] -> [2]]",
            },
        ],
        circuit_bootstrap_keys: [],
        private_functional_packing_keys: [],
    },
    instructions_keys: [],
    crt_decomposition: [],
    complexity: 2386108005070336.0,
    p_error: 0.04907214613160326,
    global_p_error: 1.0,
    is_feasible: true,
    error_msg: "",
}###
--------------------------------------------------------------------------------

Statistics
--------------------------------------------------------------------------------
size_of_inputs: 1806336
size_of_outputs: 16781312
programmable_bootstrap_count: 11641856
programmable_bootstrap_count_per_parameter: {
    BootstrapKeyParam(polynomial_size=256, glwe_dimension=6, input_lwe_dimension=512, level=3, base_log=9, variance=7.040630965929754e-23): 8078848
    BootstrapKeyParam(polynomial_size=4096, glwe_dimension=1, input_lwe_dimension=797, level=4, base_log=9, variance=4.70197740328915e-38): 1706496
    BootstrapKeyParam(polynomial_size=2048, glwe_dimension=1, input_lwe_dimension=834, level=3, base_log=11, variance=8.442253112932959e-31): 1053696
    BootstrapKeyParam(polynomial_size=8192, glwe_dimension=1, input_lwe_dimension=832, level=3, base_log=11, variance=4.70197740328915e-38): 802816
}
key_switch_count: 14125568
key_switch_count_per_parameter: {
    KeyswitchKeyParam(level=4, base_log=2, variance=4.896863592478985e-07): 8078848
    KeyswitchKeyParam(level=8, base_log=2, variance=1.9084567904813284e-11): 1706496
    KeyswitchKeyParam(level=5, base_log=6, variance=7.040630965929754e-23): 1379840
    KeyswitchKeyParam(level=4, base_log=4, variance=5.108051225417849e-12): 802816
    KeyswitchKeyParam(level=3, base_log=9, variance=7.040630965929754e-23): 677376
    KeyswitchKeyParam(level=8, base_log=2, variance=5.485260388536257e-12): 802816
    KeyswitchKeyParam(level=1, base_log=25, variance=8.442253112932959e-31): 376320
    KeyswitchKeyParam(level=5, base_log=3, variance=5.108051225417849e-12): 250880
    KeyswitchKeyParam(level=1, base_log=31, variance=4.70197740328915e-38): 50176
}
packing_key_switch_count: 0
clear_addition_count: 21602304
clear_addition_count_per_parameter: {
    LweSecretKeyParam(dimension=1536): 20122112
    LweSecretKeyParam(dimension=4096): 501760
    LweSecretKeyParam(dimension=2048): 727552
    LweSecretKeyParam(dimension=8192): 250880
}
encrypted_addition_count: 1715749376
encrypted_addition_count_per_parameter: {
    LweSecretKeyParam(dimension=1536): 1714996736
    LweSecretKeyParam(dimension=4096): 250880
    LweSecretKeyParam(dimension=2048): 376320
    LweSecretKeyParam(dimension=8192): 125440
}
clear_multiplication_count: 1714996736
clear_multiplication_count_per_parameter: {
    LweSecretKeyParam(dimension=1536): 1714996736
}
encrypted_negation_count: 8078848
encrypted_negation_count_per_parameter: {
    LweSecretKeyParam(dimension=1536): 8078848
}
memory_usage_per_location: {
    loc("/home/zhiyong/miniconda3/envs/dct-cryptonets/lib/python3.9/site-packages/concrete/ml/onnx/onnx_impl_utils.py":55:0): 6695319552
    loc("/home/zhiyong/miniconda3/envs/dct-cryptonets/lib/python3.9/site-packages/concrete/ml/onnx/onnx_impl_utils.py":66:0): 44323833856
    loc("/home/zhiyong/miniconda3/envs/dct-cryptonets/lib/python3.9/site-packages/concrete/ml/quantization/quantized_ops.py":1699:0): 16781312
    loc("/home/zhiyong/miniconda3/envs/dct-cryptonets/lib/python3.9/site-packages/concrete/ml/quantization/quantized_ops.py":594:0): 74008858688
    loc("/home/zhiyong/miniconda3/envs/dct-cryptonets/lib/python3.9/site-packages/concrete/ml/quantization/quantizers.py":774:0): 204714525328
    loc("@/trunk/trunk.1/Conv.conv | /home/zhiyong/miniconda3/envs/dct-cryptonets/lib/python3.9/site-packages/concrete/ml/quantization/quantized_ops.py":891:0): 3393316360
    loc("@/trunk/trunk.1/Conv.conv_rounding | /home/zhiyong/miniconda3/envs/dct-cryptonets/lib/python3.9/site-packages/concrete/ml/quantization/base_quantized_op.py":1015:0): 4935804992
    loc("@/trunk/trunk.10/C1/Conv.conv | /home/zhiyong/miniconda3/envs/dct-cryptonets/lib/python3.9/site-packages/concrete/ml/quantization/quantized_ops.py":891:0): 1921335304
    loc("@/trunk/trunk.10/C1/Conv.conv_rounding | /home/zhiyong/miniconda3/envs/dct-cryptonets/lib/python3.9/site-packages/concrete/ml/quantization/base_quantized_op.py":1015:0): 617455960
    loc("@/trunk/trunk.10/C2/Conv.conv | /home/zhiyong/miniconda3/envs/dct-cryptonets/lib/python3.9/site-packages/concrete/ml/quantization/quantized_ops.py":891:0): 1330733064
    loc("@/trunk/trunk.10/C2/Conv.conv_rounding | /home/zhiyong/miniconda3/envs/dct-cryptonets/lib/python3.9/site-packages/concrete/ml/quantization/base_quantized_op.py":1015:0): 617535888
    loc("@/trunk/trunk.10/shortcut/Conv.conv | /home/zhiyong/miniconda3/envs/dct-cryptonets/lib/python3.9/site-packages/concrete/ml/quantization/quantized_ops.py":891:0): 1542553608
    loc("@/trunk/trunk.10/shortcut/Conv.conv_rounding | /home/zhiyong/miniconda3/envs/dct-cryptonets/lib/python3.9/site-packages/concrete/ml/quantization/base_quantized_op.py":1015:0): 617216176
    loc("@/trunk/trunk.11/C1/Conv.conv | /home/zhiyong/miniconda3/envs/dct-cryptonets/lib/python3.9/site-packages/concrete/ml/quantization/quantized_ops.py":891:0): 1330733064
    loc("@/trunk/trunk.11/C1/Conv.conv_rounding | /home/zhiyong/miniconda3/envs/dct-cryptonets/lib/python3.9/site-packages/concrete/ml/quantization/base_quantized_op.py":1015:0): 617455960
    loc("@/trunk/trunk.11/C2/Conv.conv | /home/zhiyong/miniconda3/envs/dct-cryptonets/lib/python3.9/site-packages/concrete/ml/quantization/quantized_ops.py":891:0): 1330733064
    loc("@/trunk/trunk.11/C2/Conv.conv_rounding | /home/zhiyong/miniconda3/envs/dct-cryptonets/lib/python3.9/site-packages/concrete/ml/quantization/base_quantized_op.py":1015:0): 617615816
    loc("@/trunk/trunk.12/AveragePool.avgpool | /home/zhiyong/miniconda3/envs/dct-cryptonets/lib/python3.9/site-packages/concrete/ml/quantization/quantized_ops.py":1157:0): 321343496
    loc("@/trunk/trunk.12/AveragePool.avgpool_rounding | /home/zhiyong/miniconda3/envs/dct-cryptonets/lib/python3.9/site-packages/concrete/ml/quantization/base_quantized_op.py":1015:0): 12683328
    loc("@/trunk/trunk.4/C1/Conv.conv | /home/zhiyong/miniconda3/envs/dct-cryptonets/lib/python3.9/site-packages/concrete/ml/quantization/quantized_ops.py":891:0): 5115185160
    loc("@/trunk/trunk.4/C1/Conv.conv_rounding | /home/zhiyong/miniconda3/envs/dct-cryptonets/lib/python3.9/site-packages/concrete/ml/quantization/base_quantized_op.py":1015:0): 4936044776
    loc("@/trunk/trunk.4/C2/Conv.conv | /home/zhiyong/miniconda3/envs/dct-cryptonets/lib/python3.9/site-packages/concrete/ml/quantization/quantized_ops.py":891:0): 7762464776
    loc("@/trunk/trunk.4/C2/Conv.conv_rounding | /home/zhiyong/miniconda3/envs/dct-cryptonets/lib/python3.9/site-packages/concrete/ml/quantization/base_quantized_op.py":1015:0): 4936124704
    loc("@/trunk/trunk.5/C1/Conv.conv | /home/zhiyong/miniconda3/envs/dct-cryptonets/lib/python3.9/site-packages/concrete/ml/quantization/quantized_ops.py":891:0): 7762464776
    loc("@/trunk/trunk.5/C1/Conv.conv_rounding | /home/zhiyong/miniconda3/envs/dct-cryptonets/lib/python3.9/site-packages/concrete/ml/quantization/base_quantized_op.py":1015:0): 4936044776
    loc("@/trunk/trunk.5/C2/Conv.conv | /home/zhiyong/miniconda3/envs/dct-cryptonets/lib/python3.9/site-packages/concrete/ml/quantization/quantized_ops.py":891:0): 7762464776
    loc("@/trunk/trunk.5/C2/Conv.conv_rounding | /home/zhiyong/miniconda3/envs/dct-cryptonets/lib/python3.9/site-packages/concrete/ml/quantization/base_quantized_op.py":1015:0): 4936124704
    loc("@/trunk/trunk.6/C1/Conv.conv | /home/zhiyong/miniconda3/envs/dct-cryptonets/lib/python3.9/site-packages/concrete/ml/quantization/quantized_ops.py":891:0): 6528573448
    loc("@/trunk/trunk.6/C1/Conv.conv_rounding | /home/zhiyong/miniconda3/envs/dct-cryptonets/lib/python3.9/site-packages/concrete/ml/quantization/base_quantized_op.py":1015:0): 2468188392
    loc("@/trunk/trunk.6/C2/Conv.conv | /home/zhiyong/miniconda3/envs/dct-cryptonets/lib/python3.9/site-packages/concrete/ml/quantization/quantized_ops.py":891:0): 4067086344
    loc("@/trunk/trunk.6/C2/Conv.conv_rounding | /home/zhiyong/miniconda3/envs/dct-cryptonets/lib/python3.9/site-packages/concrete/ml/quantization/base_quantized_op.py":1015:0): 2468268320
    loc("@/trunk/trunk.6/shortcut/Conv.conv | /home/zhiyong/miniconda3/envs/dct-cryptonets/lib/python3.9/site-packages/concrete/ml/quantization/quantized_ops.py":891:0): 6169661448
    loc("@/trunk/trunk.6/shortcut/Conv.conv_rounding | /home/zhiyong/miniconda3/envs/dct-cryptonets/lib/python3.9/site-packages/concrete/ml/quantization/base_quantized_op.py":1015:0): 2468028536
    loc("@/trunk/trunk.7/C1/Conv.conv | /home/zhiyong/miniconda3/envs/dct-cryptonets/lib/python3.9/site-packages/concrete/ml/quantization/quantized_ops.py":891:0): 4067086344
    loc("@/trunk/trunk.7/C1/Conv.conv_rounding | /home/zhiyong/miniconda3/envs/dct-cryptonets/lib/python3.9/site-packages/concrete/ml/quantization/base_quantized_op.py":1015:0): 2468268320
    loc("@/trunk/trunk.7/C2/Conv.conv | /home/zhiyong/miniconda3/envs/dct-cryptonets/lib/python3.9/site-packages/concrete/ml/quantization/quantized_ops.py":891:0): 4067086344
    loc("@/trunk/trunk.7/C2/Conv.conv_rounding | /home/zhiyong/miniconda3/envs/dct-cryptonets/lib/python3.9/site-packages/concrete/ml/quantization/base_quantized_op.py":1015:0): 2468348248
    loc("@/trunk/trunk.8/C1/Conv.conv | /home/zhiyong/miniconda3/envs/dct-cryptonets/lib/python3.9/site-packages/concrete/ml/quantization/quantized_ops.py":891:0): 3450269704
    loc("@/trunk/trunk.8/C1/Conv.conv_rounding | /home/zhiyong/miniconda3/envs/dct-cryptonets/lib/python3.9/site-packages/concrete/ml/quantization/base_quantized_op.py":1015:0): 1234340128
    loc("@/trunk/trunk.8/C2/Conv.conv | /home/zhiyong/miniconda3/envs/dct-cryptonets/lib/python3.9/site-packages/concrete/ml/quantization/quantized_ops.py":891:0): 2229227528
    loc("@/trunk/trunk.8/C2/Conv.conv_rounding | /home/zhiyong/miniconda3/envs/dct-cryptonets/lib/python3.9/site-packages/concrete/ml/quantization/base_quantized_op.py":1015:0): 1234420056
    loc("@/trunk/trunk.8/shortcut/Conv.conv | /home/zhiyong/miniconda3/envs/dct-cryptonets/lib/python3.9/site-packages/concrete/ml/quantization/quantized_ops.py":891:0): 3084865544
    loc("@/trunk/trunk.8/shortcut/Conv.conv_rounding | /home/zhiyong/miniconda3/envs/dct-cryptonets/lib/python3.9/site-packages/concrete/ml/quantization/base_quantized_op.py":1015:0): 1234180272
    loc("@/trunk/trunk.9/C1/Conv.conv | /home/zhiyong/miniconda3/envs/dct-cryptonets/lib/python3.9/site-packages/concrete/ml/quantization/quantized_ops.py":891:0): 2229227528
    loc("@/trunk/trunk.9/C1/Conv.conv_rounding | /home/zhiyong/miniconda3/envs/dct-cryptonets/lib/python3.9/site-packages/concrete/ml/quantization/base_quantized_op.py":1015:0): 1234420056
    loc("@/trunk/trunk.9/C2/Conv.conv | /home/zhiyong/miniconda3/envs/dct-cryptonets/lib/python3.9/site-packages/concrete/ml/quantization/quantized_ops.py":891:0): 2229227528
    loc("@/trunk/trunk.9/C2/Conv.conv_rounding | /home/zhiyong/miniconda3/envs/dct-cryptonets/lib/python3.9/site-packages/concrete/ml/quantization/base_quantized_op.py":1015:0): 1234420056
    loc(unknown): 52367960400
}
size_of_secret_keys: 150776
size_of_bootstrap_keys: 2160984064
size_of_keyswitch_keys: 2028863488
p_error: 0.04907214613160326
global_p_error: 1.0
complexity: 2386108005070336.0
--------------------------------------------------------------------------------

Time for FHE compilation 145.53
Max bit-width: 15 bits -> it works in FHE!!
Keygen time: 4.43s

Running UNENCRYPTED model on a subset of 1 images...
  0%|          | 0/1 [00:00<?, ?it/s]100%|██████████| 1/1 [00:00<00:00, 37.58it/s]
  0%|          | 0/1 [00:00<?, ?it/s]100%|██████████| 1/1 [00:00<00:00, 37.48it/s]
/home/zhiyong/miniconda3/envs/dct-cryptonets/lib/python3.9/site-packages/sklearn/metrics/_classification.py:1599: UndefinedMetricWarning: F-score is ill-defined and being set to 0.0 due to no true nor predicted samples. Use `zero_division` parameter to control this behavior.
  _warn_prf(average, "true nor predicted", "F-score is", len(true_sum))
[Validation] Top-1 Acc: 100.000% | Top-5 Acc: 0.000% | Avg. Loss: 0.006 | F1: 0.000%
/home/zhiyong/miniconda3/envs/dct-cryptonets/lib/python3.9/site-packages/sklearn/metrics/_classification.py:1599: UndefinedMetricWarning: F-score is ill-defined and being set to 0.0 due to no true nor predicted samples. Use `zero_division` parameter to control this behavior.
  _warn_prf(average, "true nor predicted", "F-score is", len(true_sum))
[Test] Top-1 Acc: 100.000% | Top-5 Acc: 0.000% | Avg. Loss: 0.006 | F1: 0.000%

Running ENCRYPTED test inference in EXECUTE mode on a subset of 1 images...
  0%|          | 0/1 [00:00<?, ?it/s]100%|██████████| 1/1 [1:47:24<00:00, 6444.68s/it]100%|██████████| 1/1 [1:47:24<00:00, 6444.68s/it]
/home/zhiyong/miniconda3/envs/dct-cryptonets/lib/python3.9/site-packages/sklearn/metrics/_classification.py:1599: UndefinedMetricWarning: F-score is ill-defined and being set to 0.0 due to no true nor predicted samples. Use `zero_division` parameter to control this behavior.
  _warn_prf(average, "true nor predicted", "F-score is", len(true_sum))
[Test] Top-1 Acc: 100.000% | Top-5 Acc: 0.000% | F1: 0.000% | Time per inference in FHE: 6444.68
Done
