-----General parameters-----
model=ResNet50qat
dataset=FaceForensic
num_classes=2
dataset_path=/home/zhiyong/Git/dct-cryptonets/dct-cryptonets/dataset/FaceForensic
checkpoint_path=/home/zhiyong/Git/dct-cryptonets/dct-cryptonets/checkpoint/faceforensic/resnet50_qat_dct_v2/best.tar
bit_width=4
-----Homomorphic encryption parameters-----
fhe_mode=simulate
calib_batch_size=100
test_batch_size=50
test_subset=200
rounding_threshold_bits=7
n_bits=5
p_error=0.01
reliability_test=True
verbose=True
-----DCT parameters-----
dct_status=Y
image_size=56
filter_size=8
dct_pattern=default
channels=24

Using GPU: True

Number Parameters: 23504329

============Model Summary============
=============================================================================================================================
Layer (type:depth-idx)                                                      Output Shape              Param #
=============================================================================================================================
ResNetQDCT                                                                  [1, 2048]                 --
├─Sequential: 1-1                                                           [1, 2048]                 --
│    └─QuantIdentity: 2-1                                                   [1, 24, 56, 56]           --
│    │    └─ActQuantProxyFromInjector: 3-1                                  [1, 24, 56, 56]           --
│    │    └─ActQuantProxyFromInjector: 3-2                                  [1, 24, 56, 56]           1
│    └─QuantIdentity: 2-159                                                 --                        (recursive)
│    │    └─ActQuantProxyFromInjector: 3-318                                --                        (recursive)
│    └─QuantIdentity: 2-3                                                   --                        (recursive)
│    │    └─ActQuantProxyFromInjector: 3-4                                  --                        (recursive)
│    └─QuantConv2d: 2-4                                                     [1, 64, 56, 56]           --
│    │    └─ActQuantProxyFromInjector: 3-5                                  [1, 24, 56, 56]           --
│    │    └─WeightQuantProxyFromInjector: 3-6                               [64, 24, 1, 1]            1,536
│    │    └─ActQuantProxyFromInjector: 3-7                                  [1, 64, 56, 56]           --
│    └─BatchNorm2d: 2-5                                                     [1, 64, 56, 56]           128
│    └─QuantIdentity: 2-6                                                   [1, 64, 56, 56]           --
│    │    └─ActQuantProxyFromInjector: 3-8                                  [1, 64, 56, 56]           --
│    │    └─ActQuantProxyFromInjector: 3-9                                  [1, 64, 56, 56]           1
│    └─QuantIdentity: 2-159                                                 --                        (recursive)
│    │    └─ActQuantProxyFromInjector: 3-318                                --                        (recursive)
│    └─QuantIdentity: 2-8                                                   --                        (recursive)
│    │    └─ActQuantProxyFromInjector: 3-11                                 --                        (recursive)
│    └─BottleneckQBlock: 2-9                                                [1, 256, 56, 56]          70,788
│    │    └─QuantConv2d: 3-12                                               [1, 64, 56, 56]           4,096
│    │    └─BatchNorm2d: 3-13                                               [1, 64, 56, 56]           128
│    │    └─QuantReLU: 3-14                                                 [1, 64, 56, 56]           1
│    └─QuantIdentity: 2-159                                                 --                        (recursive)
│    │    └─ActQuantProxyFromInjector: 3-318                                --                        (recursive)
│    └─BottleneckQBlock: 2-19                                               --                        (recursive)
│    │    └─QuantReLU: 3-16                                                 --                        (recursive)
│    │    └─QuantConv2d: 3-17                                               [1, 64, 56, 56]           36,864
│    │    └─BatchNorm2d: 3-18                                               [1, 64, 56, 56]           128
│    │    └─QuantReLU: 3-19                                                 [1, 64, 56, 56]           1
│    └─QuantIdentity: 2-159                                                 --                        (recursive)
│    │    └─ActQuantProxyFromInjector: 3-318                                --                        (recursive)
│    └─BottleneckQBlock: 2-19                                               --                        (recursive)
│    │    └─QuantReLU: 3-21                                                 --                        (recursive)
│    │    └─QuantConv2d: 3-22                                               [1, 256, 56, 56]          16,384
│    │    └─BatchNorm2d: 3-23                                               [1, 256, 56, 56]          512
│    │    └─QuantIdentity: 3-24                                             [1, 256, 56, 56]          1
│    └─QuantIdentity: 2-159                                                 --                        (recursive)
│    │    └─ActQuantProxyFromInjector: 3-318                                --                        (recursive)
│    └─BottleneckQBlock: 2-19                                               --                        (recursive)
│    │    └─QuantIdentity: 3-26                                             --                        (recursive)
│    │    └─QuantConv2d: 3-27                                               [1, 256, 56, 56]          16,384
│    │    └─BatchNorm2d: 3-28                                               [1, 256, 56, 56]          512
│    │    └─QuantIdentity: 3-29                                             [1, 256, 56, 56]          1
│    └─QuantIdentity: 2-159                                                 --                        (recursive)
│    │    └─ActQuantProxyFromInjector: 3-318                                --                        (recursive)
│    └─BottleneckQBlock: 2-19                                               --                        (recursive)
│    │    └─QuantIdentity: 3-31                                             --                        (recursive)
│    │    └─QuantReLU: 3-32                                                 [1, 256, 56, 56]          1
│    └─QuantIdentity: 2-159                                                 --                        (recursive)
│    │    └─ActQuantProxyFromInjector: 3-318                                --                        (recursive)
│    └─BottleneckQBlock: 2-19                                               --                        (recursive)
│    │    └─QuantReLU: 3-34                                                 --                        (recursive)
│    └─BottleneckQBlock: 2-20                                               [1, 256, 56, 56]          53,891
│    │    └─QuantConv2d: 3-35                                               [1, 64, 56, 56]           16,384
│    │    └─BatchNorm2d: 3-36                                               [1, 64, 56, 56]           128
│    │    └─QuantReLU: 3-37                                                 [1, 64, 56, 56]           1
│    └─QuantIdentity: 2-159                                                 --                        (recursive)
│    │    └─ActQuantProxyFromInjector: 3-318                                --                        (recursive)
│    └─BottleneckQBlock: 2-28                                               --                        (recursive)
│    │    └─QuantReLU: 3-39                                                 --                        (recursive)
│    │    └─QuantConv2d: 3-40                                               [1, 64, 56, 56]           36,864
│    │    └─BatchNorm2d: 3-41                                               [1, 64, 56, 56]           128
│    │    └─QuantReLU: 3-42                                                 [1, 64, 56, 56]           1
│    └─QuantIdentity: 2-159                                                 --                        (recursive)
│    │    └─ActQuantProxyFromInjector: 3-318                                --                        (recursive)
│    └─BottleneckQBlock: 2-28                                               --                        (recursive)
│    │    └─QuantReLU: 3-44                                                 --                        (recursive)
│    │    └─QuantConv2d: 3-45                                               [1, 256, 56, 56]          16,384
│    │    └─BatchNorm2d: 3-46                                               [1, 256, 56, 56]          512
│    │    └─QuantIdentity: 3-47                                             [1, 256, 56, 56]          1
│    └─QuantIdentity: 2-159                                                 --                        (recursive)
│    │    └─ActQuantProxyFromInjector: 3-318                                --                        (recursive)
│    └─BottleneckQBlock: 2-28                                               --                        (recursive)
│    │    └─QuantIdentity: 3-49                                             --                        (recursive)
│    │    └─QuantReLU: 3-50                                                 [1, 256, 56, 56]          1
│    └─QuantIdentity: 2-159                                                 --                        (recursive)
│    │    └─ActQuantProxyFromInjector: 3-318                                --                        (recursive)
│    └─BottleneckQBlock: 2-28                                               --                        (recursive)
│    │    └─QuantReLU: 3-52                                                 --                        (recursive)
│    └─BottleneckQBlock: 2-29                                               [1, 256, 56, 56]          53,891
│    │    └─QuantConv2d: 3-53                                               [1, 64, 56, 56]           16,384
│    │    └─BatchNorm2d: 3-54                                               [1, 64, 56, 56]           128
│    │    └─QuantReLU: 3-55                                                 [1, 64, 56, 56]           1
│    └─QuantIdentity: 2-159                                                 --                        (recursive)
│    │    └─ActQuantProxyFromInjector: 3-318                                --                        (recursive)
│    └─BottleneckQBlock: 2-37                                               --                        (recursive)
│    │    └─QuantReLU: 3-57                                                 --                        (recursive)
│    │    └─QuantConv2d: 3-58                                               [1, 64, 56, 56]           36,864
│    │    └─BatchNorm2d: 3-59                                               [1, 64, 56, 56]           128
│    │    └─QuantReLU: 3-60                                                 [1, 64, 56, 56]           1
│    └─QuantIdentity: 2-159                                                 --                        (recursive)
│    │    └─ActQuantProxyFromInjector: 3-318                                --                        (recursive)
│    └─BottleneckQBlock: 2-37                                               --                        (recursive)
│    │    └─QuantReLU: 3-62                                                 --                        (recursive)
│    │    └─QuantConv2d: 3-63                                               [1, 256, 56, 56]          16,384
│    │    └─BatchNorm2d: 3-64                                               [1, 256, 56, 56]          512
│    │    └─QuantIdentity: 3-65                                             [1, 256, 56, 56]          1
│    └─QuantIdentity: 2-159                                                 --                        (recursive)
│    │    └─ActQuantProxyFromInjector: 3-318                                --                        (recursive)
│    └─BottleneckQBlock: 2-37                                               --                        (recursive)
│    │    └─QuantIdentity: 3-67                                             --                        (recursive)
│    │    └─QuantReLU: 3-68                                                 [1, 256, 56, 56]          1
│    └─QuantIdentity: 2-159                                                 --                        (recursive)
│    │    └─ActQuantProxyFromInjector: 3-318                                --                        (recursive)
│    └─BottleneckQBlock: 2-37                                               --                        (recursive)
│    │    └─QuantReLU: 3-70                                                 --                        (recursive)
│    └─BottleneckQBlock: 2-38                                               [1, 512, 28, 28]          346,372
│    │    └─QuantConv2d: 3-71                                               [1, 128, 56, 56]          32,768
│    │    └─BatchNorm2d: 3-72                                               [1, 128, 56, 56]          256
│    │    └─QuantReLU: 3-73                                                 [1, 128, 56, 56]          1
│    └─QuantIdentity: 2-159                                                 --                        (recursive)
│    │    └─ActQuantProxyFromInjector: 3-318                                --                        (recursive)
│    └─BottleneckQBlock: 2-48                                               --                        (recursive)
│    │    └─QuantReLU: 3-75                                                 --                        (recursive)
│    │    └─QuantConv2d: 3-76                                               [1, 128, 28, 28]          147,456
│    │    └─BatchNorm2d: 3-77                                               [1, 128, 28, 28]          256
│    │    └─QuantReLU: 3-78                                                 [1, 128, 28, 28]          1
│    └─QuantIdentity: 2-159                                                 --                        (recursive)
│    │    └─ActQuantProxyFromInjector: 3-318                                --                        (recursive)
│    └─BottleneckQBlock: 2-48                                               --                        (recursive)
│    │    └─QuantReLU: 3-80                                                 --                        (recursive)
│    │    └─QuantConv2d: 3-81                                               [1, 512, 28, 28]          65,536
│    │    └─BatchNorm2d: 3-82                                               [1, 512, 28, 28]          1,024
│    │    └─QuantIdentity: 3-83                                             [1, 512, 28, 28]          1
│    └─QuantIdentity: 2-159                                                 --                        (recursive)
│    │    └─ActQuantProxyFromInjector: 3-318                                --                        (recursive)
│    └─BottleneckQBlock: 2-48                                               --                        (recursive)
│    │    └─QuantIdentity: 3-85                                             --                        (recursive)
│    │    └─QuantConv2d: 3-86                                               [1, 512, 28, 28]          131,072
│    │    └─BatchNorm2d: 3-87                                               [1, 512, 28, 28]          1,024
│    │    └─QuantIdentity: 3-88                                             [1, 512, 28, 28]          1
│    └─QuantIdentity: 2-159                                                 --                        (recursive)
│    │    └─ActQuantProxyFromInjector: 3-318                                --                        (recursive)
│    └─BottleneckQBlock: 2-48                                               --                        (recursive)
│    │    └─QuantIdentity: 3-90                                             --                        (recursive)
│    │    └─QuantReLU: 3-91                                                 [1, 512, 28, 28]          1
│    └─QuantIdentity: 2-159                                                 --                        (recursive)
│    │    └─ActQuantProxyFromInjector: 3-318                                --                        (recursive)
│    └─BottleneckQBlock: 2-48                                               --                        (recursive)
│    │    └─QuantReLU: 3-93                                                 --                        (recursive)
│    └─BottleneckQBlock: 2-49                                               [1, 512, 28, 28]          214,275
│    │    └─QuantConv2d: 3-94                                               [1, 128, 28, 28]          65,536
│    │    └─BatchNorm2d: 3-95                                               [1, 128, 28, 28]          256
│    │    └─QuantReLU: 3-96                                                 [1, 128, 28, 28]          1
│    └─QuantIdentity: 2-159                                                 --                        (recursive)
│    │    └─ActQuantProxyFromInjector: 3-318                                --                        (recursive)
│    └─BottleneckQBlock: 2-57                                               --                        (recursive)
│    │    └─QuantReLU: 3-98                                                 --                        (recursive)
│    │    └─QuantConv2d: 3-99                                               [1, 128, 28, 28]          147,456
│    │    └─BatchNorm2d: 3-100                                              [1, 128, 28, 28]          256
│    │    └─QuantReLU: 3-101                                                [1, 128, 28, 28]          1
│    └─QuantIdentity: 2-159                                                 --                        (recursive)
│    │    └─ActQuantProxyFromInjector: 3-318                                --                        (recursive)
│    └─BottleneckQBlock: 2-57                                               --                        (recursive)
│    │    └─QuantReLU: 3-103                                                --                        (recursive)
│    │    └─QuantConv2d: 3-104                                              [1, 512, 28, 28]          65,536
│    │    └─BatchNorm2d: 3-105                                              [1, 512, 28, 28]          1,024
│    │    └─QuantIdentity: 3-106                                            [1, 512, 28, 28]          1
│    └─QuantIdentity: 2-159                                                 --                        (recursive)
│    │    └─ActQuantProxyFromInjector: 3-318                                --                        (recursive)
│    └─BottleneckQBlock: 2-57                                               --                        (recursive)
│    │    └─QuantIdentity: 3-108                                            --                        (recursive)
│    │    └─QuantReLU: 3-109                                                [1, 512, 28, 28]          1
│    └─QuantIdentity: 2-159                                                 --                        (recursive)
│    │    └─ActQuantProxyFromInjector: 3-318                                --                        (recursive)
│    └─BottleneckQBlock: 2-57                                               --                        (recursive)
│    │    └─QuantReLU: 3-111                                                --                        (recursive)
│    └─BottleneckQBlock: 2-58                                               [1, 512, 28, 28]          214,275
│    │    └─QuantConv2d: 3-112                                              [1, 128, 28, 28]          65,536
│    │    └─BatchNorm2d: 3-113                                              [1, 128, 28, 28]          256
│    │    └─QuantReLU: 3-114                                                [1, 128, 28, 28]          1
│    └─QuantIdentity: 2-159                                                 --                        (recursive)
│    │    └─ActQuantProxyFromInjector: 3-318                                --                        (recursive)
│    └─BottleneckQBlock: 2-66                                               --                        (recursive)
│    │    └─QuantReLU: 3-116                                                --                        (recursive)
│    │    └─QuantConv2d: 3-117                                              [1, 128, 28, 28]          147,456
│    │    └─BatchNorm2d: 3-118                                              [1, 128, 28, 28]          256
│    │    └─QuantReLU: 3-119                                                [1, 128, 28, 28]          1
│    └─QuantIdentity: 2-159                                                 --                        (recursive)
│    │    └─ActQuantProxyFromInjector: 3-318                                --                        (recursive)
│    └─BottleneckQBlock: 2-66                                               --                        (recursive)
│    │    └─QuantReLU: 3-121                                                --                        (recursive)
│    │    └─QuantConv2d: 3-122                                              [1, 512, 28, 28]          65,536
│    │    └─BatchNorm2d: 3-123                                              [1, 512, 28, 28]          1,024
│    │    └─QuantIdentity: 3-124                                            [1, 512, 28, 28]          1
│    └─QuantIdentity: 2-159                                                 --                        (recursive)
│    │    └─ActQuantProxyFromInjector: 3-318                                --                        (recursive)
│    └─BottleneckQBlock: 2-66                                               --                        (recursive)
│    │    └─QuantIdentity: 3-126                                            --                        (recursive)
│    │    └─QuantReLU: 3-127                                                [1, 512, 28, 28]          1
│    └─QuantIdentity: 2-159                                                 --                        (recursive)
│    │    └─ActQuantProxyFromInjector: 3-318                                --                        (recursive)
│    └─BottleneckQBlock: 2-66                                               --                        (recursive)
│    │    └─QuantReLU: 3-129                                                --                        (recursive)
│    └─BottleneckQBlock: 2-67                                               [1, 512, 28, 28]          214,275
│    │    └─QuantConv2d: 3-130                                              [1, 128, 28, 28]          65,536
│    │    └─BatchNorm2d: 3-131                                              [1, 128, 28, 28]          256
│    │    └─QuantReLU: 3-132                                                [1, 128, 28, 28]          1
│    └─QuantIdentity: 2-159                                                 --                        (recursive)
│    │    └─ActQuantProxyFromInjector: 3-318                                --                        (recursive)
│    └─BottleneckQBlock: 2-75                                               --                        (recursive)
│    │    └─QuantReLU: 3-134                                                --                        (recursive)
│    │    └─QuantConv2d: 3-135                                              [1, 128, 28, 28]          147,456
│    │    └─BatchNorm2d: 3-136                                              [1, 128, 28, 28]          256
│    │    └─QuantReLU: 3-137                                                [1, 128, 28, 28]          1
│    └─QuantIdentity: 2-159                                                 --                        (recursive)
│    │    └─ActQuantProxyFromInjector: 3-318                                --                        (recursive)
│    └─BottleneckQBlock: 2-75                                               --                        (recursive)
│    │    └─QuantReLU: 3-139                                                --                        (recursive)
│    │    └─QuantConv2d: 3-140                                              [1, 512, 28, 28]          65,536
│    │    └─BatchNorm2d: 3-141                                              [1, 512, 28, 28]          1,024
│    │    └─QuantIdentity: 3-142                                            [1, 512, 28, 28]          1
│    └─QuantIdentity: 2-159                                                 --                        (recursive)
│    │    └─ActQuantProxyFromInjector: 3-318                                --                        (recursive)
│    └─BottleneckQBlock: 2-75                                               --                        (recursive)
│    │    └─QuantIdentity: 3-144                                            --                        (recursive)
│    │    └─QuantReLU: 3-145                                                [1, 512, 28, 28]          1
│    └─QuantIdentity: 2-159                                                 --                        (recursive)
│    │    └─ActQuantProxyFromInjector: 3-318                                --                        (recursive)
│    └─BottleneckQBlock: 2-75                                               --                        (recursive)
│    │    └─QuantReLU: 3-147                                                --                        (recursive)
│    └─BottleneckQBlock: 2-76                                               [1, 1024, 14, 14]         1,380,868
│    │    └─QuantConv2d: 3-148                                              [1, 256, 28, 28]          131,072
│    │    └─BatchNorm2d: 3-149                                              [1, 256, 28, 28]          512
│    │    └─QuantReLU: 3-150                                                [1, 256, 28, 28]          1
│    └─QuantIdentity: 2-159                                                 --                        (recursive)
│    │    └─ActQuantProxyFromInjector: 3-318                                --                        (recursive)
│    └─BottleneckQBlock: 2-86                                               --                        (recursive)
│    │    └─QuantReLU: 3-152                                                --                        (recursive)
│    │    └─QuantConv2d: 3-153                                              [1, 256, 14, 14]          589,824
│    │    └─BatchNorm2d: 3-154                                              [1, 256, 14, 14]          512
│    │    └─QuantReLU: 3-155                                                [1, 256, 14, 14]          1
│    └─QuantIdentity: 2-159                                                 --                        (recursive)
│    │    └─ActQuantProxyFromInjector: 3-318                                --                        (recursive)
│    └─BottleneckQBlock: 2-86                                               --                        (recursive)
│    │    └─QuantReLU: 3-157                                                --                        (recursive)
│    │    └─QuantConv2d: 3-158                                              [1, 1024, 14, 14]         262,144
│    │    └─BatchNorm2d: 3-159                                              [1, 1024, 14, 14]         2,048
│    │    └─QuantIdentity: 3-160                                            [1, 1024, 14, 14]         1
│    └─QuantIdentity: 2-159                                                 --                        (recursive)
│    │    └─ActQuantProxyFromInjector: 3-318                                --                        (recursive)
│    └─BottleneckQBlock: 2-86                                               --                        (recursive)
│    │    └─QuantIdentity: 3-162                                            --                        (recursive)
│    │    └─QuantConv2d: 3-163                                              [1, 1024, 14, 14]         524,288
│    │    └─BatchNorm2d: 3-164                                              [1, 1024, 14, 14]         2,048
│    │    └─QuantIdentity: 3-165                                            [1, 1024, 14, 14]         1
│    └─QuantIdentity: 2-159                                                 --                        (recursive)
│    │    └─ActQuantProxyFromInjector: 3-318                                --                        (recursive)
│    └─BottleneckQBlock: 2-86                                               --                        (recursive)
│    │    └─QuantIdentity: 3-167                                            --                        (recursive)
│    │    └─QuantReLU: 3-168                                                [1, 1024, 14, 14]         1
│    └─QuantIdentity: 2-159                                                 --                        (recursive)
│    │    └─ActQuantProxyFromInjector: 3-318                                --                        (recursive)
│    └─BottleneckQBlock: 2-86                                               --                        (recursive)
│    │    └─QuantReLU: 3-170                                                --                        (recursive)
│    └─BottleneckQBlock: 2-87                                               [1, 1024, 14, 14]         854,531
│    │    └─QuantConv2d: 3-171                                              [1, 256, 14, 14]          262,144
│    │    └─BatchNorm2d: 3-172                                              [1, 256, 14, 14]          512
│    │    └─QuantReLU: 3-173                                                [1, 256, 14, 14]          1
│    └─QuantIdentity: 2-159                                                 --                        (recursive)
│    │    └─ActQuantProxyFromInjector: 3-318                                --                        (recursive)
│    └─BottleneckQBlock: 2-95                                               --                        (recursive)
│    │    └─QuantReLU: 3-175                                                --                        (recursive)
│    │    └─QuantConv2d: 3-176                                              [1, 256, 14, 14]          589,824
│    │    └─BatchNorm2d: 3-177                                              [1, 256, 14, 14]          512
│    │    └─QuantReLU: 3-178                                                [1, 256, 14, 14]          1
│    └─QuantIdentity: 2-159                                                 --                        (recursive)
│    │    └─ActQuantProxyFromInjector: 3-318                                --                        (recursive)
│    └─BottleneckQBlock: 2-95                                               --                        (recursive)
│    │    └─QuantReLU: 3-180                                                --                        (recursive)
│    │    └─QuantConv2d: 3-181                                              [1, 1024, 14, 14]         262,144
│    │    └─BatchNorm2d: 3-182                                              [1, 1024, 14, 14]         2,048
│    │    └─QuantIdentity: 3-183                                            [1, 1024, 14, 14]         1
│    └─QuantIdentity: 2-159                                                 --                        (recursive)
│    │    └─ActQuantProxyFromInjector: 3-318                                --                        (recursive)
│    └─BottleneckQBlock: 2-95                                               --                        (recursive)
│    │    └─QuantIdentity: 3-185                                            --                        (recursive)
│    │    └─QuantReLU: 3-186                                                [1, 1024, 14, 14]         1
│    └─QuantIdentity: 2-159                                                 --                        (recursive)
│    │    └─ActQuantProxyFromInjector: 3-318                                --                        (recursive)
│    └─BottleneckQBlock: 2-95                                               --                        (recursive)
│    │    └─QuantReLU: 3-188                                                --                        (recursive)
│    └─BottleneckQBlock: 2-96                                               [1, 1024, 14, 14]         854,531
│    │    └─QuantConv2d: 3-189                                              [1, 256, 14, 14]          262,144
│    │    └─BatchNorm2d: 3-190                                              [1, 256, 14, 14]          512
│    │    └─QuantReLU: 3-191                                                [1, 256, 14, 14]          1
│    └─QuantIdentity: 2-159                                                 --                        (recursive)
│    │    └─ActQuantProxyFromInjector: 3-318                                --                        (recursive)
│    └─BottleneckQBlock: 2-104                                              --                        (recursive)
│    │    └─QuantReLU: 3-193                                                --                        (recursive)
│    │    └─QuantConv2d: 3-194                                              [1, 256, 14, 14]          589,824
│    │    └─BatchNorm2d: 3-195                                              [1, 256, 14, 14]          512
│    │    └─QuantReLU: 3-196                                                [1, 256, 14, 14]          1
│    └─QuantIdentity: 2-159                                                 --                        (recursive)
│    │    └─ActQuantProxyFromInjector: 3-318                                --                        (recursive)
│    └─BottleneckQBlock: 2-104                                              --                        (recursive)
│    │    └─QuantReLU: 3-198                                                --                        (recursive)
│    │    └─QuantConv2d: 3-199                                              [1, 1024, 14, 14]         262,144
│    │    └─BatchNorm2d: 3-200                                              [1, 1024, 14, 14]         2,048
│    │    └─QuantIdentity: 3-201                                            [1, 1024, 14, 14]         1
│    └─QuantIdentity: 2-159                                                 --                        (recursive)
│    │    └─ActQuantProxyFromInjector: 3-318                                --                        (recursive)
│    └─BottleneckQBlock: 2-104                                              --                        (recursive)
│    │    └─QuantIdentity: 3-203                                            --                        (recursive)
│    │    └─QuantReLU: 3-204                                                [1, 1024, 14, 14]         1
│    └─QuantIdentity: 2-159                                                 --                        (recursive)
│    │    └─ActQuantProxyFromInjector: 3-318                                --                        (recursive)
│    └─BottleneckQBlock: 2-104                                              --                        (recursive)
│    │    └─QuantReLU: 3-206                                                --                        (recursive)
│    └─BottleneckQBlock: 2-105                                              [1, 1024, 14, 14]         854,531
│    │    └─QuantConv2d: 3-207                                              [1, 256, 14, 14]          262,144
│    │    └─BatchNorm2d: 3-208                                              [1, 256, 14, 14]          512
│    │    └─QuantReLU: 3-209                                                [1, 256, 14, 14]          1
│    └─QuantIdentity: 2-159                                                 --                        (recursive)
│    │    └─ActQuantProxyFromInjector: 3-318                                --                        (recursive)
│    └─BottleneckQBlock: 2-113                                              --                        (recursive)
│    │    └─QuantReLU: 3-211                                                --                        (recursive)
│    │    └─QuantConv2d: 3-212                                              [1, 256, 14, 14]          589,824
│    │    └─BatchNorm2d: 3-213                                              [1, 256, 14, 14]          512
│    │    └─QuantReLU: 3-214                                                [1, 256, 14, 14]          1
│    └─QuantIdentity: 2-159                                                 --                        (recursive)
│    │    └─ActQuantProxyFromInjector: 3-318                                --                        (recursive)
│    └─BottleneckQBlock: 2-113                                              --                        (recursive)
│    │    └─QuantReLU: 3-216                                                --                        (recursive)
│    │    └─QuantConv2d: 3-217                                              [1, 1024, 14, 14]         262,144
│    │    └─BatchNorm2d: 3-218                                              [1, 1024, 14, 14]         2,048
│    │    └─QuantIdentity: 3-219                                            [1, 1024, 14, 14]         1
│    └─QuantIdentity: 2-159                                                 --                        (recursive)
│    │    └─ActQuantProxyFromInjector: 3-318                                --                        (recursive)
│    └─BottleneckQBlock: 2-113                                              --                        (recursive)
│    │    └─QuantIdentity: 3-221                                            --                        (recursive)
│    │    └─QuantReLU: 3-222                                                [1, 1024, 14, 14]         1
│    └─QuantIdentity: 2-159                                                 --                        (recursive)
│    │    └─ActQuantProxyFromInjector: 3-318                                --                        (recursive)
│    └─BottleneckQBlock: 2-113                                              --                        (recursive)
│    │    └─QuantReLU: 3-224                                                --                        (recursive)
│    └─BottleneckQBlock: 2-114                                              [1, 1024, 14, 14]         854,531
│    │    └─QuantConv2d: 3-225                                              [1, 256, 14, 14]          262,144
│    │    └─BatchNorm2d: 3-226                                              [1, 256, 14, 14]          512
│    │    └─QuantReLU: 3-227                                                [1, 256, 14, 14]          1
│    └─QuantIdentity: 2-159                                                 --                        (recursive)
│    │    └─ActQuantProxyFromInjector: 3-318                                --                        (recursive)
│    └─BottleneckQBlock: 2-122                                              --                        (recursive)
│    │    └─QuantReLU: 3-229                                                --                        (recursive)
│    │    └─QuantConv2d: 3-230                                              [1, 256, 14, 14]          589,824
│    │    └─BatchNorm2d: 3-231                                              [1, 256, 14, 14]          512
│    │    └─QuantReLU: 3-232                                                [1, 256, 14, 14]          1
│    └─QuantIdentity: 2-159                                                 --                        (recursive)
│    │    └─ActQuantProxyFromInjector: 3-318                                --                        (recursive)
│    └─BottleneckQBlock: 2-122                                              --                        (recursive)
│    │    └─QuantReLU: 3-234                                                --                        (recursive)
│    │    └─QuantConv2d: 3-235                                              [1, 1024, 14, 14]         262,144
│    │    └─BatchNorm2d: 3-236                                              [1, 1024, 14, 14]         2,048
│    │    └─QuantIdentity: 3-237                                            [1, 1024, 14, 14]         1
│    └─QuantIdentity: 2-159                                                 --                        (recursive)
│    │    └─ActQuantProxyFromInjector: 3-318                                --                        (recursive)
│    └─BottleneckQBlock: 2-122                                              --                        (recursive)
│    │    └─QuantIdentity: 3-239                                            --                        (recursive)
│    │    └─QuantReLU: 3-240                                                [1, 1024, 14, 14]         1
│    └─QuantIdentity: 2-159                                                 --                        (recursive)
│    │    └─ActQuantProxyFromInjector: 3-318                                --                        (recursive)
│    └─BottleneckQBlock: 2-122                                              --                        (recursive)
│    │    └─QuantReLU: 3-242                                                --                        (recursive)
│    └─BottleneckQBlock: 2-123                                              [1, 1024, 14, 14]         854,531
│    │    └─QuantConv2d: 3-243                                              [1, 256, 14, 14]          262,144
│    │    └─BatchNorm2d: 3-244                                              [1, 256, 14, 14]          512
│    │    └─QuantReLU: 3-245                                                [1, 256, 14, 14]          1
│    └─QuantIdentity: 2-159                                                 --                        (recursive)
│    │    └─ActQuantProxyFromInjector: 3-318                                --                        (recursive)
│    └─BottleneckQBlock: 2-131                                              --                        (recursive)
│    │    └─QuantReLU: 3-247                                                --                        (recursive)
│    │    └─QuantConv2d: 3-248                                              [1, 256, 14, 14]          589,824
│    │    └─BatchNorm2d: 3-249                                              [1, 256, 14, 14]          512
│    │    └─QuantReLU: 3-250                                                [1, 256, 14, 14]          1
│    └─QuantIdentity: 2-159                                                 --                        (recursive)
│    │    └─ActQuantProxyFromInjector: 3-318                                --                        (recursive)
│    └─BottleneckQBlock: 2-131                                              --                        (recursive)
│    │    └─QuantReLU: 3-252                                                --                        (recursive)
│    │    └─QuantConv2d: 3-253                                              [1, 1024, 14, 14]         262,144
│    │    └─BatchNorm2d: 3-254                                              [1, 1024, 14, 14]         2,048
│    │    └─QuantIdentity: 3-255                                            [1, 1024, 14, 14]         1
│    └─QuantIdentity: 2-159                                                 --                        (recursive)
│    │    └─ActQuantProxyFromInjector: 3-318                                --                        (recursive)
│    └─BottleneckQBlock: 2-131                                              --                        (recursive)
│    │    └─QuantIdentity: 3-257                                            --                        (recursive)
│    │    └─QuantReLU: 3-258                                                [1, 1024, 14, 14]         1
│    └─QuantIdentity: 2-159                                                 --                        (recursive)
│    │    └─ActQuantProxyFromInjector: 3-318                                --                        (recursive)
│    └─BottleneckQBlock: 2-131                                              --                        (recursive)
│    │    └─QuantReLU: 3-260                                                --                        (recursive)
│    └─BottleneckQBlock: 2-132                                              [1, 2048, 7, 7]           5,514,244
│    │    └─QuantConv2d: 3-261                                              [1, 512, 14, 14]          524,288
│    │    └─BatchNorm2d: 3-262                                              [1, 512, 14, 14]          1,024
│    │    └─QuantReLU: 3-263                                                [1, 512, 14, 14]          1
│    └─QuantIdentity: 2-159                                                 --                        (recursive)
│    │    └─ActQuantProxyFromInjector: 3-318                                --                        (recursive)
│    └─BottleneckQBlock: 2-142                                              --                        (recursive)
│    │    └─QuantReLU: 3-265                                                --                        (recursive)
│    │    └─QuantConv2d: 3-266                                              [1, 512, 7, 7]            2,359,296
│    │    └─BatchNorm2d: 3-267                                              [1, 512, 7, 7]            1,024
│    │    └─QuantReLU: 3-268                                                [1, 512, 7, 7]            1
│    └─QuantIdentity: 2-159                                                 --                        (recursive)
│    │    └─ActQuantProxyFromInjector: 3-318                                --                        (recursive)
│    └─BottleneckQBlock: 2-142                                              --                        (recursive)
│    │    └─QuantReLU: 3-270                                                --                        (recursive)
│    │    └─QuantConv2d: 3-271                                              [1, 2048, 7, 7]           1,048,576
│    │    └─BatchNorm2d: 3-272                                              [1, 2048, 7, 7]           4,096
│    │    └─QuantIdentity: 3-273                                            [1, 2048, 7, 7]           1
│    └─QuantIdentity: 2-159                                                 --                        (recursive)
│    │    └─ActQuantProxyFromInjector: 3-318                                --                        (recursive)
│    └─BottleneckQBlock: 2-142                                              --                        (recursive)
│    │    └─QuantIdentity: 3-275                                            --                        (recursive)
│    │    └─QuantConv2d: 3-276                                              [1, 2048, 7, 7]           2,097,152
│    │    └─BatchNorm2d: 3-277                                              [1, 2048, 7, 7]           4,096
│    │    └─QuantIdentity: 3-278                                            [1, 2048, 7, 7]           1
│    └─QuantIdentity: 2-159                                                 --                        (recursive)
│    │    └─ActQuantProxyFromInjector: 3-318                                --                        (recursive)
│    └─BottleneckQBlock: 2-142                                              --                        (recursive)
│    │    └─QuantIdentity: 3-280                                            --                        (recursive)
│    │    └─QuantReLU: 3-281                                                [1, 2048, 7, 7]           1
│    └─QuantIdentity: 2-159                                                 --                        (recursive)
│    │    └─ActQuantProxyFromInjector: 3-318                                --                        (recursive)
│    └─BottleneckQBlock: 2-142                                              --                        (recursive)
│    │    └─QuantReLU: 3-283                                                --                        (recursive)
│    └─BottleneckQBlock: 2-143                                              [1, 2048, 7, 7]           3,412,995
│    │    └─QuantConv2d: 3-284                                              [1, 512, 7, 7]            1,048,576
│    │    └─BatchNorm2d: 3-285                                              [1, 512, 7, 7]            1,024
│    │    └─QuantReLU: 3-286                                                [1, 512, 7, 7]            1
│    └─QuantIdentity: 2-159                                                 --                        (recursive)
│    │    └─ActQuantProxyFromInjector: 3-318                                --                        (recursive)
│    └─BottleneckQBlock: 2-151                                              --                        (recursive)
│    │    └─QuantReLU: 3-288                                                --                        (recursive)
│    │    └─QuantConv2d: 3-289                                              [1, 512, 7, 7]            2,359,296
│    │    └─BatchNorm2d: 3-290                                              [1, 512, 7, 7]            1,024
│    │    └─QuantReLU: 3-291                                                [1, 512, 7, 7]            1
│    └─QuantIdentity: 2-159                                                 --                        (recursive)
│    │    └─ActQuantProxyFromInjector: 3-318                                --                        (recursive)
│    └─BottleneckQBlock: 2-151                                              --                        (recursive)
│    │    └─QuantReLU: 3-293                                                --                        (recursive)
│    │    └─QuantConv2d: 3-294                                              [1, 2048, 7, 7]           1,048,576
│    │    └─BatchNorm2d: 3-295                                              [1, 2048, 7, 7]           4,096
│    │    └─QuantIdentity: 3-296                                            [1, 2048, 7, 7]           1
│    └─QuantIdentity: 2-159                                                 --                        (recursive)
│    │    └─ActQuantProxyFromInjector: 3-318                                --                        (recursive)
│    └─BottleneckQBlock: 2-151                                              --                        (recursive)
│    │    └─QuantIdentity: 3-298                                            --                        (recursive)
│    │    └─QuantReLU: 3-299                                                [1, 2048, 7, 7]           1
│    └─QuantIdentity: 2-159                                                 --                        (recursive)
│    │    └─ActQuantProxyFromInjector: 3-318                                --                        (recursive)
│    └─BottleneckQBlock: 2-151                                              --                        (recursive)
│    │    └─QuantReLU: 3-301                                                --                        (recursive)
│    └─BottleneckQBlock: 2-152                                              [1, 2048, 7, 7]           3,412,995
│    │    └─QuantConv2d: 3-302                                              [1, 512, 7, 7]            1,048,576
│    │    └─BatchNorm2d: 3-303                                              [1, 512, 7, 7]            1,024
│    │    └─QuantReLU: 3-304                                                [1, 512, 7, 7]            1
│    └─QuantIdentity: 2-159                                                 --                        (recursive)
│    │    └─ActQuantProxyFromInjector: 3-318                                --                        (recursive)
│    └─BottleneckQBlock: 2-160                                              --                        (recursive)
│    │    └─QuantReLU: 3-306                                                --                        (recursive)
│    │    └─QuantConv2d: 3-307                                              [1, 512, 7, 7]            2,359,296
│    │    └─BatchNorm2d: 3-308                                              [1, 512, 7, 7]            1,024
│    │    └─QuantReLU: 3-309                                                [1, 512, 7, 7]            1
│    └─QuantIdentity: 2-159                                                 --                        (recursive)
│    │    └─ActQuantProxyFromInjector: 3-318                                --                        (recursive)
│    └─BottleneckQBlock: 2-160                                              --                        (recursive)
│    │    └─QuantReLU: 3-311                                                --                        (recursive)
│    │    └─QuantConv2d: 3-312                                              [1, 2048, 7, 7]           1,048,576
│    │    └─BatchNorm2d: 3-313                                              [1, 2048, 7, 7]           4,096
│    │    └─QuantIdentity: 3-314                                            [1, 2048, 7, 7]           1
│    └─QuantIdentity: 2-159                                                 --                        (recursive)
│    │    └─ActQuantProxyFromInjector: 3-318                                --                        (recursive)
│    └─BottleneckQBlock: 2-160                                              --                        (recursive)
│    │    └─QuantIdentity: 3-316                                            --                        (recursive)
│    │    └─QuantReLU: 3-317                                                [1, 2048, 7, 7]           1
│    └─QuantIdentity: 2-159                                                 --                        (recursive)
│    │    └─ActQuantProxyFromInjector: 3-318                                --                        (recursive)
│    └─BottleneckQBlock: 2-160                                              --                        (recursive)
│    │    └─QuantReLU: 3-319                                                --                        (recursive)
│    └─AvgPool2d: 2-161                                                     [1, 2048, 1, 1]           --
│    └─QuantIdentity: 2-162                                                 [1, 2048, 1, 1]           --
│    │    └─ActQuantProxyFromInjector: 3-320                                [1, 2048, 1, 1]           --
│    │    └─ActQuantProxyFromInjector: 3-321                                [1, 2048, 1, 1]           1
│    └─Flatten: 2-163                                                       [1, 2048]                 --
=============================================================================================================================
Total params: 42,661,755
Trainable params: 42,661,755
Non-trainable params: 0
Total mult-adds (M): 0.05
=============================================================================================================================
Input size (MB): 0.30
Forward/backward pass size (MB): 84.09
Params size (MB): 0.21
Estimated Total Size (MB): 84.61
=============================================================================================================================

Loading checkpoint...
Loaded checkpoint /home/zhiyong/Git/dct-cryptonets/dct-cryptonets/checkpoint/faceforensic/resnet50_qat_dct_v2/best.tar (99.721% Top-1 Acc. @ epoch 17)

Compiling FHE Model (this can take up to 10 minutes for larger networks)...

Computation Graph
--------------------------------------------------------------------------------
  %0 = _inp_1                                                                                                             # EncryptedTensor<int4, shape=(1, 24, 56, 56)>           ∈ [-8, 7]
  %1 = [[[[ 0]]   ...   [[ 1]]]]                                                                                          # ClearTensor<int4, shape=(64, 24, 1, 1)>                ∈ [-7, 7]              @ /trunk/trunk.1/Conv.conv
  %2 = conv2d(%0, %1, [0 0 0 0 0 ... 0 0 0 0 0], pads=[0, 0, 0, 0], strides=(1, 1), dilations=(1, 1), group=1)            # EncryptedTensor<int8, shape=(1, 64, 56, 56)>           ∈ [-84, 88]            @ /trunk/trunk.1/Conv.conv
  %3 = round_bit_pattern(%2, lsbs_to_remove=1, overflow_protection=False, exactness=Exactness.EXACT)                      # EncryptedTensor<int8, shape=(1, 64, 56, 56)>           ∈ [-84, 88]            @ /trunk/trunk.1/Conv.conv_rounding
  %4 = subgraph(%3)                                                                                                       # EncryptedTensor<int4, shape=(1, 64, 56, 56)>           ∈ [-8, 7]
  %5 = [[[[ 0]]   ...   [[-3]]]]                                                                                          # ClearTensor<int4, shape=(64, 64, 1, 1)>                ∈ [-7, 7]              @ /trunk/trunk.4/C1/Conv.conv
  %6 = conv2d(%4, %5, [0 0 0 0 0 ... 0 0 0 0 0], pads=[0, 0, 0, 0], strides=(1, 1), dilations=(1, 1), group=1)            # EncryptedTensor<int10, shape=(1, 64, 56, 56)>          ∈ [-249, 257]          @ /trunk/trunk.4/C1/Conv.conv
  %7 = round_bit_pattern(%6, lsbs_to_remove=2, overflow_protection=False, exactness=Exactness.EXACT)                      # EncryptedTensor<int10, shape=(1, 64, 56, 56)>          ∈ [-248, 256]          @ /trunk/trunk.4/C1/Conv.conv_rounding
  %8 = subgraph(%7)                                                                                                       # EncryptedTensor<uint4, shape=(1, 64, 56, 56)>          ∈ [0, 15]
  %9 = ones()                                                                                                             # EncryptedTensor<uint1, shape=(1, 64, 58, 58)>          ∈ [1, 1]
 %10 = 0                                                                                                                  # ClearScalar<uint1>                                     ∈ [0, 0]
 %11 = multiply(%9, %10)                                                                                                  # EncryptedTensor<uint1, shape=(1, 64, 58, 58)>          ∈ [0, 0]
 %12 = (%11[:, :, 1:57, 1:57] = %8)                                                                                       # EncryptedTensor<uint4, shape=(1, 64, 58, 58)>          ∈ [0, 15]
 %13 = [[[[-4 -1  ...   2  2]]]]                                                                                          # ClearTensor<int4, shape=(64, 64, 3, 3)>                ∈ [-7, 7]              @ /trunk/trunk.4/C2/Conv.conv
 %14 = conv2d(%12, %13, [0 0 0 0 0 ... 0 0 0 0 0], pads=[0, 0, 0, 0], strides=(1, 1), dilations=(1, 1), group=1)          # EncryptedTensor<int12, shape=(1, 64, 56, 56)>          ∈ [-1202, 1179]        @ /trunk/trunk.4/C2/Conv.conv
 %15 = round_bit_pattern(%14, lsbs_to_remove=5, overflow_protection=False, exactness=Exactness.EXACT)                     # EncryptedTensor<int12, shape=(1, 64, 56, 56)>          ∈ [-1216, 1184]        @ /trunk/trunk.4/C2/Conv.conv_rounding
 %16 = subgraph(%15)                                                                                                      # EncryptedTensor<uint4, shape=(1, 64, 56, 56)>          ∈ [0, 15]
 %17 = [[[[-1]]   ...   [[ 3]]]]                                                                                          # ClearTensor<int4, shape=(256, 64, 1, 1)>               ∈ [-7, 7]              @ /trunk/trunk.4/C3/Conv.conv
 %18 = conv2d(%16, %17, [0 0 0 0 0 ... 0 0 0 0 0], pads=[0, 0, 0, 0], strides=(1, 1), dilations=(1, 1), group=1)          # EncryptedTensor<int10, shape=(1, 256, 56, 56)>         ∈ [-510, 393]          @ /trunk/trunk.4/C3/Conv.conv
 %19 = round_bit_pattern(%18, lsbs_to_remove=3, overflow_protection=False, exactness=Exactness.EXACT)                     # EncryptedTensor<int10, shape=(1, 256, 56, 56)>         ∈ [-512, 392]          @ /trunk/trunk.4/C3/Conv.conv_rounding
 %20 = subgraph(%3)                                                                                                       # EncryptedTensor<int4, shape=(1, 64, 56, 56)>           ∈ [-8, 7]
 %21 = [[[[ 0]]   ...   [[ 4]]]]                                                                                          # ClearTensor<int4, shape=(256, 64, 1, 1)>               ∈ [-7, 7]              @ /trunk/trunk.4/shortcut/Conv.conv
 %22 = conv2d(%20, %21, [0 0 0 0 0 ... 0 0 0 0 0], pads=[0, 0, 0, 0], strides=(1, 1), dilations=(1, 1), group=1)          # EncryptedTensor<int10, shape=(1, 256, 56, 56)>         ∈ [-317, 324]          @ /trunk/trunk.4/shortcut/Conv.conv
 %23 = round_bit_pattern(%22, lsbs_to_remove=3, overflow_protection=False, exactness=Exactness.EXACT)                     # EncryptedTensor<int10, shape=(1, 256, 56, 56)>         ∈ [-320, 328]          @ /trunk/trunk.4/shortcut/Conv.conv_rounding
 %24 = subgraph(%19)                                                                                                      # EncryptedTensor<int4, shape=(1, 256, 56, 56)>          ∈ [-8, 7]
 %25 = subgraph(%23)                                                                                                      # EncryptedTensor<int4, shape=(1, 256, 56, 56)>          ∈ [-8, 7]
 %26 = subgraph(%24)                                                                                                      # EncryptedTensor<int5, shape=(1, 256, 56, 56)>          ∈ [-12, 10]
 %27 = subgraph(%25)                                                                                                      # EncryptedTensor<int5, shape=(1, 256, 56, 56)>          ∈ [-13, 11]
 %28 = 1                                                                                                                  # ClearScalar<uint1>                                     ∈ [1, 1]
 %29 = multiply(%28, %27)                                                                                                 # EncryptedTensor<int5, shape=(1, 256, 56, 56)>          ∈ [-13, 11]
 %30 = add(%26, %29)                                                                                                      # EncryptedTensor<int6, shape=(1, 256, 56, 56)>          ∈ [-25, 21]
 %31 = subgraph(%30)                                                                                                      # EncryptedTensor<uint4, shape=(1, 256, 56, 56)>         ∈ [0, 15]
 %32 = [[[[ 0]]   ...   [[-1]]]]                                                                                          # ClearTensor<int4, shape=(64, 256, 1, 1)>               ∈ [-7, 7]              @ /trunk/trunk.5/C1/Conv.conv
 %33 = conv2d(%31, %32, [0 0 0 0 0 ... 0 0 0 0 0], pads=[0, 0, 0, 0], strides=(1, 1), dilations=(1, 1), group=1)          # EncryptedTensor<int11, shape=(1, 64, 56, 56)>          ∈ [-560, 665]          @ /trunk/trunk.5/C1/Conv.conv
 %34 = round_bit_pattern(%33, lsbs_to_remove=4, overflow_protection=False, exactness=Exactness.EXACT)                     # EncryptedTensor<int11, shape=(1, 64, 56, 56)>          ∈ [-560, 672]          @ /trunk/trunk.5/C1/Conv.conv_rounding
 %35 = subgraph(%34)                                                                                                      # EncryptedTensor<uint4, shape=(1, 64, 56, 56)>          ∈ [0, 15]
 %36 = ones()                                                                                                             # EncryptedTensor<uint1, shape=(1, 64, 58, 58)>          ∈ [1, 1]
 %37 = 0                                                                                                                  # ClearScalar<uint1>                                     ∈ [0, 0]
 %38 = multiply(%36, %37)                                                                                                 # EncryptedTensor<uint1, shape=(1, 64, 58, 58)>          ∈ [0, 0]
 %39 = (%38[:, :, 1:57, 1:57] = %35)                                                                                      # EncryptedTensor<uint4, shape=(1, 64, 58, 58)>          ∈ [0, 15]
 %40 = [[[[ 1 -1  ...   0  1]]]]                                                                                          # ClearTensor<int4, shape=(64, 64, 3, 3)>                ∈ [-7, 7]              @ /trunk/trunk.5/C2/Conv.conv
 %41 = conv2d(%39, %40, [0 0 0 0 0 ... 0 0 0 0 0], pads=[0, 0, 0, 0], strides=(1, 1), dilations=(1, 1), group=1)          # EncryptedTensor<int12, shape=(1, 64, 56, 56)>          ∈ [-1163, 1141]        @ /trunk/trunk.5/C2/Conv.conv
 %42 = round_bit_pattern(%41, lsbs_to_remove=4, overflow_protection=False, exactness=Exactness.EXACT)                     # EncryptedTensor<int12, shape=(1, 64, 56, 56)>          ∈ [-1168, 1136]        @ /trunk/trunk.5/C2/Conv.conv_rounding
 %43 = subgraph(%42)                                                                                                      # EncryptedTensor<uint4, shape=(1, 64, 56, 56)>          ∈ [0, 15]
 %44 = [[[[-2]]   ...   [[ 3]]]]                                                                                          # ClearTensor<int4, shape=(256, 64, 1, 1)>               ∈ [-7, 7]              @ /trunk/trunk.5/C3/Conv.conv
 %45 = conv2d(%43, %44, [0 0 0 0 0 ... 0 0 0 0 0], pads=[0, 0, 0, 0], strides=(1, 1), dilations=(1, 1), group=1)          # EncryptedTensor<int10, shape=(1, 256, 56, 56)>         ∈ [-465, 408]          @ /trunk/trunk.5/C3/Conv.conv
 %46 = round_bit_pattern(%45, lsbs_to_remove=3, overflow_protection=False, exactness=Exactness.EXACT)                     # EncryptedTensor<int10, shape=(1, 256, 56, 56)>         ∈ [-464, 408]          @ /trunk/trunk.5/C3/Conv.conv_rounding
 %47 = subgraph(%46)                                                                                                      # EncryptedTensor<int4, shape=(1, 256, 56, 56)>          ∈ [-8, 7]
 %48 = subgraph(%30)                                                                                                      # EncryptedTensor<uint4, shape=(1, 256, 56, 56)>         ∈ [0, 15]
 %49 = subgraph(%47)                                                                                                      # EncryptedTensor<int5, shape=(1, 256, 56, 56)>          ∈ [-12, 11]
 %50 = subgraph(%48)                                                                                                      # EncryptedTensor<uint5, shape=(1, 256, 56, 56)>         ∈ [0, 18]
 %51 = 1                                                                                                                  # ClearScalar<uint1>                                     ∈ [1, 1]
 %52 = multiply(%51, %50)                                                                                                 # EncryptedTensor<uint5, shape=(1, 256, 56, 56)>         ∈ [0, 18]
 %53 = add(%49, %52)                                                                                                      # EncryptedTensor<int6, shape=(1, 256, 56, 56)>          ∈ [-12, 29]
 %54 = subgraph(%53)                                                                                                      # EncryptedTensor<uint4, shape=(1, 256, 56, 56)>         ∈ [0, 15]
 %55 = [[[[-1]]   ...   [[ 0]]]]                                                                                          # ClearTensor<int4, shape=(64, 256, 1, 1)>               ∈ [-7, 7]              @ /trunk/trunk.6/C1/Conv.conv
 %56 = conv2d(%54, %55, [0 0 0 0 0 ... 0 0 0 0 0], pads=[0, 0, 0, 0], strides=(1, 1), dilations=(1, 1), group=1)          # EncryptedTensor<int11, shape=(1, 64, 56, 56)>          ∈ [-528, 481]          @ /trunk/trunk.6/C1/Conv.conv
 %57 = round_bit_pattern(%56, lsbs_to_remove=3, overflow_protection=False, exactness=Exactness.EXACT)                     # EncryptedTensor<int11, shape=(1, 64, 56, 56)>          ∈ [-528, 480]          @ /trunk/trunk.6/C1/Conv.conv_rounding
 %58 = subgraph(%57)                                                                                                      # EncryptedTensor<uint4, shape=(1, 64, 56, 56)>          ∈ [0, 15]
 %59 = ones()                                                                                                             # EncryptedTensor<uint1, shape=(1, 64, 58, 58)>          ∈ [1, 1]
 %60 = 0                                                                                                                  # ClearScalar<uint1>                                     ∈ [0, 0]
 %61 = multiply(%59, %60)                                                                                                 # EncryptedTensor<uint1, shape=(1, 64, 58, 58)>          ∈ [0, 0]
 %62 = (%61[:, :, 1:57, 1:57] = %58)                                                                                      # EncryptedTensor<uint4, shape=(1, 64, 58, 58)>          ∈ [0, 15]
 %63 = [[[[ 2  1  ...   0  0]]]]                                                                                          # ClearTensor<int4, shape=(64, 64, 3, 3)>                ∈ [-7, 7]              @ /trunk/trunk.6/C2/Conv.conv
 %64 = conv2d(%62, %63, [0 0 0 0 0 ... 0 0 0 0 0], pads=[0, 0, 0, 0], strides=(1, 1), dilations=(1, 1), group=1)          # EncryptedTensor<int12, shape=(1, 64, 56, 56)>          ∈ [-1052, 995]         @ /trunk/trunk.6/C2/Conv.conv
 %65 = round_bit_pattern(%64, lsbs_to_remove=4, overflow_protection=False, exactness=Exactness.EXACT)                     # EncryptedTensor<int12, shape=(1, 64, 56, 56)>          ∈ [-1056, 992]         @ /trunk/trunk.6/C2/Conv.conv_rounding
 %66 = subgraph(%65)                                                                                                      # EncryptedTensor<uint4, shape=(1, 64, 56, 56)>          ∈ [0, 15]
 %67 = [[[[ 3]]   ...   [[-1]]]]                                                                                          # ClearTensor<int4, shape=(256, 64, 1, 1)>               ∈ [-7, 7]              @ /trunk/trunk.6/C3/Conv.conv
 %68 = conv2d(%66, %67, [0 0 0 0 0 ... 0 0 0 0 0], pads=[0, 0, 0, 0], strides=(1, 1), dilations=(1, 1), group=1)          # EncryptedTensor<int10, shape=(1, 256, 56, 56)>         ∈ [-416, 370]          @ /trunk/trunk.6/C3/Conv.conv
 %69 = round_bit_pattern(%68, lsbs_to_remove=3, overflow_protection=False, exactness=Exactness.EXACT)                     # EncryptedTensor<int10, shape=(1, 256, 56, 56)>         ∈ [-416, 368]          @ /trunk/trunk.6/C3/Conv.conv_rounding
 %70 = subgraph(%69)                                                                                                      # EncryptedTensor<int4, shape=(1, 256, 56, 56)>          ∈ [-8, 7]
 %71 = subgraph(%53)                                                                                                      # EncryptedTensor<uint4, shape=(1, 256, 56, 56)>         ∈ [0, 15]
 %72 = subgraph(%70)                                                                                                      # EncryptedTensor<int5, shape=(1, 256, 56, 56)>          ∈ [-10, 9]
 %73 = subgraph(%71)                                                                                                      # EncryptedTensor<uint5, shape=(1, 256, 56, 56)>         ∈ [0, 20]
 %74 = 1                                                                                                                  # ClearScalar<uint1>                                     ∈ [1, 1]
 %75 = multiply(%74, %73)                                                                                                 # EncryptedTensor<uint5, shape=(1, 256, 56, 56)>         ∈ [0, 20]
 %76 = add(%72, %75)                                                                                                      # EncryptedTensor<int6, shape=(1, 256, 56, 56)>          ∈ [-10, 29]
 %77 = subgraph(%76)                                                                                                      # EncryptedTensor<uint4, shape=(1, 256, 56, 56)>         ∈ [0, 15]
 %78 = [[[[ 0]]   ...   [[-1]]]]                                                                                          # ClearTensor<int4, shape=(128, 256, 1, 1)>              ∈ [-7, 7]              @ /trunk/trunk.7/C1/Conv.conv
 %79 = conv2d(%77, %78, [0 0 0 0 0 ... 0 0 0 0 0], pads=[0, 0, 0, 0], strides=(1, 1), dilations=(1, 1), group=1)          # EncryptedTensor<int11, shape=(1, 128, 56, 56)>         ∈ [-689, 598]          @ /trunk/trunk.7/C1/Conv.conv
 %80 = round_bit_pattern(%79, lsbs_to_remove=4, overflow_protection=False, exactness=Exactness.EXACT)                     # EncryptedTensor<int11, shape=(1, 128, 56, 56)>         ∈ [-688, 592]          @ /trunk/trunk.7/C1/Conv.conv_rounding
 %81 = subgraph(%80)                                                                                                      # EncryptedTensor<uint4, shape=(1, 128, 56, 56)>         ∈ [0, 15]
 %82 = ones()                                                                                                             # EncryptedTensor<uint1, shape=(1, 128, 58, 58)>         ∈ [1, 1]
 %83 = 0                                                                                                                  # ClearScalar<uint1>                                     ∈ [0, 0]
 %84 = multiply(%82, %83)                                                                                                 # EncryptedTensor<uint1, shape=(1, 128, 58, 58)>         ∈ [0, 0]
 %85 = (%84[:, :, 1:57, 1:57] = %81)                                                                                      # EncryptedTensor<uint4, shape=(1, 128, 58, 58)>         ∈ [0, 15]
 %86 = [[[[-1  1  ...   1  4]]]]                                                                                          # ClearTensor<int4, shape=(128, 128, 3, 3)>              ∈ [-7, 7]              @ /trunk/trunk.7/C2/Conv.conv
 %87 = conv2d(%85, %86, [0 0 0 0 0 ... 0 0 0 0 0], pads=[0, 0, 0, 0], strides=(2, 2), dilations=(1, 1), group=1)          # EncryptedTensor<int12, shape=(1, 128, 28, 28)>         ∈ [-1683, 1681]        @ /trunk/trunk.7/C2/Conv.conv
 %88 = round_bit_pattern(%87, lsbs_to_remove=5, overflow_protection=False, exactness=Exactness.EXACT)                     # EncryptedTensor<int12, shape=(1, 128, 28, 28)>         ∈ [-1696, 1696]        @ /trunk/trunk.7/C2/Conv.conv_rounding
 %89 = subgraph(%88)                                                                                                      # EncryptedTensor<uint4, shape=(1, 128, 28, 28)>         ∈ [0, 15]
 %90 = [[[[-1]]   ...   [[ 0]]]]                                                                                          # ClearTensor<int4, shape=(512, 128, 1, 1)>              ∈ [-6, 7]              @ /trunk/trunk.7/C3/Conv.conv
 %91 = conv2d(%89, %90, [0 0 0 0 0 ... 0 0 0 0 0], pads=[0, 0, 0, 0], strides=(1, 1), dilations=(1, 1), group=1)          # EncryptedTensor<int10, shape=(1, 512, 28, 28)>         ∈ [-454, 479]          @ /trunk/trunk.7/C3/Conv.conv
 %92 = round_bit_pattern(%91, lsbs_to_remove=3, overflow_protection=False, exactness=Exactness.EXACT)                     # EncryptedTensor<int10, shape=(1, 512, 28, 28)>         ∈ [-456, 480]          @ /trunk/trunk.7/C3/Conv.conv_rounding
 %93 = subgraph(%76)                                                                                                      # EncryptedTensor<uint4, shape=(1, 256, 56, 56)>         ∈ [0, 15]
 %94 = [[[[ 2]]   ...   [[-1]]]]                                                                                          # ClearTensor<int4, shape=(512, 256, 1, 1)>              ∈ [-6, 7]              @ /trunk/trunk.7/shortcut/Conv.conv
 %95 = conv2d(%93, %94, [0 0 0 0 0 ... 0 0 0 0 0], pads=[0, 0, 0, 0], strides=(2, 2), dilations=(1, 1), group=1)          # EncryptedTensor<int11, shape=(1, 512, 28, 28)>         ∈ [-585, 671]          @ /trunk/trunk.7/shortcut/Conv.conv
 %96 = round_bit_pattern(%95, lsbs_to_remove=3, overflow_protection=False, exactness=Exactness.EXACT)                     # EncryptedTensor<int11, shape=(1, 512, 28, 28)>         ∈ [-584, 672]          @ /trunk/trunk.7/shortcut/Conv.conv_rounding
 %97 = subgraph(%92)                                                                                                      # EncryptedTensor<int4, shape=(1, 512, 28, 28)>          ∈ [-8, 7]
 %98 = subgraph(%96)                                                                                                      # EncryptedTensor<int4, shape=(1, 512, 28, 28)>          ∈ [-8, 7]
 %99 = subgraph(%97)                                                                                                      # EncryptedTensor<int5, shape=(1, 512, 28, 28)>          ∈ [-13, 11]
%100 = subgraph(%98)                                                                                                      # EncryptedTensor<int5, shape=(1, 512, 28, 28)>          ∈ [-13, 11]
%101 = 1                                                                                                                  # ClearScalar<uint1>                                     ∈ [1, 1]
%102 = multiply(%101, %100)                                                                                               # EncryptedTensor<int5, shape=(1, 512, 28, 28)>          ∈ [-13, 11]
%103 = add(%99, %102)                                                                                                     # EncryptedTensor<int6, shape=(1, 512, 28, 28)>          ∈ [-26, 22]
%104 = subgraph(%103)                                                                                                     # EncryptedTensor<uint4, shape=(1, 512, 28, 28)>         ∈ [0, 15]
%105 = [[[[ 2]]   ...   [[ 1]]]]                                                                                          # ClearTensor<int4, shape=(128, 512, 1, 1)>              ∈ [-7, 6]              @ /trunk/trunk.8/C1/Conv.conv
%106 = conv2d(%104, %105, [0 0 0 0 0 ... 0 0 0 0 0], pads=[0, 0, 0, 0], strides=(1, 1), dilations=(1, 1), group=1)        # EncryptedTensor<int11, shape=(1, 128, 28, 28)>         ∈ [-797, 863]          @ /trunk/trunk.8/C1/Conv.conv
%107 = round_bit_pattern(%106, lsbs_to_remove=4, overflow_protection=False, exactness=Exactness.EXACT)                    # EncryptedTensor<int11, shape=(1, 128, 28, 28)>         ∈ [-800, 864]          @ /trunk/trunk.8/C1/Conv.conv_rounding
%108 = subgraph(%107)                                                                                                     # EncryptedTensor<uint4, shape=(1, 128, 28, 28)>         ∈ [0, 15]
%109 = ones()                                                                                                             # EncryptedTensor<uint1, shape=(1, 128, 30, 30)>         ∈ [1, 1]
%110 = 0                                                                                                                  # ClearScalar<uint1>                                     ∈ [0, 0]
%111 = multiply(%109, %110)                                                                                               # EncryptedTensor<uint1, shape=(1, 128, 30, 30)>         ∈ [0, 0]
%112 = (%111[:, :, 1:29, 1:29] = %108)                                                                                    # EncryptedTensor<uint4, shape=(1, 128, 30, 30)>         ∈ [0, 15]
%113 = [[[[-2  0  ...   0  2]]]]                                                                                          # ClearTensor<int4, shape=(128, 128, 3, 3)>              ∈ [-7, 7]              @ /trunk/trunk.8/C2/Conv.conv
%114 = conv2d(%112, %113, [0 0 0 0 0 ... 0 0 0 0 0], pads=[0, 0, 0, 0], strides=(1, 1), dilations=(1, 1), group=1)        # EncryptedTensor<int12, shape=(1, 128, 28, 28)>         ∈ [-1639, 1706]        @ /trunk/trunk.8/C2/Conv.conv
%115 = round_bit_pattern(%114, lsbs_to_remove=5, overflow_protection=False, exactness=Exactness.EXACT)                    # EncryptedTensor<int12, shape=(1, 128, 28, 28)>         ∈ [-1632, 1696]        @ /trunk/trunk.8/C2/Conv.conv_rounding
%116 = subgraph(%115)                                                                                                     # EncryptedTensor<uint4, shape=(1, 128, 28, 28)>         ∈ [0, 15]
%117 = [[[[ 1]]   ...   [[ 0]]]]                                                                                          # ClearTensor<int4, shape=(512, 128, 1, 1)>              ∈ [-6, 7]              @ /trunk/trunk.8/C3/Conv.conv
%118 = conv2d(%116, %117, [0 0 0 0 0 ... 0 0 0 0 0], pads=[0, 0, 0, 0], strides=(1, 1), dilations=(1, 1), group=1)        # EncryptedTensor<int10, shape=(1, 512, 28, 28)>         ∈ [-488, 456]          @ /trunk/trunk.8/C3/Conv.conv
%119 = round_bit_pattern(%118, lsbs_to_remove=3, overflow_protection=False, exactness=Exactness.EXACT)                    # EncryptedTensor<int10, shape=(1, 512, 28, 28)>         ∈ [-488, 456]          @ /trunk/trunk.8/C3/Conv.conv_rounding
%120 = subgraph(%119)                                                                                                     # EncryptedTensor<int4, shape=(1, 512, 28, 28)>          ∈ [-8, 7]
%121 = subgraph(%103)                                                                                                     # EncryptedTensor<uint4, shape=(1, 512, 28, 28)>         ∈ [0, 15]
%122 = subgraph(%120)                                                                                                     # EncryptedTensor<int5, shape=(1, 512, 28, 28)>          ∈ [-14, 13]
%123 = subgraph(%121)                                                                                                     # EncryptedTensor<uint5, shape=(1, 512, 28, 28)>         ∈ [0, 19]
%124 = 1                                                                                                                  # ClearScalar<uint1>                                     ∈ [1, 1]
%125 = multiply(%124, %123)                                                                                               # EncryptedTensor<uint5, shape=(1, 512, 28, 28)>         ∈ [0, 19]
%126 = add(%122, %125)                                                                                                    # EncryptedTensor<int7, shape=(1, 512, 28, 28)>          ∈ [-14, 32]
%127 = subgraph(%126)                                                                                                     # EncryptedTensor<uint4, shape=(1, 512, 28, 28)>         ∈ [0, 15]
%128 = [[[[-3]]   ...   [[ 1]]]]                                                                                          # ClearTensor<int4, shape=(128, 512, 1, 1)>              ∈ [-7, 6]              @ /trunk/trunk.9/C1/Conv.conv
%129 = conv2d(%127, %128, [0 0 0 0 0 ... 0 0 0 0 0], pads=[0, 0, 0, 0], strides=(1, 1), dilations=(1, 1), group=1)        # EncryptedTensor<int11, shape=(1, 128, 28, 28)>         ∈ [-634, 802]          @ /trunk/trunk.9/C1/Conv.conv
%130 = round_bit_pattern(%129, lsbs_to_remove=4, overflow_protection=False, exactness=Exactness.EXACT)                    # EncryptedTensor<int11, shape=(1, 128, 28, 28)>         ∈ [-640, 800]          @ /trunk/trunk.9/C1/Conv.conv_rounding
%131 = subgraph(%130)                                                                                                     # EncryptedTensor<uint4, shape=(1, 128, 28, 28)>         ∈ [0, 15]
%132 = ones()                                                                                                             # EncryptedTensor<uint1, shape=(1, 128, 30, 30)>         ∈ [1, 1]
%133 = 0                                                                                                                  # ClearScalar<uint1>                                     ∈ [0, 0]
%134 = multiply(%132, %133)                                                                                               # EncryptedTensor<uint1, shape=(1, 128, 30, 30)>         ∈ [0, 0]
%135 = (%134[:, :, 1:29, 1:29] = %131)                                                                                    # EncryptedTensor<uint4, shape=(1, 128, 30, 30)>         ∈ [0, 15]
%136 = [[[[ 0  0  ...   0  0]]]]                                                                                          # ClearTensor<int4, shape=(128, 128, 3, 3)>              ∈ [-7, 6]              @ /trunk/trunk.9/C2/Conv.conv
%137 = conv2d(%135, %136, [0 0 0 0 0 ... 0 0 0 0 0], pads=[0, 0, 0, 0], strides=(1, 1), dilations=(1, 1), group=1)        # EncryptedTensor<int12, shape=(1, 128, 28, 28)>         ∈ [-1348, 1601]        @ /trunk/trunk.9/C2/Conv.conv
%138 = round_bit_pattern(%137, lsbs_to_remove=5, overflow_protection=False, exactness=Exactness.EXACT)                    # EncryptedTensor<int12, shape=(1, 128, 28, 28)>         ∈ [-1344, 1600]        @ /trunk/trunk.9/C2/Conv.conv_rounding
%139 = subgraph(%138)                                                                                                     # EncryptedTensor<uint4, shape=(1, 128, 28, 28)>         ∈ [0, 15]
%140 = [[[[-1]]   ...   [[ 0]]]]                                                                                          # ClearTensor<int4, shape=(512, 128, 1, 1)>              ∈ [-7, 6]              @ /trunk/trunk.9/C3/Conv.conv
%141 = conv2d(%139, %140, [0 0 0 0 0 ... 0 0 0 0 0], pads=[0, 0, 0, 0], strides=(1, 1), dilations=(1, 1), group=1)        # EncryptedTensor<int10, shape=(1, 512, 28, 28)>         ∈ [-417, 487]          @ /trunk/trunk.9/C3/Conv.conv
%142 = round_bit_pattern(%141, lsbs_to_remove=3, overflow_protection=False, exactness=Exactness.EXACT)                    # EncryptedTensor<int10, shape=(1, 512, 28, 28)>         ∈ [-416, 488]          @ /trunk/trunk.9/C3/Conv.conv_rounding
%143 = subgraph(%142)                                                                                                     # EncryptedTensor<int4, shape=(1, 512, 28, 28)>          ∈ [-8, 7]
%144 = subgraph(%126)                                                                                                     # EncryptedTensor<uint4, shape=(1, 512, 28, 28)>         ∈ [0, 15]
%145 = subgraph(%143)                                                                                                     # EncryptedTensor<int5, shape=(1, 512, 28, 28)>          ∈ [-12, 11]
%146 = subgraph(%144)                                                                                                     # EncryptedTensor<uint5, shape=(1, 512, 28, 28)>         ∈ [0, 20]
%147 = 1                                                                                                                  # ClearScalar<uint1>                                     ∈ [1, 1]
%148 = multiply(%147, %146)                                                                                               # EncryptedTensor<uint5, shape=(1, 512, 28, 28)>         ∈ [0, 20]
%149 = add(%145, %148)                                                                                                    # EncryptedTensor<int6, shape=(1, 512, 28, 28)>          ∈ [-12, 31]
%150 = subgraph(%149)                                                                                                     # EncryptedTensor<uint4, shape=(1, 512, 28, 28)>         ∈ [0, 15]
%151 = [[[[-1]]   ...   [[ 1]]]]                                                                                          # ClearTensor<int4, shape=(128, 512, 1, 1)>              ∈ [-7, 5]              @ /trunk/trunk.10/C1/Conv.conv
%152 = conv2d(%150, %151, [0 0 0 0 0 ... 0 0 0 0 0], pads=[0, 0, 0, 0], strides=(1, 1), dilations=(1, 1), group=1)        # EncryptedTensor<int11, shape=(1, 128, 28, 28)>         ∈ [-554, 736]          @ /trunk/trunk.10/C1/Conv.conv
%153 = round_bit_pattern(%152, lsbs_to_remove=4, overflow_protection=False, exactness=Exactness.EXACT)                    # EncryptedTensor<int11, shape=(1, 128, 28, 28)>         ∈ [-560, 736]          @ /trunk/trunk.10/C1/Conv.conv_rounding
%154 = subgraph(%153)                                                                                                     # EncryptedTensor<uint4, shape=(1, 128, 28, 28)>         ∈ [0, 15]
%155 = ones()                                                                                                             # EncryptedTensor<uint1, shape=(1, 128, 30, 30)>         ∈ [1, 1]
%156 = 0                                                                                                                  # ClearScalar<uint1>                                     ∈ [0, 0]
%157 = multiply(%155, %156)                                                                                               # EncryptedTensor<uint1, shape=(1, 128, 30, 30)>         ∈ [0, 0]
%158 = (%157[:, :, 1:29, 1:29] = %154)                                                                                    # EncryptedTensor<uint4, shape=(1, 128, 30, 30)>         ∈ [0, 15]
%159 = [[[[ 3 -4  ...   0  1]]]]                                                                                          # ClearTensor<int4, shape=(128, 128, 3, 3)>              ∈ [-7, 7]              @ /trunk/trunk.10/C2/Conv.conv
%160 = conv2d(%158, %159, [0 0 0 0 0 ... 0 0 0 0 0], pads=[0, 0, 0, 0], strides=(1, 1), dilations=(1, 1), group=1)        # EncryptedTensor<int12, shape=(1, 128, 28, 28)>         ∈ [-1909, 1624]        @ /trunk/trunk.10/C2/Conv.conv
%161 = round_bit_pattern(%160, lsbs_to_remove=5, overflow_protection=False, exactness=Exactness.EXACT)                    # EncryptedTensor<int12, shape=(1, 128, 28, 28)>         ∈ [-1920, 1632]        @ /trunk/trunk.10/C2/Conv.conv_rounding
%162 = subgraph(%161)                                                                                                     # EncryptedTensor<uint4, shape=(1, 128, 28, 28)>         ∈ [0, 15]
%163 = [[[[ 2]]   ...   [[ 0]]]]                                                                                          # ClearTensor<int4, shape=(512, 128, 1, 1)>              ∈ [-7, 6]              @ /trunk/trunk.10/C3/Conv.conv
%164 = conv2d(%162, %163, [0 0 0 0 0 ... 0 0 0 0 0], pads=[0, 0, 0, 0], strides=(1, 1), dilations=(1, 1), group=1)        # EncryptedTensor<int11, shape=(1, 512, 28, 28)>         ∈ [-412, 554]          @ /trunk/trunk.10/C3/Conv.conv
%165 = round_bit_pattern(%164, lsbs_to_remove=3, overflow_protection=False, exactness=Exactness.EXACT)                    # EncryptedTensor<int11, shape=(1, 512, 28, 28)>         ∈ [-408, 552]          @ /trunk/trunk.10/C3/Conv.conv_rounding
%166 = subgraph(%165)                                                                                                     # EncryptedTensor<int4, shape=(1, 512, 28, 28)>          ∈ [-8, 7]
%167 = subgraph(%149)                                                                                                     # EncryptedTensor<uint4, shape=(1, 512, 28, 28)>         ∈ [0, 15]
%168 = subgraph(%166)                                                                                                     # EncryptedTensor<int5, shape=(1, 512, 28, 28)>          ∈ [-10, 9]
%169 = subgraph(%167)                                                                                                     # EncryptedTensor<uint5, shape=(1, 512, 28, 28)>         ∈ [0, 21]
%170 = 1                                                                                                                  # ClearScalar<uint1>                                     ∈ [1, 1]
%171 = multiply(%170, %169)                                                                                               # EncryptedTensor<uint5, shape=(1, 512, 28, 28)>         ∈ [0, 21]
%172 = add(%168, %171)                                                                                                    # EncryptedTensor<int6, shape=(1, 512, 28, 28)>          ∈ [-10, 30]
%173 = subgraph(%172)                                                                                                     # EncryptedTensor<uint4, shape=(1, 512, 28, 28)>         ∈ [0, 15]
%174 = [[[[ 0]]   ...   [[-1]]]]                                                                                          # ClearTensor<int4, shape=(256, 512, 1, 1)>              ∈ [-6, 7]              @ /trunk/trunk.11/C1/Conv.conv
%175 = conv2d(%173, %174, [0 0 0 0 0 ... 0 0 0 0 0], pads=[0, 0, 0, 0], strides=(1, 1), dilations=(1, 1), group=1)        # EncryptedTensor<int11, shape=(1, 256, 28, 28)>         ∈ [-751, 821]          @ /trunk/trunk.11/C1/Conv.conv
%176 = round_bit_pattern(%175, lsbs_to_remove=4, overflow_protection=False, exactness=Exactness.EXACT)                    # EncryptedTensor<int11, shape=(1, 256, 28, 28)>         ∈ [-752, 816]          @ /trunk/trunk.11/C1/Conv.conv_rounding
%177 = subgraph(%176)                                                                                                     # EncryptedTensor<uint4, shape=(1, 256, 28, 28)>         ∈ [0, 15]
%178 = ones()                                                                                                             # EncryptedTensor<uint1, shape=(1, 256, 30, 30)>         ∈ [1, 1]
%179 = 0                                                                                                                  # ClearScalar<uint1>                                     ∈ [0, 0]
%180 = multiply(%178, %179)                                                                                               # EncryptedTensor<uint1, shape=(1, 256, 30, 30)>         ∈ [0, 0]
%181 = (%180[:, :, 1:29, 1:29] = %177)                                                                                    # EncryptedTensor<uint4, shape=(1, 256, 30, 30)>         ∈ [0, 15]
%182 = [[[[ 0  1  ...   1 -3]]]]                                                                                          # ClearTensor<int4, shape=(256, 256, 3, 3)>              ∈ [-7, 7]              @ /trunk/trunk.11/C2/Conv.conv
%183 = conv2d(%181, %182, [0 0 0 0 0 ... 0 0 0 0 0], pads=[0, 0, 0, 0], strides=(2, 2), dilations=(1, 1), group=1)        # EncryptedTensor<int13, shape=(1, 256, 14, 14)>         ∈ [-2679, 3201]        @ /trunk/trunk.11/C2/Conv.conv
%184 = round_bit_pattern(%183, lsbs_to_remove=5, overflow_protection=False, exactness=Exactness.EXACT)                    # EncryptedTensor<int13, shape=(1, 256, 14, 14)>         ∈ [-2688, 3200]        @ /trunk/trunk.11/C2/Conv.conv_rounding
%185 = subgraph(%184)                                                                                                     # EncryptedTensor<uint4, shape=(1, 256, 14, 14)>         ∈ [0, 15]
%186 = [[[[ 2]]   ...   [[-1]]]]                                                                                          # ClearTensor<int4, shape=(1024, 256, 1, 1)>             ∈ [-7, 6]              @ /trunk/trunk.11/C3/Conv.conv
%187 = conv2d(%185, %186, [0 0 0 ... 0 0 0], pads=[0, 0, 0, 0], strides=(1, 1), dilations=(1, 1), group=1)                # EncryptedTensor<int11, shape=(1, 1024, 14, 14)>        ∈ [-607, 748]          @ /trunk/trunk.11/C3/Conv.conv
%188 = round_bit_pattern(%187, lsbs_to_remove=3, overflow_protection=False, exactness=Exactness.EXACT)                    # EncryptedTensor<int11, shape=(1, 1024, 14, 14)>        ∈ [-608, 752]          @ /trunk/trunk.11/C3/Conv.conv_rounding
%189 = subgraph(%172)                                                                                                     # EncryptedTensor<uint4, shape=(1, 512, 28, 28)>         ∈ [0, 15]
%190 = [[[[ 2]]   ...   [[ 0]]]]                                                                                          # ClearTensor<int4, shape=(1024, 512, 1, 1)>             ∈ [-7, 7]              @ /trunk/trunk.11/shortcut/Conv.conv
%191 = conv2d(%189, %190, [0 0 0 ... 0 0 0], pads=[0, 0, 0, 0], strides=(2, 2), dilations=(1, 1), group=1)                # EncryptedTensor<int11, shape=(1, 1024, 14, 14)>        ∈ [-786, 973]          @ /trunk/trunk.11/shortcut/Conv.conv
%192 = round_bit_pattern(%191, lsbs_to_remove=4, overflow_protection=False, exactness=Exactness.EXACT)                    # EncryptedTensor<int11, shape=(1, 1024, 14, 14)>        ∈ [-784, 976]          @ /trunk/trunk.11/shortcut/Conv.conv_rounding
%193 = subgraph(%188)                                                                                                     # EncryptedTensor<int4, shape=(1, 1024, 14, 14)>         ∈ [-8, 7]
%194 = subgraph(%192)                                                                                                     # EncryptedTensor<int4, shape=(1, 1024, 14, 14)>         ∈ [-8, 7]
%195 = subgraph(%193)                                                                                                     # EncryptedTensor<int6, shape=(1, 1024, 14, 14)>         ∈ [-17, 15]
%196 = subgraph(%194)                                                                                                     # EncryptedTensor<int5, shape=(1, 1024, 14, 14)>         ∈ [-14, 13]
%197 = 1                                                                                                                  # ClearScalar<uint1>                                     ∈ [1, 1]
%198 = multiply(%197, %196)                                                                                               # EncryptedTensor<int5, shape=(1, 1024, 14, 14)>         ∈ [-14, 13]
%199 = add(%195, %198)                                                                                                    # EncryptedTensor<int6, shape=(1, 1024, 14, 14)>         ∈ [-31, 28]
%200 = subgraph(%199)                                                                                                     # EncryptedTensor<uint4, shape=(1, 1024, 14, 14)>        ∈ [0, 15]
%201 = [[[[-1]]   ...   [[ 0]]]]                                                                                          # ClearTensor<int4, shape=(256, 1024, 1, 1)>             ∈ [-7, 6]              @ /trunk/trunk.12/C1/Conv.conv
%202 = conv2d(%200, %201, [0 0 0 0 0 ... 0 0 0 0 0], pads=[0, 0, 0, 0], strides=(1, 1), dilations=(1, 1), group=1)        # EncryptedTensor<int12, shape=(1, 256, 14, 14)>         ∈ [-947, 1035]         @ /trunk/trunk.12/C1/Conv.conv
%203 = round_bit_pattern(%202, lsbs_to_remove=4, overflow_protection=False, exactness=Exactness.EXACT)                    # EncryptedTensor<int12, shape=(1, 256, 14, 14)>         ∈ [-944, 1040]         @ /trunk/trunk.12/C1/Conv.conv_rounding
%204 = subgraph(%203)                                                                                                     # EncryptedTensor<uint4, shape=(1, 256, 14, 14)>         ∈ [0, 15]
%205 = ones()                                                                                                             # EncryptedTensor<uint1, shape=(1, 256, 16, 16)>         ∈ [1, 1]
%206 = 0                                                                                                                  # ClearScalar<uint1>                                     ∈ [0, 0]
%207 = multiply(%205, %206)                                                                                               # EncryptedTensor<uint1, shape=(1, 256, 16, 16)>         ∈ [0, 0]
%208 = (%207[:, :, 1:15, 1:15] = %204)                                                                                    # EncryptedTensor<uint4, shape=(1, 256, 16, 16)>         ∈ [0, 15]
%209 = [[[[ 0  0  ...   1 -1]]]]                                                                                          # ClearTensor<int4, shape=(256, 256, 3, 3)>              ∈ [-7, 7]              @ /trunk/trunk.12/C2/Conv.conv
%210 = conv2d(%208, %209, [0 0 0 0 0 ... 0 0 0 0 0], pads=[0, 0, 0, 0], strides=(1, 1), dilations=(1, 1), group=1)        # EncryptedTensor<int13, shape=(1, 256, 14, 14)>         ∈ [-2497, 2883]        @ /trunk/trunk.12/C2/Conv.conv
%211 = round_bit_pattern(%210, lsbs_to_remove=5, overflow_protection=False, exactness=Exactness.EXACT)                    # EncryptedTensor<int13, shape=(1, 256, 14, 14)>         ∈ [-2496, 2880]        @ /trunk/trunk.12/C2/Conv.conv_rounding
%212 = subgraph(%211)                                                                                                     # EncryptedTensor<uint4, shape=(1, 256, 14, 14)>         ∈ [0, 15]
%213 = [[[[-1]]   ...   [[ 1]]]]                                                                                          # ClearTensor<int4, shape=(1024, 256, 1, 1)>             ∈ [-7, 6]              @ /trunk/trunk.12/C3/Conv.conv
%214 = conv2d(%212, %213, [0 0 0 ... 0 0 0], pads=[0, 0, 0, 0], strides=(1, 1), dilations=(1, 1), group=1)                # EncryptedTensor<int11, shape=(1, 1024, 14, 14)>        ∈ [-475, 549]          @ /trunk/trunk.12/C3/Conv.conv
%215 = round_bit_pattern(%214, lsbs_to_remove=3, overflow_protection=False, exactness=Exactness.EXACT)                    # EncryptedTensor<int11, shape=(1, 1024, 14, 14)>        ∈ [-472, 552]          @ /trunk/trunk.12/C3/Conv.conv_rounding
%216 = subgraph(%215)                                                                                                     # EncryptedTensor<int4, shape=(1, 1024, 14, 14)>         ∈ [-8, 7]
%217 = subgraph(%199)                                                                                                     # EncryptedTensor<uint4, shape=(1, 1024, 14, 14)>        ∈ [0, 15]
%218 = subgraph(%216)                                                                                                     # EncryptedTensor<int6, shape=(1, 1024, 14, 14)>         ∈ [-18, 16]
%219 = subgraph(%217)                                                                                                     # EncryptedTensor<uint5, shape=(1, 1024, 14, 14)>        ∈ [0, 25]
%220 = 1                                                                                                                  # ClearScalar<uint1>                                     ∈ [1, 1]
%221 = multiply(%220, %219)                                                                                               # EncryptedTensor<uint5, shape=(1, 1024, 14, 14)>        ∈ [0, 25]
%222 = add(%218, %221)                                                                                                    # EncryptedTensor<int7, shape=(1, 1024, 14, 14)>         ∈ [-18, 41]
%223 = subgraph(%222)                                                                                                     # EncryptedTensor<uint4, shape=(1, 1024, 14, 14)>        ∈ [0, 15]
%224 = [[[[-2]]   ...   [[-2]]]]                                                                                          # ClearTensor<int4, shape=(256, 1024, 1, 1)>             ∈ [-6, 7]              @ /trunk/trunk.13/C1/Conv.conv
%225 = conv2d(%223, %224, [0 0 0 0 0 ... 0 0 0 0 0], pads=[0, 0, 0, 0], strides=(1, 1), dilations=(1, 1), group=1)        # EncryptedTensor<int12, shape=(1, 256, 14, 14)>         ∈ [-656, 1148]         @ /trunk/trunk.13/C1/Conv.conv
%226 = round_bit_pattern(%225, lsbs_to_remove=4, overflow_protection=False, exactness=Exactness.EXACT)                    # EncryptedTensor<int12, shape=(1, 256, 14, 14)>         ∈ [-656, 1152]         @ /trunk/trunk.13/C1/Conv.conv_rounding
%227 = subgraph(%226)                                                                                                     # EncryptedTensor<uint4, shape=(1, 256, 14, 14)>         ∈ [0, 15]
%228 = ones()                                                                                                             # EncryptedTensor<uint1, shape=(1, 256, 16, 16)>         ∈ [1, 1]
%229 = 0                                                                                                                  # ClearScalar<uint1>                                     ∈ [0, 0]
%230 = multiply(%228, %229)                                                                                               # EncryptedTensor<uint1, shape=(1, 256, 16, 16)>         ∈ [0, 0]
%231 = (%230[:, :, 1:15, 1:15] = %227)                                                                                    # EncryptedTensor<uint4, shape=(1, 256, 16, 16)>         ∈ [0, 15]
%232 = [[[[ 0 -1  ...   0 -1]]]]                                                                                          # ClearTensor<int4, shape=(256, 256, 3, 3)>              ∈ [-6, 7]              @ /trunk/trunk.13/C2/Conv.conv
%233 = conv2d(%231, %232, [0 0 0 0 0 ... 0 0 0 0 0], pads=[0, 0, 0, 0], strides=(1, 1), dilations=(1, 1), group=1)        # EncryptedTensor<int13, shape=(1, 256, 14, 14)>         ∈ [-2202, 2109]        @ /trunk/trunk.13/C2/Conv.conv
%234 = round_bit_pattern(%233, lsbs_to_remove=5, overflow_protection=False, exactness=Exactness.EXACT)                    # EncryptedTensor<int13, shape=(1, 256, 14, 14)>         ∈ [-2208, 2112]        @ /trunk/trunk.13/C2/Conv.conv_rounding
%235 = subgraph(%234)                                                                                                     # EncryptedTensor<uint4, shape=(1, 256, 14, 14)>         ∈ [0, 15]
%236 = [[[[ 3]]   ...   [[ 0]]]]                                                                                          # ClearTensor<int4, shape=(1024, 256, 1, 1)>             ∈ [-6, 7]              @ /trunk/trunk.13/C3/Conv.conv
%237 = conv2d(%235, %236, [0 0 0 ... 0 0 0], pads=[0, 0, 0, 0], strides=(1, 1), dilations=(1, 1), group=1)                # EncryptedTensor<int11, shape=(1, 1024, 14, 14)>        ∈ [-553, 639]          @ /trunk/trunk.13/C3/Conv.conv
%238 = round_bit_pattern(%237, lsbs_to_remove=3, overflow_protection=False, exactness=Exactness.EXACT)                    # EncryptedTensor<int11, shape=(1, 1024, 14, 14)>        ∈ [-552, 640]          @ /trunk/trunk.13/C3/Conv.conv_rounding
%239 = subgraph(%238)                                                                                                     # EncryptedTensor<int4, shape=(1, 1024, 14, 14)>         ∈ [-8, 7]
%240 = subgraph(%222)                                                                                                     # EncryptedTensor<uint4, shape=(1, 1024, 14, 14)>        ∈ [0, 15]
%241 = subgraph(%239)                                                                                                     # EncryptedTensor<int5, shape=(1, 1024, 14, 14)>         ∈ [-13, 12]
%242 = subgraph(%240)                                                                                                     # EncryptedTensor<uint5, shape=(1, 1024, 14, 14)>        ∈ [0, 26]
%243 = 1                                                                                                                  # ClearScalar<uint1>                                     ∈ [1, 1]
%244 = multiply(%243, %242)                                                                                               # EncryptedTensor<uint5, shape=(1, 1024, 14, 14)>        ∈ [0, 26]
%245 = add(%241, %244)                                                                                                    # EncryptedTensor<int7, shape=(1, 1024, 14, 14)>         ∈ [-13, 38]
%246 = subgraph(%245)                                                                                                     # EncryptedTensor<uint4, shape=(1, 1024, 14, 14)>        ∈ [0, 15]
%247 = [[[[-2]]   ...   [[ 0]]]]                                                                                          # ClearTensor<int4, shape=(256, 1024, 1, 1)>             ∈ [-6, 7]              @ /trunk/trunk.14/C1/Conv.conv
%248 = conv2d(%246, %247, [0 0 0 0 0 ... 0 0 0 0 0], pads=[0, 0, 0, 0], strides=(1, 1), dilations=(1, 1), group=1)        # EncryptedTensor<int12, shape=(1, 256, 14, 14)>         ∈ [-606, 1153]         @ /trunk/trunk.14/C1/Conv.conv
%249 = round_bit_pattern(%248, lsbs_to_remove=4, overflow_protection=False, exactness=Exactness.EXACT)                    # EncryptedTensor<int12, shape=(1, 256, 14, 14)>         ∈ [-608, 1152]         @ /trunk/trunk.14/C1/Conv.conv_rounding
%250 = subgraph(%249)                                                                                                     # EncryptedTensor<uint4, shape=(1, 256, 14, 14)>         ∈ [0, 15]
%251 = ones()                                                                                                             # EncryptedTensor<uint1, shape=(1, 256, 16, 16)>         ∈ [1, 1]
%252 = 0                                                                                                                  # ClearScalar<uint1>                                     ∈ [0, 0]
%253 = multiply(%251, %252)                                                                                               # EncryptedTensor<uint1, shape=(1, 256, 16, 16)>         ∈ [0, 0]
%254 = (%253[:, :, 1:15, 1:15] = %250)                                                                                    # EncryptedTensor<uint4, shape=(1, 256, 16, 16)>         ∈ [0, 15]
%255 = [[[[-1  1  ...   2  0]]]]                                                                                          # ClearTensor<int4, shape=(256, 256, 3, 3)>              ∈ [-7, 6]              @ /trunk/trunk.14/C2/Conv.conv
%256 = conv2d(%254, %255, [0 0 0 0 0 ... 0 0 0 0 0], pads=[0, 0, 0, 0], strides=(1, 1), dilations=(1, 1), group=1)        # EncryptedTensor<int13, shape=(1, 256, 14, 14)>         ∈ [-1904, 2549]        @ /trunk/trunk.14/C2/Conv.conv
%257 = round_bit_pattern(%256, lsbs_to_remove=5, overflow_protection=False, exactness=Exactness.EXACT)                    # EncryptedTensor<int13, shape=(1, 256, 14, 14)>         ∈ [-1888, 2560]        @ /trunk/trunk.14/C2/Conv.conv_rounding
%258 = subgraph(%257)                                                                                                     # EncryptedTensor<uint4, shape=(1, 256, 14, 14)>         ∈ [0, 15]
%259 = [[[[ 0]]   ...   [[ 2]]]]                                                                                          # ClearTensor<int4, shape=(1024, 256, 1, 1)>             ∈ [-5, 7]              @ /trunk/trunk.14/C3/Conv.conv
%260 = conv2d(%258, %259, [0 0 0 ... 0 0 0], pads=[0, 0, 0, 0], strides=(1, 1), dilations=(1, 1), group=1)                # EncryptedTensor<int10, shape=(1, 1024, 14, 14)>        ∈ [-498, 477]          @ /trunk/trunk.14/C3/Conv.conv
%261 = round_bit_pattern(%260, lsbs_to_remove=3, overflow_protection=False, exactness=Exactness.EXACT)                    # EncryptedTensor<int10, shape=(1, 1024, 14, 14)>        ∈ [-496, 480]          @ /trunk/trunk.14/C3/Conv.conv_rounding
%262 = subgraph(%261)                                                                                                     # EncryptedTensor<int4, shape=(1, 1024, 14, 14)>         ∈ [-8, 7]
%263 = subgraph(%245)                                                                                                     # EncryptedTensor<uint4, shape=(1, 1024, 14, 14)>        ∈ [0, 15]
%264 = subgraph(%262)                                                                                                     # EncryptedTensor<int5, shape=(1, 1024, 14, 14)>         ∈ [-11, 10]
%265 = subgraph(%263)                                                                                                     # EncryptedTensor<uint5, shape=(1, 1024, 14, 14)>        ∈ [0, 31]
%266 = 1                                                                                                                  # ClearScalar<uint1>                                     ∈ [1, 1]
%267 = multiply(%266, %265)                                                                                               # EncryptedTensor<uint5, shape=(1, 1024, 14, 14)>        ∈ [0, 31]
%268 = add(%264, %267)                                                                                                    # EncryptedTensor<int7, shape=(1, 1024, 14, 14)>         ∈ [-11, 41]
%269 = subgraph(%268)                                                                                                     # EncryptedTensor<uint4, shape=(1, 1024, 14, 14)>        ∈ [0, 15]
%270 = [[[[ 1]]   ...   [[ 1]]]]                                                                                          # ClearTensor<int4, shape=(256, 1024, 1, 1)>             ∈ [-7, 7]              @ /trunk/trunk.15/C1/Conv.conv
%271 = conv2d(%269, %270, [0 0 0 0 0 ... 0 0 0 0 0], pads=[0, 0, 0, 0], strides=(1, 1), dilations=(1, 1), group=1)        # EncryptedTensor<int11, shape=(1, 256, 14, 14)>         ∈ [-509, 902]          @ /trunk/trunk.15/C1/Conv.conv
%272 = round_bit_pattern(%271, lsbs_to_remove=4, overflow_protection=False, exactness=Exactness.EXACT)                    # EncryptedTensor<int11, shape=(1, 256, 14, 14)>         ∈ [-512, 896]          @ /trunk/trunk.15/C1/Conv.conv_rounding
%273 = subgraph(%272)                                                                                                     # EncryptedTensor<uint4, shape=(1, 256, 14, 14)>         ∈ [0, 15]
%274 = ones()                                                                                                             # EncryptedTensor<uint1, shape=(1, 256, 16, 16)>         ∈ [1, 1]
%275 = 0                                                                                                                  # ClearScalar<uint1>                                     ∈ [0, 0]
%276 = multiply(%274, %275)                                                                                               # EncryptedTensor<uint1, shape=(1, 256, 16, 16)>         ∈ [0, 0]
%277 = (%276[:, :, 1:15, 1:15] = %273)                                                                                    # EncryptedTensor<uint4, shape=(1, 256, 16, 16)>         ∈ [0, 15]
%278 = [[[[ 1  2  ...   1  1]]]]                                                                                          # ClearTensor<int4, shape=(256, 256, 3, 3)>              ∈ [-7, 7]              @ /trunk/trunk.15/C2/Conv.conv
%279 = conv2d(%277, %278, [0 0 0 0 0 ... 0 0 0 0 0], pads=[0, 0, 0, 0], strides=(1, 1), dilations=(1, 1), group=1)        # EncryptedTensor<int13, shape=(1, 256, 14, 14)>         ∈ [-2124, 2675]        @ /trunk/trunk.15/C2/Conv.conv
%280 = round_bit_pattern(%279, lsbs_to_remove=5, overflow_protection=False, exactness=Exactness.EXACT)                    # EncryptedTensor<int13, shape=(1, 256, 14, 14)>         ∈ [-2112, 2688]        @ /trunk/trunk.15/C2/Conv.conv_rounding
%281 = subgraph(%280)                                                                                                     # EncryptedTensor<uint4, shape=(1, 256, 14, 14)>         ∈ [0, 15]
%282 = [[[[ 0]]   ...   [[ 0]]]]                                                                                          # ClearTensor<int4, shape=(1024, 256, 1, 1)>             ∈ [-6, 7]              @ /trunk/trunk.15/C3/Conv.conv
%283 = conv2d(%281, %282, [0 0 0 ... 0 0 0], pads=[0, 0, 0, 0], strides=(1, 1), dilations=(1, 1), group=1)                # EncryptedTensor<int11, shape=(1, 1024, 14, 14)>        ∈ [-588, 607]          @ /trunk/trunk.15/C3/Conv.conv
%284 = round_bit_pattern(%283, lsbs_to_remove=3, overflow_protection=False, exactness=Exactness.EXACT)                    # EncryptedTensor<int11, shape=(1, 1024, 14, 14)>        ∈ [-584, 608]          @ /trunk/trunk.15/C3/Conv.conv_rounding
%285 = subgraph(%284)                                                                                                     # EncryptedTensor<int4, shape=(1, 1024, 14, 14)>         ∈ [-8, 7]
%286 = subgraph(%268)                                                                                                     # EncryptedTensor<uint4, shape=(1, 1024, 14, 14)>        ∈ [0, 15]
%287 = subgraph(%285)                                                                                                     # EncryptedTensor<int5, shape=(1, 1024, 14, 14)>         ∈ [-10, 9]
%288 = subgraph(%286)                                                                                                     # EncryptedTensor<uint6, shape=(1, 1024, 14, 14)>        ∈ [0, 32]
%289 = 1                                                                                                                  # ClearScalar<uint1>                                     ∈ [1, 1]
%290 = multiply(%289, %288)                                                                                               # EncryptedTensor<uint6, shape=(1, 1024, 14, 14)>        ∈ [0, 32]
%291 = add(%287, %290)                                                                                                    # EncryptedTensor<int7, shape=(1, 1024, 14, 14)>         ∈ [-10, 41]
%292 = subgraph(%291)                                                                                                     # EncryptedTensor<uint4, shape=(1, 1024, 14, 14)>        ∈ [0, 15]
%293 = [[[[ 1]]   ...   [[ 1]]]]                                                                                          # ClearTensor<int4, shape=(256, 1024, 1, 1)>             ∈ [-5, 7]              @ /trunk/trunk.16/C1/Conv.conv
%294 = conv2d(%292, %293, [0 0 0 0 0 ... 0 0 0 0 0], pads=[0, 0, 0, 0], strides=(1, 1), dilations=(1, 1), group=1)        # EncryptedTensor<int11, shape=(1, 256, 14, 14)>         ∈ [-597, 758]          @ /trunk/trunk.16/C1/Conv.conv
%295 = round_bit_pattern(%294, lsbs_to_remove=3, overflow_protection=False, exactness=Exactness.EXACT)                    # EncryptedTensor<int11, shape=(1, 256, 14, 14)>         ∈ [-600, 760]          @ /trunk/trunk.16/C1/Conv.conv_rounding
%296 = subgraph(%295)                                                                                                     # EncryptedTensor<uint4, shape=(1, 256, 14, 14)>         ∈ [0, 15]
%297 = ones()                                                                                                             # EncryptedTensor<uint1, shape=(1, 256, 16, 16)>         ∈ [1, 1]
%298 = 0                                                                                                                  # ClearScalar<uint1>                                     ∈ [0, 0]
%299 = multiply(%297, %298)                                                                                               # EncryptedTensor<uint1, shape=(1, 256, 16, 16)>         ∈ [0, 0]
%300 = (%299[:, :, 1:15, 1:15] = %296)                                                                                    # EncryptedTensor<uint4, shape=(1, 256, 16, 16)>         ∈ [0, 15]
%301 = [[[[ 1  0  ...   0  0]]]]                                                                                          # ClearTensor<int4, shape=(256, 256, 3, 3)>              ∈ [-7, 7]              @ /trunk/trunk.16/C2/Conv.conv
%302 = conv2d(%300, %301, [0 0 0 0 0 ... 0 0 0 0 0], pads=[0, 0, 0, 0], strides=(1, 1), dilations=(1, 1), group=1)        # EncryptedTensor<int12, shape=(1, 256, 14, 14)>         ∈ [-1717, 2022]        @ /trunk/trunk.16/C2/Conv.conv
%303 = round_bit_pattern(%302, lsbs_to_remove=5, overflow_protection=False, exactness=Exactness.EXACT)                    # EncryptedTensor<int12, shape=(1, 256, 14, 14)>         ∈ [-1728, 2016]        @ /trunk/trunk.16/C2/Conv.conv_rounding
%304 = subgraph(%303)                                                                                                     # EncryptedTensor<uint4, shape=(1, 256, 14, 14)>         ∈ [0, 15]
%305 = [[[[ 0]]   ...   [[ 0]]]]                                                                                          # ClearTensor<int4, shape=(1024, 256, 1, 1)>             ∈ [-7, 6]              @ /trunk/trunk.16/C3/Conv.conv
%306 = conv2d(%304, %305, [0 0 0 ... 0 0 0], pads=[0, 0, 0, 0], strides=(1, 1), dilations=(1, 1), group=1)                # EncryptedTensor<int11, shape=(1, 1024, 14, 14)>        ∈ [-602, 622]          @ /trunk/trunk.16/C3/Conv.conv
%307 = round_bit_pattern(%306, lsbs_to_remove=3, overflow_protection=False, exactness=Exactness.EXACT)                    # EncryptedTensor<int11, shape=(1, 1024, 14, 14)>        ∈ [-600, 624]          @ /trunk/trunk.16/C3/Conv.conv_rounding
%308 = subgraph(%307)                                                                                                     # EncryptedTensor<int4, shape=(1, 1024, 14, 14)>         ∈ [-8, 7]
%309 = subgraph(%291)                                                                                                     # EncryptedTensor<uint4, shape=(1, 1024, 14, 14)>        ∈ [0, 15]
%310 = subgraph(%308)                                                                                                     # EncryptedTensor<int5, shape=(1, 1024, 14, 14)>         ∈ [-9, 8]
%311 = subgraph(%309)                                                                                                     # EncryptedTensor<uint6, shape=(1, 1024, 14, 14)>        ∈ [0, 32]
%312 = 1                                                                                                                  # ClearScalar<uint1>                                     ∈ [1, 1]
%313 = multiply(%312, %311)                                                                                               # EncryptedTensor<uint6, shape=(1, 1024, 14, 14)>        ∈ [0, 32]
%314 = add(%310, %313)                                                                                                    # EncryptedTensor<int7, shape=(1, 1024, 14, 14)>         ∈ [-9, 40]
%315 = subgraph(%314)                                                                                                     # EncryptedTensor<uint4, shape=(1, 1024, 14, 14)>        ∈ [0, 15]
%316 = [[[[-1]]   ...   [[ 0]]]]                                                                                          # ClearTensor<int4, shape=(512, 1024, 1, 1)>             ∈ [-7, 5]              @ /trunk/trunk.17/C1/Conv.conv
%317 = conv2d(%315, %316, [0 0 0 0 0 ... 0 0 0 0 0], pads=[0, 0, 0, 0], strides=(1, 1), dilations=(1, 1), group=1)        # EncryptedTensor<int11, shape=(1, 512, 14, 14)>         ∈ [-748, 856]          @ /trunk/trunk.17/C1/Conv.conv
%318 = round_bit_pattern(%317, lsbs_to_remove=4, overflow_protection=False, exactness=Exactness.EXACT)                    # EncryptedTensor<int11, shape=(1, 512, 14, 14)>         ∈ [-752, 864]          @ /trunk/trunk.17/C1/Conv.conv_rounding
%319 = subgraph(%318)                                                                                                     # EncryptedTensor<uint4, shape=(1, 512, 14, 14)>         ∈ [0, 15]
%320 = ones()                                                                                                             # EncryptedTensor<uint1, shape=(1, 512, 16, 16)>         ∈ [1, 1]
%321 = 0                                                                                                                  # ClearScalar<uint1>                                     ∈ [0, 0]
%322 = multiply(%320, %321)                                                                                               # EncryptedTensor<uint1, shape=(1, 512, 16, 16)>         ∈ [0, 0]
%323 = (%322[:, :, 1:15, 1:15] = %319)                                                                                    # EncryptedTensor<uint4, shape=(1, 512, 16, 16)>         ∈ [0, 15]
%324 = [[[[-1 -1  ...   1 -1]]]]                                                                                          # ClearTensor<int4, shape=(512, 512, 3, 3)>              ∈ [-6, 7]              @ /trunk/trunk.17/C2/Conv.conv
%325 = conv2d(%323, %324, [0 0 0 0 0 ... 0 0 0 0 0], pads=[0, 0, 0, 0], strides=(2, 2), dilations=(1, 1), group=1)        # EncryptedTensor<int14, shape=(1, 512, 7, 7)>           ∈ [-4175, 5507]        @ /trunk/trunk.17/C2/Conv.conv
%326 = round_bit_pattern(%325, lsbs_to_remove=6, overflow_protection=False, exactness=Exactness.EXACT)                    # EncryptedTensor<int14, shape=(1, 512, 7, 7)>           ∈ [-4160, 5504]        @ /trunk/trunk.17/C2/Conv.conv_rounding
%327 = subgraph(%326)                                                                                                     # EncryptedTensor<uint4, shape=(1, 512, 7, 7)>           ∈ [0, 15]
%328 = [[[[-1]]   ...   [[ 1]]]]                                                                                          # ClearTensor<int4, shape=(2048, 512, 1, 1)>             ∈ [-7, 6]              @ /trunk/trunk.17/C3/Conv.conv
%329 = conv2d(%327, %328, [0 0 0 ... 0 0 0], pads=[0, 0, 0, 0], strides=(1, 1), dilations=(1, 1), group=1)                # EncryptedTensor<int13, shape=(1, 2048, 7, 7)>          ∈ [-2646, 2254]        @ /trunk/trunk.17/C3/Conv.conv
%330 = round_bit_pattern(%329, lsbs_to_remove=5, overflow_protection=False, exactness=Exactness.EXACT)                    # EncryptedTensor<int13, shape=(1, 2048, 7, 7)>          ∈ [-2656, 2240]        @ /trunk/trunk.17/C3/Conv.conv_rounding
%331 = subgraph(%314)                                                                                                     # EncryptedTensor<uint4, shape=(1, 1024, 14, 14)>        ∈ [0, 15]
%332 = [[[[ 1]]   ...   [[ 0]]]]                                                                                          # ClearTensor<int4, shape=(2048, 1024, 1, 1)>            ∈ [-7, 6]              @ /trunk/trunk.17/shortcut/Conv.conv
%333 = conv2d(%331, %332, [0 0 0 ... 0 0 0], pads=[0, 0, 0, 0], strides=(2, 2), dilations=(1, 1), group=1)                # EncryptedTensor<int13, shape=(1, 2048, 7, 7)>          ∈ [-1929, 2412]        @ /trunk/trunk.17/shortcut/Conv.conv
%334 = round_bit_pattern(%333, lsbs_to_remove=5, overflow_protection=False, exactness=Exactness.EXACT)                    # EncryptedTensor<int13, shape=(1, 2048, 7, 7)>          ∈ [-1920, 2400]        @ /trunk/trunk.17/shortcut/Conv.conv_rounding
%335 = subgraph(%330)                                                                                                     # EncryptedTensor<int4, shape=(1, 2048, 7, 7)>           ∈ [-8, 7]
%336 = subgraph(%334)                                                                                                     # EncryptedTensor<int4, shape=(1, 2048, 7, 7)>           ∈ [-8, 7]
%337 = subgraph(%335)                                                                                                     # EncryptedTensor<int6, shape=(1, 2048, 7, 7)>           ∈ [-17, 14]
%338 = subgraph(%336)                                                                                                     # EncryptedTensor<int6, shape=(1, 2048, 7, 7)>           ∈ [-17, 14]
%339 = 1                                                                                                                  # ClearScalar<uint1>                                     ∈ [1, 1]
%340 = multiply(%339, %338)                                                                                               # EncryptedTensor<int6, shape=(1, 2048, 7, 7)>           ∈ [-17, 14]
%341 = add(%337, %340)                                                                                                    # EncryptedTensor<int7, shape=(1, 2048, 7, 7)>           ∈ [-34, 28]
%342 = subgraph(%341)                                                                                                     # EncryptedTensor<uint4, shape=(1, 2048, 7, 7)>          ∈ [0, 15]
%343 = [[[[ 0]]   ...   [[ 0]]]]                                                                                          # ClearTensor<int4, shape=(512, 2048, 1, 1)>             ∈ [-7, 5]              @ /trunk/trunk.18/C1/Conv.conv
%344 = conv2d(%342, %343, [0 0 0 0 0 ... 0 0 0 0 0], pads=[0, 0, 0, 0], strides=(1, 1), dilations=(1, 1), group=1)        # EncryptedTensor<int12, shape=(1, 512, 7, 7)>           ∈ [-1300, 1504]        @ /trunk/trunk.18/C1/Conv.conv
%345 = round_bit_pattern(%344, lsbs_to_remove=4, overflow_protection=False, exactness=Exactness.EXACT)                    # EncryptedTensor<int12, shape=(1, 512, 7, 7)>           ∈ [-1296, 1504]        @ /trunk/trunk.18/C1/Conv.conv_rounding
%346 = subgraph(%345)                                                                                                     # EncryptedTensor<uint4, shape=(1, 512, 7, 7)>           ∈ [0, 15]
%347 = ones()                                                                                                             # EncryptedTensor<uint1, shape=(1, 512, 9, 9)>           ∈ [1, 1]
%348 = 0                                                                                                                  # ClearScalar<uint1>                                     ∈ [0, 0]
%349 = multiply(%347, %348)                                                                                               # EncryptedTensor<uint1, shape=(1, 512, 9, 9)>           ∈ [0, 0]
%350 = (%349[:, :, 1:8, 1:8] = %346)                                                                                      # EncryptedTensor<uint4, shape=(1, 512, 9, 9)>           ∈ [0, 15]
%351 = [[[[ 0  0  ...  -1 -2]]]]                                                                                          # ClearTensor<int4, shape=(512, 512, 3, 3)>              ∈ [-6, 7]              @ /trunk/trunk.18/C2/Conv.conv
%352 = conv2d(%350, %351, [0 0 0 0 0 ... 0 0 0 0 0], pads=[0, 0, 0, 0], strides=(1, 1), dilations=(1, 1), group=1)        # EncryptedTensor<int14, shape=(1, 512, 7, 7)>           ∈ [-6818, 5183]        @ /trunk/trunk.18/C2/Conv.conv
%353 = round_bit_pattern(%352, lsbs_to_remove=6, overflow_protection=False, exactness=Exactness.EXACT)                    # EncryptedTensor<int14, shape=(1, 512, 7, 7)>           ∈ [-6848, 5184]        @ /trunk/trunk.18/C2/Conv.conv_rounding
%354 = subgraph(%353)                                                                                                     # EncryptedTensor<uint4, shape=(1, 512, 7, 7)>           ∈ [0, 15]
%355 = [[[[-1]]   ...   [[ 0]]]]                                                                                          # ClearTensor<int4, shape=(2048, 512, 1, 1)>             ∈ [-6, 7]              @ /trunk/trunk.18/C3/Conv.conv
%356 = conv2d(%354, %355, [0 0 0 ... 0 0 0], pads=[0, 0, 0, 0], strides=(1, 1), dilations=(1, 1), group=1)                # EncryptedTensor<int13, shape=(1, 2048, 7, 7)>          ∈ [-2165, 1760]        @ /trunk/trunk.18/C3/Conv.conv
%357 = round_bit_pattern(%356, lsbs_to_remove=5, overflow_protection=False, exactness=Exactness.EXACT)                    # EncryptedTensor<int13, shape=(1, 2048, 7, 7)>          ∈ [-2176, 1760]        @ /trunk/trunk.18/C3/Conv.conv_rounding
%358 = subgraph(%357)                                                                                                     # EncryptedTensor<int4, shape=(1, 2048, 7, 7)>           ∈ [-8, 7]
%359 = subgraph(%341)                                                                                                     # EncryptedTensor<uint4, shape=(1, 2048, 7, 7)>          ∈ [0, 15]
%360 = subgraph(%358)                                                                                                     # EncryptedTensor<int6, shape=(1, 2048, 7, 7)>           ∈ [-19, 16]
%361 = subgraph(%359)                                                                                                     # EncryptedTensor<uint5, shape=(1, 2048, 7, 7)>          ∈ [0, 28]
%362 = 1                                                                                                                  # ClearScalar<uint1>                                     ∈ [1, 1]
%363 = multiply(%362, %361)                                                                                               # EncryptedTensor<uint5, shape=(1, 2048, 7, 7)>          ∈ [0, 28]
%364 = add(%360, %363)                                                                                                    # EncryptedTensor<int7, shape=(1, 2048, 7, 7)>           ∈ [-19, 44]
%365 = subgraph(%364)                                                                                                     # EncryptedTensor<uint4, shape=(1, 2048, 7, 7)>          ∈ [0, 15]
%366 = [[[[ 1]]   ...   [[ 0]]]]                                                                                          # ClearTensor<int4, shape=(512, 2048, 1, 1)>             ∈ [-7, 5]              @ /trunk/trunk.19/C1/Conv.conv
%367 = conv2d(%365, %366, [0 0 0 0 0 ... 0 0 0 0 0], pads=[0, 0, 0, 0], strides=(1, 1), dilations=(1, 1), group=1)        # EncryptedTensor<int12, shape=(1, 512, 7, 7)>           ∈ [-1108, 1197]        @ /trunk/trunk.19/C1/Conv.conv
%368 = round_bit_pattern(%367, lsbs_to_remove=4, overflow_protection=False, exactness=Exactness.EXACT)                    # EncryptedTensor<int12, shape=(1, 512, 7, 7)>           ∈ [-1104, 1200]        @ /trunk/trunk.19/C1/Conv.conv_rounding
%369 = subgraph(%368)                                                                                                     # EncryptedTensor<uint4, shape=(1, 512, 7, 7)>           ∈ [0, 15]
%370 = ones()                                                                                                             # EncryptedTensor<uint1, shape=(1, 512, 9, 9)>           ∈ [1, 1]
%371 = 0                                                                                                                  # ClearScalar<uint1>                                     ∈ [0, 0]
%372 = multiply(%370, %371)                                                                                               # EncryptedTensor<uint1, shape=(1, 512, 9, 9)>           ∈ [0, 0]
%373 = (%372[:, :, 1:8, 1:8] = %369)                                                                                      # EncryptedTensor<uint4, shape=(1, 512, 9, 9)>           ∈ [0, 15]
%374 = [[[[-2  0  ...  -1  1]]]]                                                                                          # ClearTensor<int4, shape=(512, 512, 3, 3)>              ∈ [-6, 7]              @ /trunk/trunk.19/C2/Conv.conv
%375 = conv2d(%373, %374, [0 0 0 0 0 ... 0 0 0 0 0], pads=[0, 0, 0, 0], strides=(1, 1), dilations=(1, 1), group=1)        # EncryptedTensor<int14, shape=(1, 512, 7, 7)>           ∈ [-5666, 5055]        @ /trunk/trunk.19/C2/Conv.conv
%376 = round_bit_pattern(%375, lsbs_to_remove=6, overflow_protection=False, exactness=Exactness.EXACT)                    # EncryptedTensor<int14, shape=(1, 512, 7, 7)>           ∈ [-5696, 5056]        @ /trunk/trunk.19/C2/Conv.conv_rounding
%377 = subgraph(%376)                                                                                                     # EncryptedTensor<uint4, shape=(1, 512, 7, 7)>           ∈ [0, 15]
%378 = [[[[-1]]   ...   [[ 0]]]]                                                                                          # ClearTensor<int4, shape=(2048, 512, 1, 1)>             ∈ [-6, 7]              @ /trunk/trunk.19/C3/Conv.conv
%379 = conv2d(%377, %378, [0 0 0 ... 0 0 0], pads=[0, 0, 0, 0], strides=(1, 1), dilations=(1, 1), group=1)                # EncryptedTensor<int12, shape=(1, 2048, 7, 7)>          ∈ [-1583, 1666]        @ /trunk/trunk.19/C3/Conv.conv
%380 = round_bit_pattern(%379, lsbs_to_remove=4, overflow_protection=False, exactness=Exactness.EXACT)                    # EncryptedTensor<int12, shape=(1, 2048, 7, 7)>          ∈ [-1584, 1664]        @ /trunk/trunk.19/C3/Conv.conv_rounding
%381 = subgraph(%380)                                                                                                     # EncryptedTensor<int4, shape=(1, 2048, 7, 7)>           ∈ [-8, 7]
%382 = subgraph(%364)                                                                                                     # EncryptedTensor<uint4, shape=(1, 2048, 7, 7)>          ∈ [0, 15]
%383 = subgraph(%381)                                                                                                     # EncryptedTensor<int5, shape=(1, 2048, 7, 7)>           ∈ [-15, 13]
%384 = subgraph(%382)                                                                                                     # EncryptedTensor<uint6, shape=(1, 2048, 7, 7)>          ∈ [0, 33]
%385 = 1                                                                                                                  # ClearScalar<uint1>                                     ∈ [1, 1]
%386 = multiply(%385, %384)                                                                                               # EncryptedTensor<uint6, shape=(1, 2048, 7, 7)>          ∈ [0, 33]
%387 = add(%383, %386)                                                                                                    # EncryptedTensor<int7, shape=(1, 2048, 7, 7)>           ∈ [-15, 46]
%388 = subgraph(%387)                                                                                                     # EncryptedTensor<uint4, shape=(1, 2048, 7, 7)>          ∈ [0, 15]
%389 = [[[[1 1 1  ...  1 1 1]]]]                                                                                          # ClearTensor<uint1, shape=(2048, 2048, 5, 5)>           ∈ [0, 1]               @ /trunk/trunk.20/AveragePool.avgpool
%390 = conv2d(%388, %389, [0 0 0 ... 0 0 0], pads=[0, 0, 0, 0], strides=(5, 5), dilations=(1, 1), group=1)                # EncryptedTensor<uint7, shape=(1, 2048, 1, 1)>          ∈ [0, 105]             @ /trunk/trunk.20/AveragePool.avgpool
%391 = subgraph(%390)                                                                                                     # EncryptedTensor<uint3, shape=(1, 2048, 1, 1)>          ∈ [0, 7]
%392 = reshape(%391, newshape=(1, 2048))                                                                                  # EncryptedTensor<uint3, shape=(1, 2048)>                ∈ [0, 7]
return %392

Subgraphs:

    %4 = subgraph(%3):

         %0 = input                            # EncryptedTensor<int4, shape=(1, 64, 56, 56)>           @ /trunk/trunk.1/Conv.conv_rounding
         %1 = astype(%0, dtype=float64)        # EncryptedTensor<float64, shape=(1, 64, 56, 56)>
         %2 = 0                                # ClearScalar<uint1>
         %3 = add(%1, %2)                      # EncryptedTensor<float64, shape=(1, 64, 56, 56)>
         %4 = [[[[0]]  [ ... ]  [[0]]]]        # ClearTensor<uint1, shape=(1, 64, 1, 1)>
         %5 = subtract(%3, %4)                 # EncryptedTensor<float64, shape=(1, 64, 56, 56)>
         %6 = 4.570926340062897                # ClearScalar<float64>
         %7 = multiply(%6, %5)                 # EncryptedTensor<float64, shape=(1, 64, 56, 56)>
         %8 = [[[[ 0.056 ... 961547]]]]        # ClearTensor<float32, shape=(1, 64, 1, 1)>
         %9 = subtract(%7, %8)                 # EncryptedTensor<float64, shape=(1, 64, 56, 56)>
        %10 = [[[[17.152 ... 841394]]]]        # ClearTensor<float32, shape=(1, 64, 1, 1)>
        %11 = divide(%9, %10)                  # EncryptedTensor<float64, shape=(1, 64, 56, 56)>
        %12 = [[[[1.0062 ... 2869  ]]]]        # ClearTensor<float32, shape=(1, 64, 1, 1)>
        %13 = multiply(%11, %12)               # EncryptedTensor<float64, shape=(1, 64, 56, 56)>
        %14 = [[[[ 0.003 ... 714536]]]]        # ClearTensor<float32, shape=(1, 64, 1, 1)>
        %15 = add(%13, %14)                    # EncryptedTensor<float64, shape=(1, 64, 56, 56)>
        %16 = 1.40705                          # ClearScalar<float32>
        %17 = divide(%15, %16)                 # EncryptedTensor<float64, shape=(1, 64, 56, 56)>
        %18 = 0.0                              # ClearScalar<float32>
        %19 = add(%17, %18)                    # EncryptedTensor<float64, shape=(1, 64, 56, 56)>
        %20 = -8.0                             # ClearScalar<float64>
        %21 = 7.0                              # ClearScalar<float64>
        %22 = clip(%19, %20, %21)              # EncryptedTensor<float64, shape=(1, 64, 56, 56)>
        %23 = rint(%22)                        # EncryptedTensor<float64, shape=(1, 64, 56, 56)>
        %24 = 0.0                              # ClearScalar<float32>
        %25 = subtract(%23, %24)               # EncryptedTensor<float64, shape=(1, 64, 56, 56)>
        %26 = 1.40705                          # ClearScalar<float32>
        %27 = multiply(%25, %26)               # EncryptedTensor<float64, shape=(1, 64, 56, 56)>
        %28 = 1.4070500135421753               # ClearScalar<float64>
        %29 = divide(%27, %28)                 # EncryptedTensor<float64, shape=(1, 64, 56, 56)>
        %30 = 0                                # ClearScalar<uint1>
        %31 = add(%29, %30)                    # EncryptedTensor<float64, shape=(1, 64, 56, 56)>
        %32 = rint(%31)                        # EncryptedTensor<float64, shape=(1, 64, 56, 56)>
        %33 = astype(%32, dtype=int_)          # EncryptedTensor<uint1, shape=(1, 64, 56, 56)>
        return %33

    %8 = subgraph(%7):

         %0 = input                            # EncryptedTensor<uint1, shape=(1, 64, 56, 56)>          @ /trunk/trunk.4/C1/Conv.conv_rounding
         %1 = astype(%0, dtype=float64)        # EncryptedTensor<float64, shape=(1, 64, 56, 56)>
         %2 = 0                                # ClearScalar<uint1>
         %3 = add(%1, %2)                      # EncryptedTensor<float64, shape=(1, 64, 56, 56)>
         %4 = [[[[0]]  [ ... ]  [[0]]]]        # ClearTensor<uint1, shape=(1, 64, 1, 1)>
         %5 = subtract(%3, %4)                 # EncryptedTensor<float64, shape=(1, 64, 56, 56)>
         %6 = 0.12418474898613585              # ClearScalar<float64>
         %7 = multiply(%6, %5)                 # EncryptedTensor<float64, shape=(1, 64, 56, 56)>
         %8 = [[[[ 3.045 ... 69e-05]]]]        # ClearTensor<float32, shape=(1, 64, 1, 1)>
         %9 = subtract(%7, %8)                 # EncryptedTensor<float64, shape=(1, 64, 56, 56)>
        %10 = [[[[1.8977 ... 547426]]]]        # ClearTensor<float32, shape=(1, 64, 1, 1)>
        %11 = divide(%9, %10)                  # EncryptedTensor<float64, shape=(1, 64, 56, 56)>
        %12 = [[[[0.9960 ... 92743 ]]]]        # ClearTensor<float32, shape=(1, 64, 1, 1)>
        %13 = multiply(%11, %12)               # EncryptedTensor<float64, shape=(1, 64, 56, 56)>
        %14 = [[[[ 0.079 ... 970954]]]]        # ClearTensor<float32, shape=(1, 64, 1, 1)>
        %15 = add(%13, %14)                    # EncryptedTensor<float64, shape=(1, 64, 56, 56)>
        %16 = 0                                # ClearScalar<uint1>
        %17 = maximum(%15, %16)                # EncryptedTensor<float64, shape=(1, 64, 56, 56)>
        %18 = 0.63011074                       # ClearScalar<float32>
        %19 = divide(%17, %18)                 # EncryptedTensor<float64, shape=(1, 64, 56, 56)>
        %20 = 0.0                              # ClearScalar<float32>
        %21 = add(%19, %20)                    # EncryptedTensor<float64, shape=(1, 64, 56, 56)>
        %22 = 0.0                              # ClearScalar<float64>
        %23 = 15.0                             # ClearScalar<float64>
        %24 = clip(%21, %22, %23)              # EncryptedTensor<float64, shape=(1, 64, 56, 56)>
        %25 = rint(%24)                        # EncryptedTensor<float64, shape=(1, 64, 56, 56)>
        %26 = 0.0                              # ClearScalar<float32>
        %27 = subtract(%25, %26)               # EncryptedTensor<float64, shape=(1, 64, 56, 56)>
        %28 = 0.63011074                       # ClearScalar<float32>
        %29 = multiply(%27, %28)               # EncryptedTensor<float64, shape=(1, 64, 56, 56)>
        %30 = 0.6301107406616211               # ClearScalar<float64>
        %31 = divide(%29, %30)                 # EncryptedTensor<float64, shape=(1, 64, 56, 56)>
        %32 = 0                                # ClearScalar<uint1>
        %33 = add(%31, %32)                    # EncryptedTensor<float64, shape=(1, 64, 56, 56)>
        %34 = rint(%33)                        # EncryptedTensor<float64, shape=(1, 64, 56, 56)>
        %35 = astype(%34, dtype=int_)          # EncryptedTensor<uint1, shape=(1, 64, 56, 56)>
        return %35

    %16 = subgraph(%15):

         %0 = input                            # EncryptedTensor<uint1, shape=(1, 64, 56, 56)>          @ /trunk/trunk.4/C2/Conv.conv_rounding
         %1 = astype(%0, dtype=float64)        # EncryptedTensor<float64, shape=(1, 64, 56, 56)>
         %2 = 0                                # ClearScalar<uint1>
         %3 = add(%1, %2)                      # EncryptedTensor<float64, shape=(1, 64, 56, 56)>
         %4 = [[[[0]]  [ ... ]  [[0]]]]        # ClearTensor<uint1, shape=(1, 64, 1, 1)>
         %5 = subtract(%3, %4)                 # EncryptedTensor<float64, shape=(1, 64, 56, 56)>
         %6 = 0.019210565840547034             # ClearScalar<float64>
         %7 = multiply(%6, %5)                 # EncryptedTensor<float64, shape=(1, 64, 56, 56)>
         %8 = [[[[ 0.168 ... 28233 ]]]]        # ClearTensor<float32, shape=(1, 64, 1, 1)>
         %9 = subtract(%7, %8)                 # EncryptedTensor<float64, shape=(1, 64, 56, 56)>
        %10 = [[[[1.0818 ... 22669 ]]]]        # ClearTensor<float32, shape=(1, 64, 1, 1)>
        %11 = divide(%9, %10)                  # EncryptedTensor<float64, shape=(1, 64, 56, 56)>
        %12 = [[[[0.9858 ... 7846  ]]]]        # ClearTensor<float32, shape=(1, 64, 1, 1)>
        %13 = multiply(%11, %12)               # EncryptedTensor<float64, shape=(1, 64, 56, 56)>
        %14 = [[[[ 0.001 ... 684214]]]]        # ClearTensor<float32, shape=(1, 64, 1, 1)>
        %15 = add(%13, %14)                    # EncryptedTensor<float64, shape=(1, 64, 56, 56)>
        %16 = 0                                # ClearScalar<uint1>
        %17 = maximum(%15, %16)                # EncryptedTensor<float64, shape=(1, 64, 56, 56)>
        %18 = 0.57883096                       # ClearScalar<float32>
        %19 = divide(%17, %18)                 # EncryptedTensor<float64, shape=(1, 64, 56, 56)>
        %20 = 0.0                              # ClearScalar<float32>
        %21 = add(%19, %20)                    # EncryptedTensor<float64, shape=(1, 64, 56, 56)>
        %22 = 0.0                              # ClearScalar<float64>
        %23 = 15.0                             # ClearScalar<float64>
        %24 = clip(%21, %22, %23)              # EncryptedTensor<float64, shape=(1, 64, 56, 56)>
        %25 = rint(%24)                        # EncryptedTensor<float64, shape=(1, 64, 56, 56)>
        %26 = 0.0                              # ClearScalar<float32>
        %27 = subtract(%25, %26)               # EncryptedTensor<float64, shape=(1, 64, 56, 56)>
        %28 = 0.57883096                       # ClearScalar<float32>
        %29 = multiply(%27, %28)               # EncryptedTensor<float64, shape=(1, 64, 56, 56)>
        %30 = 0.5788309574127197               # ClearScalar<float64>
        %31 = divide(%29, %30)                 # EncryptedTensor<float64, shape=(1, 64, 56, 56)>
        %32 = 0                                # ClearScalar<uint1>
        %33 = add(%31, %32)                    # EncryptedTensor<float64, shape=(1, 64, 56, 56)>
        %34 = rint(%33)                        # EncryptedTensor<float64, shape=(1, 64, 56, 56)>
        %35 = astype(%34, dtype=int_)          # EncryptedTensor<uint1, shape=(1, 64, 56, 56)>
        return %35

    %20 = subgraph(%3):

         %0 = input                            # EncryptedTensor<int4, shape=(1, 64, 56, 56)>           @ /trunk/trunk.1/Conv.conv_rounding
         %1 = astype(%0, dtype=float64)        # EncryptedTensor<float64, shape=(1, 64, 56, 56)>
         %2 = 0                                # ClearScalar<uint1>
         %3 = add(%1, %2)                      # EncryptedTensor<float64, shape=(1, 64, 56, 56)>
         %4 = [[[[0]]  [ ... ]  [[0]]]]        # ClearTensor<uint1, shape=(1, 64, 1, 1)>
         %5 = subtract(%3, %4)                 # EncryptedTensor<float64, shape=(1, 64, 56, 56)>
         %6 = 4.570926340062897                # ClearScalar<float64>
         %7 = multiply(%6, %5)                 # EncryptedTensor<float64, shape=(1, 64, 56, 56)>
         %8 = [[[[ 0.056 ... 961547]]]]        # ClearTensor<float32, shape=(1, 64, 1, 1)>
         %9 = subtract(%7, %8)                 # EncryptedTensor<float64, shape=(1, 64, 56, 56)>
        %10 = [[[[17.152 ... 841394]]]]        # ClearTensor<float32, shape=(1, 64, 1, 1)>
        %11 = divide(%9, %10)                  # EncryptedTensor<float64, shape=(1, 64, 56, 56)>
        %12 = [[[[1.0062 ... 2869  ]]]]        # ClearTensor<float32, shape=(1, 64, 1, 1)>
        %13 = multiply(%11, %12)               # EncryptedTensor<float64, shape=(1, 64, 56, 56)>
        %14 = [[[[ 0.003 ... 714536]]]]        # ClearTensor<float32, shape=(1, 64, 1, 1)>
        %15 = add(%13, %14)                    # EncryptedTensor<float64, shape=(1, 64, 56, 56)>
        %16 = 1.40705                          # ClearScalar<float32>
        %17 = divide(%15, %16)                 # EncryptedTensor<float64, shape=(1, 64, 56, 56)>
        %18 = 0.0                              # ClearScalar<float32>
        %19 = add(%17, %18)                    # EncryptedTensor<float64, shape=(1, 64, 56, 56)>
        %20 = -8.0                             # ClearScalar<float64>
        %21 = 7.0                              # ClearScalar<float64>
        %22 = clip(%19, %20, %21)              # EncryptedTensor<float64, shape=(1, 64, 56, 56)>
        %23 = rint(%22)                        # EncryptedTensor<float64, shape=(1, 64, 56, 56)>
        %24 = 0.0                              # ClearScalar<float32>
        %25 = subtract(%23, %24)               # EncryptedTensor<float64, shape=(1, 64, 56, 56)>
        %26 = 1.40705                          # ClearScalar<float32>
        %27 = multiply(%25, %26)               # EncryptedTensor<float64, shape=(1, 64, 56, 56)>
        %28 = 1.4070500135421753               # ClearScalar<float64>
        %29 = divide(%27, %28)                 # EncryptedTensor<float64, shape=(1, 64, 56, 56)>
        %30 = 0                                # ClearScalar<uint1>
        %31 = add(%29, %30)                    # EncryptedTensor<float64, shape=(1, 64, 56, 56)>
        %32 = rint(%31)                        # EncryptedTensor<float64, shape=(1, 64, 56, 56)>
        %33 = astype(%32, dtype=int_)          # EncryptedTensor<uint1, shape=(1, 64, 56, 56)>
        return %33

    %24 = subgraph(%19):

         %0 = input                            # EncryptedTensor<uint1, shape=(1, 256, 56, 56)>          @ /trunk/trunk.4/C3/Conv.conv_rounding
         %1 = astype(%0, dtype=float64)        # EncryptedTensor<float64, shape=(1, 256, 56, 56)>
         %2 = 0                                # ClearScalar<uint1>
         %3 = add(%1, %2)                      # EncryptedTensor<float64, shape=(1, 256, 56, 56)>
         %4 = [[[[0]]  [ ... ]  [[0]]]]        # ClearTensor<uint1, shape=(1, 256, 1, 1)>
         %5 = subtract(%3, %4)                 # EncryptedTensor<float64, shape=(1, 256, 56, 56)>
         %6 = 0.026990880399685224             # ClearScalar<float64>
         %7 = multiply(%6, %5)                 # EncryptedTensor<float64, shape=(1, 256, 56, 56)>
         %8 = [[[[-7.815 ... 01e-02]]]]        # ClearTensor<float32, shape=(1, 256, 1, 1)>
         %9 = subtract(%7, %8)                 # EncryptedTensor<float64, shape=(1, 256, 56, 56)>
        %10 = [[[[0.4779 ... 73829 ]]]]        # ClearTensor<float32, shape=(1, 256, 1, 1)>
        %11 = divide(%9, %10)                  # EncryptedTensor<float64, shape=(1, 256, 56, 56)>
        %12 = [[[[0.9866 ... 13181 ]]]]        # ClearTensor<float32, shape=(1, 256, 1, 1)>
        %13 = multiply(%11, %12)               # EncryptedTensor<float64, shape=(1, 256, 56, 56)>
        %14 = [[[[ 0.018 ... 57103 ]]]]        # ClearTensor<float32, shape=(1, 256, 1, 1)>
        %15 = add(%13, %14)                    # EncryptedTensor<float64, shape=(1, 256, 56, 56)>
        %16 = 1.1750008                        # ClearScalar<float32>
        %17 = divide(%15, %16)                 # EncryptedTensor<float64, shape=(1, 256, 56, 56)>
        %18 = 0.0                              # ClearScalar<float32>
        %19 = add(%17, %18)                    # EncryptedTensor<float64, shape=(1, 256, 56, 56)>
        %20 = -8.0                             # ClearScalar<float64>
        %21 = 7.0                              # ClearScalar<float64>
        %22 = clip(%19, %20, %21)              # EncryptedTensor<float64, shape=(1, 256, 56, 56)>
        %23 = rint(%22)                        # EncryptedTensor<float64, shape=(1, 256, 56, 56)>
        %24 = 0.0                              # ClearScalar<float32>
        %25 = subtract(%23, %24)               # EncryptedTensor<float64, shape=(1, 256, 56, 56)>
        %26 = 1.1750008                        # ClearScalar<float32>
        %27 = multiply(%25, %26)               # EncryptedTensor<float64, shape=(1, 256, 56, 56)>
        %28 = 1.175000786781311                # ClearScalar<float64>
        %29 = divide(%27, %28)                 # EncryptedTensor<float64, shape=(1, 256, 56, 56)>
        %30 = 0                                # ClearScalar<uint1>
        %31 = add(%29, %30)                    # EncryptedTensor<float64, shape=(1, 256, 56, 56)>
        %32 = rint(%31)                        # EncryptedTensor<float64, shape=(1, 256, 56, 56)>
        %33 = astype(%32, dtype=int_)          # EncryptedTensor<uint1, shape=(1, 256, 56, 56)>
        return %33

    %25 = subgraph(%23):

         %0 = input                            # EncryptedTensor<uint1, shape=(1, 256, 56, 56)>          @ /trunk/trunk.4/shortcut/Conv.conv_rounding
         %1 = astype(%0, dtype=float64)        # EncryptedTensor<float64, shape=(1, 256, 56, 56)>
         %2 = 0                                # ClearScalar<uint1>
         %3 = add(%1, %2)                      # EncryptedTensor<float64, shape=(1, 256, 56, 56)>
         %4 = [[[[0]]  [ ... ]  [[0]]]]        # ClearTensor<uint1, shape=(1, 256, 1, 1)>
         %5 = subtract(%3, %4)                 # EncryptedTensor<float64, shape=(1, 256, 56, 56)>
         %6 = 0.06324608697500134              # ClearScalar<float64>
         %7 = multiply(%6, %5)                 # EncryptedTensor<float64, shape=(1, 256, 56, 56)>
         %8 = [[[[-1.348 ... 64e-03]]]]        # ClearTensor<float32, shape=(1, 256, 1, 1)>
         %9 = subtract(%7, %8)                 # EncryptedTensor<float64, shape=(1, 256, 56, 56)>
        %10 = [[[[0.7539 ... 741383]]]]        # ClearTensor<float32, shape=(1, 256, 1, 1)>
        %11 = divide(%9, %10)                  # EncryptedTensor<float64, shape=(1, 256, 56, 56)>
        %12 = [[[[1.0143 ... 92944 ]]]]        # ClearTensor<float32, shape=(1, 256, 1, 1)>
        %13 = multiply(%11, %12)               # EncryptedTensor<float64, shape=(1, 256, 56, 56)>
        %14 = [[[[ 0.017 ... 498127]]]]        # ClearTensor<float32, shape=(1, 256, 1, 1)>
        %15 = add(%13, %14)                    # EncryptedTensor<float64, shape=(1, 256, 56, 56)>
        %16 = 1.3077122                        # ClearScalar<float32>
        %17 = divide(%15, %16)                 # EncryptedTensor<float64, shape=(1, 256, 56, 56)>
        %18 = 0.0                              # ClearScalar<float32>
        %19 = add(%17, %18)                    # EncryptedTensor<float64, shape=(1, 256, 56, 56)>
        %20 = -8.0                             # ClearScalar<float64>
        %21 = 7.0                              # ClearScalar<float64>
        %22 = clip(%19, %20, %21)              # EncryptedTensor<float64, shape=(1, 256, 56, 56)>
        %23 = rint(%22)                        # EncryptedTensor<float64, shape=(1, 256, 56, 56)>
        %24 = 0.0                              # ClearScalar<float32>
        %25 = subtract(%23, %24)               # EncryptedTensor<float64, shape=(1, 256, 56, 56)>
        %26 = 1.3077122                        # ClearScalar<float32>
        %27 = multiply(%25, %26)               # EncryptedTensor<float64, shape=(1, 256, 56, 56)>
        %28 = 1.307712197303772                # ClearScalar<float64>
        %29 = divide(%27, %28)                 # EncryptedTensor<float64, shape=(1, 256, 56, 56)>
        %30 = 0                                # ClearScalar<uint1>
        %31 = add(%29, %30)                    # EncryptedTensor<float64, shape=(1, 256, 56, 56)>
        %32 = rint(%31)                        # EncryptedTensor<float64, shape=(1, 256, 56, 56)>
        %33 = astype(%32, dtype=int_)          # EncryptedTensor<uint1, shape=(1, 256, 56, 56)>
        return %33

    %26 = subgraph(%24):

         %0 = input                         # EncryptedTensor<uint1, shape=(1, 256, 56, 56)>
         %1 = 0.0                           # ClearScalar<float64>
         %2 = subtract(%0, %1)              # EncryptedTensor<float64, shape=(1, 256, 56, 56)>
         %3 = 1.175000786781311             # ClearScalar<float64>
         %4 = multiply(%3, %2)              # EncryptedTensor<float64, shape=(1, 256, 56, 56)>
         %5 = 0.8008751561564784            # ClearScalar<float64>
         %6 = divide(%4, %5)                # EncryptedTensor<float64, shape=(1, 256, 56, 56)>
         %7 = 0                             # ClearScalar<uint1>
         %8 = add(%6, %7)                   # EncryptedTensor<float64, shape=(1, 256, 56, 56)>
         %9 = rint(%8)                      # EncryptedTensor<float64, shape=(1, 256, 56, 56)>
        %10 = astype(%9, dtype=int_)        # EncryptedTensor<uint1, shape=(1, 256, 56, 56)>
        return %10

    %27 = subgraph(%25):

         %0 = input                         # EncryptedTensor<uint1, shape=(1, 256, 56, 56)>
         %1 = 0.0                           # ClearScalar<float64>
         %2 = subtract(%0, %1)              # EncryptedTensor<float64, shape=(1, 256, 56, 56)>
         %3 = 1.307712197303772             # ClearScalar<float64>
         %4 = multiply(%3, %2)              # EncryptedTensor<float64, shape=(1, 256, 56, 56)>
         %5 = 0.8008751561564784            # ClearScalar<float64>
         %6 = divide(%4, %5)                # EncryptedTensor<float64, shape=(1, 256, 56, 56)>
         %7 = 0                             # ClearScalar<uint1>
         %8 = add(%6, %7)                   # EncryptedTensor<float64, shape=(1, 256, 56, 56)>
         %9 = rint(%8)                      # EncryptedTensor<float64, shape=(1, 256, 56, 56)>
        %10 = astype(%9, dtype=int_)        # EncryptedTensor<uint1, shape=(1, 256, 56, 56)>
        return %10

    %31 = subgraph(%30):

         %0 = input                          # EncryptedTensor<uint2, shape=(1, 256, 56, 56)>
         %1 = 0.0                            # ClearScalar<float64>
         %2 = subtract(%0, %1)               # EncryptedTensor<float64, shape=(1, 256, 56, 56)>
         %3 = 0.8008751561564784             # ClearScalar<float64>
         %4 = multiply(%3, %2)               # EncryptedTensor<float64, shape=(1, 256, 56, 56)>
         %5 = 0                              # ClearScalar<uint1>
         %6 = maximum(%4, %5)                # EncryptedTensor<float64, shape=(1, 256, 56, 56)>
         %7 = 0.8658779                      # ClearScalar<float32>
         %8 = divide(%6, %7)                 # EncryptedTensor<float64, shape=(1, 256, 56, 56)>
         %9 = 0.0                            # ClearScalar<float32>
        %10 = add(%8, %9)                    # EncryptedTensor<float64, shape=(1, 256, 56, 56)>
        %11 = 0.0                            # ClearScalar<float64>
        %12 = 15.0                           # ClearScalar<float64>
        %13 = clip(%10, %11, %12)            # EncryptedTensor<float64, shape=(1, 256, 56, 56)>
        %14 = rint(%13)                      # EncryptedTensor<float64, shape=(1, 256, 56, 56)>
        %15 = 0.0                            # ClearScalar<float32>
        %16 = subtract(%14, %15)             # EncryptedTensor<float64, shape=(1, 256, 56, 56)>
        %17 = 0.8658779                      # ClearScalar<float32>
        %18 = multiply(%16, %17)             # EncryptedTensor<float64, shape=(1, 256, 56, 56)>
        %19 = 0.8658779263496399             # ClearScalar<float64>
        %20 = divide(%18, %19)               # EncryptedTensor<float64, shape=(1, 256, 56, 56)>
        %21 = 0                              # ClearScalar<uint1>
        %22 = add(%20, %21)                  # EncryptedTensor<float64, shape=(1, 256, 56, 56)>
        %23 = rint(%22)                      # EncryptedTensor<float64, shape=(1, 256, 56, 56)>
        %24 = astype(%23, dtype=int_)        # EncryptedTensor<uint1, shape=(1, 256, 56, 56)>
        return %24

    %35 = subgraph(%34):

         %0 = input                            # EncryptedTensor<uint1, shape=(1, 64, 56, 56)>          @ /trunk/trunk.5/C1/Conv.conv_rounding
         %1 = astype(%0, dtype=float64)        # EncryptedTensor<float64, shape=(1, 64, 56, 56)>
         %2 = 0                                # ClearScalar<uint1>
         %3 = add(%1, %2)                      # EncryptedTensor<float64, shape=(1, 64, 56, 56)>
         %4 = [[[[0]]  [ ... ]  [[0]]]]        # ClearTensor<uint1, shape=(1, 64, 1, 1)>
         %5 = subtract(%3, %4)                 # EncryptedTensor<float64, shape=(1, 64, 56, 56)>
         %6 = 0.08768165585945287              # ClearScalar<float64>
         %7 = multiply(%6, %5)                 # EncryptedTensor<float64, shape=(1, 64, 56, 56)>
         %8 = [[[[-0.044 ... 77124 ]]]]        # ClearTensor<float32, shape=(1, 64, 1, 1)>
         %9 = subtract(%7, %8)                 # EncryptedTensor<float64, shape=(1, 64, 56, 56)>
        %10 = [[[[2.8416 ... 438579]]]]        # ClearTensor<float32, shape=(1, 64, 1, 1)>
        %11 = divide(%9, %10)                  # EncryptedTensor<float64, shape=(1, 64, 56, 56)>
        %12 = [[[[0.9779 ... 468465]]]]        # ClearTensor<float32, shape=(1, 64, 1, 1)>
        %13 = multiply(%11, %12)               # EncryptedTensor<float64, shape=(1, 64, 56, 56)>
        %14 = [[[[-0.008 ... 192587]]]]        # ClearTensor<float32, shape=(1, 64, 1, 1)>
        %15 = add(%13, %14)                    # EncryptedTensor<float64, shape=(1, 64, 56, 56)>
        %16 = 0                                # ClearScalar<uint1>
        %17 = maximum(%15, %16)                # EncryptedTensor<float64, shape=(1, 64, 56, 56)>
        %18 = 0.5994211                        # ClearScalar<float32>
        %19 = divide(%17, %18)                 # EncryptedTensor<float64, shape=(1, 64, 56, 56)>
        %20 = 0.0                              # ClearScalar<float32>
        %21 = add(%19, %20)                    # EncryptedTensor<float64, shape=(1, 64, 56, 56)>
        %22 = 0.0                              # ClearScalar<float64>
        %23 = 15.0                             # ClearScalar<float64>
        %24 = clip(%21, %22, %23)              # EncryptedTensor<float64, shape=(1, 64, 56, 56)>
        %25 = rint(%24)                        # EncryptedTensor<float64, shape=(1, 64, 56, 56)>
        %26 = 0.0                              # ClearScalar<float32>
        %27 = subtract(%25, %26)               # EncryptedTensor<float64, shape=(1, 64, 56, 56)>
        %28 = 0.5994211                        # ClearScalar<float32>
        %29 = multiply(%27, %28)               # EncryptedTensor<float64, shape=(1, 64, 56, 56)>
        %30 = 0.5994210839271545               # ClearScalar<float64>
        %31 = divide(%29, %30)                 # EncryptedTensor<float64, shape=(1, 64, 56, 56)>
        %32 = 0                                # ClearScalar<uint1>
        %33 = add(%31, %32)                    # EncryptedTensor<float64, shape=(1, 64, 56, 56)>
        %34 = rint(%33)                        # EncryptedTensor<float64, shape=(1, 64, 56, 56)>
        %35 = astype(%34, dtype=int_)          # EncryptedTensor<uint1, shape=(1, 64, 56, 56)>
        return %35

    %43 = subgraph(%42):

         %0 = input                            # EncryptedTensor<uint1, shape=(1, 64, 56, 56)>          @ /trunk/trunk.5/C2/Conv.conv_rounding
         %1 = astype(%0, dtype=float64)        # EncryptedTensor<float64, shape=(1, 64, 56, 56)>
         %2 = 0                                # ClearScalar<uint1>
         %3 = add(%1, %2)                      # EncryptedTensor<float64, shape=(1, 64, 56, 56)>
         %4 = [[[[0]]  [ ... ]  [[0]]]]        # ClearTensor<uint1, shape=(1, 64, 1, 1)>
         %5 = subtract(%3, %4)                 # EncryptedTensor<float64, shape=(1, 64, 56, 56)>
         %6 = 0.020492766025797193             # ClearScalar<float64>
         %7 = multiply(%6, %5)                 # EncryptedTensor<float64, shape=(1, 64, 56, 56)>
         %8 = [[[[-0.005 ... 07371 ]]]]        # ClearTensor<float32, shape=(1, 64, 1, 1)>
         %9 = subtract(%7, %8)                 # EncryptedTensor<float64, shape=(1, 64, 56, 56)>
        %10 = [[[[0.9170 ... 29359 ]]]]        # ClearTensor<float32, shape=(1, 64, 1, 1)>
        %11 = divide(%9, %10)                  # EncryptedTensor<float64, shape=(1, 64, 56, 56)>
        %12 = [[[[1.0030 ... 30987 ]]]]        # ClearTensor<float32, shape=(1, 64, 1, 1)>
        %13 = multiply(%11, %12)               # EncryptedTensor<float64, shape=(1, 64, 56, 56)>
        %14 = [[[[-0.027 ... 61257 ]]]]        # ClearTensor<float32, shape=(1, 64, 1, 1)>
        %15 = add(%13, %14)                    # EncryptedTensor<float64, shape=(1, 64, 56, 56)>
        %16 = 0                                # ClearScalar<uint1>
        %17 = maximum(%15, %16)                # EncryptedTensor<float64, shape=(1, 64, 56, 56)>
        %18 = 0.54952323                       # ClearScalar<float32>
        %19 = divide(%17, %18)                 # EncryptedTensor<float64, shape=(1, 64, 56, 56)>
        %20 = 0.0                              # ClearScalar<float32>
        %21 = add(%19, %20)                    # EncryptedTensor<float64, shape=(1, 64, 56, 56)>
        %22 = 0.0                              # ClearScalar<float64>
        %23 = 15.0                             # ClearScalar<float64>
        %24 = clip(%21, %22, %23)              # EncryptedTensor<float64, shape=(1, 64, 56, 56)>
        %25 = rint(%24)                        # EncryptedTensor<float64, shape=(1, 64, 56, 56)>
        %26 = 0.0                              # ClearScalar<float32>
        %27 = subtract(%25, %26)               # EncryptedTensor<float64, shape=(1, 64, 56, 56)>
        %28 = 0.54952323                       # ClearScalar<float32>
        %29 = multiply(%27, %28)               # EncryptedTensor<float64, shape=(1, 64, 56, 56)>
        %30 = 0.5495232343673706               # ClearScalar<float64>
        %31 = divide(%29, %30)                 # EncryptedTensor<float64, shape=(1, 64, 56, 56)>
        %32 = 0                                # ClearScalar<uint1>
        %33 = add(%31, %32)                    # EncryptedTensor<float64, shape=(1, 64, 56, 56)>
        %34 = rint(%33)                        # EncryptedTensor<float64, shape=(1, 64, 56, 56)>
        %35 = astype(%34, dtype=int_)          # EncryptedTensor<uint1, shape=(1, 64, 56, 56)>
        return %35

    %47 = subgraph(%46):

         %0 = input                            # EncryptedTensor<uint1, shape=(1, 256, 56, 56)>          @ /trunk/trunk.5/C3/Conv.conv_rounding
         %1 = astype(%0, dtype=float64)        # EncryptedTensor<float64, shape=(1, 256, 56, 56)>
         %2 = 0                                # ClearScalar<uint1>
         %3 = add(%1, %2)                      # EncryptedTensor<float64, shape=(1, 256, 56, 56)>
         %4 = [[[[0]]  [ ... ]  [[0]]]]        # ClearTensor<uint1, shape=(1, 256, 1, 1)>
         %5 = subtract(%3, %4)                 # EncryptedTensor<float64, shape=(1, 256, 56, 56)>
         %6 = 0.026165787832959087             # ClearScalar<float64>
         %7 = multiply(%6, %5)                 # EncryptedTensor<float64, shape=(1, 256, 56, 56)>
         %8 = [[[[ 6.783 ... 13e-02]]]]        # ClearTensor<float32, shape=(1, 256, 1, 1)>
         %9 = subtract(%7, %8)                 # EncryptedTensor<float64, shape=(1, 256, 56, 56)>
        %10 = [[[[0.6238 ... 840554]]]]        # ClearTensor<float32, shape=(1, 256, 1, 1)>
        %11 = divide(%9, %10)                  # EncryptedTensor<float64, shape=(1, 256, 56, 56)>
        %12 = [[[[0.9991 ... 34063 ]]]]        # ClearTensor<float32, shape=(1, 256, 1, 1)>
        %13 = multiply(%11, %12)               # EncryptedTensor<float64, shape=(1, 256, 56, 56)>
        %14 = [[[[ 3.131 ... 64e-02]]]]        # ClearTensor<float32, shape=(1, 256, 1, 1)>
        %15 = add(%13, %14)                    # EncryptedTensor<float64, shape=(1, 256, 56, 56)>
        %16 = 1.1160234                        # ClearScalar<float32>
        %17 = divide(%15, %16)                 # EncryptedTensor<float64, shape=(1, 256, 56, 56)>
        %18 = 0.0                              # ClearScalar<float32>
        %19 = add(%17, %18)                    # EncryptedTensor<float64, shape=(1, 256, 56, 56)>
        %20 = -8.0                             # ClearScalar<float64>
        %21 = 7.0                              # ClearScalar<float64>
        %22 = clip(%19, %20, %21)              # EncryptedTensor<float64, shape=(1, 256, 56, 56)>
        %23 = rint(%22)                        # EncryptedTensor<float64, shape=(1, 256, 56, 56)>
        %24 = 0.0                              # ClearScalar<float32>
        %25 = subtract(%23, %24)               # EncryptedTensor<float64, shape=(1, 256, 56, 56)>
        %26 = 1.1160234                        # ClearScalar<float32>
        %27 = multiply(%25, %26)               # EncryptedTensor<float64, shape=(1, 256, 56, 56)>
        %28 = 1.1160234212875366               # ClearScalar<float64>
        %29 = divide(%27, %28)                 # EncryptedTensor<float64, shape=(1, 256, 56, 56)>
        %30 = 0                                # ClearScalar<uint1>
        %31 = add(%29, %30)                    # EncryptedTensor<float64, shape=(1, 256, 56, 56)>
        %32 = rint(%31)                        # EncryptedTensor<float64, shape=(1, 256, 56, 56)>
        %33 = astype(%32, dtype=int_)          # EncryptedTensor<uint1, shape=(1, 256, 56, 56)>
        return %33

    %48 = subgraph(%30):

         %0 = input                          # EncryptedTensor<uint2, shape=(1, 256, 56, 56)>
         %1 = 0.0                            # ClearScalar<float64>
         %2 = subtract(%0, %1)               # EncryptedTensor<float64, shape=(1, 256, 56, 56)>
         %3 = 0.8008751561564784             # ClearScalar<float64>
         %4 = multiply(%3, %2)               # EncryptedTensor<float64, shape=(1, 256, 56, 56)>
         %5 = 0                              # ClearScalar<uint1>
         %6 = maximum(%4, %5)                # EncryptedTensor<float64, shape=(1, 256, 56, 56)>
         %7 = 0.8658779                      # ClearScalar<float32>
         %8 = divide(%6, %7)                 # EncryptedTensor<float64, shape=(1, 256, 56, 56)>
         %9 = 0.0                            # ClearScalar<float32>
        %10 = add(%8, %9)                    # EncryptedTensor<float64, shape=(1, 256, 56, 56)>
        %11 = 0.0                            # ClearScalar<float64>
        %12 = 15.0                           # ClearScalar<float64>
        %13 = clip(%10, %11, %12)            # EncryptedTensor<float64, shape=(1, 256, 56, 56)>
        %14 = rint(%13)                      # EncryptedTensor<float64, shape=(1, 256, 56, 56)>
        %15 = 0.0                            # ClearScalar<float32>
        %16 = subtract(%14, %15)             # EncryptedTensor<float64, shape=(1, 256, 56, 56)>
        %17 = 0.8658779                      # ClearScalar<float32>
        %18 = multiply(%16, %17)             # EncryptedTensor<float64, shape=(1, 256, 56, 56)>
        %19 = 0.8658779263496399             # ClearScalar<float64>
        %20 = divide(%18, %19)               # EncryptedTensor<float64, shape=(1, 256, 56, 56)>
        %21 = 0                              # ClearScalar<uint1>
        %22 = add(%20, %21)                  # EncryptedTensor<float64, shape=(1, 256, 56, 56)>
        %23 = rint(%22)                      # EncryptedTensor<float64, shape=(1, 256, 56, 56)>
        %24 = astype(%23, dtype=int_)        # EncryptedTensor<uint1, shape=(1, 256, 56, 56)>
        return %24

    %49 = subgraph(%47):

         %0 = input                         # EncryptedTensor<uint1, shape=(1, 256, 56, 56)>
         %1 = 0.0                           # ClearScalar<float64>
         %2 = subtract(%0, %1)              # EncryptedTensor<float64, shape=(1, 256, 56, 56)>
         %3 = 1.1160234212875366            # ClearScalar<float64>
         %4 = multiply(%3, %2)              # EncryptedTensor<float64, shape=(1, 256, 56, 56)>
         %5 = 0.7150484438865415            # ClearScalar<float64>
         %6 = divide(%4, %5)                # EncryptedTensor<float64, shape=(1, 256, 56, 56)>
         %7 = 0                             # ClearScalar<uint1>
         %8 = add(%6, %7)                   # EncryptedTensor<float64, shape=(1, 256, 56, 56)>
         %9 = rint(%8)                      # EncryptedTensor<float64, shape=(1, 256, 56, 56)>
        %10 = astype(%9, dtype=int_)        # EncryptedTensor<uint1, shape=(1, 256, 56, 56)>
        return %10

    %50 = subgraph(%48):

         %0 = input                         # EncryptedTensor<uint1, shape=(1, 256, 56, 56)>
         %1 = 0.0                           # ClearScalar<float64>
         %2 = subtract(%0, %1)              # EncryptedTensor<float64, shape=(1, 256, 56, 56)>
         %3 = 0.8658779263496399            # ClearScalar<float64>
         %4 = multiply(%3, %2)              # EncryptedTensor<float64, shape=(1, 256, 56, 56)>
         %5 = 0.7150484438865415            # ClearScalar<float64>
         %6 = divide(%4, %5)                # EncryptedTensor<float64, shape=(1, 256, 56, 56)>
         %7 = 0                             # ClearScalar<uint1>
         %8 = add(%6, %7)                   # EncryptedTensor<float64, shape=(1, 256, 56, 56)>
         %9 = rint(%8)                      # EncryptedTensor<float64, shape=(1, 256, 56, 56)>
        %10 = astype(%9, dtype=int_)        # EncryptedTensor<uint1, shape=(1, 256, 56, 56)>
        return %10

    %54 = subgraph(%53):

         %0 = input                          # EncryptedTensor<uint2, shape=(1, 256, 56, 56)>
         %1 = 0.0                            # ClearScalar<float64>
         %2 = subtract(%0, %1)               # EncryptedTensor<float64, shape=(1, 256, 56, 56)>
         %3 = 0.7150484438865415             # ClearScalar<float64>
         %4 = multiply(%3, %2)               # EncryptedTensor<float64, shape=(1, 256, 56, 56)>
         %5 = 0                              # ClearScalar<uint1>
         %6 = maximum(%4, %5)                # EncryptedTensor<float64, shape=(1, 256, 56, 56)>
         %7 = 1.0422963                      # ClearScalar<float32>
         %8 = divide(%6, %7)                 # EncryptedTensor<float64, shape=(1, 256, 56, 56)>
         %9 = 0.0                            # ClearScalar<float32>
        %10 = add(%8, %9)                    # EncryptedTensor<float64, shape=(1, 256, 56, 56)>
        %11 = 0.0                            # ClearScalar<float64>
        %12 = 15.0                           # ClearScalar<float64>
        %13 = clip(%10, %11, %12)            # EncryptedTensor<float64, shape=(1, 256, 56, 56)>
        %14 = rint(%13)                      # EncryptedTensor<float64, shape=(1, 256, 56, 56)>
        %15 = 0.0                            # ClearScalar<float32>
        %16 = subtract(%14, %15)             # EncryptedTensor<float64, shape=(1, 256, 56, 56)>
        %17 = 1.0422963                      # ClearScalar<float32>
        %18 = multiply(%16, %17)             # EncryptedTensor<float64, shape=(1, 256, 56, 56)>
        %19 = 1.042296290397644              # ClearScalar<float64>
        %20 = divide(%18, %19)               # EncryptedTensor<float64, shape=(1, 256, 56, 56)>
        %21 = 0                              # ClearScalar<uint1>
        %22 = add(%20, %21)                  # EncryptedTensor<float64, shape=(1, 256, 56, 56)>
        %23 = rint(%22)                      # EncryptedTensor<float64, shape=(1, 256, 56, 56)>
        %24 = astype(%23, dtype=int_)        # EncryptedTensor<uint1, shape=(1, 256, 56, 56)>
        return %24

    %58 = subgraph(%57):

         %0 = input                            # EncryptedTensor<uint1, shape=(1, 64, 56, 56)>          @ /trunk/trunk.6/C1/Conv.conv_rounding
         %1 = astype(%0, dtype=float64)        # EncryptedTensor<float64, shape=(1, 64, 56, 56)>
         %2 = 0                                # ClearScalar<uint1>
         %3 = add(%1, %2)                      # EncryptedTensor<float64, shape=(1, 64, 56, 56)>
         %4 = [[[[0]]  [ ... ]  [[0]]]]        # ClearTensor<uint1, shape=(1, 64, 1, 1)>
         %5 = subtract(%3, %4)                 # EncryptedTensor<float64, shape=(1, 64, 56, 56)>
         %6 = 0.10776545269066684              # ClearScalar<float64>
         %7 = multiply(%6, %5)                 # EncryptedTensor<float64, shape=(1, 64, 56, 56)>
         %8 = [[[[-0.891 ... 805106]]]]        # ClearTensor<float32, shape=(1, 64, 1, 1)>
         %9 = subtract(%7, %8)                 # EncryptedTensor<float64, shape=(1, 64, 56, 56)>
        %10 = [[[[3.3817 ... 152655]]]]        # ClearTensor<float32, shape=(1, 64, 1, 1)>
        %11 = divide(%9, %10)                  # EncryptedTensor<float64, shape=(1, 64, 56, 56)>
        %12 = [[[[0.9981 ... 50435 ]]]]        # ClearTensor<float32, shape=(1, 64, 1, 1)>
        %13 = multiply(%11, %12)               # EncryptedTensor<float64, shape=(1, 64, 56, 56)>
        %14 = [[[[ 0.025 ... 266997]]]]        # ClearTensor<float32, shape=(1, 64, 1, 1)>
        %15 = add(%13, %14)                    # EncryptedTensor<float64, shape=(1, 64, 56, 56)>
        %16 = 0                                # ClearScalar<uint1>
        %17 = maximum(%15, %16)                # EncryptedTensor<float64, shape=(1, 64, 56, 56)>
        %18 = 0.51375425                       # ClearScalar<float32>
        %19 = divide(%17, %18)                 # EncryptedTensor<float64, shape=(1, 64, 56, 56)>
        %20 = 0.0                              # ClearScalar<float32>
        %21 = add(%19, %20)                    # EncryptedTensor<float64, shape=(1, 64, 56, 56)>
        %22 = 0.0                              # ClearScalar<float64>
        %23 = 15.0                             # ClearScalar<float64>
        %24 = clip(%21, %22, %23)              # EncryptedTensor<float64, shape=(1, 64, 56, 56)>
        %25 = rint(%24)                        # EncryptedTensor<float64, shape=(1, 64, 56, 56)>
        %26 = 0.0                              # ClearScalar<float32>
        %27 = subtract(%25, %26)               # EncryptedTensor<float64, shape=(1, 64, 56, 56)>
        %28 = 0.51375425                       # ClearScalar<float32>
        %29 = multiply(%27, %28)               # EncryptedTensor<float64, shape=(1, 64, 56, 56)>
        %30 = 0.5137542486190796               # ClearScalar<float64>
        %31 = divide(%29, %30)                 # EncryptedTensor<float64, shape=(1, 64, 56, 56)>
        %32 = 0                                # ClearScalar<uint1>
        %33 = add(%31, %32)                    # EncryptedTensor<float64, shape=(1, 64, 56, 56)>
        %34 = rint(%33)                        # EncryptedTensor<float64, shape=(1, 64, 56, 56)>
        %35 = astype(%34, dtype=int_)          # EncryptedTensor<uint1, shape=(1, 64, 56, 56)>
        return %35

    %66 = subgraph(%65):

         %0 = input                            # EncryptedTensor<uint1, shape=(1, 64, 56, 56)>          @ /trunk/trunk.6/C2/Conv.conv_rounding
         %1 = astype(%0, dtype=float64)        # EncryptedTensor<float64, shape=(1, 64, 56, 56)>
         %2 = 0                                # ClearScalar<uint1>
         %3 = add(%1, %2)                      # EncryptedTensor<float64, shape=(1, 64, 56, 56)>
         %4 = [[[[0]]  [ ... ]  [[0]]]]        # ClearTensor<uint1, shape=(1, 64, 1, 1)>
         %5 = subtract(%3, %4)                 # EncryptedTensor<float64, shape=(1, 64, 56, 56)>
         %6 = 0.018705901373621714             # ClearScalar<float64>
         %7 = multiply(%6, %5)                 # EncryptedTensor<float64, shape=(1, 64, 56, 56)>
         %8 = [[[[-1.290 ... 8556  ]]]]        # ClearTensor<float32, shape=(1, 64, 1, 1)>
         %9 = subtract(%7, %8)                 # EncryptedTensor<float64, shape=(1, 64, 56, 56)>
        %10 = [[[[1.0835 ... 05062 ]]]]        # ClearTensor<float32, shape=(1, 64, 1, 1)>
        %11 = divide(%9, %10)                  # EncryptedTensor<float64, shape=(1, 64, 56, 56)>
        %12 = [[[[0.9968 ... 48321 ]]]]        # ClearTensor<float32, shape=(1, 64, 1, 1)>
        %13 = multiply(%11, %12)               # EncryptedTensor<float64, shape=(1, 64, 56, 56)>
        %14 = [[[[ 1.604 ... 29e-03]]]]        # ClearTensor<float32, shape=(1, 64, 1, 1)>
        %15 = add(%13, %14)                    # EncryptedTensor<float64, shape=(1, 64, 56, 56)>
        %16 = 0                                # ClearScalar<uint1>
        %17 = maximum(%15, %16)                # EncryptedTensor<float64, shape=(1, 64, 56, 56)>
        %18 = 0.47480637                       # ClearScalar<float32>
        %19 = divide(%17, %18)                 # EncryptedTensor<float64, shape=(1, 64, 56, 56)>
        %20 = 0.0                              # ClearScalar<float32>
        %21 = add(%19, %20)                    # EncryptedTensor<float64, shape=(1, 64, 56, 56)>
        %22 = 0.0                              # ClearScalar<float64>
        %23 = 15.0                             # ClearScalar<float64>
        %24 = clip(%21, %22, %23)              # EncryptedTensor<float64, shape=(1, 64, 56, 56)>
        %25 = rint(%24)                        # EncryptedTensor<float64, shape=(1, 64, 56, 56)>
        %26 = 0.0                              # ClearScalar<float32>
        %27 = subtract(%25, %26)               # EncryptedTensor<float64, shape=(1, 64, 56, 56)>
        %28 = 0.47480637                       # ClearScalar<float32>
        %29 = multiply(%27, %28)               # EncryptedTensor<float64, shape=(1, 64, 56, 56)>
        %30 = 0.47480636835098267              # ClearScalar<float64>
        %31 = divide(%29, %30)                 # EncryptedTensor<float64, shape=(1, 64, 56, 56)>
        %32 = 0                                # ClearScalar<uint1>
        %33 = add(%31, %32)                    # EncryptedTensor<float64, shape=(1, 64, 56, 56)>
        %34 = rint(%33)                        # EncryptedTensor<float64, shape=(1, 64, 56, 56)>
        %35 = astype(%34, dtype=int_)          # EncryptedTensor<uint1, shape=(1, 64, 56, 56)>
        return %35

    %70 = subgraph(%69):

         %0 = input                            # EncryptedTensor<uint1, shape=(1, 256, 56, 56)>          @ /trunk/trunk.6/C3/Conv.conv_rounding
         %1 = astype(%0, dtype=float64)        # EncryptedTensor<float64, shape=(1, 256, 56, 56)>
         %2 = 0                                # ClearScalar<uint1>
         %3 = add(%1, %2)                      # EncryptedTensor<float64, shape=(1, 256, 56, 56)>
         %4 = [[[[0]]  [ ... ]  [[0]]]]        # ClearTensor<uint1, shape=(1, 256, 1, 1)>
         %5 = subtract(%3, %4)                 # EncryptedTensor<float64, shape=(1, 256, 56, 56)>
         %6 = 0.021851122034728165             # ClearScalar<float64>
         %7 = multiply(%6, %5)                 # EncryptedTensor<float64, shape=(1, 256, 56, 56)>
         %8 = [[[[-0.121 ... 1563  ]]]]        # ClearTensor<float32, shape=(1, 256, 1, 1)>
         %9 = subtract(%7, %8)                 # EncryptedTensor<float64, shape=(1, 256, 56, 56)>
        %10 = [[[[0.5625 ... 51609 ]]]]        # ClearTensor<float32, shape=(1, 256, 1, 1)>
        %11 = divide(%9, %10)                  # EncryptedTensor<float64, shape=(1, 256, 56, 56)>
        %12 = [[[[0.9519 ... 79083 ]]]]        # ClearTensor<float32, shape=(1, 256, 1, 1)>
        %13 = multiply(%11, %12)               # EncryptedTensor<float64, shape=(1, 256, 56, 56)>
        %14 = [[[[ 1.548 ... 10e-03]]]]        # ClearTensor<float32, shape=(1, 256, 1, 1)>
        %15 = add(%13, %14)                    # EncryptedTensor<float64, shape=(1, 256, 56, 56)>
        %16 = 0.97241                          # ClearScalar<float32>
        %17 = divide(%15, %16)                 # EncryptedTensor<float64, shape=(1, 256, 56, 56)>
        %18 = 0.0                              # ClearScalar<float32>
        %19 = add(%17, %18)                    # EncryptedTensor<float64, shape=(1, 256, 56, 56)>
        %20 = -8.0                             # ClearScalar<float64>
        %21 = 7.0                              # ClearScalar<float64>
        %22 = clip(%19, %20, %21)              # EncryptedTensor<float64, shape=(1, 256, 56, 56)>
        %23 = rint(%22)                        # EncryptedTensor<float64, shape=(1, 256, 56, 56)>
        %24 = 0.0                              # ClearScalar<float32>
        %25 = subtract(%23, %24)               # EncryptedTensor<float64, shape=(1, 256, 56, 56)>
        %26 = 0.97241                          # ClearScalar<float32>
        %27 = multiply(%25, %26)               # EncryptedTensor<float64, shape=(1, 256, 56, 56)>
        %28 = 0.9724100232124329               # ClearScalar<float64>
        %29 = divide(%27, %28)                 # EncryptedTensor<float64, shape=(1, 256, 56, 56)>
        %30 = 0                                # ClearScalar<uint1>
        %31 = add(%29, %30)                    # EncryptedTensor<float64, shape=(1, 256, 56, 56)>
        %32 = rint(%31)                        # EncryptedTensor<float64, shape=(1, 256, 56, 56)>
        %33 = astype(%32, dtype=int_)          # EncryptedTensor<uint1, shape=(1, 256, 56, 56)>
        return %33

    %71 = subgraph(%53):

         %0 = input                          # EncryptedTensor<uint2, shape=(1, 256, 56, 56)>
         %1 = 0.0                            # ClearScalar<float64>
         %2 = subtract(%0, %1)               # EncryptedTensor<float64, shape=(1, 256, 56, 56)>
         %3 = 0.7150484438865415             # ClearScalar<float64>
         %4 = multiply(%3, %2)               # EncryptedTensor<float64, shape=(1, 256, 56, 56)>
         %5 = 0                              # ClearScalar<uint1>
         %6 = maximum(%4, %5)                # EncryptedTensor<float64, shape=(1, 256, 56, 56)>
         %7 = 1.0422963                      # ClearScalar<float32>
         %8 = divide(%6, %7)                 # EncryptedTensor<float64, shape=(1, 256, 56, 56)>
         %9 = 0.0                            # ClearScalar<float32>
        %10 = add(%8, %9)                    # EncryptedTensor<float64, shape=(1, 256, 56, 56)>
        %11 = 0.0                            # ClearScalar<float64>
        %12 = 15.0                           # ClearScalar<float64>
        %13 = clip(%10, %11, %12)            # EncryptedTensor<float64, shape=(1, 256, 56, 56)>
        %14 = rint(%13)                      # EncryptedTensor<float64, shape=(1, 256, 56, 56)>
        %15 = 0.0                            # ClearScalar<float32>
        %16 = subtract(%14, %15)             # EncryptedTensor<float64, shape=(1, 256, 56, 56)>
        %17 = 1.0422963                      # ClearScalar<float32>
        %18 = multiply(%16, %17)             # EncryptedTensor<float64, shape=(1, 256, 56, 56)>
        %19 = 1.042296290397644              # ClearScalar<float64>
        %20 = divide(%18, %19)               # EncryptedTensor<float64, shape=(1, 256, 56, 56)>
        %21 = 0                              # ClearScalar<uint1>
        %22 = add(%20, %21)                  # EncryptedTensor<float64, shape=(1, 256, 56, 56)>
        %23 = rint(%22)                      # EncryptedTensor<float64, shape=(1, 256, 56, 56)>
        %24 = astype(%23, dtype=int_)        # EncryptedTensor<uint1, shape=(1, 256, 56, 56)>
        return %24

    %72 = subgraph(%70):

         %0 = input                         # EncryptedTensor<uint1, shape=(1, 256, 56, 56)>
         %1 = 0.0                           # ClearScalar<float64>
         %2 = subtract(%0, %1)              # EncryptedTensor<float64, shape=(1, 256, 56, 56)>
         %3 = 0.9724100232124329            # ClearScalar<float64>
         %4 = multiply(%3, %2)              # EncryptedTensor<float64, shape=(1, 256, 56, 56)>
         %5 = 0.7866495020927922            # ClearScalar<float64>
         %6 = divide(%4, %5)                # EncryptedTensor<float64, shape=(1, 256, 56, 56)>
         %7 = 0                             # ClearScalar<uint1>
         %8 = add(%6, %7)                   # EncryptedTensor<float64, shape=(1, 256, 56, 56)>
         %9 = rint(%8)                      # EncryptedTensor<float64, shape=(1, 256, 56, 56)>
        %10 = astype(%9, dtype=int_)        # EncryptedTensor<uint1, shape=(1, 256, 56, 56)>
        return %10

    %73 = subgraph(%71):

         %0 = input                         # EncryptedTensor<uint1, shape=(1, 256, 56, 56)>
         %1 = 0.0                           # ClearScalar<float64>
         %2 = subtract(%0, %1)              # EncryptedTensor<float64, shape=(1, 256, 56, 56)>
         %3 = 1.042296290397644             # ClearScalar<float64>
         %4 = multiply(%3, %2)              # EncryptedTensor<float64, shape=(1, 256, 56, 56)>
         %5 = 0.7866495020927922            # ClearScalar<float64>
         %6 = divide(%4, %5)                # EncryptedTensor<float64, shape=(1, 256, 56, 56)>
         %7 = 0                             # ClearScalar<uint1>
         %8 = add(%6, %7)                   # EncryptedTensor<float64, shape=(1, 256, 56, 56)>
         %9 = rint(%8)                      # EncryptedTensor<float64, shape=(1, 256, 56, 56)>
        %10 = astype(%9, dtype=int_)        # EncryptedTensor<uint1, shape=(1, 256, 56, 56)>
        return %10

    %77 = subgraph(%76):

         %0 = input                          # EncryptedTensor<uint2, shape=(1, 256, 56, 56)>
         %1 = 0.0                            # ClearScalar<float64>
         %2 = subtract(%0, %1)               # EncryptedTensor<float64, shape=(1, 256, 56, 56)>
         %3 = 0.7866495020927922             # ClearScalar<float64>
         %4 = multiply(%3, %2)               # EncryptedTensor<float64, shape=(1, 256, 56, 56)>
         %5 = 0                              # ClearScalar<uint1>
         %6 = maximum(%4, %5)                # EncryptedTensor<float64, shape=(1, 256, 56, 56)>
         %7 = 1.1215904                      # ClearScalar<float32>
         %8 = divide(%6, %7)                 # EncryptedTensor<float64, shape=(1, 256, 56, 56)>
         %9 = 0.0                            # ClearScalar<float32>
        %10 = add(%8, %9)                    # EncryptedTensor<float64, shape=(1, 256, 56, 56)>
        %11 = 0.0                            # ClearScalar<float64>
        %12 = 15.0                           # ClearScalar<float64>
        %13 = clip(%10, %11, %12)            # EncryptedTensor<float64, shape=(1, 256, 56, 56)>
        %14 = rint(%13)                      # EncryptedTensor<float64, shape=(1, 256, 56, 56)>
        %15 = 0.0                            # ClearScalar<float32>
        %16 = subtract(%14, %15)             # EncryptedTensor<float64, shape=(1, 256, 56, 56)>
        %17 = 1.1215904                      # ClearScalar<float32>
        %18 = multiply(%16, %17)             # EncryptedTensor<float64, shape=(1, 256, 56, 56)>
        %19 = 1.1215903759002686             # ClearScalar<float64>
        %20 = divide(%18, %19)               # EncryptedTensor<float64, shape=(1, 256, 56, 56)>
        %21 = 0                              # ClearScalar<uint1>
        %22 = add(%20, %21)                  # EncryptedTensor<float64, shape=(1, 256, 56, 56)>
        %23 = rint(%22)                      # EncryptedTensor<float64, shape=(1, 256, 56, 56)>
        %24 = astype(%23, dtype=int_)        # EncryptedTensor<uint1, shape=(1, 256, 56, 56)>
        return %24

    %81 = subgraph(%80):

         %0 = input                            # EncryptedTensor<uint1, shape=(1, 128, 56, 56)>          @ /trunk/trunk.7/C1/Conv.conv_rounding
         %1 = astype(%0, dtype=float64)        # EncryptedTensor<float64, shape=(1, 128, 56, 56)>
         %2 = 0                                # ClearScalar<uint1>
         %3 = add(%1, %2)                      # EncryptedTensor<float64, shape=(1, 128, 56, 56)>
         %4 = [[[[0]]  [ ... ]  [[0]]]]        # ClearTensor<uint1, shape=(1, 128, 1, 1)>
         %5 = subtract(%3, %4)                 # EncryptedTensor<float64, shape=(1, 128, 56, 56)>
         %6 = 0.0773230157064635               # ClearScalar<float64>
         %7 = multiply(%6, %5)                 # EncryptedTensor<float64, shape=(1, 128, 56, 56)>
         %8 = [[[[-1.146 ... 708864]]]]        # ClearTensor<float32, shape=(1, 128, 1, 1)>
         %9 = subtract(%7, %8)                 # EncryptedTensor<float64, shape=(1, 128, 56, 56)>
        %10 = [[[[2.9519 ... 927098]]]]        # ClearTensor<float32, shape=(1, 128, 1, 1)>
        %11 = divide(%9, %10)                  # EncryptedTensor<float64, shape=(1, 128, 56, 56)>
        %12 = [[[[0.9731 ... 001313]]]]        # ClearTensor<float32, shape=(1, 128, 1, 1)>
        %13 = multiply(%11, %12)               # EncryptedTensor<float64, shape=(1, 128, 56, 56)>
        %14 = [[[[ 5.289 ... 81e-02]]]]        # ClearTensor<float32, shape=(1, 128, 1, 1)>
        %15 = add(%13, %14)                    # EncryptedTensor<float64, shape=(1, 128, 56, 56)>
        %16 = 0                                # ClearScalar<uint1>
        %17 = maximum(%15, %16)                # EncryptedTensor<float64, shape=(1, 128, 56, 56)>
        %18 = 0.46529558                       # ClearScalar<float32>
        %19 = divide(%17, %18)                 # EncryptedTensor<float64, shape=(1, 128, 56, 56)>
        %20 = 0.0                              # ClearScalar<float32>
        %21 = add(%19, %20)                    # EncryptedTensor<float64, shape=(1, 128, 56, 56)>
        %22 = 0.0                              # ClearScalar<float64>
        %23 = 15.0                             # ClearScalar<float64>
        %24 = clip(%21, %22, %23)              # EncryptedTensor<float64, shape=(1, 128, 56, 56)>
        %25 = rint(%24)                        # EncryptedTensor<float64, shape=(1, 128, 56, 56)>
        %26 = 0.0                              # ClearScalar<float32>
        %27 = subtract(%25, %26)               # EncryptedTensor<float64, shape=(1, 128, 56, 56)>
        %28 = 0.46529558                       # ClearScalar<float32>
        %29 = multiply(%27, %28)               # EncryptedTensor<float64, shape=(1, 128, 56, 56)>
        %30 = 0.46529558300971985              # ClearScalar<float64>
        %31 = divide(%29, %30)                 # EncryptedTensor<float64, shape=(1, 128, 56, 56)>
        %32 = 0                                # ClearScalar<uint1>
        %33 = add(%31, %32)                    # EncryptedTensor<float64, shape=(1, 128, 56, 56)>
        %34 = rint(%33)                        # EncryptedTensor<float64, shape=(1, 128, 56, 56)>
        %35 = astype(%34, dtype=int_)          # EncryptedTensor<uint1, shape=(1, 128, 56, 56)>
        return %35

    %89 = subgraph(%88):

         %0 = input                            # EncryptedTensor<uint1, shape=(1, 128, 28, 28)>          @ /trunk/trunk.7/C2/Conv.conv_rounding
         %1 = astype(%0, dtype=float64)        # EncryptedTensor<float64, shape=(1, 128, 28, 28)>
         %2 = 0                                # ClearScalar<uint1>
         %3 = add(%1, %2)                      # EncryptedTensor<float64, shape=(1, 128, 28, 28)>
         %4 = [[[[0]]  [ ... ]  [[0]]]]        # ClearTensor<uint1, shape=(1, 128, 1, 1)>
         %5 = subtract(%3, %4)                 # EncryptedTensor<float64, shape=(1, 128, 28, 28)>
         %6 = 0.011741367895636567             # ClearScalar<float64>
         %7 = multiply(%6, %5)                 # EncryptedTensor<float64, shape=(1, 128, 28, 28)>
         %8 = [[[[-1.844 ... 999681]]]]        # ClearTensor<float32, shape=(1, 128, 1, 1)>
         %9 = subtract(%7, %8)                 # EncryptedTensor<float64, shape=(1, 128, 28, 28)>
        %10 = [[[[1.0130 ... 80342 ]]]]        # ClearTensor<float32, shape=(1, 128, 1, 1)>
        %11 = divide(%9, %10)                  # EncryptedTensor<float64, shape=(1, 128, 28, 28)>
        %12 = [[[[0.9817 ... 16487 ]]]]        # ClearTensor<float32, shape=(1, 128, 1, 1)>
        %13 = multiply(%11, %12)               # EncryptedTensor<float64, shape=(1, 128, 28, 28)>
        %14 = [[[[ 2.091 ... 51e-03]]]]        # ClearTensor<float32, shape=(1, 128, 1, 1)>
        %15 = add(%13, %14)                    # EncryptedTensor<float64, shape=(1, 128, 28, 28)>
        %16 = 0                                # ClearScalar<uint1>
        %17 = maximum(%15, %16)                # EncryptedTensor<float64, shape=(1, 128, 28, 28)>
        %18 = 0.46007863                       # ClearScalar<float32>
        %19 = divide(%17, %18)                 # EncryptedTensor<float64, shape=(1, 128, 28, 28)>
        %20 = 0.0                              # ClearScalar<float32>
        %21 = add(%19, %20)                    # EncryptedTensor<float64, shape=(1, 128, 28, 28)>
        %22 = 0.0                              # ClearScalar<float64>
        %23 = 15.0                             # ClearScalar<float64>
        %24 = clip(%21, %22, %23)              # EncryptedTensor<float64, shape=(1, 128, 28, 28)>
        %25 = rint(%24)                        # EncryptedTensor<float64, shape=(1, 128, 28, 28)>
        %26 = 0.0                              # ClearScalar<float32>
        %27 = subtract(%25, %26)               # EncryptedTensor<float64, shape=(1, 128, 28, 28)>
        %28 = 0.46007863                       # ClearScalar<float32>
        %29 = multiply(%27, %28)               # EncryptedTensor<float64, shape=(1, 128, 28, 28)>
        %30 = 0.460078626871109                # ClearScalar<float64>
        %31 = divide(%29, %30)                 # EncryptedTensor<float64, shape=(1, 128, 28, 28)>
        %32 = 0                                # ClearScalar<uint1>
        %33 = add(%31, %32)                    # EncryptedTensor<float64, shape=(1, 128, 28, 28)>
        %34 = rint(%33)                        # EncryptedTensor<float64, shape=(1, 128, 28, 28)>
        %35 = astype(%34, dtype=int_)          # EncryptedTensor<uint1, shape=(1, 128, 28, 28)>
        return %35

    %93 = subgraph(%76):

         %0 = input                          # EncryptedTensor<uint2, shape=(1, 256, 56, 56)>
         %1 = 0.0                            # ClearScalar<float64>
         %2 = subtract(%0, %1)               # EncryptedTensor<float64, shape=(1, 256, 56, 56)>
         %3 = 0.7866495020927922             # ClearScalar<float64>
         %4 = multiply(%3, %2)               # EncryptedTensor<float64, shape=(1, 256, 56, 56)>
         %5 = 0                              # ClearScalar<uint1>
         %6 = maximum(%4, %5)                # EncryptedTensor<float64, shape=(1, 256, 56, 56)>
         %7 = 1.1215904                      # ClearScalar<float32>
         %8 = divide(%6, %7)                 # EncryptedTensor<float64, shape=(1, 256, 56, 56)>
         %9 = 0.0                            # ClearScalar<float32>
        %10 = add(%8, %9)                    # EncryptedTensor<float64, shape=(1, 256, 56, 56)>
        %11 = 0.0                            # ClearScalar<float64>
        %12 = 15.0                           # ClearScalar<float64>
        %13 = clip(%10, %11, %12)            # EncryptedTensor<float64, shape=(1, 256, 56, 56)>
        %14 = rint(%13)                      # EncryptedTensor<float64, shape=(1, 256, 56, 56)>
        %15 = 0.0                            # ClearScalar<float32>
        %16 = subtract(%14, %15)             # EncryptedTensor<float64, shape=(1, 256, 56, 56)>
        %17 = 1.1215904                      # ClearScalar<float32>
        %18 = multiply(%16, %17)             # EncryptedTensor<float64, shape=(1, 256, 56, 56)>
        %19 = 1.1215903759002686             # ClearScalar<float64>
        %20 = divide(%18, %19)               # EncryptedTensor<float64, shape=(1, 256, 56, 56)>
        %21 = 0                              # ClearScalar<uint1>
        %22 = add(%20, %21)                  # EncryptedTensor<float64, shape=(1, 256, 56, 56)>
        %23 = rint(%22)                      # EncryptedTensor<float64, shape=(1, 256, 56, 56)>
        %24 = astype(%23, dtype=int_)        # EncryptedTensor<uint1, shape=(1, 256, 56, 56)>
        return %24

    %97 = subgraph(%92):

         %0 = input                            # EncryptedTensor<uint1, shape=(1, 512, 28, 28)>          @ /trunk/trunk.7/C3/Conv.conv_rounding
         %1 = astype(%0, dtype=float64)        # EncryptedTensor<float64, shape=(1, 512, 28, 28)>
         %2 = 0                                # ClearScalar<uint1>
         %3 = add(%1, %2)                      # EncryptedTensor<float64, shape=(1, 512, 28, 28)>
         %4 = [[[[0]]  [ ... ]  [[0]]]]        # ClearTensor<uint1, shape=(1, 512, 1, 1)>
         %5 = subtract(%3, %4)                 # EncryptedTensor<float64, shape=(1, 512, 28, 28)>
         %6 = 0.01786014191498264              # ClearScalar<float64>
         %7 = multiply(%6, %5)                 # EncryptedTensor<float64, shape=(1, 512, 28, 28)>
         %8 = [[[[-0.178 ... 600243]]]]        # ClearTensor<float32, shape=(1, 512, 1, 1)>
         %9 = subtract(%7, %8)                 # EncryptedTensor<float64, shape=(1, 512, 28, 28)>
        %10 = [[[[0.4407 ... 966536]]]]        # ClearTensor<float32, shape=(1, 512, 1, 1)>
        %11 = divide(%9, %10)                  # EncryptedTensor<float64, shape=(1, 512, 28, 28)>
        %12 = [[[[0.9841 ... 13423 ]]]]        # ClearTensor<float32, shape=(1, 512, 1, 1)>
        %13 = multiply(%11, %12)               # EncryptedTensor<float64, shape=(1, 512, 28, 28)>
        %14 = [[[[ 6.681 ... 68e-02]]]]        # ClearTensor<float32, shape=(1, 512, 1, 1)>
        %15 = add(%13, %14)                    # EncryptedTensor<float64, shape=(1, 512, 28, 28)>
        %16 = 0.94759953                       # ClearScalar<float32>
        %17 = divide(%15, %16)                 # EncryptedTensor<float64, shape=(1, 512, 28, 28)>
        %18 = 0.0                              # ClearScalar<float32>
        %19 = add(%17, %18)                    # EncryptedTensor<float64, shape=(1, 512, 28, 28)>
        %20 = -8.0                             # ClearScalar<float64>
        %21 = 7.0                              # ClearScalar<float64>
        %22 = clip(%19, %20, %21)              # EncryptedTensor<float64, shape=(1, 512, 28, 28)>
        %23 = rint(%22)                        # EncryptedTensor<float64, shape=(1, 512, 28, 28)>
        %24 = 0.0                              # ClearScalar<float32>
        %25 = subtract(%23, %24)               # EncryptedTensor<float64, shape=(1, 512, 28, 28)>
        %26 = 0.94759953                       # ClearScalar<float32>
        %27 = multiply(%25, %26)               # EncryptedTensor<float64, shape=(1, 512, 28, 28)>
        %28 = 0.9475995302200317               # ClearScalar<float64>
        %29 = divide(%27, %28)                 # EncryptedTensor<float64, shape=(1, 512, 28, 28)>
        %30 = 0                                # ClearScalar<uint1>
        %31 = add(%29, %30)                    # EncryptedTensor<float64, shape=(1, 512, 28, 28)>
        %32 = rint(%31)                        # EncryptedTensor<float64, shape=(1, 512, 28, 28)>
        %33 = astype(%32, dtype=int_)          # EncryptedTensor<uint1, shape=(1, 512, 28, 28)>
        return %33

    %98 = subgraph(%96):

         %0 = input                            # EncryptedTensor<uint1, shape=(1, 512, 28, 28)>          @ /trunk/trunk.7/shortcut/Conv.conv_rounding
         %1 = astype(%0, dtype=float64)        # EncryptedTensor<float64, shape=(1, 512, 28, 28)>
         %2 = 0                                # ClearScalar<uint1>
         %3 = add(%1, %2)                      # EncryptedTensor<float64, shape=(1, 512, 28, 28)>
         %4 = [[[[0]]  [ ... ]  [[0]]]]        # ClearTensor<uint1, shape=(1, 512, 1, 1)>
         %5 = subtract(%3, %4)                 # EncryptedTensor<float64, shape=(1, 512, 28, 28)>
         %6 = 0.042880432860700424             # ClearScalar<float64>
         %7 = multiply(%6, %5)                 # EncryptedTensor<float64, shape=(1, 512, 28, 28)>
         %8 = [[[[ 1.505 ... 568698]]]]        # ClearTensor<float32, shape=(1, 512, 1, 1)>
         %9 = subtract(%7, %8)                 # EncryptedTensor<float64, shape=(1, 512, 28, 28)>
        %10 = [[[[1.6953 ... 367588]]]]        # ClearTensor<float32, shape=(1, 512, 1, 1)>
        %11 = divide(%9, %10)                  # EncryptedTensor<float64, shape=(1, 512, 28, 28)>
        %12 = [[[[0.9769 ... 90438 ]]]]        # ClearTensor<float32, shape=(1, 512, 1, 1)>
        %13 = multiply(%11, %12)               # EncryptedTensor<float64, shape=(1, 512, 28, 28)>
        %14 = [[[[ 6.625 ... 56e-02]]]]        # ClearTensor<float32, shape=(1, 512, 1, 1)>
        %15 = add(%13, %14)                    # EncryptedTensor<float64, shape=(1, 512, 28, 28)>
        %16 = 0.94817334                       # ClearScalar<float32>
        %17 = divide(%15, %16)                 # EncryptedTensor<float64, shape=(1, 512, 28, 28)>
        %18 = 0.0                              # ClearScalar<float32>
        %19 = add(%17, %18)                    # EncryptedTensor<float64, shape=(1, 512, 28, 28)>
        %20 = -8.0                             # ClearScalar<float64>
        %21 = 7.0                              # ClearScalar<float64>
        %22 = clip(%19, %20, %21)              # EncryptedTensor<float64, shape=(1, 512, 28, 28)>
        %23 = rint(%22)                        # EncryptedTensor<float64, shape=(1, 512, 28, 28)>
        %24 = 0.0                              # ClearScalar<float32>
        %25 = subtract(%23, %24)               # EncryptedTensor<float64, shape=(1, 512, 28, 28)>
        %26 = 0.94817334                       # ClearScalar<float32>
        %27 = multiply(%25, %26)               # EncryptedTensor<float64, shape=(1, 512, 28, 28)>
        %28 = 0.9481733441352844               # ClearScalar<float64>
        %29 = divide(%27, %28)                 # EncryptedTensor<float64, shape=(1, 512, 28, 28)>
        %30 = 0                                # ClearScalar<uint1>
        %31 = add(%29, %30)                    # EncryptedTensor<float64, shape=(1, 512, 28, 28)>
        %32 = rint(%31)                        # EncryptedTensor<float64, shape=(1, 512, 28, 28)>
        %33 = astype(%32, dtype=int_)          # EncryptedTensor<uint1, shape=(1, 512, 28, 28)>
        return %33

    %99 = subgraph(%97):

         %0 = input                         # EncryptedTensor<uint1, shape=(1, 512, 28, 28)>
         %1 = 0.0                           # ClearScalar<float64>
         %2 = subtract(%0, %1)              # EncryptedTensor<float64, shape=(1, 512, 28, 28)>
         %3 = 0.9475995302200317            # ClearScalar<float64>
         %4 = multiply(%3, %2)              # EncryptedTensor<float64, shape=(1, 512, 28, 28)>
         %5 = 0.5809719101075204            # ClearScalar<float64>
         %6 = divide(%4, %5)                # EncryptedTensor<float64, shape=(1, 512, 28, 28)>
         %7 = 0                             # ClearScalar<uint1>
         %8 = add(%6, %7)                   # EncryptedTensor<float64, shape=(1, 512, 28, 28)>
         %9 = rint(%8)                      # EncryptedTensor<float64, shape=(1, 512, 28, 28)>
        %10 = astype(%9, dtype=int_)        # EncryptedTensor<uint1, shape=(1, 512, 28, 28)>
        return %10

    %100 = subgraph(%98):

         %0 = input                         # EncryptedTensor<uint1, shape=(1, 512, 28, 28)>
         %1 = 0.0                           # ClearScalar<float64>
         %2 = subtract(%0, %1)              # EncryptedTensor<float64, shape=(1, 512, 28, 28)>
         %3 = 0.9481733441352844            # ClearScalar<float64>
         %4 = multiply(%3, %2)              # EncryptedTensor<float64, shape=(1, 512, 28, 28)>
         %5 = 0.5809719101075204            # ClearScalar<float64>
         %6 = divide(%4, %5)                # EncryptedTensor<float64, shape=(1, 512, 28, 28)>
         %7 = 0                             # ClearScalar<uint1>
         %8 = add(%6, %7)                   # EncryptedTensor<float64, shape=(1, 512, 28, 28)>
         %9 = rint(%8)                      # EncryptedTensor<float64, shape=(1, 512, 28, 28)>
        %10 = astype(%9, dtype=int_)        # EncryptedTensor<uint1, shape=(1, 512, 28, 28)>
        return %10

    %104 = subgraph(%103):

         %0 = input                          # EncryptedTensor<uint2, shape=(1, 512, 28, 28)>
         %1 = 0.0                            # ClearScalar<float64>
         %2 = subtract(%0, %1)               # EncryptedTensor<float64, shape=(1, 512, 28, 28)>
         %3 = 0.5809719101075204             # ClearScalar<float64>
         %4 = multiply(%3, %2)               # EncryptedTensor<float64, shape=(1, 512, 28, 28)>
         %5 = 0                              # ClearScalar<uint1>
         %6 = maximum(%4, %5)                # EncryptedTensor<float64, shape=(1, 512, 28, 28)>
         %7 = 0.72047436                     # ClearScalar<float32>
         %8 = divide(%6, %7)                 # EncryptedTensor<float64, shape=(1, 512, 28, 28)>
         %9 = 0.0                            # ClearScalar<float32>
        %10 = add(%8, %9)                    # EncryptedTensor<float64, shape=(1, 512, 28, 28)>
        %11 = 0.0                            # ClearScalar<float64>
        %12 = 15.0                           # ClearScalar<float64>
        %13 = clip(%10, %11, %12)            # EncryptedTensor<float64, shape=(1, 512, 28, 28)>
        %14 = rint(%13)                      # EncryptedTensor<float64, shape=(1, 512, 28, 28)>
        %15 = 0.0                            # ClearScalar<float32>
        %16 = subtract(%14, %15)             # EncryptedTensor<float64, shape=(1, 512, 28, 28)>
        %17 = 0.72047436                     # ClearScalar<float32>
        %18 = multiply(%16, %17)             # EncryptedTensor<float64, shape=(1, 512, 28, 28)>
        %19 = 0.720474362373352              # ClearScalar<float64>
        %20 = divide(%18, %19)               # EncryptedTensor<float64, shape=(1, 512, 28, 28)>
        %21 = 0                              # ClearScalar<uint1>
        %22 = add(%20, %21)                  # EncryptedTensor<float64, shape=(1, 512, 28, 28)>
        %23 = rint(%22)                      # EncryptedTensor<float64, shape=(1, 512, 28, 28)>
        %24 = astype(%23, dtype=int_)        # EncryptedTensor<uint1, shape=(1, 512, 28, 28)>
        return %24

    %108 = subgraph(%107):

         %0 = input                            # EncryptedTensor<uint1, shape=(1, 128, 28, 28)>          @ /trunk/trunk.8/C1/Conv.conv_rounding
         %1 = astype(%0, dtype=float64)        # EncryptedTensor<float64, shape=(1, 128, 28, 28)>
         %2 = 0                                # ClearScalar<uint1>
         %3 = add(%1, %2)                      # EncryptedTensor<float64, shape=(1, 128, 28, 28)>
         %4 = [[[[0]]  [ ... ]  [[0]]]]        # ClearTensor<uint1, shape=(1, 128, 1, 1)>
         %5 = subtract(%3, %4)                 # EncryptedTensor<float64, shape=(1, 128, 28, 28)>
         %6 = 0.05781042537706771              # ClearScalar<float64>
         %7 = multiply(%6, %5)                 # EncryptedTensor<float64, shape=(1, 128, 28, 28)>
         %8 = [[[[ 1.351 ... 309345]]]]        # ClearTensor<float32, shape=(1, 128, 1, 1)>
         %9 = subtract(%7, %8)                 # EncryptedTensor<float64, shape=(1, 128, 28, 28)>
        %10 = [[[[3.2189 ... 567519]]]]        # ClearTensor<float32, shape=(1, 128, 1, 1)>
        %11 = divide(%9, %10)                  # EncryptedTensor<float64, shape=(1, 128, 28, 28)>
        %12 = [[[[0.9703 ... 58216 ]]]]        # ClearTensor<float32, shape=(1, 128, 1, 1)>
        %13 = multiply(%11, %12)               # EncryptedTensor<float64, shape=(1, 128, 28, 28)>
        %14 = [[[[ 1.678 ... 00e-02]]]]        # ClearTensor<float32, shape=(1, 128, 1, 1)>
        %15 = add(%13, %14)                    # EncryptedTensor<float64, shape=(1, 128, 28, 28)>
        %16 = 0                                # ClearScalar<uint1>
        %17 = maximum(%15, %16)                # EncryptedTensor<float64, shape=(1, 128, 28, 28)>
        %18 = 0.4847435                        # ClearScalar<float32>
        %19 = divide(%17, %18)                 # EncryptedTensor<float64, shape=(1, 128, 28, 28)>
        %20 = 0.0                              # ClearScalar<float32>
        %21 = add(%19, %20)                    # EncryptedTensor<float64, shape=(1, 128, 28, 28)>
        %22 = 0.0                              # ClearScalar<float64>
        %23 = 15.0                             # ClearScalar<float64>
        %24 = clip(%21, %22, %23)              # EncryptedTensor<float64, shape=(1, 128, 28, 28)>
        %25 = rint(%24)                        # EncryptedTensor<float64, shape=(1, 128, 28, 28)>
        %26 = 0.0                              # ClearScalar<float32>
        %27 = subtract(%25, %26)               # EncryptedTensor<float64, shape=(1, 128, 28, 28)>
        %28 = 0.4847435                        # ClearScalar<float32>
        %29 = multiply(%27, %28)               # EncryptedTensor<float64, shape=(1, 128, 28, 28)>
        %30 = 0.48474350571632385              # ClearScalar<float64>
        %31 = divide(%29, %30)                 # EncryptedTensor<float64, shape=(1, 128, 28, 28)>
        %32 = 0                                # ClearScalar<uint1>
        %33 = add(%31, %32)                    # EncryptedTensor<float64, shape=(1, 128, 28, 28)>
        %34 = rint(%33)                        # EncryptedTensor<float64, shape=(1, 128, 28, 28)>
        %35 = astype(%34, dtype=int_)          # EncryptedTensor<uint1, shape=(1, 128, 28, 28)>
        return %35

    %116 = subgraph(%115):

         %0 = input                            # EncryptedTensor<uint1, shape=(1, 128, 28, 28)>          @ /trunk/trunk.8/C2/Conv.conv_rounding
         %1 = astype(%0, dtype=float64)        # EncryptedTensor<float64, shape=(1, 128, 28, 28)>
         %2 = 0                                # ClearScalar<uint1>
         %3 = add(%1, %2)                      # EncryptedTensor<float64, shape=(1, 128, 28, 28)>
         %4 = [[[[0]]  [ ... ]  [[0]]]]        # ClearTensor<uint1, shape=(1, 128, 1, 1)>
         %5 = subtract(%3, %4)                 # EncryptedTensor<float64, shape=(1, 128, 28, 28)>
         %6 = 0.011508428005719107             # ClearScalar<float64>
         %7 = multiply(%6, %5)                 # EncryptedTensor<float64, shape=(1, 128, 28, 28)>
         %8 = [[[[-0.827 ... 2757  ]]]]        # ClearTensor<float32, shape=(1, 128, 1, 1)>
         %9 = subtract(%7, %8)                 # EncryptedTensor<float64, shape=(1, 128, 28, 28)>
        %10 = [[[[1.4083 ... 03729 ]]]]        # ClearTensor<float32, shape=(1, 128, 1, 1)>
        %11 = divide(%9, %10)                  # EncryptedTensor<float64, shape=(1, 128, 28, 28)>
        %12 = [[[[0.9633 ... 00077 ]]]]        # ClearTensor<float32, shape=(1, 128, 1, 1)>
        %13 = multiply(%11, %12)               # EncryptedTensor<float64, shape=(1, 128, 28, 28)>
        %14 = [[[[-0.001 ... 580023]]]]        # ClearTensor<float32, shape=(1, 128, 1, 1)>
        %15 = add(%13, %14)                    # EncryptedTensor<float64, shape=(1, 128, 28, 28)>
        %16 = 0                                # ClearScalar<uint1>
        %17 = maximum(%15, %16)                # EncryptedTensor<float64, shape=(1, 128, 28, 28)>
        %18 = 0.48889354                       # ClearScalar<float32>
        %19 = divide(%17, %18)                 # EncryptedTensor<float64, shape=(1, 128, 28, 28)>
        %20 = 0.0                              # ClearScalar<float32>
        %21 = add(%19, %20)                    # EncryptedTensor<float64, shape=(1, 128, 28, 28)>
        %22 = 0.0                              # ClearScalar<float64>
        %23 = 15.0                             # ClearScalar<float64>
        %24 = clip(%21, %22, %23)              # EncryptedTensor<float64, shape=(1, 128, 28, 28)>
        %25 = rint(%24)                        # EncryptedTensor<float64, shape=(1, 128, 28, 28)>
        %26 = 0.0                              # ClearScalar<float32>
        %27 = subtract(%25, %26)               # EncryptedTensor<float64, shape=(1, 128, 28, 28)>
        %28 = 0.48889354                       # ClearScalar<float32>
        %29 = multiply(%27, %28)               # EncryptedTensor<float64, shape=(1, 128, 28, 28)>
        %30 = 0.4888935387134552               # ClearScalar<float64>
        %31 = divide(%29, %30)                 # EncryptedTensor<float64, shape=(1, 128, 28, 28)>
        %32 = 0                                # ClearScalar<uint1>
        %33 = add(%31, %32)                    # EncryptedTensor<float64, shape=(1, 128, 28, 28)>
        %34 = rint(%33)                        # EncryptedTensor<float64, shape=(1, 128, 28, 28)>
        %35 = astype(%34, dtype=int_)          # EncryptedTensor<uint1, shape=(1, 128, 28, 28)>
        return %35

    %120 = subgraph(%119):

         %0 = input                            # EncryptedTensor<uint1, shape=(1, 512, 28, 28)>          @ /trunk/trunk.8/C3/Conv.conv_rounding
         %1 = astype(%0, dtype=float64)        # EncryptedTensor<float64, shape=(1, 512, 28, 28)>
         %2 = 0                                # ClearScalar<uint1>
         %3 = add(%1, %2)                      # EncryptedTensor<float64, shape=(1, 512, 28, 28)>
         %4 = [[[[0]]  [ ... ]  [[0]]]]        # ClearTensor<uint1, shape=(1, 512, 1, 1)>
         %5 = subtract(%3, %4)                 # EncryptedTensor<float64, shape=(1, 512, 28, 28)>
         %6 = 0.01857296177168677              # ClearScalar<float64>
         %7 = multiply(%6, %5)                 # EncryptedTensor<float64, shape=(1, 512, 28, 28)>
         %8 = [[[[ 3.285 ... 20e-02]]]]        # ClearTensor<float32, shape=(1, 512, 1, 1)>
         %9 = subtract(%7, %8)                 # EncryptedTensor<float64, shape=(1, 512, 28, 28)>
        %10 = [[[[0.4200 ... 38726 ]]]]        # ClearTensor<float32, shape=(1, 512, 1, 1)>
        %11 = divide(%9, %10)                  # EncryptedTensor<float64, shape=(1, 512, 28, 28)>
        %12 = [[[[0.9650 ... 09395 ]]]]        # ClearTensor<float32, shape=(1, 512, 1, 1)>
        %13 = multiply(%11, %12)               # EncryptedTensor<float64, shape=(1, 512, 28, 28)>
        %14 = [[[[ 5.110 ... 02e-03]]]]        # ClearTensor<float32, shape=(1, 512, 1, 1)>
        %15 = add(%13, %14)                    # EncryptedTensor<float64, shape=(1, 512, 28, 28)>
        %16 = 1.0238429                        # ClearScalar<float32>
        %17 = divide(%15, %16)                 # EncryptedTensor<float64, shape=(1, 512, 28, 28)>
        %18 = 0.0                              # ClearScalar<float32>
        %19 = add(%17, %18)                    # EncryptedTensor<float64, shape=(1, 512, 28, 28)>
        %20 = -8.0                             # ClearScalar<float64>
        %21 = 7.0                              # ClearScalar<float64>
        %22 = clip(%19, %20, %21)              # EncryptedTensor<float64, shape=(1, 512, 28, 28)>
        %23 = rint(%22)                        # EncryptedTensor<float64, shape=(1, 512, 28, 28)>
        %24 = 0.0                              # ClearScalar<float32>
        %25 = subtract(%23, %24)               # EncryptedTensor<float64, shape=(1, 512, 28, 28)>
        %26 = 1.0238429                        # ClearScalar<float32>
        %27 = multiply(%25, %26)               # EncryptedTensor<float64, shape=(1, 512, 28, 28)>
        %28 = 1.0238429307937622               # ClearScalar<float64>
        %29 = divide(%27, %28)                 # EncryptedTensor<float64, shape=(1, 512, 28, 28)>
        %30 = 0                                # ClearScalar<uint1>
        %31 = add(%29, %30)                    # EncryptedTensor<float64, shape=(1, 512, 28, 28)>
        %32 = rint(%31)                        # EncryptedTensor<float64, shape=(1, 512, 28, 28)>
        %33 = astype(%32, dtype=int_)          # EncryptedTensor<uint1, shape=(1, 512, 28, 28)>
        return %33

    %121 = subgraph(%103):

         %0 = input                          # EncryptedTensor<uint2, shape=(1, 512, 28, 28)>
         %1 = 0.0                            # ClearScalar<float64>
         %2 = subtract(%0, %1)               # EncryptedTensor<float64, shape=(1, 512, 28, 28)>
         %3 = 0.5809719101075204             # ClearScalar<float64>
         %4 = multiply(%3, %2)               # EncryptedTensor<float64, shape=(1, 512, 28, 28)>
         %5 = 0                              # ClearScalar<uint1>
         %6 = maximum(%4, %5)                # EncryptedTensor<float64, shape=(1, 512, 28, 28)>
         %7 = 0.72047436                     # ClearScalar<float32>
         %8 = divide(%6, %7)                 # EncryptedTensor<float64, shape=(1, 512, 28, 28)>
         %9 = 0.0                            # ClearScalar<float32>
        %10 = add(%8, %9)                    # EncryptedTensor<float64, shape=(1, 512, 28, 28)>
        %11 = 0.0                            # ClearScalar<float64>
        %12 = 15.0                           # ClearScalar<float64>
        %13 = clip(%10, %11, %12)            # EncryptedTensor<float64, shape=(1, 512, 28, 28)>
        %14 = rint(%13)                      # EncryptedTensor<float64, shape=(1, 512, 28, 28)>
        %15 = 0.0                            # ClearScalar<float32>
        %16 = subtract(%14, %15)             # EncryptedTensor<float64, shape=(1, 512, 28, 28)>
        %17 = 0.72047436                     # ClearScalar<float32>
        %18 = multiply(%16, %17)             # EncryptedTensor<float64, shape=(1, 512, 28, 28)>
        %19 = 0.720474362373352              # ClearScalar<float64>
        %20 = divide(%18, %19)               # EncryptedTensor<float64, shape=(1, 512, 28, 28)>
        %21 = 0                              # ClearScalar<uint1>
        %22 = add(%20, %21)                  # EncryptedTensor<float64, shape=(1, 512, 28, 28)>
        %23 = rint(%22)                      # EncryptedTensor<float64, shape=(1, 512, 28, 28)>
        %24 = astype(%23, dtype=int_)        # EncryptedTensor<uint1, shape=(1, 512, 28, 28)>
        return %24

    %122 = subgraph(%120):

         %0 = input                         # EncryptedTensor<uint1, shape=(1, 512, 28, 28)>
         %1 = 0.0                           # ClearScalar<float64>
         %2 = subtract(%0, %1)              # EncryptedTensor<float64, shape=(1, 512, 28, 28)>
         %3 = 1.0238429307937622            # ClearScalar<float64>
         %4 = multiply(%3, %2)              # EncryptedTensor<float64, shape=(1, 512, 28, 28)>
         %5 = 0.5663519405549572            # ClearScalar<float64>
         %6 = divide(%4, %5)                # EncryptedTensor<float64, shape=(1, 512, 28, 28)>
         %7 = 0                             # ClearScalar<uint1>
         %8 = add(%6, %7)                   # EncryptedTensor<float64, shape=(1, 512, 28, 28)>
         %9 = rint(%8)                      # EncryptedTensor<float64, shape=(1, 512, 28, 28)>
        %10 = astype(%9, dtype=int_)        # EncryptedTensor<uint1, shape=(1, 512, 28, 28)>
        return %10

    %123 = subgraph(%121):

         %0 = input                         # EncryptedTensor<uint1, shape=(1, 512, 28, 28)>
         %1 = 0.0                           # ClearScalar<float64>
         %2 = subtract(%0, %1)              # EncryptedTensor<float64, shape=(1, 512, 28, 28)>
         %3 = 0.720474362373352             # ClearScalar<float64>
         %4 = multiply(%3, %2)              # EncryptedTensor<float64, shape=(1, 512, 28, 28)>
         %5 = 0.5663519405549572            # ClearScalar<float64>
         %6 = divide(%4, %5)                # EncryptedTensor<float64, shape=(1, 512, 28, 28)>
         %7 = 0                             # ClearScalar<uint1>
         %8 = add(%6, %7)                   # EncryptedTensor<float64, shape=(1, 512, 28, 28)>
         %9 = rint(%8)                      # EncryptedTensor<float64, shape=(1, 512, 28, 28)>
        %10 = astype(%9, dtype=int_)        # EncryptedTensor<uint1, shape=(1, 512, 28, 28)>
        return %10

    %127 = subgraph(%126):

         %0 = input                          # EncryptedTensor<uint2, shape=(1, 512, 28, 28)>
         %1 = 0.0                            # ClearScalar<float64>
         %2 = subtract(%0, %1)               # EncryptedTensor<float64, shape=(1, 512, 28, 28)>
         %3 = 0.5663519405549572             # ClearScalar<float64>
         %4 = multiply(%3, %2)               # EncryptedTensor<float64, shape=(1, 512, 28, 28)>
         %5 = 0                              # ClearScalar<uint1>
         %6 = maximum(%4, %5)                # EncryptedTensor<float64, shape=(1, 512, 28, 28)>
         %7 = 0.9429808                      # ClearScalar<float32>
         %8 = divide(%6, %7)                 # EncryptedTensor<float64, shape=(1, 512, 28, 28)>
         %9 = 0.0                            # ClearScalar<float32>
        %10 = add(%8, %9)                    # EncryptedTensor<float64, shape=(1, 512, 28, 28)>
        %11 = 0.0                            # ClearScalar<float64>
        %12 = 15.0                           # ClearScalar<float64>
        %13 = clip(%10, %11, %12)            # EncryptedTensor<float64, shape=(1, 512, 28, 28)>
        %14 = rint(%13)                      # EncryptedTensor<float64, shape=(1, 512, 28, 28)>
        %15 = 0.0                            # ClearScalar<float32>
        %16 = subtract(%14, %15)             # EncryptedTensor<float64, shape=(1, 512, 28, 28)>
        %17 = 0.9429808                      # ClearScalar<float32>
        %18 = multiply(%16, %17)             # EncryptedTensor<float64, shape=(1, 512, 28, 28)>
        %19 = 0.9429808259010315             # ClearScalar<float64>
        %20 = divide(%18, %19)               # EncryptedTensor<float64, shape=(1, 512, 28, 28)>
        %21 = 0                              # ClearScalar<uint1>
        %22 = add(%20, %21)                  # EncryptedTensor<float64, shape=(1, 512, 28, 28)>
        %23 = rint(%22)                      # EncryptedTensor<float64, shape=(1, 512, 28, 28)>
        %24 = astype(%23, dtype=int_)        # EncryptedTensor<uint1, shape=(1, 512, 28, 28)>
        return %24

    %131 = subgraph(%130):

         %0 = input                            # EncryptedTensor<uint1, shape=(1, 128, 28, 28)>          @ /trunk/trunk.9/C1/Conv.conv_rounding
         %1 = astype(%0, dtype=float64)        # EncryptedTensor<float64, shape=(1, 128, 28, 28)>
         %2 = 0                                # ClearScalar<uint1>
         %3 = add(%1, %2)                      # EncryptedTensor<float64, shape=(1, 128, 28, 28)>
         %4 = [[[[0]]  [ ... ]  [[0]]]]        # ClearTensor<uint1, shape=(1, 128, 1, 1)>
         %5 = subtract(%3, %4)                 # EncryptedTensor<float64, shape=(1, 128, 28, 28)>
         %6 = 0.07574782944017278              # ClearScalar<float64>
         %7 = multiply(%6, %5)                 # EncryptedTensor<float64, shape=(1, 128, 28, 28)>
         %8 = [[[[ 3.972 ... 17297 ]]]]        # ClearTensor<float32, shape=(1, 128, 1, 1)>
         %9 = subtract(%7, %8)                 # EncryptedTensor<float64, shape=(1, 128, 28, 28)>
        %10 = [[[[4.1848 ... 107396]]]]        # ClearTensor<float32, shape=(1, 128, 1, 1)>
        %11 = divide(%9, %10)                  # EncryptedTensor<float64, shape=(1, 128, 28, 28)>
        %12 = [[[[0.9360 ... 40839 ]]]]        # ClearTensor<float32, shape=(1, 128, 1, 1)>
        %13 = multiply(%11, %12)               # EncryptedTensor<float64, shape=(1, 128, 28, 28)>
        %14 = [[[[-2.184 ... 21e-02]]]]        # ClearTensor<float32, shape=(1, 128, 1, 1)>
        %15 = add(%13, %14)                    # EncryptedTensor<float64, shape=(1, 128, 28, 28)>
        %16 = 0                                # ClearScalar<uint1>
        %17 = maximum(%15, %16)                # EncryptedTensor<float64, shape=(1, 128, 28, 28)>
        %18 = 0.48047984                       # ClearScalar<float32>
        %19 = divide(%17, %18)                 # EncryptedTensor<float64, shape=(1, 128, 28, 28)>
        %20 = 0.0                              # ClearScalar<float32>
        %21 = add(%19, %20)                    # EncryptedTensor<float64, shape=(1, 128, 28, 28)>
        %22 = 0.0                              # ClearScalar<float64>
        %23 = 15.0                             # ClearScalar<float64>
        %24 = clip(%21, %22, %23)              # EncryptedTensor<float64, shape=(1, 128, 28, 28)>
        %25 = rint(%24)                        # EncryptedTensor<float64, shape=(1, 128, 28, 28)>
        %26 = 0.0                              # ClearScalar<float32>
        %27 = subtract(%25, %26)               # EncryptedTensor<float64, shape=(1, 128, 28, 28)>
        %28 = 0.48047984                       # ClearScalar<float32>
        %29 = multiply(%27, %28)               # EncryptedTensor<float64, shape=(1, 128, 28, 28)>
        %30 = 0.4804798364639282               # ClearScalar<float64>
        %31 = divide(%29, %30)                 # EncryptedTensor<float64, shape=(1, 128, 28, 28)>
        %32 = 0                                # ClearScalar<uint1>
        %33 = add(%31, %32)                    # EncryptedTensor<float64, shape=(1, 128, 28, 28)>
        %34 = rint(%33)                        # EncryptedTensor<float64, shape=(1, 128, 28, 28)>
        %35 = astype(%34, dtype=int_)          # EncryptedTensor<uint1, shape=(1, 128, 28, 28)>
        return %35

    %139 = subgraph(%138):

         %0 = input                            # EncryptedTensor<uint1, shape=(1, 128, 28, 28)>          @ /trunk/trunk.9/C2/Conv.conv_rounding
         %1 = astype(%0, dtype=float64)        # EncryptedTensor<float64, shape=(1, 128, 28, 28)>
         %2 = 0                                # ClearScalar<uint1>
         %3 = add(%1, %2)                      # EncryptedTensor<float64, shape=(1, 128, 28, 28)>
         %4 = [[[[0]]  [ ... ]  [[0]]]]        # ClearTensor<uint1, shape=(1, 128, 1, 1)>
         %5 = subtract(%3, %4)                 # EncryptedTensor<float64, shape=(1, 128, 28, 28)>
         %6 = 0.01279565739947941              # ClearScalar<float64>
         %7 = multiply(%6, %5)                 # EncryptedTensor<float64, shape=(1, 128, 28, 28)>
         %8 = [[[[ 0.523 ... 827124]]]]        # ClearTensor<float32, shape=(1, 128, 1, 1)>
         %9 = subtract(%7, %8)                 # EncryptedTensor<float64, shape=(1, 128, 28, 28)>
        %10 = [[[[0.9439 ... 48374 ]]]]        # ClearTensor<float32, shape=(1, 128, 1, 1)>
        %11 = divide(%9, %10)                  # EncryptedTensor<float64, shape=(1, 128, 28, 28)>
        %12 = [[[[0.9903 ... 56608 ]]]]        # ClearTensor<float32, shape=(1, 128, 1, 1)>
        %13 = multiply(%11, %12)               # EncryptedTensor<float64, shape=(1, 128, 28, 28)>
        %14 = [[[[ 0.007 ... 535835]]]]        # ClearTensor<float32, shape=(1, 128, 1, 1)>
        %15 = add(%13, %14)                    # EncryptedTensor<float64, shape=(1, 128, 28, 28)>
        %16 = 0                                # ClearScalar<uint1>
        %17 = maximum(%15, %16)                # EncryptedTensor<float64, shape=(1, 128, 28, 28)>
        %18 = 0.5151081                        # ClearScalar<float32>
        %19 = divide(%17, %18)                 # EncryptedTensor<float64, shape=(1, 128, 28, 28)>
        %20 = 0.0                              # ClearScalar<float32>
        %21 = add(%19, %20)                    # EncryptedTensor<float64, shape=(1, 128, 28, 28)>
        %22 = 0.0                              # ClearScalar<float64>
        %23 = 15.0                             # ClearScalar<float64>
        %24 = clip(%21, %22, %23)              # EncryptedTensor<float64, shape=(1, 128, 28, 28)>
        %25 = rint(%24)                        # EncryptedTensor<float64, shape=(1, 128, 28, 28)>
        %26 = 0.0                              # ClearScalar<float32>
        %27 = subtract(%25, %26)               # EncryptedTensor<float64, shape=(1, 128, 28, 28)>
        %28 = 0.5151081                        # ClearScalar<float32>
        %29 = multiply(%27, %28)               # EncryptedTensor<float64, shape=(1, 128, 28, 28)>
        %30 = 0.5151081085205078               # ClearScalar<float64>
        %31 = divide(%29, %30)                 # EncryptedTensor<float64, shape=(1, 128, 28, 28)>
        %32 = 0                                # ClearScalar<uint1>
        %33 = add(%31, %32)                    # EncryptedTensor<float64, shape=(1, 128, 28, 28)>
        %34 = rint(%33)                        # EncryptedTensor<float64, shape=(1, 128, 28, 28)>
        %35 = astype(%34, dtype=int_)          # EncryptedTensor<uint1, shape=(1, 128, 28, 28)>
        return %35

    %143 = subgraph(%142):

         %0 = input                            # EncryptedTensor<uint1, shape=(1, 512, 28, 28)>          @ /trunk/trunk.9/C3/Conv.conv_rounding
         %1 = astype(%0, dtype=float64)        # EncryptedTensor<float64, shape=(1, 512, 28, 28)>
         %2 = 0                                # ClearScalar<uint1>
         %3 = add(%1, %2)                      # EncryptedTensor<float64, shape=(1, 512, 28, 28)>
         %4 = [[[[0]]  [ ... ]  [[0]]]]        # ClearTensor<uint1, shape=(1, 512, 1, 1)>
         %5 = subtract(%3, %4)                 # EncryptedTensor<float64, shape=(1, 512, 28, 28)>
         %6 = 0.02098265957478418              # ClearScalar<float64>
         %7 = multiply(%6, %5)                 # EncryptedTensor<float64, shape=(1, 512, 28, 28)>
         %8 = [[[[ 2.285 ... 53e-02]]]]        # ClearTensor<float32, shape=(1, 512, 1, 1)>
         %9 = subtract(%7, %8)                 # EncryptedTensor<float64, shape=(1, 512, 28, 28)>
        %10 = [[[[0.4230 ... 123688]]]]        # ClearTensor<float32, shape=(1, 512, 1, 1)>
        %11 = divide(%9, %10)                  # EncryptedTensor<float64, shape=(1, 512, 28, 28)>
        %12 = [[[[0.9094 ... 572604]]]]        # ClearTensor<float32, shape=(1, 512, 1, 1)>
        %13 = multiply(%11, %12)               # EncryptedTensor<float64, shape=(1, 512, 28, 28)>
        %14 = [[[[ 1.570 ... 21e-02]]]]        # ClearTensor<float32, shape=(1, 512, 1, 1)>
        %15 = add(%13, %14)                    # EncryptedTensor<float64, shape=(1, 512, 28, 28)>
        %16 = 1.0530216                        # ClearScalar<float32>
        %17 = divide(%15, %16)                 # EncryptedTensor<float64, shape=(1, 512, 28, 28)>
        %18 = 0.0                              # ClearScalar<float32>
        %19 = add(%17, %18)                    # EncryptedTensor<float64, shape=(1, 512, 28, 28)>
        %20 = -8.0                             # ClearScalar<float64>
        %21 = 7.0                              # ClearScalar<float64>
        %22 = clip(%19, %20, %21)              # EncryptedTensor<float64, shape=(1, 512, 28, 28)>
        %23 = rint(%22)                        # EncryptedTensor<float64, shape=(1, 512, 28, 28)>
        %24 = 0.0                              # ClearScalar<float32>
        %25 = subtract(%23, %24)               # EncryptedTensor<float64, shape=(1, 512, 28, 28)>
        %26 = 1.0530216                        # ClearScalar<float32>
        %27 = multiply(%25, %26)               # EncryptedTensor<float64, shape=(1, 512, 28, 28)>
        %28 = 1.0530215501785278               # ClearScalar<float64>
        %29 = divide(%27, %28)                 # EncryptedTensor<float64, shape=(1, 512, 28, 28)>
        %30 = 0                                # ClearScalar<uint1>
        %31 = add(%29, %30)                    # EncryptedTensor<float64, shape=(1, 512, 28, 28)>
        %32 = rint(%31)                        # EncryptedTensor<float64, shape=(1, 512, 28, 28)>
        %33 = astype(%32, dtype=int_)          # EncryptedTensor<uint1, shape=(1, 512, 28, 28)>
        return %33

    %144 = subgraph(%126):

         %0 = input                          # EncryptedTensor<uint2, shape=(1, 512, 28, 28)>
         %1 = 0.0                            # ClearScalar<float64>
         %2 = subtract(%0, %1)               # EncryptedTensor<float64, shape=(1, 512, 28, 28)>
         %3 = 0.5663519405549572             # ClearScalar<float64>
         %4 = multiply(%3, %2)               # EncryptedTensor<float64, shape=(1, 512, 28, 28)>
         %5 = 0                              # ClearScalar<uint1>
         %6 = maximum(%4, %5)                # EncryptedTensor<float64, shape=(1, 512, 28, 28)>
         %7 = 0.9429808                      # ClearScalar<float32>
         %8 = divide(%6, %7)                 # EncryptedTensor<float64, shape=(1, 512, 28, 28)>
         %9 = 0.0                            # ClearScalar<float32>
        %10 = add(%8, %9)                    # EncryptedTensor<float64, shape=(1, 512, 28, 28)>
        %11 = 0.0                            # ClearScalar<float64>
        %12 = 15.0                           # ClearScalar<float64>
        %13 = clip(%10, %11, %12)            # EncryptedTensor<float64, shape=(1, 512, 28, 28)>
        %14 = rint(%13)                      # EncryptedTensor<float64, shape=(1, 512, 28, 28)>
        %15 = 0.0                            # ClearScalar<float32>
        %16 = subtract(%14, %15)             # EncryptedTensor<float64, shape=(1, 512, 28, 28)>
        %17 = 0.9429808                      # ClearScalar<float32>
        %18 = multiply(%16, %17)             # EncryptedTensor<float64, shape=(1, 512, 28, 28)>
        %19 = 0.9429808259010315             # ClearScalar<float64>
        %20 = divide(%18, %19)               # EncryptedTensor<float64, shape=(1, 512, 28, 28)>
        %21 = 0                              # ClearScalar<uint1>
        %22 = add(%20, %21)                  # EncryptedTensor<float64, shape=(1, 512, 28, 28)>
        %23 = rint(%22)                      # EncryptedTensor<float64, shape=(1, 512, 28, 28)>
        %24 = astype(%23, dtype=int_)        # EncryptedTensor<uint1, shape=(1, 512, 28, 28)>
        return %24

    %145 = subgraph(%143):

         %0 = input                         # EncryptedTensor<uint1, shape=(1, 512, 28, 28)>
         %1 = 0.0                           # ClearScalar<float64>
         %2 = subtract(%0, %1)              # EncryptedTensor<float64, shape=(1, 512, 28, 28)>
         %3 = 1.0530215501785278            # ClearScalar<float64>
         %4 = multiply(%3, %2)              # EncryptedTensor<float64, shape=(1, 512, 28, 28)>
         %5 = 0.6976098052916988            # ClearScalar<float64>
         %6 = divide(%4, %5)                # EncryptedTensor<float64, shape=(1, 512, 28, 28)>
         %7 = 0                             # ClearScalar<uint1>
         %8 = add(%6, %7)                   # EncryptedTensor<float64, shape=(1, 512, 28, 28)>
         %9 = rint(%8)                      # EncryptedTensor<float64, shape=(1, 512, 28, 28)>
        %10 = astype(%9, dtype=int_)        # EncryptedTensor<uint1, shape=(1, 512, 28, 28)>
        return %10

    %146 = subgraph(%144):

         %0 = input                         # EncryptedTensor<uint1, shape=(1, 512, 28, 28)>
         %1 = 0.0                           # ClearScalar<float64>
         %2 = subtract(%0, %1)              # EncryptedTensor<float64, shape=(1, 512, 28, 28)>
         %3 = 0.9429808259010315            # ClearScalar<float64>
         %4 = multiply(%3, %2)              # EncryptedTensor<float64, shape=(1, 512, 28, 28)>
         %5 = 0.6976098052916988            # ClearScalar<float64>
         %6 = divide(%4, %5)                # EncryptedTensor<float64, shape=(1, 512, 28, 28)>
         %7 = 0                             # ClearScalar<uint1>
         %8 = add(%6, %7)                   # EncryptedTensor<float64, shape=(1, 512, 28, 28)>
         %9 = rint(%8)                      # EncryptedTensor<float64, shape=(1, 512, 28, 28)>
        %10 = astype(%9, dtype=int_)        # EncryptedTensor<uint1, shape=(1, 512, 28, 28)>
        return %10

    %150 = subgraph(%149):

         %0 = input                          # EncryptedTensor<uint2, shape=(1, 512, 28, 28)>
         %1 = 0.0                            # ClearScalar<float64>
         %2 = subtract(%0, %1)               # EncryptedTensor<float64, shape=(1, 512, 28, 28)>
         %3 = 0.6976098052916988             # ClearScalar<float64>
         %4 = multiply(%3, %2)               # EncryptedTensor<float64, shape=(1, 512, 28, 28)>
         %5 = 0                              # ClearScalar<uint1>
         %6 = maximum(%4, %5)                # EncryptedTensor<float64, shape=(1, 512, 28, 28)>
         %7 = 1.1454755                      # ClearScalar<float32>
         %8 = divide(%6, %7)                 # EncryptedTensor<float64, shape=(1, 512, 28, 28)>
         %9 = 0.0                            # ClearScalar<float32>
        %10 = add(%8, %9)                    # EncryptedTensor<float64, shape=(1, 512, 28, 28)>
        %11 = 0.0                            # ClearScalar<float64>
        %12 = 15.0                           # ClearScalar<float64>
        %13 = clip(%10, %11, %12)            # EncryptedTensor<float64, shape=(1, 512, 28, 28)>
        %14 = rint(%13)                      # EncryptedTensor<float64, shape=(1, 512, 28, 28)>
        %15 = 0.0                            # ClearScalar<float32>
        %16 = subtract(%14, %15)             # EncryptedTensor<float64, shape=(1, 512, 28, 28)>
        %17 = 1.1454755                      # ClearScalar<float32>
        %18 = multiply(%16, %17)             # EncryptedTensor<float64, shape=(1, 512, 28, 28)>
        %19 = 1.1454755067825317             # ClearScalar<float64>
        %20 = divide(%18, %19)               # EncryptedTensor<float64, shape=(1, 512, 28, 28)>
        %21 = 0                              # ClearScalar<uint1>
        %22 = add(%20, %21)                  # EncryptedTensor<float64, shape=(1, 512, 28, 28)>
        %23 = rint(%22)                      # EncryptedTensor<float64, shape=(1, 512, 28, 28)>
        %24 = astype(%23, dtype=int_)        # EncryptedTensor<uint1, shape=(1, 512, 28, 28)>
        return %24

    %154 = subgraph(%153):

         %0 = input                            # EncryptedTensor<uint1, shape=(1, 128, 28, 28)>          @ /trunk/trunk.10/C1/Conv.conv_rounding
         %1 = astype(%0, dtype=float64)        # EncryptedTensor<float64, shape=(1, 128, 28, 28)>
         %2 = 0                                # ClearScalar<uint1>
         %3 = add(%1, %2)                      # EncryptedTensor<float64, shape=(1, 128, 28, 28)>
         %4 = [[[[0]]  [ ... ]  [[0]]]]        # ClearTensor<uint1, shape=(1, 128, 1, 1)>
         %5 = subtract(%3, %4)                 # EncryptedTensor<float64, shape=(1, 128, 28, 28)>
         %6 = 0.09432185230219936              # ClearScalar<float64>
         %7 = multiply(%6, %5)                 # EncryptedTensor<float64, shape=(1, 128, 28, 28)>
         %8 = [[[[-1.020 ... 134812]]]]        # ClearTensor<float32, shape=(1, 128, 1, 1)>
         %9 = subtract(%7, %8)                 # EncryptedTensor<float64, shape=(1, 128, 28, 28)>
        %10 = [[[[4.7385 ... 227463]]]]        # ClearTensor<float32, shape=(1, 128, 1, 1)>
        %11 = divide(%9, %10)                  # EncryptedTensor<float64, shape=(1, 128, 28, 28)>
        %12 = [[[[0.9474 ... 52858 ]]]]        # ClearTensor<float32, shape=(1, 128, 1, 1)>
        %13 = multiply(%11, %12)               # EncryptedTensor<float64, shape=(1, 128, 28, 28)>
        %14 = [[[[-0.000 ... 402288]]]]        # ClearTensor<float32, shape=(1, 128, 1, 1)>
        %15 = add(%13, %14)                    # EncryptedTensor<float64, shape=(1, 128, 28, 28)>
        %16 = 0                                # ClearScalar<uint1>
        %17 = maximum(%15, %16)                # EncryptedTensor<float64, shape=(1, 128, 28, 28)>
        %18 = 0.4623819                        # ClearScalar<float32>
        %19 = divide(%17, %18)                 # EncryptedTensor<float64, shape=(1, 128, 28, 28)>
        %20 = 0.0                              # ClearScalar<float32>
        %21 = add(%19, %20)                    # EncryptedTensor<float64, shape=(1, 128, 28, 28)>
        %22 = 0.0                              # ClearScalar<float64>
        %23 = 15.0                             # ClearScalar<float64>
        %24 = clip(%21, %22, %23)              # EncryptedTensor<float64, shape=(1, 128, 28, 28)>
        %25 = rint(%24)                        # EncryptedTensor<float64, shape=(1, 128, 28, 28)>
        %26 = 0.0                              # ClearScalar<float32>
        %27 = subtract(%25, %26)               # EncryptedTensor<float64, shape=(1, 128, 28, 28)>
        %28 = 0.4623819                        # ClearScalar<float32>
        %29 = multiply(%27, %28)               # EncryptedTensor<float64, shape=(1, 128, 28, 28)>
        %30 = 0.46238189935684204              # ClearScalar<float64>
        %31 = divide(%29, %30)                 # EncryptedTensor<float64, shape=(1, 128, 28, 28)>
        %32 = 0                                # ClearScalar<uint1>
        %33 = add(%31, %32)                    # EncryptedTensor<float64, shape=(1, 128, 28, 28)>
        %34 = rint(%33)                        # EncryptedTensor<float64, shape=(1, 128, 28, 28)>
        %35 = astype(%34, dtype=int_)          # EncryptedTensor<uint1, shape=(1, 128, 28, 28)>
        return %35

    %162 = subgraph(%161):

         %0 = input                            # EncryptedTensor<uint1, shape=(1, 128, 28, 28)>          @ /trunk/trunk.10/C2/Conv.conv_rounding
         %1 = astype(%0, dtype=float64)        # EncryptedTensor<float64, shape=(1, 128, 28, 28)>
         %2 = 0                                # ClearScalar<uint1>
         %3 = add(%1, %2)                      # EncryptedTensor<float64, shape=(1, 128, 28, 28)>
         %4 = [[[[0]]  [ ... ]  [[0]]]]        # ClearTensor<uint1, shape=(1, 128, 1, 1)>
         %5 = subtract(%3, %4)                 # EncryptedTensor<float64, shape=(1, 128, 28, 28)>
         %6 = 0.011064688676491241             # ClearScalar<float64>
         %7 = multiply(%6, %5)                 # EncryptedTensor<float64, shape=(1, 128, 28, 28)>
         %8 = [[[[-2.134 ... 41e+00]]]]        # ClearTensor<float32, shape=(1, 128, 1, 1)>
         %9 = subtract(%7, %8)                 # EncryptedTensor<float64, shape=(1, 128, 28, 28)>
        %10 = [[[[1.0002 ... 25839 ]]]]        # ClearTensor<float32, shape=(1, 128, 1, 1)>
        %11 = divide(%9, %10)                  # EncryptedTensor<float64, shape=(1, 128, 28, 28)>
        %12 = [[[[0.9457 ... 34179 ]]]]        # ClearTensor<float32, shape=(1, 128, 1, 1)>
        %13 = multiply(%11, %12)               # EncryptedTensor<float64, shape=(1, 128, 28, 28)>
        %14 = [[[[ 0.004 ... 248483]]]]        # ClearTensor<float32, shape=(1, 128, 1, 1)>
        %15 = add(%13, %14)                    # EncryptedTensor<float64, shape=(1, 128, 28, 28)>
        %16 = 0                                # ClearScalar<uint1>
        %17 = maximum(%15, %16)                # EncryptedTensor<float64, shape=(1, 128, 28, 28)>
        %18 = 0.49937198                       # ClearScalar<float32>
        %19 = divide(%17, %18)                 # EncryptedTensor<float64, shape=(1, 128, 28, 28)>
        %20 = 0.0                              # ClearScalar<float32>
        %21 = add(%19, %20)                    # EncryptedTensor<float64, shape=(1, 128, 28, 28)>
        %22 = 0.0                              # ClearScalar<float64>
        %23 = 15.0                             # ClearScalar<float64>
        %24 = clip(%21, %22, %23)              # EncryptedTensor<float64, shape=(1, 128, 28, 28)>
        %25 = rint(%24)                        # EncryptedTensor<float64, shape=(1, 128, 28, 28)>
        %26 = 0.0                              # ClearScalar<float32>
        %27 = subtract(%25, %26)               # EncryptedTensor<float64, shape=(1, 128, 28, 28)>
        %28 = 0.49937198                       # ClearScalar<float32>
        %29 = multiply(%27, %28)               # EncryptedTensor<float64, shape=(1, 128, 28, 28)>
        %30 = 0.4993719756603241               # ClearScalar<float64>
        %31 = divide(%29, %30)                 # EncryptedTensor<float64, shape=(1, 128, 28, 28)>
        %32 = 0                                # ClearScalar<uint1>
        %33 = add(%31, %32)                    # EncryptedTensor<float64, shape=(1, 128, 28, 28)>
        %34 = rint(%33)                        # EncryptedTensor<float64, shape=(1, 128, 28, 28)>
        %35 = astype(%34, dtype=int_)          # EncryptedTensor<uint1, shape=(1, 128, 28, 28)>
        return %35

    %166 = subgraph(%165):

         %0 = input                            # EncryptedTensor<uint1, shape=(1, 512, 28, 28)>          @ /trunk/trunk.10/C3/Conv.conv_rounding
         %1 = astype(%0, dtype=float64)        # EncryptedTensor<float64, shape=(1, 512, 28, 28)>
         %2 = 0                                # ClearScalar<uint1>
         %3 = add(%1, %2)                      # EncryptedTensor<float64, shape=(1, 512, 28, 28)>
         %4 = [[[[0]]  [ ... ]  [[0]]]]        # ClearTensor<uint1, shape=(1, 512, 1, 1)>
         %5 = subtract(%3, %4)                 # EncryptedTensor<float64, shape=(1, 512, 28, 28)>
         %6 = 0.020716835414749335             # ClearScalar<float64>
         %7 = multiply(%6, %5)                 # EncryptedTensor<float64, shape=(1, 512, 28, 28)>
         %8 = [[[[-0.339 ... 042884]]]]        # ClearTensor<float32, shape=(1, 512, 1, 1)>
         %9 = subtract(%7, %8)                 # EncryptedTensor<float64, shape=(1, 512, 28, 28)>
        %10 = [[[[0.5173 ... 639044]]]]        # ClearTensor<float32, shape=(1, 512, 1, 1)>
        %11 = divide(%9, %10)                  # EncryptedTensor<float64, shape=(1, 512, 28, 28)>
        %12 = [[[[0.9098 ... 895656]]]]        # ClearTensor<float32, shape=(1, 512, 1, 1)>
        %13 = multiply(%11, %12)               # EncryptedTensor<float64, shape=(1, 512, 28, 28)>
        %14 = [[[[ 5.617 ... 45e-02]]]]        # ClearTensor<float32, shape=(1, 512, 1, 1)>
        %15 = add(%13, %14)                    # EncryptedTensor<float64, shape=(1, 512, 28, 28)>
        %16 = 1.04426                          # ClearScalar<float32>
        %17 = divide(%15, %16)                 # EncryptedTensor<float64, shape=(1, 512, 28, 28)>
        %18 = 0.0                              # ClearScalar<float32>
        %19 = add(%17, %18)                    # EncryptedTensor<float64, shape=(1, 512, 28, 28)>
        %20 = -8.0                             # ClearScalar<float64>
        %21 = 7.0                              # ClearScalar<float64>
        %22 = clip(%19, %20, %21)              # EncryptedTensor<float64, shape=(1, 512, 28, 28)>
        %23 = rint(%22)                        # EncryptedTensor<float64, shape=(1, 512, 28, 28)>
        %24 = 0.0                              # ClearScalar<float32>
        %25 = subtract(%23, %24)               # EncryptedTensor<float64, shape=(1, 512, 28, 28)>
        %26 = 1.04426                          # ClearScalar<float32>
        %27 = multiply(%25, %26)               # EncryptedTensor<float64, shape=(1, 512, 28, 28)>
        %28 = 1.044260025024414                # ClearScalar<float64>
        %29 = divide(%27, %28)                 # EncryptedTensor<float64, shape=(1, 512, 28, 28)>
        %30 = 0                                # ClearScalar<uint1>
        %31 = add(%29, %30)                    # EncryptedTensor<float64, shape=(1, 512, 28, 28)>
        %32 = rint(%31)                        # EncryptedTensor<float64, shape=(1, 512, 28, 28)>
        %33 = astype(%32, dtype=int_)          # EncryptedTensor<uint1, shape=(1, 512, 28, 28)>
        return %33

    %167 = subgraph(%149):

         %0 = input                          # EncryptedTensor<uint2, shape=(1, 512, 28, 28)>
         %1 = 0.0                            # ClearScalar<float64>
         %2 = subtract(%0, %1)               # EncryptedTensor<float64, shape=(1, 512, 28, 28)>
         %3 = 0.6976098052916988             # ClearScalar<float64>
         %4 = multiply(%3, %2)               # EncryptedTensor<float64, shape=(1, 512, 28, 28)>
         %5 = 0                              # ClearScalar<uint1>
         %6 = maximum(%4, %5)                # EncryptedTensor<float64, shape=(1, 512, 28, 28)>
         %7 = 1.1454755                      # ClearScalar<float32>
         %8 = divide(%6, %7)                 # EncryptedTensor<float64, shape=(1, 512, 28, 28)>
         %9 = 0.0                            # ClearScalar<float32>
        %10 = add(%8, %9)                    # EncryptedTensor<float64, shape=(1, 512, 28, 28)>
        %11 = 0.0                            # ClearScalar<float64>
        %12 = 15.0                           # ClearScalar<float64>
        %13 = clip(%10, %11, %12)            # EncryptedTensor<float64, shape=(1, 512, 28, 28)>
        %14 = rint(%13)                      # EncryptedTensor<float64, shape=(1, 512, 28, 28)>
        %15 = 0.0                            # ClearScalar<float32>
        %16 = subtract(%14, %15)             # EncryptedTensor<float64, shape=(1, 512, 28, 28)>
        %17 = 1.1454755                      # ClearScalar<float32>
        %18 = multiply(%16, %17)             # EncryptedTensor<float64, shape=(1, 512, 28, 28)>
        %19 = 1.1454755067825317             # ClearScalar<float64>
        %20 = divide(%18, %19)               # EncryptedTensor<float64, shape=(1, 512, 28, 28)>
        %21 = 0                              # ClearScalar<uint1>
        %22 = add(%20, %21)                  # EncryptedTensor<float64, shape=(1, 512, 28, 28)>
        %23 = rint(%22)                      # EncryptedTensor<float64, shape=(1, 512, 28, 28)>
        %24 = astype(%23, dtype=int_)        # EncryptedTensor<uint1, shape=(1, 512, 28, 28)>
        return %24

    %168 = subgraph(%166):

         %0 = input                         # EncryptedTensor<uint1, shape=(1, 512, 28, 28)>
         %1 = 0.0                           # ClearScalar<float64>
         %2 = subtract(%0, %1)              # EncryptedTensor<float64, shape=(1, 512, 28, 28)>
         %3 = 1.044260025024414             # ClearScalar<float64>
         %4 = multiply(%3, %2)              # EncryptedTensor<float64, shape=(1, 512, 28, 28)>
         %5 = 0.8237488000623642            # ClearScalar<float64>
         %6 = divide(%4, %5)                # EncryptedTensor<float64, shape=(1, 512, 28, 28)>
         %7 = 0                             # ClearScalar<uint1>
         %8 = add(%6, %7)                   # EncryptedTensor<float64, shape=(1, 512, 28, 28)>
         %9 = rint(%8)                      # EncryptedTensor<float64, shape=(1, 512, 28, 28)>
        %10 = astype(%9, dtype=int_)        # EncryptedTensor<uint1, shape=(1, 512, 28, 28)>
        return %10

    %169 = subgraph(%167):

         %0 = input                         # EncryptedTensor<uint1, shape=(1, 512, 28, 28)>
         %1 = 0.0                           # ClearScalar<float64>
         %2 = subtract(%0, %1)              # EncryptedTensor<float64, shape=(1, 512, 28, 28)>
         %3 = 1.1454755067825317            # ClearScalar<float64>
         %4 = multiply(%3, %2)              # EncryptedTensor<float64, shape=(1, 512, 28, 28)>
         %5 = 0.8237488000623642            # ClearScalar<float64>
         %6 = divide(%4, %5)                # EncryptedTensor<float64, shape=(1, 512, 28, 28)>
         %7 = 0                             # ClearScalar<uint1>
         %8 = add(%6, %7)                   # EncryptedTensor<float64, shape=(1, 512, 28, 28)>
         %9 = rint(%8)                      # EncryptedTensor<float64, shape=(1, 512, 28, 28)>
        %10 = astype(%9, dtype=int_)        # EncryptedTensor<uint1, shape=(1, 512, 28, 28)>
        return %10

    %173 = subgraph(%172):

         %0 = input                          # EncryptedTensor<uint2, shape=(1, 512, 28, 28)>
         %1 = 0.0                            # ClearScalar<float64>
         %2 = subtract(%0, %1)               # EncryptedTensor<float64, shape=(1, 512, 28, 28)>
         %3 = 0.8237488000623642             # ClearScalar<float64>
         %4 = multiply(%3, %2)               # EncryptedTensor<float64, shape=(1, 512, 28, 28)>
         %5 = 0                              # ClearScalar<uint1>
         %6 = maximum(%4, %5)                # EncryptedTensor<float64, shape=(1, 512, 28, 28)>
         %7 = 1.3050133                      # ClearScalar<float32>
         %8 = divide(%6, %7)                 # EncryptedTensor<float64, shape=(1, 512, 28, 28)>
         %9 = 0.0                            # ClearScalar<float32>
        %10 = add(%8, %9)                    # EncryptedTensor<float64, shape=(1, 512, 28, 28)>
        %11 = 0.0                            # ClearScalar<float64>
        %12 = 15.0                           # ClearScalar<float64>
        %13 = clip(%10, %11, %12)            # EncryptedTensor<float64, shape=(1, 512, 28, 28)>
        %14 = rint(%13)                      # EncryptedTensor<float64, shape=(1, 512, 28, 28)>
        %15 = 0.0                            # ClearScalar<float32>
        %16 = subtract(%14, %15)             # EncryptedTensor<float64, shape=(1, 512, 28, 28)>
        %17 = 1.3050133                      # ClearScalar<float32>
        %18 = multiply(%16, %17)             # EncryptedTensor<float64, shape=(1, 512, 28, 28)>
        %19 = 1.3050132989883423             # ClearScalar<float64>
        %20 = divide(%18, %19)               # EncryptedTensor<float64, shape=(1, 512, 28, 28)>
        %21 = 0                              # ClearScalar<uint1>
        %22 = add(%20, %21)                  # EncryptedTensor<float64, shape=(1, 512, 28, 28)>
        %23 = rint(%22)                      # EncryptedTensor<float64, shape=(1, 512, 28, 28)>
        %24 = astype(%23, dtype=int_)        # EncryptedTensor<uint1, shape=(1, 512, 28, 28)>
        return %24

    %177 = subgraph(%176):

         %0 = input                            # EncryptedTensor<uint1, shape=(1, 256, 28, 28)>          @ /trunk/trunk.11/C1/Conv.conv_rounding
         %1 = astype(%0, dtype=float64)        # EncryptedTensor<float64, shape=(1, 256, 28, 28)>
         %2 = 0                                # ClearScalar<uint1>
         %3 = add(%1, %2)                      # EncryptedTensor<float64, shape=(1, 256, 28, 28)>
         %4 = [[[[0]]  [ ... ]  [[0]]]]        # ClearTensor<uint1, shape=(1, 256, 1, 1)>
         %5 = subtract(%3, %4)                 # EncryptedTensor<float64, shape=(1, 256, 28, 28)>
         %6 = 0.06901660991051939              # ClearScalar<float64>
         %7 = multiply(%6, %5)                 # EncryptedTensor<float64, shape=(1, 256, 28, 28)>
         %8 = [[[[ 7.015 ... 32e+00]]]]        # ClearTensor<float32, shape=(1, 256, 1, 1)>
         %9 = subtract(%7, %8)                 # EncryptedTensor<float64, shape=(1, 256, 28, 28)>
        %10 = [[[[2.8077 ... 126148]]]]        # ClearTensor<float32, shape=(1, 256, 1, 1)>
        %11 = divide(%9, %10)                  # EncryptedTensor<float64, shape=(1, 256, 28, 28)>
        %12 = [[[[0.9507 ... 241715]]]]        # ClearTensor<float32, shape=(1, 256, 1, 1)>
        %13 = multiply(%11, %12)               # EncryptedTensor<float64, shape=(1, 256, 28, 28)>
        %14 = [[[[ 1.437 ... 31e-02]]]]        # ClearTensor<float32, shape=(1, 256, 1, 1)>
        %15 = add(%13, %14)                    # EncryptedTensor<float64, shape=(1, 256, 28, 28)>
        %16 = 0                                # ClearScalar<uint1>
        %17 = maximum(%15, %16)                # EncryptedTensor<float64, shape=(1, 256, 28, 28)>
        %18 = 0.44429955                       # ClearScalar<float32>
        %19 = divide(%17, %18)                 # EncryptedTensor<float64, shape=(1, 256, 28, 28)>
        %20 = 0.0                              # ClearScalar<float32>
        %21 = add(%19, %20)                    # EncryptedTensor<float64, shape=(1, 256, 28, 28)>
        %22 = 0.0                              # ClearScalar<float64>
        %23 = 15.0                             # ClearScalar<float64>
        %24 = clip(%21, %22, %23)              # EncryptedTensor<float64, shape=(1, 256, 28, 28)>
        %25 = rint(%24)                        # EncryptedTensor<float64, shape=(1, 256, 28, 28)>
        %26 = 0.0                              # ClearScalar<float32>
        %27 = subtract(%25, %26)               # EncryptedTensor<float64, shape=(1, 256, 28, 28)>
        %28 = 0.44429955                       # ClearScalar<float32>
        %29 = multiply(%27, %28)               # EncryptedTensor<float64, shape=(1, 256, 28, 28)>
        %30 = 0.4442995488643646               # ClearScalar<float64>
        %31 = divide(%29, %30)                 # EncryptedTensor<float64, shape=(1, 256, 28, 28)>
        %32 = 0                                # ClearScalar<uint1>
        %33 = add(%31, %32)                    # EncryptedTensor<float64, shape=(1, 256, 28, 28)>
        %34 = rint(%33)                        # EncryptedTensor<float64, shape=(1, 256, 28, 28)>
        %35 = astype(%34, dtype=int_)          # EncryptedTensor<uint1, shape=(1, 256, 28, 28)>
        return %35

    %185 = subgraph(%184):

         %0 = input                            # EncryptedTensor<uint1, shape=(1, 256, 14, 14)>          @ /trunk/trunk.11/C2/Conv.conv_rounding
         %1 = astype(%0, dtype=float64)        # EncryptedTensor<float64, shape=(1, 256, 14, 14)>
         %2 = 0                                # ClearScalar<uint1>
         %3 = add(%1, %2)                      # EncryptedTensor<float64, shape=(1, 256, 14, 14)>
         %4 = [[[[0]]  [ ... ]  [[0]]]]        # ClearTensor<uint1, shape=(1, 256, 1, 1)>
         %5 = subtract(%3, %4)                 # EncryptedTensor<float64, shape=(1, 256, 14, 14)>
         %6 = 0.007851975478683104             # ClearScalar<float64>
         %7 = multiply(%6, %5)                 # EncryptedTensor<float64, shape=(1, 256, 14, 14)>
         %8 = [[[[ 9.914 ... 93e+00]]]]        # ClearTensor<float32, shape=(1, 256, 1, 1)>
         %9 = subtract(%7, %8)                 # EncryptedTensor<float64, shape=(1, 256, 14, 14)>
        %10 = [[[[2.0049 ... 28375 ]]]]        # ClearTensor<float32, shape=(1, 256, 1, 1)>
        %11 = divide(%9, %10)                  # EncryptedTensor<float64, shape=(1, 256, 14, 14)>
        %12 = [[[[0.9048 ... 322375]]]]        # ClearTensor<float32, shape=(1, 256, 1, 1)>
        %13 = multiply(%11, %12)               # EncryptedTensor<float64, shape=(1, 256, 14, 14)>
        %14 = [[[[-1.280 ... 48e-02]]]]        # ClearTensor<float32, shape=(1, 256, 1, 1)>
        %15 = add(%13, %14)                    # EncryptedTensor<float64, shape=(1, 256, 14, 14)>
        %16 = 0                                # ClearScalar<uint1>
        %17 = maximum(%15, %16)                # EncryptedTensor<float64, shape=(1, 256, 14, 14)>
        %18 = 0.48205137                       # ClearScalar<float32>
        %19 = divide(%17, %18)                 # EncryptedTensor<float64, shape=(1, 256, 14, 14)>
        %20 = 0.0                              # ClearScalar<float32>
        %21 = add(%19, %20)                    # EncryptedTensor<float64, shape=(1, 256, 14, 14)>
        %22 = 0.0                              # ClearScalar<float64>
        %23 = 15.0                             # ClearScalar<float64>
        %24 = clip(%21, %22, %23)              # EncryptedTensor<float64, shape=(1, 256, 14, 14)>
        %25 = rint(%24)                        # EncryptedTensor<float64, shape=(1, 256, 14, 14)>
        %26 = 0.0                              # ClearScalar<float32>
        %27 = subtract(%25, %26)               # EncryptedTensor<float64, shape=(1, 256, 14, 14)>
        %28 = 0.48205137                       # ClearScalar<float32>
        %29 = multiply(%27, %28)               # EncryptedTensor<float64, shape=(1, 256, 14, 14)>
        %30 = 0.48205137252807617              # ClearScalar<float64>
        %31 = divide(%29, %30)                 # EncryptedTensor<float64, shape=(1, 256, 14, 14)>
        %32 = 0                                # ClearScalar<uint1>
        %33 = add(%31, %32)                    # EncryptedTensor<float64, shape=(1, 256, 14, 14)>
        %34 = rint(%33)                        # EncryptedTensor<float64, shape=(1, 256, 14, 14)>
        %35 = astype(%34, dtype=int_)          # EncryptedTensor<uint1, shape=(1, 256, 14, 14)>
        return %35

    %189 = subgraph(%172):

         %0 = input                          # EncryptedTensor<uint2, shape=(1, 512, 28, 28)>
         %1 = 0.0                            # ClearScalar<float64>
         %2 = subtract(%0, %1)               # EncryptedTensor<float64, shape=(1, 512, 28, 28)>
         %3 = 0.8237488000623642             # ClearScalar<float64>
         %4 = multiply(%3, %2)               # EncryptedTensor<float64, shape=(1, 512, 28, 28)>
         %5 = 0                              # ClearScalar<uint1>
         %6 = maximum(%4, %5)                # EncryptedTensor<float64, shape=(1, 512, 28, 28)>
         %7 = 1.3050133                      # ClearScalar<float32>
         %8 = divide(%6, %7)                 # EncryptedTensor<float64, shape=(1, 512, 28, 28)>
         %9 = 0.0                            # ClearScalar<float32>
        %10 = add(%8, %9)                    # EncryptedTensor<float64, shape=(1, 512, 28, 28)>
        %11 = 0.0                            # ClearScalar<float64>
        %12 = 15.0                           # ClearScalar<float64>
        %13 = clip(%10, %11, %12)            # EncryptedTensor<float64, shape=(1, 512, 28, 28)>
        %14 = rint(%13)                      # EncryptedTensor<float64, shape=(1, 512, 28, 28)>
        %15 = 0.0                            # ClearScalar<float32>
        %16 = subtract(%14, %15)             # EncryptedTensor<float64, shape=(1, 512, 28, 28)>
        %17 = 1.3050133                      # ClearScalar<float32>
        %18 = multiply(%16, %17)             # EncryptedTensor<float64, shape=(1, 512, 28, 28)>
        %19 = 1.3050132989883423             # ClearScalar<float64>
        %20 = divide(%18, %19)               # EncryptedTensor<float64, shape=(1, 512, 28, 28)>
        %21 = 0                              # ClearScalar<uint1>
        %22 = add(%20, %21)                  # EncryptedTensor<float64, shape=(1, 512, 28, 28)>
        %23 = rint(%22)                      # EncryptedTensor<float64, shape=(1, 512, 28, 28)>
        %24 = astype(%23, dtype=int_)        # EncryptedTensor<uint1, shape=(1, 512, 28, 28)>
        return %24

    %193 = subgraph(%188):

         %0 = input                            # EncryptedTensor<uint1, shape=(1, 1024, 14, 14)>          @ /trunk/trunk.11/C3/Conv.conv_rounding
         %1 = astype(%0, dtype=float64)        # EncryptedTensor<float64, shape=(1, 1024, 14, 14)>
         %2 = 0                                # ClearScalar<uint1>
         %3 = add(%1, %2)                      # EncryptedTensor<float64, shape=(1, 1024, 14, 14)>
         %4 = [[[[0]]  [ ... ]  [[0]]]]        # ClearTensor<uint1, shape=(1, 1024, 1, 1)>
         %5 = subtract(%3, %4)                 # EncryptedTensor<float64, shape=(1, 1024, 14, 14)>
         %6 = 0.014212627606409178             # ClearScalar<float64>
         %7 = multiply(%6, %5)                 # EncryptedTensor<float64, shape=(1, 1024, 14, 14)>
         %8 = [[[[-0.268 ... 903835]]]]        # ClearTensor<float32, shape=(1, 1024, 1, 1)>
         %9 = subtract(%7, %8)                 # EncryptedTensor<float64, shape=(1, 1024, 14, 14)>
        %10 = [[[[0.5296 ... 798665]]]]        # ClearTensor<float32, shape=(1, 1024, 1, 1)>
        %11 = divide(%9, %10)                  # EncryptedTensor<float64, shape=(1, 1024, 14, 14)>
        %12 = [[[[0.8881 ... 7959  ]]]]        # ClearTensor<float32, shape=(1, 1024, 1, 1)>
        %13 = multiply(%11, %12)               # EncryptedTensor<float64, shape=(1, 1024, 14, 14)>
        %14 = [[[[-0.021 ... 699498]]]]        # ClearTensor<float32, shape=(1, 1024, 1, 1)>
        %15 = add(%13, %14)                    # EncryptedTensor<float64, shape=(1, 1024, 14, 14)>
        %16 = 1.0316939                        # ClearScalar<float32>
        %17 = divide(%15, %16)                 # EncryptedTensor<float64, shape=(1, 1024, 14, 14)>
        %18 = 0.0                              # ClearScalar<float32>
        %19 = add(%17, %18)                    # EncryptedTensor<float64, shape=(1, 1024, 14, 14)>
        %20 = -8.0                             # ClearScalar<float64>
        %21 = 7.0                              # ClearScalar<float64>
        %22 = clip(%19, %20, %21)              # EncryptedTensor<float64, shape=(1, 1024, 14, 14)>
        %23 = rint(%22)                        # EncryptedTensor<float64, shape=(1, 1024, 14, 14)>
        %24 = 0.0                              # ClearScalar<float32>
        %25 = subtract(%23, %24)               # EncryptedTensor<float64, shape=(1, 1024, 14, 14)>
        %26 = 1.0316939                        # ClearScalar<float32>
        %27 = multiply(%25, %26)               # EncryptedTensor<float64, shape=(1, 1024, 14, 14)>
        %28 = 1.031693935394287                # ClearScalar<float64>
        %29 = divide(%27, %28)                 # EncryptedTensor<float64, shape=(1, 1024, 14, 14)>
        %30 = 0                                # ClearScalar<uint1>
        %31 = add(%29, %30)                    # EncryptedTensor<float64, shape=(1, 1024, 14, 14)>
        %32 = rint(%31)                        # EncryptedTensor<float64, shape=(1, 1024, 14, 14)>
        %33 = astype(%32, dtype=int_)          # EncryptedTensor<uint1, shape=(1, 1024, 14, 14)>
        return %33

    %194 = subgraph(%192):

         %0 = input                            # EncryptedTensor<uint1, shape=(1, 1024, 14, 14)>          @ /trunk/trunk.11/shortcut/Conv.conv_rounding
         %1 = astype(%0, dtype=float64)        # EncryptedTensor<float64, shape=(1, 1024, 14, 14)>
         %2 = 0                                # ClearScalar<uint1>
         %3 = add(%1, %2)                      # EncryptedTensor<float64, shape=(1, 1024, 14, 14)>
         %4 = [[[[0]]  [ ... ]  [[0]]]]        # ClearTensor<uint1, shape=(1, 1024, 1, 1)>
         %5 = subtract(%3, %4)                 # EncryptedTensor<float64, shape=(1, 1024, 14, 14)>
         %6 = 0.03911314644178043              # ClearScalar<float64>
         %7 = multiply(%6, %5)                 # EncryptedTensor<float64, shape=(1, 1024, 14, 14)>
         %8 = [[[[ 0.666 ... 35693 ]]]]        # ClearTensor<float32, shape=(1, 1024, 1, 1)>
         %9 = subtract(%7, %8)                 # EncryptedTensor<float64, shape=(1, 1024, 14, 14)>
        %10 = [[[[2.1374 ... 09262 ]]]]        # ClearTensor<float32, shape=(1, 1024, 1, 1)>
        %11 = divide(%9, %10)                  # EncryptedTensor<float64, shape=(1, 1024, 14, 14)>
        %12 = [[[[0.7855 ... 47101 ]]]]        # ClearTensor<float32, shape=(1, 1024, 1, 1)>
        %13 = multiply(%11, %12)               # EncryptedTensor<float64, shape=(1, 1024, 14, 14)>
        %14 = [[[[-0.022 ... 817497]]]]        # ClearTensor<float32, shape=(1, 1024, 1, 1)>
        %15 = add(%13, %14)                    # EncryptedTensor<float64, shape=(1, 1024, 14, 14)>
        %16 = 0.8880081                        # ClearScalar<float32>
        %17 = divide(%15, %16)                 # EncryptedTensor<float64, shape=(1, 1024, 14, 14)>
        %18 = 0.0                              # ClearScalar<float32>
        %19 = add(%17, %18)                    # EncryptedTensor<float64, shape=(1, 1024, 14, 14)>
        %20 = -8.0                             # ClearScalar<float64>
        %21 = 7.0                              # ClearScalar<float64>
        %22 = clip(%19, %20, %21)              # EncryptedTensor<float64, shape=(1, 1024, 14, 14)>
        %23 = rint(%22)                        # EncryptedTensor<float64, shape=(1, 1024, 14, 14)>
        %24 = 0.0                              # ClearScalar<float32>
        %25 = subtract(%23, %24)               # EncryptedTensor<float64, shape=(1, 1024, 14, 14)>
        %26 = 0.8880081                        # ClearScalar<float32>
        %27 = multiply(%25, %26)               # EncryptedTensor<float64, shape=(1, 1024, 14, 14)>
        %28 = 0.8880081176757812               # ClearScalar<float64>
        %29 = divide(%27, %28)                 # EncryptedTensor<float64, shape=(1, 1024, 14, 14)>
        %30 = 0                                # ClearScalar<uint1>
        %31 = add(%29, %30)                    # EncryptedTensor<float64, shape=(1, 1024, 14, 14)>
        %32 = rint(%31)                        # EncryptedTensor<float64, shape=(1, 1024, 14, 14)>
        %33 = astype(%32, dtype=int_)          # EncryptedTensor<uint1, shape=(1, 1024, 14, 14)>
        return %33

    %195 = subgraph(%193):

         %0 = input                         # EncryptedTensor<uint1, shape=(1, 1024, 14, 14)>
         %1 = 0.0                           # ClearScalar<float64>
         %2 = subtract(%0, %1)              # EncryptedTensor<float64, shape=(1, 1024, 14, 14)>
         %3 = 1.031693935394287             # ClearScalar<float64>
         %4 = multiply(%3, %2)              # EncryptedTensor<float64, shape=(1, 1024, 14, 14)>
         %5 = 0.495406981437437             # ClearScalar<float64>
         %6 = divide(%4, %5)                # EncryptedTensor<float64, shape=(1, 1024, 14, 14)>
         %7 = 0                             # ClearScalar<uint1>
         %8 = add(%6, %7)                   # EncryptedTensor<float64, shape=(1, 1024, 14, 14)>
         %9 = rint(%8)                      # EncryptedTensor<float64, shape=(1, 1024, 14, 14)>
        %10 = astype(%9, dtype=int_)        # EncryptedTensor<uint1, shape=(1, 1024, 14, 14)>
        return %10

    %196 = subgraph(%194):

         %0 = input                         # EncryptedTensor<uint1, shape=(1, 1024, 14, 14)>
         %1 = 0.0                           # ClearScalar<float64>
         %2 = subtract(%0, %1)              # EncryptedTensor<float64, shape=(1, 1024, 14, 14)>
         %3 = 0.8880081176757812            # ClearScalar<float64>
         %4 = multiply(%3, %2)              # EncryptedTensor<float64, shape=(1, 1024, 14, 14)>
         %5 = 0.495406981437437             # ClearScalar<float64>
         %6 = divide(%4, %5)                # EncryptedTensor<float64, shape=(1, 1024, 14, 14)>
         %7 = 0                             # ClearScalar<uint1>
         %8 = add(%6, %7)                   # EncryptedTensor<float64, shape=(1, 1024, 14, 14)>
         %9 = rint(%8)                      # EncryptedTensor<float64, shape=(1, 1024, 14, 14)>
        %10 = astype(%9, dtype=int_)        # EncryptedTensor<uint1, shape=(1, 1024, 14, 14)>
        return %10

    %200 = subgraph(%199):

         %0 = input                          # EncryptedTensor<uint2, shape=(1, 1024, 14, 14)>
         %1 = 0.0                            # ClearScalar<float64>
         %2 = subtract(%0, %1)               # EncryptedTensor<float64, shape=(1, 1024, 14, 14)>
         %3 = 0.495406981437437              # ClearScalar<float64>
         %4 = multiply(%3, %2)               # EncryptedTensor<float64, shape=(1, 1024, 14, 14)>
         %5 = 0                              # ClearScalar<uint1>
         %6 = maximum(%4, %5)                # EncryptedTensor<float64, shape=(1, 1024, 14, 14)>
         %7 = 0.8525787                      # ClearScalar<float32>
         %8 = divide(%6, %7)                 # EncryptedTensor<float64, shape=(1, 1024, 14, 14)>
         %9 = 0.0                            # ClearScalar<float32>
        %10 = add(%8, %9)                    # EncryptedTensor<float64, shape=(1, 1024, 14, 14)>
        %11 = 0.0                            # ClearScalar<float64>
        %12 = 15.0                           # ClearScalar<float64>
        %13 = clip(%10, %11, %12)            # EncryptedTensor<float64, shape=(1, 1024, 14, 14)>
        %14 = rint(%13)                      # EncryptedTensor<float64, shape=(1, 1024, 14, 14)>
        %15 = 0.0                            # ClearScalar<float32>
        %16 = subtract(%14, %15)             # EncryptedTensor<float64, shape=(1, 1024, 14, 14)>
        %17 = 0.8525787                      # ClearScalar<float32>
        %18 = multiply(%16, %17)             # EncryptedTensor<float64, shape=(1, 1024, 14, 14)>
        %19 = 0.8525786995887756             # ClearScalar<float64>
        %20 = divide(%18, %19)               # EncryptedTensor<float64, shape=(1, 1024, 14, 14)>
        %21 = 0                              # ClearScalar<uint1>
        %22 = add(%20, %21)                  # EncryptedTensor<float64, shape=(1, 1024, 14, 14)>
        %23 = rint(%22)                      # EncryptedTensor<float64, shape=(1, 1024, 14, 14)>
        %24 = astype(%23, dtype=int_)        # EncryptedTensor<uint1, shape=(1, 1024, 14, 14)>
        return %24

    %204 = subgraph(%203):

         %0 = input                            # EncryptedTensor<uint1, shape=(1, 256, 14, 14)>          @ /trunk/trunk.12/C1/Conv.conv_rounding
         %1 = astype(%0, dtype=float64)        # EncryptedTensor<float64, shape=(1, 256, 14, 14)>
         %2 = 0                                # ClearScalar<uint1>
         %3 = add(%1, %2)                      # EncryptedTensor<float64, shape=(1, 256, 14, 14)>
         %4 = [[[[0]]  [ ... ]  [[0]]]]        # ClearTensor<uint1, shape=(1, 256, 1, 1)>
         %5 = subtract(%3, %4)                 # EncryptedTensor<float64, shape=(1, 256, 14, 14)>
         %6 = 0.05071951212056658              # ClearScalar<float64>
         %7 = multiply(%6, %5)                 # EncryptedTensor<float64, shape=(1, 256, 14, 14)>
         %8 = [[[[-3.009 ... 06e-01]]]]        # ClearTensor<float32, shape=(1, 256, 1, 1)>
         %9 = subtract(%7, %8)                 # EncryptedTensor<float64, shape=(1, 256, 14, 14)>
        %10 = [[[[3.7359 ... 308553]]]]        # ClearTensor<float32, shape=(1, 256, 1, 1)>
        %11 = divide(%9, %10)                  # EncryptedTensor<float64, shape=(1, 256, 14, 14)>
        %12 = [[[[0.8761 ... 73522 ]]]]        # ClearTensor<float32, shape=(1, 256, 1, 1)>
        %13 = multiply(%11, %12)               # EncryptedTensor<float64, shape=(1, 256, 14, 14)>
        %14 = [[[[ 1.817 ... 40e-03]]]]        # ClearTensor<float32, shape=(1, 256, 1, 1)>
        %15 = add(%13, %14)                    # EncryptedTensor<float64, shape=(1, 256, 14, 14)>
        %16 = 0                                # ClearScalar<uint1>
        %17 = maximum(%15, %16)                # EncryptedTensor<float64, shape=(1, 256, 14, 14)>
        %18 = 0.5058518                        # ClearScalar<float32>
        %19 = divide(%17, %18)                 # EncryptedTensor<float64, shape=(1, 256, 14, 14)>
        %20 = 0.0                              # ClearScalar<float32>
        %21 = add(%19, %20)                    # EncryptedTensor<float64, shape=(1, 256, 14, 14)>
        %22 = 0.0                              # ClearScalar<float64>
        %23 = 15.0                             # ClearScalar<float64>
        %24 = clip(%21, %22, %23)              # EncryptedTensor<float64, shape=(1, 256, 14, 14)>
        %25 = rint(%24)                        # EncryptedTensor<float64, shape=(1, 256, 14, 14)>
        %26 = 0.0                              # ClearScalar<float32>
        %27 = subtract(%25, %26)               # EncryptedTensor<float64, shape=(1, 256, 14, 14)>
        %28 = 0.5058518                        # ClearScalar<float32>
        %29 = multiply(%27, %28)               # EncryptedTensor<float64, shape=(1, 256, 14, 14)>
        %30 = 0.5058518052101135               # ClearScalar<float64>
        %31 = divide(%29, %30)                 # EncryptedTensor<float64, shape=(1, 256, 14, 14)>
        %32 = 0                                # ClearScalar<uint1>
        %33 = add(%31, %32)                    # EncryptedTensor<float64, shape=(1, 256, 14, 14)>
        %34 = rint(%33)                        # EncryptedTensor<float64, shape=(1, 256, 14, 14)>
        %35 = astype(%34, dtype=int_)          # EncryptedTensor<uint1, shape=(1, 256, 14, 14)>
        return %35

    %212 = subgraph(%211):

         %0 = input                            # EncryptedTensor<uint1, shape=(1, 256, 14, 14)>          @ /trunk/trunk.12/C2/Conv.conv_rounding
         %1 = astype(%0, dtype=float64)        # EncryptedTensor<float64, shape=(1, 256, 14, 14)>
         %2 = 0                                # ClearScalar<uint1>
         %3 = add(%1, %2)                      # EncryptedTensor<float64, shape=(1, 256, 14, 14)>
         %4 = [[[[0]]  [ ... ]  [[0]]]]        # ClearTensor<uint1, shape=(1, 256, 1, 1)>
         %5 = subtract(%3, %4)                 # EncryptedTensor<float64, shape=(1, 256, 14, 14)>
         %6 = 0.010003309633036528             # ClearScalar<float64>
         %7 = multiply(%6, %5)                 # EncryptedTensor<float64, shape=(1, 256, 14, 14)>
         %8 = [[[[-1.169 ... 430072]]]]        # ClearTensor<float32, shape=(1, 256, 1, 1)>
         %9 = subtract(%7, %8)                 # EncryptedTensor<float64, shape=(1, 256, 14, 14)>
        %10 = [[[[1.9792 ... 29321 ]]]]        # ClearTensor<float32, shape=(1, 256, 1, 1)>
        %11 = divide(%9, %10)                  # EncryptedTensor<float64, shape=(1, 256, 14, 14)>
        %12 = [[[[0.9505 ... 670376]]]]        # ClearTensor<float32, shape=(1, 256, 1, 1)>
        %13 = multiply(%11, %12)               # EncryptedTensor<float64, shape=(1, 256, 14, 14)>
        %14 = [[[[ 1.541 ... 55e-02]]]]        # ClearTensor<float32, shape=(1, 256, 1, 1)>
        %15 = add(%13, %14)                    # EncryptedTensor<float64, shape=(1, 256, 14, 14)>
        %16 = 0                                # ClearScalar<uint1>
        %17 = maximum(%15, %16)                # EncryptedTensor<float64, shape=(1, 256, 14, 14)>
        %18 = 0.5338701                        # ClearScalar<float32>
        %19 = divide(%17, %18)                 # EncryptedTensor<float64, shape=(1, 256, 14, 14)>
        %20 = 0.0                              # ClearScalar<float32>
        %21 = add(%19, %20)                    # EncryptedTensor<float64, shape=(1, 256, 14, 14)>
        %22 = 0.0                              # ClearScalar<float64>
        %23 = 15.0                             # ClearScalar<float64>
        %24 = clip(%21, %22, %23)              # EncryptedTensor<float64, shape=(1, 256, 14, 14)>
        %25 = rint(%24)                        # EncryptedTensor<float64, shape=(1, 256, 14, 14)>
        %26 = 0.0                              # ClearScalar<float32>
        %27 = subtract(%25, %26)               # EncryptedTensor<float64, shape=(1, 256, 14, 14)>
        %28 = 0.5338701                        # ClearScalar<float32>
        %29 = multiply(%27, %28)               # EncryptedTensor<float64, shape=(1, 256, 14, 14)>
        %30 = 0.5338701009750366               # ClearScalar<float64>
        %31 = divide(%29, %30)                 # EncryptedTensor<float64, shape=(1, 256, 14, 14)>
        %32 = 0                                # ClearScalar<uint1>
        %33 = add(%31, %32)                    # EncryptedTensor<float64, shape=(1, 256, 14, 14)>
        %34 = rint(%33)                        # EncryptedTensor<float64, shape=(1, 256, 14, 14)>
        %35 = astype(%34, dtype=int_)          # EncryptedTensor<uint1, shape=(1, 256, 14, 14)>
        return %35

    %216 = subgraph(%215):

         %0 = input                            # EncryptedTensor<uint1, shape=(1, 1024, 14, 14)>          @ /trunk/trunk.12/C3/Conv.conv_rounding
         %1 = astype(%0, dtype=float64)        # EncryptedTensor<float64, shape=(1, 1024, 14, 14)>
         %2 = 0                                # ClearScalar<uint1>
         %3 = add(%1, %2)                      # EncryptedTensor<float64, shape=(1, 1024, 14, 14)>
         %4 = [[[[0]]  [ ... ]  [[0]]]]        # ClearTensor<uint1, shape=(1, 1024, 1, 1)>
         %5 = subtract(%3, %4)                 # EncryptedTensor<float64, shape=(1, 1024, 14, 14)>
         %6 = 0.017275626062065452             # ClearScalar<float64>
         %7 = multiply(%6, %5)                 # EncryptedTensor<float64, shape=(1, 1024, 14, 14)>
         %8 = [[[[-0.098 ... 723215]]]]        # ClearTensor<float32, shape=(1, 1024, 1, 1)>
         %9 = subtract(%7, %8)                 # EncryptedTensor<float64, shape=(1, 1024, 14, 14)>
        %10 = [[[[0.5706 ... 160555]]]]        # ClearTensor<float32, shape=(1, 1024, 1, 1)>
        %11 = divide(%9, %10)                  # EncryptedTensor<float64, shape=(1, 1024, 14, 14)>
        %12 = [[[[0.7684 ... 25488 ]]]]        # ClearTensor<float32, shape=(1, 1024, 1, 1)>
        %13 = multiply(%11, %12)               # EncryptedTensor<float64, shape=(1, 1024, 14, 14)>
        %14 = [[[[-0.014 ... 921663]]]]        # ClearTensor<float32, shape=(1, 1024, 1, 1)>
        %15 = add(%13, %14)                    # EncryptedTensor<float64, shape=(1, 1024, 14, 14)>
        %16 = 1.153998                         # ClearScalar<float32>
        %17 = divide(%15, %16)                 # EncryptedTensor<float64, shape=(1, 1024, 14, 14)>
        %18 = 0.0                              # ClearScalar<float32>
        %19 = add(%17, %18)                    # EncryptedTensor<float64, shape=(1, 1024, 14, 14)>
        %20 = -8.0                             # ClearScalar<float64>
        %21 = 7.0                              # ClearScalar<float64>
        %22 = clip(%19, %20, %21)              # EncryptedTensor<float64, shape=(1, 1024, 14, 14)>
        %23 = rint(%22)                        # EncryptedTensor<float64, shape=(1, 1024, 14, 14)>
        %24 = 0.0                              # ClearScalar<float32>
        %25 = subtract(%23, %24)               # EncryptedTensor<float64, shape=(1, 1024, 14, 14)>
        %26 = 1.153998                         # ClearScalar<float32>
        %27 = multiply(%25, %26)               # EncryptedTensor<float64, shape=(1, 1024, 14, 14)>
        %28 = 1.1539980173110962               # ClearScalar<float64>
        %29 = divide(%27, %28)                 # EncryptedTensor<float64, shape=(1, 1024, 14, 14)>
        %30 = 0                                # ClearScalar<uint1>
        %31 = add(%29, %30)                    # EncryptedTensor<float64, shape=(1, 1024, 14, 14)>
        %32 = rint(%31)                        # EncryptedTensor<float64, shape=(1, 1024, 14, 14)>
        %33 = astype(%32, dtype=int_)          # EncryptedTensor<uint1, shape=(1, 1024, 14, 14)>
        return %33

    %217 = subgraph(%199):

         %0 = input                          # EncryptedTensor<uint2, shape=(1, 1024, 14, 14)>
         %1 = 0.0                            # ClearScalar<float64>
         %2 = subtract(%0, %1)               # EncryptedTensor<float64, shape=(1, 1024, 14, 14)>
         %3 = 0.495406981437437              # ClearScalar<float64>
         %4 = multiply(%3, %2)               # EncryptedTensor<float64, shape=(1, 1024, 14, 14)>
         %5 = 0                              # ClearScalar<uint1>
         %6 = maximum(%4, %5)                # EncryptedTensor<float64, shape=(1, 1024, 14, 14)>
         %7 = 0.8525787                      # ClearScalar<float32>
         %8 = divide(%6, %7)                 # EncryptedTensor<float64, shape=(1, 1024, 14, 14)>
         %9 = 0.0                            # ClearScalar<float32>
        %10 = add(%8, %9)                    # EncryptedTensor<float64, shape=(1, 1024, 14, 14)>
        %11 = 0.0                            # ClearScalar<float64>
        %12 = 15.0                           # ClearScalar<float64>
        %13 = clip(%10, %11, %12)            # EncryptedTensor<float64, shape=(1, 1024, 14, 14)>
        %14 = rint(%13)                      # EncryptedTensor<float64, shape=(1, 1024, 14, 14)>
        %15 = 0.0                            # ClearScalar<float32>
        %16 = subtract(%14, %15)             # EncryptedTensor<float64, shape=(1, 1024, 14, 14)>
        %17 = 0.8525787                      # ClearScalar<float32>
        %18 = multiply(%16, %17)             # EncryptedTensor<float64, shape=(1, 1024, 14, 14)>
        %19 = 0.8525786995887756             # ClearScalar<float64>
        %20 = divide(%18, %19)               # EncryptedTensor<float64, shape=(1, 1024, 14, 14)>
        %21 = 0                              # ClearScalar<uint1>
        %22 = add(%20, %21)                  # EncryptedTensor<float64, shape=(1, 1024, 14, 14)>
        %23 = rint(%22)                      # EncryptedTensor<float64, shape=(1, 1024, 14, 14)>
        %24 = astype(%23, dtype=int_)        # EncryptedTensor<uint1, shape=(1, 1024, 14, 14)>
        return %24

    %218 = subgraph(%216):

         %0 = input                         # EncryptedTensor<uint1, shape=(1, 1024, 14, 14)>
         %1 = 0.0                           # ClearScalar<float64>
         %2 = subtract(%0, %1)              # EncryptedTensor<float64, shape=(1, 1024, 14, 14)>
         %3 = 1.1539980173110962            # ClearScalar<float64>
         %4 = multiply(%3, %2)              # EncryptedTensor<float64, shape=(1, 1024, 14, 14)>
         %5 = 0.5081030457250534            # ClearScalar<float64>
         %6 = divide(%4, %5)                # EncryptedTensor<float64, shape=(1, 1024, 14, 14)>
         %7 = 0                             # ClearScalar<uint1>
         %8 = add(%6, %7)                   # EncryptedTensor<float64, shape=(1, 1024, 14, 14)>
         %9 = rint(%8)                      # EncryptedTensor<float64, shape=(1, 1024, 14, 14)>
        %10 = astype(%9, dtype=int_)        # EncryptedTensor<uint1, shape=(1, 1024, 14, 14)>
        return %10

    %219 = subgraph(%217):

         %0 = input                         # EncryptedTensor<uint1, shape=(1, 1024, 14, 14)>
         %1 = 0.0                           # ClearScalar<float64>
         %2 = subtract(%0, %1)              # EncryptedTensor<float64, shape=(1, 1024, 14, 14)>
         %3 = 0.8525786995887756            # ClearScalar<float64>
         %4 = multiply(%3, %2)              # EncryptedTensor<float64, shape=(1, 1024, 14, 14)>
         %5 = 0.5081030457250534            # ClearScalar<float64>
         %6 = divide(%4, %5)                # EncryptedTensor<float64, shape=(1, 1024, 14, 14)>
         %7 = 0                             # ClearScalar<uint1>
         %8 = add(%6, %7)                   # EncryptedTensor<float64, shape=(1, 1024, 14, 14)>
         %9 = rint(%8)                      # EncryptedTensor<float64, shape=(1, 1024, 14, 14)>
        %10 = astype(%9, dtype=int_)        # EncryptedTensor<uint1, shape=(1, 1024, 14, 14)>
        return %10

    %223 = subgraph(%222):

         %0 = input                          # EncryptedTensor<uint2, shape=(1, 1024, 14, 14)>
         %1 = 0.0                            # ClearScalar<float64>
         %2 = subtract(%0, %1)               # EncryptedTensor<float64, shape=(1, 1024, 14, 14)>
         %3 = 0.5081030457250534             # ClearScalar<float64>
         %4 = multiply(%3, %2)               # EncryptedTensor<float64, shape=(1, 1024, 14, 14)>
         %5 = 0                              # ClearScalar<uint1>
         %6 = maximum(%4, %5)                # EncryptedTensor<float64, shape=(1, 1024, 14, 14)>
         %7 = 1.1653283                      # ClearScalar<float32>
         %8 = divide(%6, %7)                 # EncryptedTensor<float64, shape=(1, 1024, 14, 14)>
         %9 = 0.0                            # ClearScalar<float32>
        %10 = add(%8, %9)                    # EncryptedTensor<float64, shape=(1, 1024, 14, 14)>
        %11 = 0.0                            # ClearScalar<float64>
        %12 = 15.0                           # ClearScalar<float64>
        %13 = clip(%10, %11, %12)            # EncryptedTensor<float64, shape=(1, 1024, 14, 14)>
        %14 = rint(%13)                      # EncryptedTensor<float64, shape=(1, 1024, 14, 14)>
        %15 = 0.0                            # ClearScalar<float32>
        %16 = subtract(%14, %15)             # EncryptedTensor<float64, shape=(1, 1024, 14, 14)>
        %17 = 1.1653283                      # ClearScalar<float32>
        %18 = multiply(%16, %17)             # EncryptedTensor<float64, shape=(1, 1024, 14, 14)>
        %19 = 1.1653282642364502             # ClearScalar<float64>
        %20 = divide(%18, %19)               # EncryptedTensor<float64, shape=(1, 1024, 14, 14)>
        %21 = 0                              # ClearScalar<uint1>
        %22 = add(%20, %21)                  # EncryptedTensor<float64, shape=(1, 1024, 14, 14)>
        %23 = rint(%22)                      # EncryptedTensor<float64, shape=(1, 1024, 14, 14)>
        %24 = astype(%23, dtype=int_)        # EncryptedTensor<uint1, shape=(1, 1024, 14, 14)>
        return %24

    %227 = subgraph(%226):

         %0 = input                            # EncryptedTensor<uint1, shape=(1, 256, 14, 14)>          @ /trunk/trunk.13/C1/Conv.conv_rounding
         %1 = astype(%0, dtype=float64)        # EncryptedTensor<float64, shape=(1, 256, 14, 14)>
         %2 = 0                                # ClearScalar<uint1>
         %3 = add(%1, %2)                      # EncryptedTensor<float64, shape=(1, 256, 14, 14)>
         %4 = [[[[0]]  [ ... ]  [[0]]]]        # ClearTensor<uint1, shape=(1, 256, 1, 1)>
         %5 = subtract(%3, %4)                 # EncryptedTensor<float64, shape=(1, 256, 14, 14)>
         %6 = 0.06497379835825523              # ClearScalar<float64>
         %7 = multiply(%6, %5)                 # EncryptedTensor<float64, shape=(1, 256, 14, 14)>
         %8 = [[[[-1.365 ... 32e-01]]]]        # ClearTensor<float32, shape=(1, 256, 1, 1)>
         %9 = subtract(%7, %8)                 # EncryptedTensor<float64, shape=(1, 256, 14, 14)>
        %10 = [[[[3.0106 ... 611056]]]]        # ClearTensor<float32, shape=(1, 256, 1, 1)>
        %11 = divide(%9, %10)                  # EncryptedTensor<float64, shape=(1, 256, 14, 14)>
        %12 = [[[[0.8373 ... 1402  ]]]]        # ClearTensor<float32, shape=(1, 256, 1, 1)>
        %13 = multiply(%11, %12)               # EncryptedTensor<float64, shape=(1, 256, 14, 14)>
        %14 = [[[[ 0.023 ... 643514]]]]        # ClearTensor<float32, shape=(1, 256, 1, 1)>
        %15 = add(%13, %14)                    # EncryptedTensor<float64, shape=(1, 256, 14, 14)>
        %16 = 0                                # ClearScalar<uint1>
        %17 = maximum(%15, %16)                # EncryptedTensor<float64, shape=(1, 256, 14, 14)>
        %18 = 0.4832316                        # ClearScalar<float32>
        %19 = divide(%17, %18)                 # EncryptedTensor<float64, shape=(1, 256, 14, 14)>
        %20 = 0.0                              # ClearScalar<float32>
        %21 = add(%19, %20)                    # EncryptedTensor<float64, shape=(1, 256, 14, 14)>
        %22 = 0.0                              # ClearScalar<float64>
        %23 = 15.0                             # ClearScalar<float64>
        %24 = clip(%21, %22, %23)              # EncryptedTensor<float64, shape=(1, 256, 14, 14)>
        %25 = rint(%24)                        # EncryptedTensor<float64, shape=(1, 256, 14, 14)>
        %26 = 0.0                              # ClearScalar<float32>
        %27 = subtract(%25, %26)               # EncryptedTensor<float64, shape=(1, 256, 14, 14)>
        %28 = 0.4832316                        # ClearScalar<float32>
        %29 = multiply(%27, %28)               # EncryptedTensor<float64, shape=(1, 256, 14, 14)>
        %30 = 0.4832316040992737               # ClearScalar<float64>
        %31 = divide(%29, %30)                 # EncryptedTensor<float64, shape=(1, 256, 14, 14)>
        %32 = 0                                # ClearScalar<uint1>
        %33 = add(%31, %32)                    # EncryptedTensor<float64, shape=(1, 256, 14, 14)>
        %34 = rint(%33)                        # EncryptedTensor<float64, shape=(1, 256, 14, 14)>
        %35 = astype(%34, dtype=int_)          # EncryptedTensor<uint1, shape=(1, 256, 14, 14)>
        return %35

    %235 = subgraph(%234):

         %0 = input                            # EncryptedTensor<uint1, shape=(1, 256, 14, 14)>          @ /trunk/trunk.13/C2/Conv.conv_rounding
         %1 = astype(%0, dtype=float64)        # EncryptedTensor<float64, shape=(1, 256, 14, 14)>
         %2 = 0                                # ClearScalar<uint1>
         %3 = add(%1, %2)                      # EncryptedTensor<float64, shape=(1, 256, 14, 14)>
         %4 = [[[[0]]  [ ... ]  [[0]]]]        # ClearTensor<uint1, shape=(1, 256, 1, 1)>
         %5 = subtract(%3, %4)                 # EncryptedTensor<float64, shape=(1, 256, 14, 14)>
         %6 = 0.010451597683356129             # ClearScalar<float64>
         %7 = multiply(%6, %5)                 # EncryptedTensor<float64, shape=(1, 256, 14, 14)>
         %8 = [[[[ 5.908 ... 02e+00]]]]        # ClearTensor<float32, shape=(1, 256, 1, 1)>
         %9 = subtract(%7, %8)                 # EncryptedTensor<float64, shape=(1, 256, 14, 14)>
        %10 = [[[[1.6946 ... 5545  ]]]]        # ClearTensor<float32, shape=(1, 256, 1, 1)>
        %11 = divide(%9, %10)                  # EncryptedTensor<float64, shape=(1, 256, 14, 14)>
        %12 = [[[[0.8829 ... 421024]]]]        # ClearTensor<float32, shape=(1, 256, 1, 1)>
        %13 = multiply(%11, %12)               # EncryptedTensor<float64, shape=(1, 256, 14, 14)>
        %14 = [[[[ 8.293 ... 95e-02]]]]        # ClearTensor<float32, shape=(1, 256, 1, 1)>
        %15 = add(%13, %14)                    # EncryptedTensor<float64, shape=(1, 256, 14, 14)>
        %16 = 0                                # ClearScalar<uint1>
        %17 = maximum(%15, %16)                # EncryptedTensor<float64, shape=(1, 256, 14, 14)>
        %18 = 0.537688                         # ClearScalar<float32>
        %19 = divide(%17, %18)                 # EncryptedTensor<float64, shape=(1, 256, 14, 14)>
        %20 = 0.0                              # ClearScalar<float32>
        %21 = add(%19, %20)                    # EncryptedTensor<float64, shape=(1, 256, 14, 14)>
        %22 = 0.0                              # ClearScalar<float64>
        %23 = 15.0                             # ClearScalar<float64>
        %24 = clip(%21, %22, %23)              # EncryptedTensor<float64, shape=(1, 256, 14, 14)>
        %25 = rint(%24)                        # EncryptedTensor<float64, shape=(1, 256, 14, 14)>
        %26 = 0.0                              # ClearScalar<float32>
        %27 = subtract(%25, %26)               # EncryptedTensor<float64, shape=(1, 256, 14, 14)>
        %28 = 0.537688                         # ClearScalar<float32>
        %29 = multiply(%27, %28)               # EncryptedTensor<float64, shape=(1, 256, 14, 14)>
        %30 = 0.5376880168914795               # ClearScalar<float64>
        %31 = divide(%29, %30)                 # EncryptedTensor<float64, shape=(1, 256, 14, 14)>
        %32 = 0                                # ClearScalar<uint1>
        %33 = add(%31, %32)                    # EncryptedTensor<float64, shape=(1, 256, 14, 14)>
        %34 = rint(%33)                        # EncryptedTensor<float64, shape=(1, 256, 14, 14)>
        %35 = astype(%34, dtype=int_)          # EncryptedTensor<uint1, shape=(1, 256, 14, 14)>
        return %35

    %239 = subgraph(%238):

         %0 = input                            # EncryptedTensor<uint1, shape=(1, 1024, 14, 14)>          @ /trunk/trunk.13/C3/Conv.conv_rounding
         %1 = astype(%0, dtype=float64)        # EncryptedTensor<float64, shape=(1, 1024, 14, 14)>
         %2 = 0                                # ClearScalar<uint1>
         %3 = add(%1, %2)                      # EncryptedTensor<float64, shape=(1, 1024, 14, 14)>
         %4 = [[[[0]]  [ ... ]  [[0]]]]        # ClearTensor<uint1, shape=(1, 1024, 1, 1)>
         %5 = subtract(%3, %4)                 # EncryptedTensor<float64, shape=(1, 1024, 14, 14)>
         %6 = 0.015749910565322267             # ClearScalar<float64>
         %7 = multiply(%6, %5)                 # EncryptedTensor<float64, shape=(1, 1024, 14, 14)>
         %8 = [[[[-0.053 ... 85957 ]]]]        # ClearTensor<float32, shape=(1, 1024, 1, 1)>
         %9 = subtract(%7, %8)                 # EncryptedTensor<float64, shape=(1, 1024, 14, 14)>
        %10 = [[[[0.5592 ... 303   ]]]]        # ClearTensor<float32, shape=(1, 1024, 1, 1)>
        %11 = divide(%9, %10)                  # EncryptedTensor<float64, shape=(1, 1024, 14, 14)>
        %12 = [[[[0.7480 ... 17188 ]]]]        # ClearTensor<float32, shape=(1, 1024, 1, 1)>
        %13 = multiply(%11, %12)               # EncryptedTensor<float64, shape=(1, 1024, 14, 14)>
        %14 = [[[[-0.015 ... 368589]]]]        # ClearTensor<float32, shape=(1, 1024, 1, 1)>
        %15 = add(%13, %14)                    # EncryptedTensor<float64, shape=(1, 1024, 14, 14)>
        %16 = 1.1165891                        # ClearScalar<float32>
        %17 = divide(%15, %16)                 # EncryptedTensor<float64, shape=(1, 1024, 14, 14)>
        %18 = 0.0                              # ClearScalar<float32>
        %19 = add(%17, %18)                    # EncryptedTensor<float64, shape=(1, 1024, 14, 14)>
        %20 = -8.0                             # ClearScalar<float64>
        %21 = 7.0                              # ClearScalar<float64>
        %22 = clip(%19, %20, %21)              # EncryptedTensor<float64, shape=(1, 1024, 14, 14)>
        %23 = rint(%22)                        # EncryptedTensor<float64, shape=(1, 1024, 14, 14)>
        %24 = 0.0                              # ClearScalar<float32>
        %25 = subtract(%23, %24)               # EncryptedTensor<float64, shape=(1, 1024, 14, 14)>
        %26 = 1.1165891                        # ClearScalar<float32>
        %27 = multiply(%25, %26)               # EncryptedTensor<float64, shape=(1, 1024, 14, 14)>
        %28 = 1.116589069366455                # ClearScalar<float64>
        %29 = divide(%27, %28)                 # EncryptedTensor<float64, shape=(1, 1024, 14, 14)>
        %30 = 0                                # ClearScalar<uint1>
        %31 = add(%29, %30)                    # EncryptedTensor<float64, shape=(1, 1024, 14, 14)>
        %32 = rint(%31)                        # EncryptedTensor<float64, shape=(1, 1024, 14, 14)>
        %33 = astype(%32, dtype=int_)          # EncryptedTensor<uint1, shape=(1, 1024, 14, 14)>
        return %33

    %240 = subgraph(%222):

         %0 = input                          # EncryptedTensor<uint2, shape=(1, 1024, 14, 14)>
         %1 = 0.0                            # ClearScalar<float64>
         %2 = subtract(%0, %1)               # EncryptedTensor<float64, shape=(1, 1024, 14, 14)>
         %3 = 0.5081030457250534             # ClearScalar<float64>
         %4 = multiply(%3, %2)               # EncryptedTensor<float64, shape=(1, 1024, 14, 14)>
         %5 = 0                              # ClearScalar<uint1>
         %6 = maximum(%4, %5)                # EncryptedTensor<float64, shape=(1, 1024, 14, 14)>
         %7 = 1.1653283                      # ClearScalar<float32>
         %8 = divide(%6, %7)                 # EncryptedTensor<float64, shape=(1, 1024, 14, 14)>
         %9 = 0.0                            # ClearScalar<float32>
        %10 = add(%8, %9)                    # EncryptedTensor<float64, shape=(1, 1024, 14, 14)>
        %11 = 0.0                            # ClearScalar<float64>
        %12 = 15.0                           # ClearScalar<float64>
        %13 = clip(%10, %11, %12)            # EncryptedTensor<float64, shape=(1, 1024, 14, 14)>
        %14 = rint(%13)                      # EncryptedTensor<float64, shape=(1, 1024, 14, 14)>
        %15 = 0.0                            # ClearScalar<float32>
        %16 = subtract(%14, %15)             # EncryptedTensor<float64, shape=(1, 1024, 14, 14)>
        %17 = 1.1653283                      # ClearScalar<float32>
        %18 = multiply(%16, %17)             # EncryptedTensor<float64, shape=(1, 1024, 14, 14)>
        %19 = 1.1653282642364502             # ClearScalar<float64>
        %20 = divide(%18, %19)               # EncryptedTensor<float64, shape=(1, 1024, 14, 14)>
        %21 = 0                              # ClearScalar<uint1>
        %22 = add(%20, %21)                  # EncryptedTensor<float64, shape=(1, 1024, 14, 14)>
        %23 = rint(%22)                      # EncryptedTensor<float64, shape=(1, 1024, 14, 14)>
        %24 = astype(%23, dtype=int_)        # EncryptedTensor<uint1, shape=(1, 1024, 14, 14)>
        return %24

    %241 = subgraph(%239):

         %0 = input                         # EncryptedTensor<uint1, shape=(1, 1024, 14, 14)>
         %1 = 0.0                           # ClearScalar<float64>
         %2 = subtract(%0, %1)              # EncryptedTensor<float64, shape=(1, 1024, 14, 14)>
         %3 = 1.116589069366455             # ClearScalar<float64>
         %4 = multiply(%3, %2)              # EncryptedTensor<float64, shape=(1, 1024, 14, 14)>
         %5 = 0.6656365932956818            # ClearScalar<float64>
         %6 = divide(%4, %5)                # EncryptedTensor<float64, shape=(1, 1024, 14, 14)>
         %7 = 0                             # ClearScalar<uint1>
         %8 = add(%6, %7)                   # EncryptedTensor<float64, shape=(1, 1024, 14, 14)>
         %9 = rint(%8)                      # EncryptedTensor<float64, shape=(1, 1024, 14, 14)>
        %10 = astype(%9, dtype=int_)        # EncryptedTensor<uint1, shape=(1, 1024, 14, 14)>
        return %10

    %242 = subgraph(%240):

         %0 = input                         # EncryptedTensor<uint1, shape=(1, 1024, 14, 14)>
         %1 = 0.0                           # ClearScalar<float64>
         %2 = subtract(%0, %1)              # EncryptedTensor<float64, shape=(1, 1024, 14, 14)>
         %3 = 1.1653282642364502            # ClearScalar<float64>
         %4 = multiply(%3, %2)              # EncryptedTensor<float64, shape=(1, 1024, 14, 14)>
         %5 = 0.6656365932956818            # ClearScalar<float64>
         %6 = divide(%4, %5)                # EncryptedTensor<float64, shape=(1, 1024, 14, 14)>
         %7 = 0                             # ClearScalar<uint1>
         %8 = add(%6, %7)                   # EncryptedTensor<float64, shape=(1, 1024, 14, 14)>
         %9 = rint(%8)                      # EncryptedTensor<float64, shape=(1, 1024, 14, 14)>
        %10 = astype(%9, dtype=int_)        # EncryptedTensor<uint1, shape=(1, 1024, 14, 14)>
        return %10

    %246 = subgraph(%245):

         %0 = input                          # EncryptedTensor<uint2, shape=(1, 1024, 14, 14)>
         %1 = 0.0                            # ClearScalar<float64>
         %2 = subtract(%0, %1)               # EncryptedTensor<float64, shape=(1, 1024, 14, 14)>
         %3 = 0.6656365932956818             # ClearScalar<float64>
         %4 = multiply(%3, %2)               # EncryptedTensor<float64, shape=(1, 1024, 14, 14)>
         %5 = 0                              # ClearScalar<uint1>
         %6 = maximum(%4, %5)                # EncryptedTensor<float64, shape=(1, 1024, 14, 14)>
         %7 = 1.5131817                      # ClearScalar<float32>
         %8 = divide(%6, %7)                 # EncryptedTensor<float64, shape=(1, 1024, 14, 14)>
         %9 = 0.0                            # ClearScalar<float32>
        %10 = add(%8, %9)                    # EncryptedTensor<float64, shape=(1, 1024, 14, 14)>
        %11 = 0.0                            # ClearScalar<float64>
        %12 = 15.0                           # ClearScalar<float64>
        %13 = clip(%10, %11, %12)            # EncryptedTensor<float64, shape=(1, 1024, 14, 14)>
        %14 = rint(%13)                      # EncryptedTensor<float64, shape=(1, 1024, 14, 14)>
        %15 = 0.0                            # ClearScalar<float32>
        %16 = subtract(%14, %15)             # EncryptedTensor<float64, shape=(1, 1024, 14, 14)>
        %17 = 1.5131817                      # ClearScalar<float32>
        %18 = multiply(%16, %17)             # EncryptedTensor<float64, shape=(1, 1024, 14, 14)>
        %19 = 1.5131816864013672             # ClearScalar<float64>
        %20 = divide(%18, %19)               # EncryptedTensor<float64, shape=(1, 1024, 14, 14)>
        %21 = 0                              # ClearScalar<uint1>
        %22 = add(%20, %21)                  # EncryptedTensor<float64, shape=(1, 1024, 14, 14)>
        %23 = rint(%22)                      # EncryptedTensor<float64, shape=(1, 1024, 14, 14)>
        %24 = astype(%23, dtype=int_)        # EncryptedTensor<uint1, shape=(1, 1024, 14, 14)>
        return %24

    %250 = subgraph(%249):

         %0 = input                            # EncryptedTensor<uint1, shape=(1, 256, 14, 14)>          @ /trunk/trunk.14/C1/Conv.conv_rounding
         %1 = astype(%0, dtype=float64)        # EncryptedTensor<float64, shape=(1, 256, 14, 14)>
         %2 = 0                                # ClearScalar<uint1>
         %3 = add(%1, %2)                      # EncryptedTensor<float64, shape=(1, 256, 14, 14)>
         %4 = [[[[0]]  [ ... ]  [[0]]]]        # ClearTensor<uint1, shape=(1, 256, 1, 1)>
         %5 = subtract(%3, %4)                 # EncryptedTensor<float64, shape=(1, 256, 14, 14)>
         %6 = 0.09078095541432418              # ClearScalar<float64>
         %7 = multiply(%6, %5)                 # EncryptedTensor<float64, shape=(1, 256, 14, 14)>
         %8 = [[[[-4.726 ... 82e+00]]]]        # ClearTensor<float32, shape=(1, 256, 1, 1)>
         %9 = subtract(%7, %8)                 # EncryptedTensor<float64, shape=(1, 256, 14, 14)>
        %10 = [[[[4.2463 ... 85506 ]]]]        # ClearTensor<float32, shape=(1, 256, 1, 1)>
        %11 = divide(%9, %10)                  # EncryptedTensor<float64, shape=(1, 256, 14, 14)>
        %12 = [[[[0.9302 ... 835854]]]]        # ClearTensor<float32, shape=(1, 256, 1, 1)>
        %13 = multiply(%11, %12)               # EncryptedTensor<float64, shape=(1, 256, 14, 14)>
        %14 = [[[[-4.859 ... 17e-02]]]]        # ClearTensor<float32, shape=(1, 256, 1, 1)>
        %15 = add(%13, %14)                    # EncryptedTensor<float64, shape=(1, 256, 14, 14)>
        %16 = 0                                # ClearScalar<uint1>
        %17 = maximum(%15, %16)                # EncryptedTensor<float64, shape=(1, 256, 14, 14)>
        %18 = 0.4944078                        # ClearScalar<float32>
        %19 = divide(%17, %18)                 # EncryptedTensor<float64, shape=(1, 256, 14, 14)>
        %20 = 0.0                              # ClearScalar<float32>
        %21 = add(%19, %20)                    # EncryptedTensor<float64, shape=(1, 256, 14, 14)>
        %22 = 0.0                              # ClearScalar<float64>
        %23 = 15.0                             # ClearScalar<float64>
        %24 = clip(%21, %22, %23)              # EncryptedTensor<float64, shape=(1, 256, 14, 14)>
        %25 = rint(%24)                        # EncryptedTensor<float64, shape=(1, 256, 14, 14)>
        %26 = 0.0                              # ClearScalar<float32>
        %27 = subtract(%25, %26)               # EncryptedTensor<float64, shape=(1, 256, 14, 14)>
        %28 = 0.4944078                        # ClearScalar<float32>
        %29 = multiply(%27, %28)               # EncryptedTensor<float64, shape=(1, 256, 14, 14)>
        %30 = 0.4944078028202057               # ClearScalar<float64>
        %31 = divide(%29, %30)                 # EncryptedTensor<float64, shape=(1, 256, 14, 14)>
        %32 = 0                                # ClearScalar<uint1>
        %33 = add(%31, %32)                    # EncryptedTensor<float64, shape=(1, 256, 14, 14)>
        %34 = rint(%33)                        # EncryptedTensor<float64, shape=(1, 256, 14, 14)>
        %35 = astype(%34, dtype=int_)          # EncryptedTensor<uint1, shape=(1, 256, 14, 14)>
        return %35

    %258 = subgraph(%257):

         %0 = input                            # EncryptedTensor<uint1, shape=(1, 256, 14, 14)>          @ /trunk/trunk.14/C2/Conv.conv_rounding
         %1 = astype(%0, dtype=float64)        # EncryptedTensor<float64, shape=(1, 256, 14, 14)>
         %2 = 0                                # ClearScalar<uint1>
         %3 = add(%1, %2)                      # EncryptedTensor<float64, shape=(1, 256, 14, 14)>
         %4 = [[[[0]]  [ ... ]  [[0]]]]        # ClearTensor<uint1, shape=(1, 256, 1, 1)>
         %5 = subtract(%3, %4)                 # EncryptedTensor<float64, shape=(1, 256, 14, 14)>
         %6 = 0.010866592989154378             # ClearScalar<float64>
         %7 = multiply(%6, %5)                 # EncryptedTensor<float64, shape=(1, 256, 14, 14)>
         %8 = [[[[-7.133 ... 48e-01]]]]        # ClearTensor<float32, shape=(1, 256, 1, 1)>
         %9 = subtract(%7, %8)                 # EncryptedTensor<float64, shape=(1, 256, 14, 14)>
        %10 = [[[[1.3318 ... 46213 ]]]]        # ClearTensor<float32, shape=(1, 256, 1, 1)>
        %11 = divide(%9, %10)                  # EncryptedTensor<float64, shape=(1, 256, 14, 14)>
        %12 = [[[[0.8888 ... 881747]]]]        # ClearTensor<float32, shape=(1, 256, 1, 1)>
        %13 = multiply(%11, %12)               # EncryptedTensor<float64, shape=(1, 256, 14, 14)>
        %14 = [[[[-9.226 ... 56e-03]]]]        # ClearTensor<float32, shape=(1, 256, 1, 1)>
        %15 = add(%13, %14)                    # EncryptedTensor<float64, shape=(1, 256, 14, 14)>
        %16 = 0                                # ClearScalar<uint1>
        %17 = maximum(%15, %16)                # EncryptedTensor<float64, shape=(1, 256, 14, 14)>
        %18 = 0.5337158                        # ClearScalar<float32>
        %19 = divide(%17, %18)                 # EncryptedTensor<float64, shape=(1, 256, 14, 14)>
        %20 = 0.0                              # ClearScalar<float32>
        %21 = add(%19, %20)                    # EncryptedTensor<float64, shape=(1, 256, 14, 14)>
        %22 = 0.0                              # ClearScalar<float64>
        %23 = 15.0                             # ClearScalar<float64>
        %24 = clip(%21, %22, %23)              # EncryptedTensor<float64, shape=(1, 256, 14, 14)>
        %25 = rint(%24)                        # EncryptedTensor<float64, shape=(1, 256, 14, 14)>
        %26 = 0.0                              # ClearScalar<float32>
        %27 = subtract(%25, %26)               # EncryptedTensor<float64, shape=(1, 256, 14, 14)>
        %28 = 0.5337158                        # ClearScalar<float32>
        %29 = multiply(%27, %28)               # EncryptedTensor<float64, shape=(1, 256, 14, 14)>
        %30 = 0.5337157845497131               # ClearScalar<float64>
        %31 = divide(%29, %30)                 # EncryptedTensor<float64, shape=(1, 256, 14, 14)>
        %32 = 0                                # ClearScalar<uint1>
        %33 = add(%31, %32)                    # EncryptedTensor<float64, shape=(1, 256, 14, 14)>
        %34 = rint(%33)                        # EncryptedTensor<float64, shape=(1, 256, 14, 14)>
        %35 = astype(%34, dtype=int_)          # EncryptedTensor<uint1, shape=(1, 256, 14, 14)>
        return %35

    %262 = subgraph(%261):

         %0 = input                            # EncryptedTensor<uint1, shape=(1, 1024, 14, 14)>          @ /trunk/trunk.14/C3/Conv.conv_rounding
         %1 = astype(%0, dtype=float64)        # EncryptedTensor<float64, shape=(1, 1024, 14, 14)>
         %2 = 0                                # ClearScalar<uint1>
         %3 = add(%1, %2)                      # EncryptedTensor<float64, shape=(1, 1024, 14, 14)>
         %4 = [[[[0]]  [ ... ]  [[0]]]]        # ClearTensor<uint1, shape=(1, 1024, 1, 1)>
         %5 = subtract(%3, %4)                 # EncryptedTensor<float64, shape=(1, 1024, 14, 14)>
         %6 = 0.015993462650093493             # ClearScalar<float64>
         %7 = multiply(%6, %5)                 # EncryptedTensor<float64, shape=(1, 1024, 14, 14)>
         %8 = [[[[ 0.118 ... 59098 ]]]]        # ClearTensor<float32, shape=(1, 1024, 1, 1)>
         %9 = subtract(%7, %8)                 # EncryptedTensor<float64, shape=(1, 1024, 14, 14)>
        %10 = [[[[0.4482 ... 3753  ]]]]        # ClearTensor<float32, shape=(1, 1024, 1, 1)>
        %11 = divide(%9, %10)                  # EncryptedTensor<float64, shape=(1, 1024, 14, 14)>
        %12 = [[[[0.7227 ... 263674]]]]        # ClearTensor<float32, shape=(1, 1024, 1, 1)>
        %13 = multiply(%11, %12)               # EncryptedTensor<float64, shape=(1, 1024, 14, 14)>
        %14 = [[[[-0.006 ... 896071]]]]        # ClearTensor<float32, shape=(1, 1024, 1, 1)>
        %15 = add(%13, %14)                    # EncryptedTensor<float64, shape=(1, 1024, 14, 14)>
        %16 = 1.0592352                        # ClearScalar<float32>
        %17 = divide(%15, %16)                 # EncryptedTensor<float64, shape=(1, 1024, 14, 14)>
        %18 = 0.0                              # ClearScalar<float32>
        %19 = add(%17, %18)                    # EncryptedTensor<float64, shape=(1, 1024, 14, 14)>
        %20 = -8.0                             # ClearScalar<float64>
        %21 = 7.0                              # ClearScalar<float64>
        %22 = clip(%19, %20, %21)              # EncryptedTensor<float64, shape=(1, 1024, 14, 14)>
        %23 = rint(%22)                        # EncryptedTensor<float64, shape=(1, 1024, 14, 14)>
        %24 = 0.0                              # ClearScalar<float32>
        %25 = subtract(%23, %24)               # EncryptedTensor<float64, shape=(1, 1024, 14, 14)>
        %26 = 1.0592352                        # ClearScalar<float32>
        %27 = multiply(%25, %26)               # EncryptedTensor<float64, shape=(1, 1024, 14, 14)>
        %28 = 1.0592352151870728               # ClearScalar<float64>
        %29 = divide(%27, %28)                 # EncryptedTensor<float64, shape=(1, 1024, 14, 14)>
        %30 = 0                                # ClearScalar<uint1>
        %31 = add(%29, %30)                    # EncryptedTensor<float64, shape=(1, 1024, 14, 14)>
        %32 = rint(%31)                        # EncryptedTensor<float64, shape=(1, 1024, 14, 14)>
        %33 = astype(%32, dtype=int_)          # EncryptedTensor<uint1, shape=(1, 1024, 14, 14)>
        return %33

    %263 = subgraph(%245):

         %0 = input                          # EncryptedTensor<uint2, shape=(1, 1024, 14, 14)>
         %1 = 0.0                            # ClearScalar<float64>
         %2 = subtract(%0, %1)               # EncryptedTensor<float64, shape=(1, 1024, 14, 14)>
         %3 = 0.6656365932956818             # ClearScalar<float64>
         %4 = multiply(%3, %2)               # EncryptedTensor<float64, shape=(1, 1024, 14, 14)>
         %5 = 0                              # ClearScalar<uint1>
         %6 = maximum(%4, %5)                # EncryptedTensor<float64, shape=(1, 1024, 14, 14)>
         %7 = 1.5131817                      # ClearScalar<float32>
         %8 = divide(%6, %7)                 # EncryptedTensor<float64, shape=(1, 1024, 14, 14)>
         %9 = 0.0                            # ClearScalar<float32>
        %10 = add(%8, %9)                    # EncryptedTensor<float64, shape=(1, 1024, 14, 14)>
        %11 = 0.0                            # ClearScalar<float64>
        %12 = 15.0                           # ClearScalar<float64>
        %13 = clip(%10, %11, %12)            # EncryptedTensor<float64, shape=(1, 1024, 14, 14)>
        %14 = rint(%13)                      # EncryptedTensor<float64, shape=(1, 1024, 14, 14)>
        %15 = 0.0                            # ClearScalar<float32>
        %16 = subtract(%14, %15)             # EncryptedTensor<float64, shape=(1, 1024, 14, 14)>
        %17 = 1.5131817                      # ClearScalar<float32>
        %18 = multiply(%16, %17)             # EncryptedTensor<float64, shape=(1, 1024, 14, 14)>
        %19 = 1.5131816864013672             # ClearScalar<float64>
        %20 = divide(%18, %19)               # EncryptedTensor<float64, shape=(1, 1024, 14, 14)>
        %21 = 0                              # ClearScalar<uint1>
        %22 = add(%20, %21)                  # EncryptedTensor<float64, shape=(1, 1024, 14, 14)>
        %23 = rint(%22)                      # EncryptedTensor<float64, shape=(1, 1024, 14, 14)>
        %24 = astype(%23, dtype=int_)        # EncryptedTensor<uint1, shape=(1, 1024, 14, 14)>
        return %24

    %264 = subgraph(%262):

         %0 = input                         # EncryptedTensor<uint1, shape=(1, 1024, 14, 14)>
         %1 = 0.0                           # ClearScalar<float64>
         %2 = subtract(%0, %1)              # EncryptedTensor<float64, shape=(1, 1024, 14, 14)>
         %3 = 1.0592352151870728            # ClearScalar<float64>
         %4 = multiply(%3, %2)              # EncryptedTensor<float64, shape=(1, 1024, 14, 14)>
         %5 = 0.741948704565725             # ClearScalar<float64>
         %6 = divide(%4, %5)                # EncryptedTensor<float64, shape=(1, 1024, 14, 14)>
         %7 = 0                             # ClearScalar<uint1>
         %8 = add(%6, %7)                   # EncryptedTensor<float64, shape=(1, 1024, 14, 14)>
         %9 = rint(%8)                      # EncryptedTensor<float64, shape=(1, 1024, 14, 14)>
        %10 = astype(%9, dtype=int_)        # EncryptedTensor<uint1, shape=(1, 1024, 14, 14)>
        return %10

    %265 = subgraph(%263):

         %0 = input                         # EncryptedTensor<uint1, shape=(1, 1024, 14, 14)>
         %1 = 0.0                           # ClearScalar<float64>
         %2 = subtract(%0, %1)              # EncryptedTensor<float64, shape=(1, 1024, 14, 14)>
         %3 = 1.5131816864013672            # ClearScalar<float64>
         %4 = multiply(%3, %2)              # EncryptedTensor<float64, shape=(1, 1024, 14, 14)>
         %5 = 0.741948704565725             # ClearScalar<float64>
         %6 = divide(%4, %5)                # EncryptedTensor<float64, shape=(1, 1024, 14, 14)>
         %7 = 0                             # ClearScalar<uint1>
         %8 = add(%6, %7)                   # EncryptedTensor<float64, shape=(1, 1024, 14, 14)>
         %9 = rint(%8)                      # EncryptedTensor<float64, shape=(1, 1024, 14, 14)>
        %10 = astype(%9, dtype=int_)        # EncryptedTensor<uint1, shape=(1, 1024, 14, 14)>
        return %10

    %269 = subgraph(%268):

         %0 = input                          # EncryptedTensor<uint2, shape=(1, 1024, 14, 14)>
         %1 = 0.0                            # ClearScalar<float64>
         %2 = subtract(%0, %1)               # EncryptedTensor<float64, shape=(1, 1024, 14, 14)>
         %3 = 0.741948704565725              # ClearScalar<float64>
         %4 = multiply(%3, %2)               # EncryptedTensor<float64, shape=(1, 1024, 14, 14)>
         %5 = 0                              # ClearScalar<uint1>
         %6 = maximum(%4, %5)                # EncryptedTensor<float64, shape=(1, 1024, 14, 14)>
         %7 = 1.7994893                      # ClearScalar<float32>
         %8 = divide(%6, %7)                 # EncryptedTensor<float64, shape=(1, 1024, 14, 14)>
         %9 = 0.0                            # ClearScalar<float32>
        %10 = add(%8, %9)                    # EncryptedTensor<float64, shape=(1, 1024, 14, 14)>
        %11 = 0.0                            # ClearScalar<float64>
        %12 = 15.0                           # ClearScalar<float64>
        %13 = clip(%10, %11, %12)            # EncryptedTensor<float64, shape=(1, 1024, 14, 14)>
        %14 = rint(%13)                      # EncryptedTensor<float64, shape=(1, 1024, 14, 14)>
        %15 = 0.0                            # ClearScalar<float32>
        %16 = subtract(%14, %15)             # EncryptedTensor<float64, shape=(1, 1024, 14, 14)>
        %17 = 1.7994893                      # ClearScalar<float32>
        %18 = multiply(%16, %17)             # EncryptedTensor<float64, shape=(1, 1024, 14, 14)>
        %19 = 1.7994892597198486             # ClearScalar<float64>
        %20 = divide(%18, %19)               # EncryptedTensor<float64, shape=(1, 1024, 14, 14)>
        %21 = 0                              # ClearScalar<uint1>
        %22 = add(%20, %21)                  # EncryptedTensor<float64, shape=(1, 1024, 14, 14)>
        %23 = rint(%22)                      # EncryptedTensor<float64, shape=(1, 1024, 14, 14)>
        %24 = astype(%23, dtype=int_)        # EncryptedTensor<uint1, shape=(1, 1024, 14, 14)>
        return %24

    %273 = subgraph(%272):

         %0 = input                            # EncryptedTensor<uint1, shape=(1, 256, 14, 14)>          @ /trunk/trunk.15/C1/Conv.conv_rounding
         %1 = astype(%0, dtype=float64)        # EncryptedTensor<float64, shape=(1, 256, 14, 14)>
         %2 = 0                                # ClearScalar<uint1>
         %3 = add(%1, %2)                      # EncryptedTensor<float64, shape=(1, 256, 14, 14)>
         %4 = [[[[0]]  [ ... ]  [[0]]]]        # ClearTensor<uint1, shape=(1, 256, 1, 1)>
         %5 = subtract(%3, %4)                 # EncryptedTensor<float64, shape=(1, 256, 14, 14)>
         %6 = 0.10182665868204488              # ClearScalar<float64>
         %7 = multiply(%6, %5)                 # EncryptedTensor<float64, shape=(1, 256, 14, 14)>
         %8 = [[[[ 1.688 ... 07e-03]]]]        # ClearTensor<float32, shape=(1, 256, 1, 1)>
         %9 = subtract(%7, %8)                 # EncryptedTensor<float64, shape=(1, 256, 14, 14)>
        %10 = [[[[5.3459 ... 12506 ]]]]        # ClearTensor<float32, shape=(1, 256, 1, 1)>
        %11 = divide(%9, %10)                  # EncryptedTensor<float64, shape=(1, 256, 14, 14)>
        %12 = [[[[0.8303 ... 989075]]]]        # ClearTensor<float32, shape=(1, 256, 1, 1)>
        %13 = multiply(%11, %12)               # EncryptedTensor<float64, shape=(1, 256, 14, 14)>
        %14 = [[[[ 9.139 ... 67e-02]]]]        # ClearTensor<float32, shape=(1, 256, 1, 1)>
        %15 = add(%13, %14)                    # EncryptedTensor<float64, shape=(1, 256, 14, 14)>
        %16 = 0                                # ClearScalar<uint1>
        %17 = maximum(%15, %16)                # EncryptedTensor<float64, shape=(1, 256, 14, 14)>
        %18 = 0.50469744                       # ClearScalar<float32>
        %19 = divide(%17, %18)                 # EncryptedTensor<float64, shape=(1, 256, 14, 14)>
        %20 = 0.0                              # ClearScalar<float32>
        %21 = add(%19, %20)                    # EncryptedTensor<float64, shape=(1, 256, 14, 14)>
        %22 = 0.0                              # ClearScalar<float64>
        %23 = 15.0                             # ClearScalar<float64>
        %24 = clip(%21, %22, %23)              # EncryptedTensor<float64, shape=(1, 256, 14, 14)>
        %25 = rint(%24)                        # EncryptedTensor<float64, shape=(1, 256, 14, 14)>
        %26 = 0.0                              # ClearScalar<float32>
        %27 = subtract(%25, %26)               # EncryptedTensor<float64, shape=(1, 256, 14, 14)>
        %28 = 0.50469744                       # ClearScalar<float32>
        %29 = multiply(%27, %28)               # EncryptedTensor<float64, shape=(1, 256, 14, 14)>
        %30 = 0.5046974420547485               # ClearScalar<float64>
        %31 = divide(%29, %30)                 # EncryptedTensor<float64, shape=(1, 256, 14, 14)>
        %32 = 0                                # ClearScalar<uint1>
        %33 = add(%31, %32)                    # EncryptedTensor<float64, shape=(1, 256, 14, 14)>
        %34 = rint(%33)                        # EncryptedTensor<float64, shape=(1, 256, 14, 14)>
        %35 = astype(%34, dtype=int_)          # EncryptedTensor<uint1, shape=(1, 256, 14, 14)>
        return %35

    %281 = subgraph(%280):

         %0 = input                            # EncryptedTensor<uint1, shape=(1, 256, 14, 14)>          @ /trunk/trunk.15/C2/Conv.conv_rounding
         %1 = astype(%0, dtype=float64)        # EncryptedTensor<float64, shape=(1, 256, 14, 14)>
         %2 = 0                                # ClearScalar<uint1>
         %3 = add(%1, %2)                      # EncryptedTensor<float64, shape=(1, 256, 14, 14)>
         %4 = [[[[0]]  [ ... ]  [[0]]]]        # ClearTensor<uint1, shape=(1, 256, 1, 1)>
         %5 = subtract(%3, %4)                 # EncryptedTensor<float64, shape=(1, 256, 14, 14)>
         %6 = 0.00935937522529362              # ClearScalar<float64>
         %7 = multiply(%6, %5)                 # EncryptedTensor<float64, shape=(1, 256, 14, 14)>
         %8 = [[[[-1.746 ... 19e+00]]]]        # ClearTensor<float32, shape=(1, 256, 1, 1)>
         %9 = subtract(%7, %8)                 # EncryptedTensor<float64, shape=(1, 256, 14, 14)>
        %10 = [[[[1.6730 ... 3952  ]]]]        # ClearTensor<float32, shape=(1, 256, 1, 1)>
        %11 = divide(%9, %10)                  # EncryptedTensor<float64, shape=(1, 256, 14, 14)>
        %12 = [[[[0.8942 ... 72098 ]]]]        # ClearTensor<float32, shape=(1, 256, 1, 1)>
        %13 = multiply(%11, %12)               # EncryptedTensor<float64, shape=(1, 256, 14, 14)>
        %14 = [[[[-1.161 ... 15e-03]]]]        # ClearTensor<float32, shape=(1, 256, 1, 1)>
        %15 = add(%13, %14)                    # EncryptedTensor<float64, shape=(1, 256, 14, 14)>
        %16 = 0                                # ClearScalar<uint1>
        %17 = maximum(%15, %16)                # EncryptedTensor<float64, shape=(1, 256, 14, 14)>
        %18 = 0.5641184                        # ClearScalar<float32>
        %19 = divide(%17, %18)                 # EncryptedTensor<float64, shape=(1, 256, 14, 14)>
        %20 = 0.0                              # ClearScalar<float32>
        %21 = add(%19, %20)                    # EncryptedTensor<float64, shape=(1, 256, 14, 14)>
        %22 = 0.0                              # ClearScalar<float64>
        %23 = 15.0                             # ClearScalar<float64>
        %24 = clip(%21, %22, %23)              # EncryptedTensor<float64, shape=(1, 256, 14, 14)>
        %25 = rint(%24)                        # EncryptedTensor<float64, shape=(1, 256, 14, 14)>
        %26 = 0.0                              # ClearScalar<float32>
        %27 = subtract(%25, %26)               # EncryptedTensor<float64, shape=(1, 256, 14, 14)>
        %28 = 0.5641184                        # ClearScalar<float32>
        %29 = multiply(%27, %28)               # EncryptedTensor<float64, shape=(1, 256, 14, 14)>
        %30 = 0.5641183853149414               # ClearScalar<float64>
        %31 = divide(%29, %30)                 # EncryptedTensor<float64, shape=(1, 256, 14, 14)>
        %32 = 0                                # ClearScalar<uint1>
        %33 = add(%31, %32)                    # EncryptedTensor<float64, shape=(1, 256, 14, 14)>
        %34 = rint(%33)                        # EncryptedTensor<float64, shape=(1, 256, 14, 14)>
        %35 = astype(%34, dtype=int_)          # EncryptedTensor<uint1, shape=(1, 256, 14, 14)>
        return %35

    %285 = subgraph(%284):

         %0 = input                            # EncryptedTensor<uint1, shape=(1, 1024, 14, 14)>          @ /trunk/trunk.15/C3/Conv.conv_rounding
         %1 = astype(%0, dtype=float64)        # EncryptedTensor<float64, shape=(1, 1024, 14, 14)>
         %2 = 0                                # ClearScalar<uint1>
         %3 = add(%1, %2)                      # EncryptedTensor<float64, shape=(1, 1024, 14, 14)>
         %4 = [[[[0]]  [ ... ]  [[0]]]]        # ClearTensor<uint1, shape=(1, 1024, 1, 1)>
         %5 = subtract(%3, %4)                 # EncryptedTensor<float64, shape=(1, 1024, 14, 14)>
         %6 = 0.01666369906833509              # ClearScalar<float64>
         %7 = multiply(%6, %5)                 # EncryptedTensor<float64, shape=(1, 1024, 14, 14)>
         %8 = [[[[ 0.547 ... 19939 ]]]]        # ClearTensor<float32, shape=(1, 1024, 1, 1)>
         %9 = subtract(%7, %8)                 # EncryptedTensor<float64, shape=(1, 1024, 14, 14)>
        %10 = [[[[0.8050 ... 654935]]]]        # ClearTensor<float32, shape=(1, 1024, 1, 1)>
        %11 = divide(%9, %10)                  # EncryptedTensor<float64, shape=(1, 1024, 14, 14)>
        %12 = [[[[0.8587 ... 731435]]]]        # ClearTensor<float32, shape=(1, 1024, 1, 1)>
        %13 = multiply(%11, %12)               # EncryptedTensor<float64, shape=(1, 1024, 14, 14)>
        %14 = [[[[-0.001 ... 384626]]]]        # ClearTensor<float32, shape=(1, 1024, 1, 1)>
        %15 = add(%13, %14)                    # EncryptedTensor<float64, shape=(1, 1024, 14, 14)>
        %16 = 1.1017284                        # ClearScalar<float32>
        %17 = divide(%15, %16)                 # EncryptedTensor<float64, shape=(1, 1024, 14, 14)>
        %18 = 0.0                              # ClearScalar<float32>
        %19 = add(%17, %18)                    # EncryptedTensor<float64, shape=(1, 1024, 14, 14)>
        %20 = -8.0                             # ClearScalar<float64>
        %21 = 7.0                              # ClearScalar<float64>
        %22 = clip(%19, %20, %21)              # EncryptedTensor<float64, shape=(1, 1024, 14, 14)>
        %23 = rint(%22)                        # EncryptedTensor<float64, shape=(1, 1024, 14, 14)>
        %24 = 0.0                              # ClearScalar<float32>
        %25 = subtract(%23, %24)               # EncryptedTensor<float64, shape=(1, 1024, 14, 14)>
        %26 = 1.1017284                        # ClearScalar<float32>
        %27 = multiply(%25, %26)               # EncryptedTensor<float64, shape=(1, 1024, 14, 14)>
        %28 = 1.1017284393310547               # ClearScalar<float64>
        %29 = divide(%27, %28)                 # EncryptedTensor<float64, shape=(1, 1024, 14, 14)>
        %30 = 0                                # ClearScalar<uint1>
        %31 = add(%29, %30)                    # EncryptedTensor<float64, shape=(1, 1024, 14, 14)>
        %32 = rint(%31)                        # EncryptedTensor<float64, shape=(1, 1024, 14, 14)>
        %33 = astype(%32, dtype=int_)          # EncryptedTensor<uint1, shape=(1, 1024, 14, 14)>
        return %33

    %286 = subgraph(%268):

         %0 = input                          # EncryptedTensor<uint2, shape=(1, 1024, 14, 14)>
         %1 = 0.0                            # ClearScalar<float64>
         %2 = subtract(%0, %1)               # EncryptedTensor<float64, shape=(1, 1024, 14, 14)>
         %3 = 0.741948704565725              # ClearScalar<float64>
         %4 = multiply(%3, %2)               # EncryptedTensor<float64, shape=(1, 1024, 14, 14)>
         %5 = 0                              # ClearScalar<uint1>
         %6 = maximum(%4, %5)                # EncryptedTensor<float64, shape=(1, 1024, 14, 14)>
         %7 = 1.7994893                      # ClearScalar<float32>
         %8 = divide(%6, %7)                 # EncryptedTensor<float64, shape=(1, 1024, 14, 14)>
         %9 = 0.0                            # ClearScalar<float32>
        %10 = add(%8, %9)                    # EncryptedTensor<float64, shape=(1, 1024, 14, 14)>
        %11 = 0.0                            # ClearScalar<float64>
        %12 = 15.0                           # ClearScalar<float64>
        %13 = clip(%10, %11, %12)            # EncryptedTensor<float64, shape=(1, 1024, 14, 14)>
        %14 = rint(%13)                      # EncryptedTensor<float64, shape=(1, 1024, 14, 14)>
        %15 = 0.0                            # ClearScalar<float32>
        %16 = subtract(%14, %15)             # EncryptedTensor<float64, shape=(1, 1024, 14, 14)>
        %17 = 1.7994893                      # ClearScalar<float32>
        %18 = multiply(%16, %17)             # EncryptedTensor<float64, shape=(1, 1024, 14, 14)>
        %19 = 1.7994892597198486             # ClearScalar<float64>
        %20 = divide(%18, %19)               # EncryptedTensor<float64, shape=(1, 1024, 14, 14)>
        %21 = 0                              # ClearScalar<uint1>
        %22 = add(%20, %21)                  # EncryptedTensor<float64, shape=(1, 1024, 14, 14)>
        %23 = rint(%22)                      # EncryptedTensor<float64, shape=(1, 1024, 14, 14)>
        %24 = astype(%23, dtype=int_)        # EncryptedTensor<uint1, shape=(1, 1024, 14, 14)>
        return %24

    %287 = subgraph(%285):

         %0 = input                         # EncryptedTensor<uint1, shape=(1, 1024, 14, 14)>
         %1 = 0.0                           # ClearScalar<float64>
         %2 = subtract(%0, %1)              # EncryptedTensor<float64, shape=(1, 1024, 14, 14)>
         %3 = 1.1017284393310547            # ClearScalar<float64>
         %4 = multiply(%3, %2)              # EncryptedTensor<float64, shape=(1, 1024, 14, 14)>
         %5 = 0.8517662094485375            # ClearScalar<float64>
         %6 = divide(%4, %5)                # EncryptedTensor<float64, shape=(1, 1024, 14, 14)>
         %7 = 0                             # ClearScalar<uint1>
         %8 = add(%6, %7)                   # EncryptedTensor<float64, shape=(1, 1024, 14, 14)>
         %9 = rint(%8)                      # EncryptedTensor<float64, shape=(1, 1024, 14, 14)>
        %10 = astype(%9, dtype=int_)        # EncryptedTensor<uint1, shape=(1, 1024, 14, 14)>
        return %10

    %288 = subgraph(%286):

         %0 = input                         # EncryptedTensor<uint1, shape=(1, 1024, 14, 14)>
         %1 = 0.0                           # ClearScalar<float64>
         %2 = subtract(%0, %1)              # EncryptedTensor<float64, shape=(1, 1024, 14, 14)>
         %3 = 1.7994892597198486            # ClearScalar<float64>
         %4 = multiply(%3, %2)              # EncryptedTensor<float64, shape=(1, 1024, 14, 14)>
         %5 = 0.8517662094485375            # ClearScalar<float64>
         %6 = divide(%4, %5)                # EncryptedTensor<float64, shape=(1, 1024, 14, 14)>
         %7 = 0                             # ClearScalar<uint1>
         %8 = add(%6, %7)                   # EncryptedTensor<float64, shape=(1, 1024, 14, 14)>
         %9 = rint(%8)                      # EncryptedTensor<float64, shape=(1, 1024, 14, 14)>
        %10 = astype(%9, dtype=int_)        # EncryptedTensor<uint1, shape=(1, 1024, 14, 14)>
        return %10

    %292 = subgraph(%291):

         %0 = input                          # EncryptedTensor<uint2, shape=(1, 1024, 14, 14)>
         %1 = 0.0                            # ClearScalar<float64>
         %2 = subtract(%0, %1)               # EncryptedTensor<float64, shape=(1, 1024, 14, 14)>
         %3 = 0.8517662094485375             # ClearScalar<float64>
         %4 = multiply(%3, %2)               # EncryptedTensor<float64, shape=(1, 1024, 14, 14)>
         %5 = 0                              # ClearScalar<uint1>
         %6 = maximum(%4, %5)                # EncryptedTensor<float64, shape=(1, 1024, 14, 14)>
         %7 = 2.0987525                      # ClearScalar<float32>
         %8 = divide(%6, %7)                 # EncryptedTensor<float64, shape=(1, 1024, 14, 14)>
         %9 = 0.0                            # ClearScalar<float32>
        %10 = add(%8, %9)                    # EncryptedTensor<float64, shape=(1, 1024, 14, 14)>
        %11 = 0.0                            # ClearScalar<float64>
        %12 = 15.0                           # ClearScalar<float64>
        %13 = clip(%10, %11, %12)            # EncryptedTensor<float64, shape=(1, 1024, 14, 14)>
        %14 = rint(%13)                      # EncryptedTensor<float64, shape=(1, 1024, 14, 14)>
        %15 = 0.0                            # ClearScalar<float32>
        %16 = subtract(%14, %15)             # EncryptedTensor<float64, shape=(1, 1024, 14, 14)>
        %17 = 2.0987525                      # ClearScalar<float32>
        %18 = multiply(%16, %17)             # EncryptedTensor<float64, shape=(1, 1024, 14, 14)>
        %19 = 2.098752498626709              # ClearScalar<float64>
        %20 = divide(%18, %19)               # EncryptedTensor<float64, shape=(1, 1024, 14, 14)>
        %21 = 0                              # ClearScalar<uint1>
        %22 = add(%20, %21)                  # EncryptedTensor<float64, shape=(1, 1024, 14, 14)>
        %23 = rint(%22)                      # EncryptedTensor<float64, shape=(1, 1024, 14, 14)>
        %24 = astype(%23, dtype=int_)        # EncryptedTensor<uint1, shape=(1, 1024, 14, 14)>
        return %24

    %296 = subgraph(%295):

         %0 = input                            # EncryptedTensor<uint1, shape=(1, 256, 14, 14)>          @ /trunk/trunk.16/C1/Conv.conv_rounding
         %1 = astype(%0, dtype=float64)        # EncryptedTensor<float64, shape=(1, 256, 14, 14)>
         %2 = 0                                # ClearScalar<uint1>
         %3 = add(%1, %2)                      # EncryptedTensor<float64, shape=(1, 256, 14, 14)>
         %4 = [[[[0]]  [ ... ]  [[0]]]]        # ClearTensor<uint1, shape=(1, 256, 1, 1)>
         %5 = subtract(%3, %4)                 # EncryptedTensor<float64, shape=(1, 256, 14, 14)>
         %6 = 0.11862458754362137              # ClearScalar<float64>
         %7 = multiply(%6, %5)                 # EncryptedTensor<float64, shape=(1, 256, 14, 14)>
         %8 = [[[[-5.450 ... 49207 ]]]]        # ClearTensor<float32, shape=(1, 256, 1, 1)>
         %9 = subtract(%7, %8)                 # EncryptedTensor<float64, shape=(1, 256, 14, 14)>
        %10 = [[[[ 4.094 ... 746805]]]]        # ClearTensor<float32, shape=(1, 256, 1, 1)>
        %11 = divide(%9, %10)                  # EncryptedTensor<float64, shape=(1, 256, 14, 14)>
        %12 = [[[[0.7285 ... 60059 ]]]]        # ClearTensor<float32, shape=(1, 256, 1, 1)>
        %13 = multiply(%11, %12)               # EncryptedTensor<float64, shape=(1, 256, 14, 14)>
        %14 = [[[[ 0.003 ... 636757]]]]        # ClearTensor<float32, shape=(1, 256, 1, 1)>
        %15 = add(%13, %14)                    # EncryptedTensor<float64, shape=(1, 256, 14, 14)>
        %16 = 0                                # ClearScalar<uint1>
        %17 = maximum(%15, %16)                # EncryptedTensor<float64, shape=(1, 256, 14, 14)>
        %18 = 0.51346564                       # ClearScalar<float32>
        %19 = divide(%17, %18)                 # EncryptedTensor<float64, shape=(1, 256, 14, 14)>
        %20 = 0.0                              # ClearScalar<float32>
        %21 = add(%19, %20)                    # EncryptedTensor<float64, shape=(1, 256, 14, 14)>
        %22 = 0.0                              # ClearScalar<float64>
        %23 = 15.0                             # ClearScalar<float64>
        %24 = clip(%21, %22, %23)              # EncryptedTensor<float64, shape=(1, 256, 14, 14)>
        %25 = rint(%24)                        # EncryptedTensor<float64, shape=(1, 256, 14, 14)>
        %26 = 0.0                              # ClearScalar<float32>
        %27 = subtract(%25, %26)               # EncryptedTensor<float64, shape=(1, 256, 14, 14)>
        %28 = 0.51346564                       # ClearScalar<float32>
        %29 = multiply(%27, %28)               # EncryptedTensor<float64, shape=(1, 256, 14, 14)>
        %30 = 0.5134656429290771               # ClearScalar<float64>
        %31 = divide(%29, %30)                 # EncryptedTensor<float64, shape=(1, 256, 14, 14)>
        %32 = 0                                # ClearScalar<uint1>
        %33 = add(%31, %32)                    # EncryptedTensor<float64, shape=(1, 256, 14, 14)>
        %34 = rint(%33)                        # EncryptedTensor<float64, shape=(1, 256, 14, 14)>
        %35 = astype(%34, dtype=int_)          # EncryptedTensor<uint1, shape=(1, 256, 14, 14)>
        return %35

    %304 = subgraph(%303):

         %0 = input                            # EncryptedTensor<uint1, shape=(1, 256, 14, 14)>          @ /trunk/trunk.16/C2/Conv.conv_rounding
         %1 = astype(%0, dtype=float64)        # EncryptedTensor<float64, shape=(1, 256, 14, 14)>
         %2 = 0                                # ClearScalar<uint1>
         %3 = add(%1, %2)                      # EncryptedTensor<float64, shape=(1, 256, 14, 14)>
         %4 = [[[[0]]  [ ... ]  [[0]]]]        # ClearTensor<uint1, shape=(1, 256, 1, 1)>
         %5 = subtract(%3, %4)                 # EncryptedTensor<float64, shape=(1, 256, 14, 14)>
         %6 = 0.009472962597726564             # ClearScalar<float64>
         %7 = multiply(%6, %5)                 # EncryptedTensor<float64, shape=(1, 256, 14, 14)>
         %8 = [[[[ 1.125 ... 283232]]]]        # ClearTensor<float32, shape=(1, 256, 1, 1)>
         %9 = subtract(%7, %8)                 # EncryptedTensor<float64, shape=(1, 256, 14, 14)>
        %10 = [[[[1.6942 ... 59953 ]]]]        # ClearTensor<float32, shape=(1, 256, 1, 1)>
        %11 = divide(%9, %10)                  # EncryptedTensor<float64, shape=(1, 256, 14, 14)>
        %12 = [[[[0.9318 ... 438256]]]]        # ClearTensor<float32, shape=(1, 256, 1, 1)>
        %13 = multiply(%11, %12)               # EncryptedTensor<float64, shape=(1, 256, 14, 14)>
        %14 = [[[[-0.010 ... 2615  ]]]]        # ClearTensor<float32, shape=(1, 256, 1, 1)>
        %15 = add(%13, %14)                    # EncryptedTensor<float64, shape=(1, 256, 14, 14)>
        %16 = 0                                # ClearScalar<uint1>
        %17 = maximum(%15, %16)                # EncryptedTensor<float64, shape=(1, 256, 14, 14)>
        %18 = 0.5587404                        # ClearScalar<float32>
        %19 = divide(%17, %18)                 # EncryptedTensor<float64, shape=(1, 256, 14, 14)>
        %20 = 0.0                              # ClearScalar<float32>
        %21 = add(%19, %20)                    # EncryptedTensor<float64, shape=(1, 256, 14, 14)>
        %22 = 0.0                              # ClearScalar<float64>
        %23 = 15.0                             # ClearScalar<float64>
        %24 = clip(%21, %22, %23)              # EncryptedTensor<float64, shape=(1, 256, 14, 14)>
        %25 = rint(%24)                        # EncryptedTensor<float64, shape=(1, 256, 14, 14)>
        %26 = 0.0                              # ClearScalar<float32>
        %27 = subtract(%25, %26)               # EncryptedTensor<float64, shape=(1, 256, 14, 14)>
        %28 = 0.5587404                        # ClearScalar<float32>
        %29 = multiply(%27, %28)               # EncryptedTensor<float64, shape=(1, 256, 14, 14)>
        %30 = 0.5587403774261475               # ClearScalar<float64>
        %31 = divide(%29, %30)                 # EncryptedTensor<float64, shape=(1, 256, 14, 14)>
        %32 = 0                                # ClearScalar<uint1>
        %33 = add(%31, %32)                    # EncryptedTensor<float64, shape=(1, 256, 14, 14)>
        %34 = rint(%33)                        # EncryptedTensor<float64, shape=(1, 256, 14, 14)>
        %35 = astype(%34, dtype=int_)          # EncryptedTensor<uint1, shape=(1, 256, 14, 14)>
        return %35

    %308 = subgraph(%307):

         %0 = input                            # EncryptedTensor<uint1, shape=(1, 1024, 14, 14)>          @ /trunk/trunk.16/C3/Conv.conv_rounding
         %1 = astype(%0, dtype=float64)        # EncryptedTensor<float64, shape=(1, 1024, 14, 14)>
         %2 = 0                                # ClearScalar<uint1>
         %3 = add(%1, %2)                      # EncryptedTensor<float64, shape=(1, 1024, 14, 14)>
         %4 = [[[[0]]  [ ... ]  [[0]]]]        # ClearTensor<uint1, shape=(1, 1024, 1, 1)>
         %5 = subtract(%3, %4)                 # EncryptedTensor<float64, shape=(1, 1024, 14, 14)>
         %6 = 0.015445240874271349             # ClearScalar<float64>
         %7 = multiply(%6, %5)                 # EncryptedTensor<float64, shape=(1, 1024, 14, 14)>
         %8 = [[[[ 0.383 ... 788954]]]]        # ClearTensor<float32, shape=(1, 1024, 1, 1)>
         %9 = subtract(%7, %8)                 # EncryptedTensor<float64, shape=(1, 1024, 14, 14)>
        %10 = [[[[0.6043 ... 462487]]]]        # ClearTensor<float32, shape=(1, 1024, 1, 1)>
        %11 = divide(%9, %10)                  # EncryptedTensor<float64, shape=(1, 1024, 14, 14)>
        %12 = [[[[0.8607 ... 763826]]]]        # ClearTensor<float32, shape=(1, 1024, 1, 1)>
        %13 = multiply(%11, %12)               # EncryptedTensor<float64, shape=(1, 1024, 14, 14)>
        %14 = [[[[-0.001 ... 737424]]]]        # ClearTensor<float32, shape=(1, 1024, 1, 1)>
        %15 = add(%13, %14)                    # EncryptedTensor<float64, shape=(1, 1024, 14, 14)>
        %16 = 1.0734335                        # ClearScalar<float32>
        %17 = divide(%15, %16)                 # EncryptedTensor<float64, shape=(1, 1024, 14, 14)>
        %18 = 0.0                              # ClearScalar<float32>
        %19 = add(%17, %18)                    # EncryptedTensor<float64, shape=(1, 1024, 14, 14)>
        %20 = -8.0                             # ClearScalar<float64>
        %21 = 7.0                              # ClearScalar<float64>
        %22 = clip(%19, %20, %21)              # EncryptedTensor<float64, shape=(1, 1024, 14, 14)>
        %23 = rint(%22)                        # EncryptedTensor<float64, shape=(1, 1024, 14, 14)>
        %24 = 0.0                              # ClearScalar<float32>
        %25 = subtract(%23, %24)               # EncryptedTensor<float64, shape=(1, 1024, 14, 14)>
        %26 = 1.0734335                        # ClearScalar<float32>
        %27 = multiply(%25, %26)               # EncryptedTensor<float64, shape=(1, 1024, 14, 14)>
        %28 = 1.073433518409729                # ClearScalar<float64>
        %29 = divide(%27, %28)                 # EncryptedTensor<float64, shape=(1, 1024, 14, 14)>
        %30 = 0                                # ClearScalar<uint1>
        %31 = add(%29, %30)                    # EncryptedTensor<float64, shape=(1, 1024, 14, 14)>
        %32 = rint(%31)                        # EncryptedTensor<float64, shape=(1, 1024, 14, 14)>
        %33 = astype(%32, dtype=int_)          # EncryptedTensor<uint1, shape=(1, 1024, 14, 14)>
        return %33

    %309 = subgraph(%291):

         %0 = input                          # EncryptedTensor<uint2, shape=(1, 1024, 14, 14)>
         %1 = 0.0                            # ClearScalar<float64>
         %2 = subtract(%0, %1)               # EncryptedTensor<float64, shape=(1, 1024, 14, 14)>
         %3 = 0.8517662094485375             # ClearScalar<float64>
         %4 = multiply(%3, %2)               # EncryptedTensor<float64, shape=(1, 1024, 14, 14)>
         %5 = 0                              # ClearScalar<uint1>
         %6 = maximum(%4, %5)                # EncryptedTensor<float64, shape=(1, 1024, 14, 14)>
         %7 = 2.0987525                      # ClearScalar<float32>
         %8 = divide(%6, %7)                 # EncryptedTensor<float64, shape=(1, 1024, 14, 14)>
         %9 = 0.0                            # ClearScalar<float32>
        %10 = add(%8, %9)                    # EncryptedTensor<float64, shape=(1, 1024, 14, 14)>
        %11 = 0.0                            # ClearScalar<float64>
        %12 = 15.0                           # ClearScalar<float64>
        %13 = clip(%10, %11, %12)            # EncryptedTensor<float64, shape=(1, 1024, 14, 14)>
        %14 = rint(%13)                      # EncryptedTensor<float64, shape=(1, 1024, 14, 14)>
        %15 = 0.0                            # ClearScalar<float32>
        %16 = subtract(%14, %15)             # EncryptedTensor<float64, shape=(1, 1024, 14, 14)>
        %17 = 2.0987525                      # ClearScalar<float32>
        %18 = multiply(%16, %17)             # EncryptedTensor<float64, shape=(1, 1024, 14, 14)>
        %19 = 2.098752498626709              # ClearScalar<float64>
        %20 = divide(%18, %19)               # EncryptedTensor<float64, shape=(1, 1024, 14, 14)>
        %21 = 0                              # ClearScalar<uint1>
        %22 = add(%20, %21)                  # EncryptedTensor<float64, shape=(1, 1024, 14, 14)>
        %23 = rint(%22)                      # EncryptedTensor<float64, shape=(1, 1024, 14, 14)>
        %24 = astype(%23, dtype=int_)        # EncryptedTensor<uint1, shape=(1, 1024, 14, 14)>
        return %24

    %310 = subgraph(%308):

         %0 = input                         # EncryptedTensor<uint1, shape=(1, 1024, 14, 14)>
         %1 = 0.0                           # ClearScalar<float64>
         %2 = subtract(%0, %1)              # EncryptedTensor<float64, shape=(1, 1024, 14, 14)>
         %3 = 1.073433518409729             # ClearScalar<float64>
         %4 = multiply(%3, %2)              # EncryptedTensor<float64, shape=(1, 1024, 14, 14)>
         %5 = 0.9871068423794161            # ClearScalar<float64>
         %6 = divide(%4, %5)                # EncryptedTensor<float64, shape=(1, 1024, 14, 14)>
         %7 = 0                             # ClearScalar<uint1>
         %8 = add(%6, %7)                   # EncryptedTensor<float64, shape=(1, 1024, 14, 14)>
         %9 = rint(%8)                      # EncryptedTensor<float64, shape=(1, 1024, 14, 14)>
        %10 = astype(%9, dtype=int_)        # EncryptedTensor<uint1, shape=(1, 1024, 14, 14)>
        return %10

    %311 = subgraph(%309):

         %0 = input                         # EncryptedTensor<uint1, shape=(1, 1024, 14, 14)>
         %1 = 0.0                           # ClearScalar<float64>
         %2 = subtract(%0, %1)              # EncryptedTensor<float64, shape=(1, 1024, 14, 14)>
         %3 = 2.098752498626709             # ClearScalar<float64>
         %4 = multiply(%3, %2)              # EncryptedTensor<float64, shape=(1, 1024, 14, 14)>
         %5 = 0.9871068423794161            # ClearScalar<float64>
         %6 = divide(%4, %5)                # EncryptedTensor<float64, shape=(1, 1024, 14, 14)>
         %7 = 0                             # ClearScalar<uint1>
         %8 = add(%6, %7)                   # EncryptedTensor<float64, shape=(1, 1024, 14, 14)>
         %9 = rint(%8)                      # EncryptedTensor<float64, shape=(1, 1024, 14, 14)>
        %10 = astype(%9, dtype=int_)        # EncryptedTensor<uint1, shape=(1, 1024, 14, 14)>
        return %10

    %315 = subgraph(%314):

         %0 = input                          # EncryptedTensor<uint2, shape=(1, 1024, 14, 14)>
         %1 = 0.0                            # ClearScalar<float64>
         %2 = subtract(%0, %1)               # EncryptedTensor<float64, shape=(1, 1024, 14, 14)>
         %3 = 0.9871068423794161             # ClearScalar<float64>
         %4 = multiply(%3, %2)               # EncryptedTensor<float64, shape=(1, 1024, 14, 14)>
         %5 = 0                              # ClearScalar<uint1>
         %6 = maximum(%4, %5)                # EncryptedTensor<float64, shape=(1, 1024, 14, 14)>
         %7 = 2.4544873                      # ClearScalar<float32>
         %8 = divide(%6, %7)                 # EncryptedTensor<float64, shape=(1, 1024, 14, 14)>
         %9 = 0.0                            # ClearScalar<float32>
        %10 = add(%8, %9)                    # EncryptedTensor<float64, shape=(1, 1024, 14, 14)>
        %11 = 0.0                            # ClearScalar<float64>
        %12 = 15.0                           # ClearScalar<float64>
        %13 = clip(%10, %11, %12)            # EncryptedTensor<float64, shape=(1, 1024, 14, 14)>
        %14 = rint(%13)                      # EncryptedTensor<float64, shape=(1, 1024, 14, 14)>
        %15 = 0.0                            # ClearScalar<float32>
        %16 = subtract(%14, %15)             # EncryptedTensor<float64, shape=(1, 1024, 14, 14)>
        %17 = 2.4544873                      # ClearScalar<float32>
        %18 = multiply(%16, %17)             # EncryptedTensor<float64, shape=(1, 1024, 14, 14)>
        %19 = 2.4544873237609863             # ClearScalar<float64>
        %20 = divide(%18, %19)               # EncryptedTensor<float64, shape=(1, 1024, 14, 14)>
        %21 = 0                              # ClearScalar<uint1>
        %22 = add(%20, %21)                  # EncryptedTensor<float64, shape=(1, 1024, 14, 14)>
        %23 = rint(%22)                      # EncryptedTensor<float64, shape=(1, 1024, 14, 14)>
        %24 = astype(%23, dtype=int_)        # EncryptedTensor<uint1, shape=(1, 1024, 14, 14)>
        return %24

    %319 = subgraph(%318):

         %0 = input                            # EncryptedTensor<uint1, shape=(1, 512, 14, 14)>          @ /trunk/trunk.17/C1/Conv.conv_rounding
         %1 = astype(%0, dtype=float64)        # EncryptedTensor<float64, shape=(1, 512, 14, 14)>
         %2 = 0                                # ClearScalar<uint1>
         %3 = add(%1, %2)                      # EncryptedTensor<float64, shape=(1, 512, 14, 14)>
         %4 = [[[[0]]  [ ... ]  [[0]]]]        # ClearTensor<uint1, shape=(1, 512, 1, 1)>
         %5 = subtract(%3, %4)                 # EncryptedTensor<float64, shape=(1, 512, 14, 14)>
         %6 = 0.11359235753477215              # ClearScalar<float64>
         %7 = multiply(%6, %5)                 # EncryptedTensor<float64, shape=(1, 512, 14, 14)>
         %8 = [[[[ 9.699 ... 01e+00]]]]        # ClearTensor<float32, shape=(1, 512, 1, 1)>
         %9 = subtract(%7, %8)                 # EncryptedTensor<float64, shape=(1, 512, 14, 14)>
        %10 = [[[[3.4613 ... 33997 ]]]]        # ClearTensor<float32, shape=(1, 512, 1, 1)>
        %11 = divide(%9, %10)                  # EncryptedTensor<float64, shape=(1, 512, 14, 14)>
        %12 = [[[[0.8781 ... 419346]]]]        # ClearTensor<float32, shape=(1, 512, 1, 1)>
        %13 = multiply(%11, %12)               # EncryptedTensor<float64, shape=(1, 512, 14, 14)>
        %14 = [[[[-3.105 ... 53e-03]]]]        # ClearTensor<float32, shape=(1, 512, 1, 1)>
        %15 = add(%13, %14)                    # EncryptedTensor<float64, shape=(1, 512, 14, 14)>
        %16 = 0                                # ClearScalar<uint1>
        %17 = maximum(%15, %16)                # EncryptedTensor<float64, shape=(1, 512, 14, 14)>
        %18 = 0.5541303                        # ClearScalar<float32>
        %19 = divide(%17, %18)                 # EncryptedTensor<float64, shape=(1, 512, 14, 14)>
        %20 = 0.0                              # ClearScalar<float32>
        %21 = add(%19, %20)                    # EncryptedTensor<float64, shape=(1, 512, 14, 14)>
        %22 = 0.0                              # ClearScalar<float64>
        %23 = 15.0                             # ClearScalar<float64>
        %24 = clip(%21, %22, %23)              # EncryptedTensor<float64, shape=(1, 512, 14, 14)>
        %25 = rint(%24)                        # EncryptedTensor<float64, shape=(1, 512, 14, 14)>
        %26 = 0.0                              # ClearScalar<float32>
        %27 = subtract(%25, %26)               # EncryptedTensor<float64, shape=(1, 512, 14, 14)>
        %28 = 0.5541303                        # ClearScalar<float32>
        %29 = multiply(%27, %28)               # EncryptedTensor<float64, shape=(1, 512, 14, 14)>
        %30 = 0.5541303157806396               # ClearScalar<float64>
        %31 = divide(%29, %30)                 # EncryptedTensor<float64, shape=(1, 512, 14, 14)>
        %32 = 0                                # ClearScalar<uint1>
        %33 = add(%31, %32)                    # EncryptedTensor<float64, shape=(1, 512, 14, 14)>
        %34 = rint(%33)                        # EncryptedTensor<float64, shape=(1, 512, 14, 14)>
        %35 = astype(%34, dtype=int_)          # EncryptedTensor<uint1, shape=(1, 512, 14, 14)>
        return %35

    %327 = subgraph(%326):

         %0 = input                            # EncryptedTensor<uint1, shape=(1, 512, 7, 7)>          @ /trunk/trunk.17/C2/Conv.conv_rounding
         %1 = astype(%0, dtype=float64)        # EncryptedTensor<float64, shape=(1, 512, 7, 7)>
         %2 = 0                                # ClearScalar<uint1>
         %3 = add(%1, %2)                      # EncryptedTensor<float64, shape=(1, 512, 7, 7)>
         %4 = [[[[0]]  [ ... ]  [[0]]]]        # ClearTensor<uint1, shape=(1, 512, 1, 1)>
         %5 = subtract(%3, %4)                 # EncryptedTensor<float64, shape=(1, 512, 7, 7)>
         %6 = 0.008159755017649095             # ClearScalar<float64>
         %7 = multiply(%6, %5)                 # EncryptedTensor<float64, shape=(1, 512, 7, 7)>
         %8 = [[[[-1.639 ... 55309 ]]]]        # ClearTensor<float32, shape=(1, 512, 1, 1)>
         %9 = subtract(%7, %8)                 # EncryptedTensor<float64, shape=(1, 512, 7, 7)>
        %10 = [[[[2.1262 ... 861358]]]]        # ClearTensor<float32, shape=(1, 512, 1, 1)>
        %11 = divide(%9, %10)                  # EncryptedTensor<float64, shape=(1, 512, 7, 7)>
        %12 = [[[[0.7726 ... 11563 ]]]]        # ClearTensor<float32, shape=(1, 512, 1, 1)>
        %13 = multiply(%11, %12)               # EncryptedTensor<float64, shape=(1, 512, 7, 7)>
        %14 = [[[[-1.448 ... 73e-03]]]]        # ClearTensor<float32, shape=(1, 512, 1, 1)>
        %15 = add(%13, %14)                    # EncryptedTensor<float64, shape=(1, 512, 7, 7)>
        %16 = 0                                # ClearScalar<uint1>
        %17 = maximum(%15, %16)                # EncryptedTensor<float64, shape=(1, 512, 7, 7)>
        %18 = 0.52235734                       # ClearScalar<float32>
        %19 = divide(%17, %18)                 # EncryptedTensor<float64, shape=(1, 512, 7, 7)>
        %20 = 0.0                              # ClearScalar<float32>
        %21 = add(%19, %20)                    # EncryptedTensor<float64, shape=(1, 512, 7, 7)>
        %22 = 0.0                              # ClearScalar<float64>
        %23 = 15.0                             # ClearScalar<float64>
        %24 = clip(%21, %22, %23)              # EncryptedTensor<float64, shape=(1, 512, 7, 7)>
        %25 = rint(%24)                        # EncryptedTensor<float64, shape=(1, 512, 7, 7)>
        %26 = 0.0                              # ClearScalar<float32>
        %27 = subtract(%25, %26)               # EncryptedTensor<float64, shape=(1, 512, 7, 7)>
        %28 = 0.52235734                       # ClearScalar<float32>
        %29 = multiply(%27, %28)               # EncryptedTensor<float64, shape=(1, 512, 7, 7)>
        %30 = 0.5223573446273804               # ClearScalar<float64>
        %31 = divide(%29, %30)                 # EncryptedTensor<float64, shape=(1, 512, 7, 7)>
        %32 = 0                                # ClearScalar<uint1>
        %33 = add(%31, %32)                    # EncryptedTensor<float64, shape=(1, 512, 7, 7)>
        %34 = rint(%33)                        # EncryptedTensor<float64, shape=(1, 512, 7, 7)>
        %35 = astype(%34, dtype=int_)          # EncryptedTensor<uint1, shape=(1, 512, 7, 7)>
        return %35

    %331 = subgraph(%314):

         %0 = input                          # EncryptedTensor<uint2, shape=(1, 1024, 14, 14)>
         %1 = 0.0                            # ClearScalar<float64>
         %2 = subtract(%0, %1)               # EncryptedTensor<float64, shape=(1, 1024, 14, 14)>
         %3 = 0.9871068423794161             # ClearScalar<float64>
         %4 = multiply(%3, %2)               # EncryptedTensor<float64, shape=(1, 1024, 14, 14)>
         %5 = 0                              # ClearScalar<uint1>
         %6 = maximum(%4, %5)                # EncryptedTensor<float64, shape=(1, 1024, 14, 14)>
         %7 = 2.4544873                      # ClearScalar<float32>
         %8 = divide(%6, %7)                 # EncryptedTensor<float64, shape=(1, 1024, 14, 14)>
         %9 = 0.0                            # ClearScalar<float32>
        %10 = add(%8, %9)                    # EncryptedTensor<float64, shape=(1, 1024, 14, 14)>
        %11 = 0.0                            # ClearScalar<float64>
        %12 = 15.0                           # ClearScalar<float64>
        %13 = clip(%10, %11, %12)            # EncryptedTensor<float64, shape=(1, 1024, 14, 14)>
        %14 = rint(%13)                      # EncryptedTensor<float64, shape=(1, 1024, 14, 14)>
        %15 = 0.0                            # ClearScalar<float32>
        %16 = subtract(%14, %15)             # EncryptedTensor<float64, shape=(1, 1024, 14, 14)>
        %17 = 2.4544873                      # ClearScalar<float32>
        %18 = multiply(%16, %17)             # EncryptedTensor<float64, shape=(1, 1024, 14, 14)>
        %19 = 2.4544873237609863             # ClearScalar<float64>
        %20 = divide(%18, %19)               # EncryptedTensor<float64, shape=(1, 1024, 14, 14)>
        %21 = 0                              # ClearScalar<uint1>
        %22 = add(%20, %21)                  # EncryptedTensor<float64, shape=(1, 1024, 14, 14)>
        %23 = rint(%22)                      # EncryptedTensor<float64, shape=(1, 1024, 14, 14)>
        %24 = astype(%23, dtype=int_)        # EncryptedTensor<uint1, shape=(1, 1024, 14, 14)>
        return %24

    %335 = subgraph(%330):

         %0 = input                            # EncryptedTensor<uint1, shape=(1, 2048, 7, 7)>          @ /trunk/trunk.17/C3/Conv.conv_rounding
         %1 = astype(%0, dtype=float64)        # EncryptedTensor<float64, shape=(1, 2048, 7, 7)>
         %2 = 0                                # ClearScalar<uint1>
         %3 = add(%1, %2)                      # EncryptedTensor<float64, shape=(1, 2048, 7, 7)>
         %4 = [[[[0]]  [ ... ]  [[0]]]]        # ClearTensor<uint1, shape=(1, 2048, 1, 1)>
         %5 = subtract(%3, %4)                 # EncryptedTensor<float64, shape=(1, 2048, 7, 7)>
         %6 = 0.012444121223293525             # ClearScalar<float64>
         %7 = multiply(%6, %5)                 # EncryptedTensor<float64, shape=(1, 2048, 7, 7)>
         %8 = [[[[ 0.188 ... 624211]]]]        # ClearTensor<float32, shape=(1, 2048, 1, 1)>
         %9 = subtract(%7, %8)                 # EncryptedTensor<float64, shape=(1, 2048, 7, 7)>
        %10 = [[[[0.5526 ... 96691 ]]]]        # ClearTensor<float32, shape=(1, 2048, 1, 1)>
        %11 = divide(%9, %10)                  # EncryptedTensor<float64, shape=(1, 2048, 7, 7)>
        %12 = [[[[0.9166 ... 802316]]]]        # ClearTensor<float32, shape=(1, 2048, 1, 1)>
        %13 = multiply(%11, %12)               # EncryptedTensor<float64, shape=(1, 2048, 7, 7)>
        %14 = [[[[-0.015 ... 821408]]]]        # ClearTensor<float32, shape=(1, 2048, 1, 1)>
        %15 = add(%13, %14)                    # EncryptedTensor<float64, shape=(1, 2048, 7, 7)>
        %16 = 1.0581646                        # ClearScalar<float32>
        %17 = divide(%15, %16)                 # EncryptedTensor<float64, shape=(1, 2048, 7, 7)>
        %18 = 0.0                              # ClearScalar<float32>
        %19 = add(%17, %18)                    # EncryptedTensor<float64, shape=(1, 2048, 7, 7)>
        %20 = -8.0                             # ClearScalar<float64>
        %21 = 7.0                              # ClearScalar<float64>
        %22 = clip(%19, %20, %21)              # EncryptedTensor<float64, shape=(1, 2048, 7, 7)>
        %23 = rint(%22)                        # EncryptedTensor<float64, shape=(1, 2048, 7, 7)>
        %24 = 0.0                              # ClearScalar<float32>
        %25 = subtract(%23, %24)               # EncryptedTensor<float64, shape=(1, 2048, 7, 7)>
        %26 = 1.0581646                        # ClearScalar<float32>
        %27 = multiply(%25, %26)               # EncryptedTensor<float64, shape=(1, 2048, 7, 7)>
        %28 = 1.0581645965576172               # ClearScalar<float64>
        %29 = divide(%27, %28)                 # EncryptedTensor<float64, shape=(1, 2048, 7, 7)>
        %30 = 0                                # ClearScalar<uint1>
        %31 = add(%29, %30)                    # EncryptedTensor<float64, shape=(1, 2048, 7, 7)>
        %32 = rint(%31)                        # EncryptedTensor<float64, shape=(1, 2048, 7, 7)>
        %33 = astype(%32, dtype=int_)          # EncryptedTensor<uint1, shape=(1, 2048, 7, 7)>
        return %33

    %336 = subgraph(%334):

         %0 = input                            # EncryptedTensor<uint1, shape=(1, 2048, 7, 7)>          @ /trunk/trunk.17/shortcut/Conv.conv_rounding
         %1 = astype(%0, dtype=float64)        # EncryptedTensor<float64, shape=(1, 2048, 7, 7)>
         %2 = 0                                # ClearScalar<uint1>
         %3 = add(%1, %2)                      # EncryptedTensor<float64, shape=(1, 2048, 7, 7)>
         %4 = [[[[0]]  [ ... ]  [[0]]]]        # ClearTensor<uint1, shape=(1, 2048, 1, 1)>
         %5 = subtract(%3, %4)                 # EncryptedTensor<float64, shape=(1, 2048, 7, 7)>
         %6 = 0.05115163100972264              # ClearScalar<float64>
         %7 = multiply(%6, %5)                 # EncryptedTensor<float64, shape=(1, 2048, 7, 7)>
         %8 = [[[[ 4.462 ... 123765]]]]        # ClearTensor<float32, shape=(1, 2048, 1, 1)>
         %9 = subtract(%7, %8)                 # EncryptedTensor<float64, shape=(1, 2048, 7, 7)>
        %10 = [[[[4.8784 ... 071746]]]]        # ClearTensor<float32, shape=(1, 2048, 1, 1)>
        %11 = divide(%9, %10)                  # EncryptedTensor<float64, shape=(1, 2048, 7, 7)>
        %12 = [[[[0.9399 ... 587325]]]]        # ClearTensor<float32, shape=(1, 2048, 1, 1)>
        %13 = multiply(%11, %12)               # EncryptedTensor<float64, shape=(1, 2048, 7, 7)>
        %14 = [[[[-0.015 ... 770389]]]]        # ClearTensor<float32, shape=(1, 2048, 1, 1)>
        %15 = add(%13, %14)                    # EncryptedTensor<float64, shape=(1, 2048, 7, 7)>
        %16 = 1.0594919                        # ClearScalar<float32>
        %17 = divide(%15, %16)                 # EncryptedTensor<float64, shape=(1, 2048, 7, 7)>
        %18 = 0.0                              # ClearScalar<float32>
        %19 = add(%17, %18)                    # EncryptedTensor<float64, shape=(1, 2048, 7, 7)>
        %20 = -8.0                             # ClearScalar<float64>
        %21 = 7.0                              # ClearScalar<float64>
        %22 = clip(%19, %20, %21)              # EncryptedTensor<float64, shape=(1, 2048, 7, 7)>
        %23 = rint(%22)                        # EncryptedTensor<float64, shape=(1, 2048, 7, 7)>
        %24 = 0.0                              # ClearScalar<float32>
        %25 = subtract(%23, %24)               # EncryptedTensor<float64, shape=(1, 2048, 7, 7)>
        %26 = 1.0594919                        # ClearScalar<float32>
        %27 = multiply(%25, %26)               # EncryptedTensor<float64, shape=(1, 2048, 7, 7)>
        %28 = 1.0594918727874756               # ClearScalar<float64>
        %29 = divide(%27, %28)                 # EncryptedTensor<float64, shape=(1, 2048, 7, 7)>
        %30 = 0                                # ClearScalar<uint1>
        %31 = add(%29, %30)                    # EncryptedTensor<float64, shape=(1, 2048, 7, 7)>
        %32 = rint(%31)                        # EncryptedTensor<float64, shape=(1, 2048, 7, 7)>
        %33 = astype(%32, dtype=int_)          # EncryptedTensor<uint1, shape=(1, 2048, 7, 7)>
        return %33

    %337 = subgraph(%335):

         %0 = input                         # EncryptedTensor<uint1, shape=(1, 2048, 7, 7)>
         %1 = 0.0                           # ClearScalar<float64>
         %2 = subtract(%0, %1)              # EncryptedTensor<float64, shape=(1, 2048, 7, 7)>
         %3 = 1.0581645965576172            # ClearScalar<float64>
         %4 = multiply(%3, %2)              # EncryptedTensor<float64, shape=(1, 2048, 7, 7)>
         %5 = 0.5123148349023634            # ClearScalar<float64>
         %6 = divide(%4, %5)                # EncryptedTensor<float64, shape=(1, 2048, 7, 7)>
         %7 = 0                             # ClearScalar<uint1>
         %8 = add(%6, %7)                   # EncryptedTensor<float64, shape=(1, 2048, 7, 7)>
         %9 = rint(%8)                      # EncryptedTensor<float64, shape=(1, 2048, 7, 7)>
        %10 = astype(%9, dtype=int_)        # EncryptedTensor<uint1, shape=(1, 2048, 7, 7)>
        return %10

    %338 = subgraph(%336):

         %0 = input                         # EncryptedTensor<uint1, shape=(1, 2048, 7, 7)>
         %1 = 0.0                           # ClearScalar<float64>
         %2 = subtract(%0, %1)              # EncryptedTensor<float64, shape=(1, 2048, 7, 7)>
         %3 = 1.0594918727874756            # ClearScalar<float64>
         %4 = multiply(%3, %2)              # EncryptedTensor<float64, shape=(1, 2048, 7, 7)>
         %5 = 0.5123148349023634            # ClearScalar<float64>
         %6 = divide(%4, %5)                # EncryptedTensor<float64, shape=(1, 2048, 7, 7)>
         %7 = 0                             # ClearScalar<uint1>
         %8 = add(%6, %7)                   # EncryptedTensor<float64, shape=(1, 2048, 7, 7)>
         %9 = rint(%8)                      # EncryptedTensor<float64, shape=(1, 2048, 7, 7)>
        %10 = astype(%9, dtype=int_)        # EncryptedTensor<uint1, shape=(1, 2048, 7, 7)>
        return %10

    %342 = subgraph(%341):

         %0 = input                          # EncryptedTensor<uint2, shape=(1, 2048, 7, 7)>
         %1 = 0.0                            # ClearScalar<float64>
         %2 = subtract(%0, %1)               # EncryptedTensor<float64, shape=(1, 2048, 7, 7)>
         %3 = 0.5123148349023634             # ClearScalar<float64>
         %4 = multiply(%3, %2)               # EncryptedTensor<float64, shape=(1, 2048, 7, 7)>
         %5 = 0                              # ClearScalar<uint1>
         %6 = maximum(%4, %5)                # EncryptedTensor<float64, shape=(1, 2048, 7, 7)>
         %7 = 0.9783952                      # ClearScalar<float32>
         %8 = divide(%6, %7)                 # EncryptedTensor<float64, shape=(1, 2048, 7, 7)>
         %9 = 0.0                            # ClearScalar<float32>
        %10 = add(%8, %9)                    # EncryptedTensor<float64, shape=(1, 2048, 7, 7)>
        %11 = 0.0                            # ClearScalar<float64>
        %12 = 15.0                           # ClearScalar<float64>
        %13 = clip(%10, %11, %12)            # EncryptedTensor<float64, shape=(1, 2048, 7, 7)>
        %14 = rint(%13)                      # EncryptedTensor<float64, shape=(1, 2048, 7, 7)>
        %15 = 0.0                            # ClearScalar<float32>
        %16 = subtract(%14, %15)             # EncryptedTensor<float64, shape=(1, 2048, 7, 7)>
        %17 = 0.9783952                      # ClearScalar<float32>
        %18 = multiply(%16, %17)             # EncryptedTensor<float64, shape=(1, 2048, 7, 7)>
        %19 = 0.9783952236175537             # ClearScalar<float64>
        %20 = divide(%18, %19)               # EncryptedTensor<float64, shape=(1, 2048, 7, 7)>
        %21 = 0                              # ClearScalar<uint1>
        %22 = add(%20, %21)                  # EncryptedTensor<float64, shape=(1, 2048, 7, 7)>
        %23 = rint(%22)                      # EncryptedTensor<float64, shape=(1, 2048, 7, 7)>
        %24 = astype(%23, dtype=int_)        # EncryptedTensor<uint1, shape=(1, 2048, 7, 7)>
        return %24

    %346 = subgraph(%345):

         %0 = input                            # EncryptedTensor<uint1, shape=(1, 512, 7, 7)>          @ /trunk/trunk.18/C1/Conv.conv_rounding
         %1 = astype(%0, dtype=float64)        # EncryptedTensor<float64, shape=(1, 512, 7, 7)>
         %2 = 0                                # ClearScalar<uint1>
         %3 = add(%1, %2)                      # EncryptedTensor<float64, shape=(1, 512, 7, 7)>
         %4 = [[[[0]]  [ ... ]  [[0]]]]        # ClearTensor<uint1, shape=(1, 512, 1, 1)>
         %5 = subtract(%3, %4)                 # EncryptedTensor<float64, shape=(1, 512, 7, 7)>
         %6 = 0.04184000644920083              # ClearScalar<float64>
         %7 = multiply(%6, %5)                 # EncryptedTensor<float64, shape=(1, 512, 7, 7)>
         %8 = [[[[ 1.154 ... 532958]]]]        # ClearTensor<float32, shape=(1, 512, 1, 1)>
         %9 = subtract(%7, %8)                 # EncryptedTensor<float64, shape=(1, 512, 7, 7)>
        %10 = [[[[5.6671 ... 33663 ]]]]        # ClearTensor<float32, shape=(1, 512, 1, 1)>
        %11 = divide(%9, %10)                  # EncryptedTensor<float64, shape=(1, 512, 7, 7)>
        %12 = [[[[0.8482 ... 226134]]]]        # ClearTensor<float32, shape=(1, 512, 1, 1)>
        %13 = multiply(%11, %12)               # EncryptedTensor<float64, shape=(1, 512, 7, 7)>
        %14 = [[[[ 2.214 ... 18e-02]]]]        # ClearTensor<float32, shape=(1, 512, 1, 1)>
        %15 = add(%13, %14)                    # EncryptedTensor<float64, shape=(1, 512, 7, 7)>
        %16 = 0                                # ClearScalar<uint1>
        %17 = maximum(%15, %16)                # EncryptedTensor<float64, shape=(1, 512, 7, 7)>
        %18 = 0.5346762                        # ClearScalar<float32>
        %19 = divide(%17, %18)                 # EncryptedTensor<float64, shape=(1, 512, 7, 7)>
        %20 = 0.0                              # ClearScalar<float32>
        %21 = add(%19, %20)                    # EncryptedTensor<float64, shape=(1, 512, 7, 7)>
        %22 = 0.0                              # ClearScalar<float64>
        %23 = 15.0                             # ClearScalar<float64>
        %24 = clip(%21, %22, %23)              # EncryptedTensor<float64, shape=(1, 512, 7, 7)>
        %25 = rint(%24)                        # EncryptedTensor<float64, shape=(1, 512, 7, 7)>
        %26 = 0.0                              # ClearScalar<float32>
        %27 = subtract(%25, %26)               # EncryptedTensor<float64, shape=(1, 512, 7, 7)>
        %28 = 0.5346762                        # ClearScalar<float32>
        %29 = multiply(%27, %28)               # EncryptedTensor<float64, shape=(1, 512, 7, 7)>
        %30 = 0.534676194190979                # ClearScalar<float64>
        %31 = divide(%29, %30)                 # EncryptedTensor<float64, shape=(1, 512, 7, 7)>
        %32 = 0                                # ClearScalar<uint1>
        %33 = add(%31, %32)                    # EncryptedTensor<float64, shape=(1, 512, 7, 7)>
        %34 = rint(%33)                        # EncryptedTensor<float64, shape=(1, 512, 7, 7)>
        %35 = astype(%34, dtype=int_)          # EncryptedTensor<uint1, shape=(1, 512, 7, 7)>
        return %35

    %354 = subgraph(%353):

         %0 = input                            # EncryptedTensor<uint1, shape=(1, 512, 7, 7)>          @ /trunk/trunk.18/C2/Conv.conv_rounding
         %1 = astype(%0, dtype=float64)        # EncryptedTensor<float64, shape=(1, 512, 7, 7)>
         %2 = 0                                # ClearScalar<uint1>
         %3 = add(%1, %2)                      # EncryptedTensor<float64, shape=(1, 512, 7, 7)>
         %4 = [[[[0]]  [ ... ]  [[0]]]]        # ClearTensor<uint1, shape=(1, 512, 1, 1)>
         %5 = subtract(%3, %4)                 # EncryptedTensor<float64, shape=(1, 512, 7, 7)>
         %6 = 0.008546071422208312             # ClearScalar<float64>
         %7 = multiply(%6, %5)                 # EncryptedTensor<float64, shape=(1, 512, 7, 7)>
         %8 = [[[[-2.176 ... 76322 ]]]]        # ClearTensor<float32, shape=(1, 512, 1, 1)>
         %9 = subtract(%7, %8)                 # EncryptedTensor<float64, shape=(1, 512, 7, 7)>
        %10 = [[[[2.6560 ... 88428 ]]]]        # ClearTensor<float32, shape=(1, 512, 1, 1)>
        %11 = divide(%9, %10)                  # EncryptedTensor<float64, shape=(1, 512, 7, 7)>
        %12 = [[[[0.8040 ... 96778 ]]]]        # ClearTensor<float32, shape=(1, 512, 1, 1)>
        %13 = multiply(%11, %12)               # EncryptedTensor<float64, shape=(1, 512, 7, 7)>
        %14 = [[[[-0.032 ... 252455]]]]        # ClearTensor<float32, shape=(1, 512, 1, 1)>
        %15 = add(%13, %14)                    # EncryptedTensor<float64, shape=(1, 512, 7, 7)>
        %16 = 0                                # ClearScalar<uint1>
        %17 = maximum(%15, %16)                # EncryptedTensor<float64, shape=(1, 512, 7, 7)>
        %18 = 0.6050217                        # ClearScalar<float32>
        %19 = divide(%17, %18)                 # EncryptedTensor<float64, shape=(1, 512, 7, 7)>
        %20 = 0.0                              # ClearScalar<float32>
        %21 = add(%19, %20)                    # EncryptedTensor<float64, shape=(1, 512, 7, 7)>
        %22 = 0.0                              # ClearScalar<float64>
        %23 = 15.0                             # ClearScalar<float64>
        %24 = clip(%21, %22, %23)              # EncryptedTensor<float64, shape=(1, 512, 7, 7)>
        %25 = rint(%24)                        # EncryptedTensor<float64, shape=(1, 512, 7, 7)>
        %26 = 0.0                              # ClearScalar<float32>
        %27 = subtract(%25, %26)               # EncryptedTensor<float64, shape=(1, 512, 7, 7)>
        %28 = 0.6050217                        # ClearScalar<float32>
        %29 = multiply(%27, %28)               # EncryptedTensor<float64, shape=(1, 512, 7, 7)>
        %30 = 0.6050217151641846               # ClearScalar<float64>
        %31 = divide(%29, %30)                 # EncryptedTensor<float64, shape=(1, 512, 7, 7)>
        %32 = 0                                # ClearScalar<uint1>
        %33 = add(%31, %32)                    # EncryptedTensor<float64, shape=(1, 512, 7, 7)>
        %34 = rint(%33)                        # EncryptedTensor<float64, shape=(1, 512, 7, 7)>
        %35 = astype(%34, dtype=int_)          # EncryptedTensor<uint1, shape=(1, 512, 7, 7)>
        return %35

    %358 = subgraph(%357):

         %0 = input                            # EncryptedTensor<uint1, shape=(1, 2048, 7, 7)>          @ /trunk/trunk.18/C3/Conv.conv_rounding
         %1 = astype(%0, dtype=float64)        # EncryptedTensor<float64, shape=(1, 2048, 7, 7)>
         %2 = 0                                # ClearScalar<uint1>
         %3 = add(%1, %2)                      # EncryptedTensor<float64, shape=(1, 2048, 7, 7)>
         %4 = [[[[0]]  [ ... ]  [[0]]]]        # ClearTensor<uint1, shape=(1, 2048, 1, 1)>
         %5 = subtract(%3, %4)                 # EncryptedTensor<float64, shape=(1, 2048, 7, 7)>
         %6 = 0.013299750312365521             # ClearScalar<float64>
         %7 = multiply(%6, %5)                 # EncryptedTensor<float64, shape=(1, 2048, 7, 7)>
         %8 = [[[[ 0.335 ... 171775]]]]        # ClearTensor<float32, shape=(1, 2048, 1, 1)>
         %9 = subtract(%7, %8)                 # EncryptedTensor<float64, shape=(1, 2048, 7, 7)>
        %10 = [[[[0.8637 ... 48157 ]]]]        # ClearTensor<float32, shape=(1, 2048, 1, 1)>
        %11 = divide(%9, %10)                  # EncryptedTensor<float64, shape=(1, 2048, 7, 7)>
        %12 = [[[[0.9301 ... 66109 ]]]]        # ClearTensor<float32, shape=(1, 2048, 1, 1)>
        %13 = multiply(%11, %12)               # EncryptedTensor<float64, shape=(1, 2048, 7, 7)>
        %14 = [[[[-0.013 ... 601346]]]]        # ClearTensor<float32, shape=(1, 2048, 1, 1)>
        %15 = add(%13, %14)                    # EncryptedTensor<float64, shape=(1, 2048, 7, 7)>
        %16 = 1.2034023                        # ClearScalar<float32>
        %17 = divide(%15, %16)                 # EncryptedTensor<float64, shape=(1, 2048, 7, 7)>
        %18 = 0.0                              # ClearScalar<float32>
        %19 = add(%17, %18)                    # EncryptedTensor<float64, shape=(1, 2048, 7, 7)>
        %20 = -8.0                             # ClearScalar<float64>
        %21 = 7.0                              # ClearScalar<float64>
        %22 = clip(%19, %20, %21)              # EncryptedTensor<float64, shape=(1, 2048, 7, 7)>
        %23 = rint(%22)                        # EncryptedTensor<float64, shape=(1, 2048, 7, 7)>
        %24 = 0.0                              # ClearScalar<float32>
        %25 = subtract(%23, %24)               # EncryptedTensor<float64, shape=(1, 2048, 7, 7)>
        %26 = 1.2034023                        # ClearScalar<float32>
        %27 = multiply(%25, %26)               # EncryptedTensor<float64, shape=(1, 2048, 7, 7)>
        %28 = 1.2034022808074951               # ClearScalar<float64>
        %29 = divide(%27, %28)                 # EncryptedTensor<float64, shape=(1, 2048, 7, 7)>
        %30 = 0                                # ClearScalar<uint1>
        %31 = add(%29, %30)                    # EncryptedTensor<float64, shape=(1, 2048, 7, 7)>
        %32 = rint(%31)                        # EncryptedTensor<float64, shape=(1, 2048, 7, 7)>
        %33 = astype(%32, dtype=int_)          # EncryptedTensor<uint1, shape=(1, 2048, 7, 7)>
        return %33

    %359 = subgraph(%341):

         %0 = input                          # EncryptedTensor<uint2, shape=(1, 2048, 7, 7)>
         %1 = 0.0                            # ClearScalar<float64>
         %2 = subtract(%0, %1)               # EncryptedTensor<float64, shape=(1, 2048, 7, 7)>
         %3 = 0.5123148349023634             # ClearScalar<float64>
         %4 = multiply(%3, %2)               # EncryptedTensor<float64, shape=(1, 2048, 7, 7)>
         %5 = 0                              # ClearScalar<uint1>
         %6 = maximum(%4, %5)                # EncryptedTensor<float64, shape=(1, 2048, 7, 7)>
         %7 = 0.9783952                      # ClearScalar<float32>
         %8 = divide(%6, %7)                 # EncryptedTensor<float64, shape=(1, 2048, 7, 7)>
         %9 = 0.0                            # ClearScalar<float32>
        %10 = add(%8, %9)                    # EncryptedTensor<float64, shape=(1, 2048, 7, 7)>
        %11 = 0.0                            # ClearScalar<float64>
        %12 = 15.0                           # ClearScalar<float64>
        %13 = clip(%10, %11, %12)            # EncryptedTensor<float64, shape=(1, 2048, 7, 7)>
        %14 = rint(%13)                      # EncryptedTensor<float64, shape=(1, 2048, 7, 7)>
        %15 = 0.0                            # ClearScalar<float32>
        %16 = subtract(%14, %15)             # EncryptedTensor<float64, shape=(1, 2048, 7, 7)>
        %17 = 0.9783952                      # ClearScalar<float32>
        %18 = multiply(%16, %17)             # EncryptedTensor<float64, shape=(1, 2048, 7, 7)>
        %19 = 0.9783952236175537             # ClearScalar<float64>
        %20 = divide(%18, %19)               # EncryptedTensor<float64, shape=(1, 2048, 7, 7)>
        %21 = 0                              # ClearScalar<uint1>
        %22 = add(%20, %21)                  # EncryptedTensor<float64, shape=(1, 2048, 7, 7)>
        %23 = rint(%22)                      # EncryptedTensor<float64, shape=(1, 2048, 7, 7)>
        %24 = astype(%23, dtype=int_)        # EncryptedTensor<uint1, shape=(1, 2048, 7, 7)>
        return %24

    %360 = subgraph(%358):

         %0 = input                         # EncryptedTensor<uint1, shape=(1, 2048, 7, 7)>
         %1 = 0.0                           # ClearScalar<float64>
         %2 = subtract(%0, %1)              # EncryptedTensor<float64, shape=(1, 2048, 7, 7)>
         %3 = 1.2034022808074951            # ClearScalar<float64>
         %4 = multiply(%3, %2)              # EncryptedTensor<float64, shape=(1, 2048, 7, 7)>
         %5 = 0.5169667966904179            # ClearScalar<float64>
         %6 = divide(%4, %5)                # EncryptedTensor<float64, shape=(1, 2048, 7, 7)>
         %7 = 0                             # ClearScalar<uint1>
         %8 = add(%6, %7)                   # EncryptedTensor<float64, shape=(1, 2048, 7, 7)>
         %9 = rint(%8)                      # EncryptedTensor<float64, shape=(1, 2048, 7, 7)>
        %10 = astype(%9, dtype=int_)        # EncryptedTensor<uint1, shape=(1, 2048, 7, 7)>
        return %10

    %361 = subgraph(%359):

         %0 = input                         # EncryptedTensor<uint1, shape=(1, 2048, 7, 7)>
         %1 = 0.0                           # ClearScalar<float64>
         %2 = subtract(%0, %1)              # EncryptedTensor<float64, shape=(1, 2048, 7, 7)>
         %3 = 0.9783952236175537            # ClearScalar<float64>
         %4 = multiply(%3, %2)              # EncryptedTensor<float64, shape=(1, 2048, 7, 7)>
         %5 = 0.5169667966904179            # ClearScalar<float64>
         %6 = divide(%4, %5)                # EncryptedTensor<float64, shape=(1, 2048, 7, 7)>
         %7 = 0                             # ClearScalar<uint1>
         %8 = add(%6, %7)                   # EncryptedTensor<float64, shape=(1, 2048, 7, 7)>
         %9 = rint(%8)                      # EncryptedTensor<float64, shape=(1, 2048, 7, 7)>
        %10 = astype(%9, dtype=int_)        # EncryptedTensor<uint1, shape=(1, 2048, 7, 7)>
        return %10

    %365 = subgraph(%364):

         %0 = input                          # EncryptedTensor<uint2, shape=(1, 2048, 7, 7)>
         %1 = 0.0                            # ClearScalar<float64>
         %2 = subtract(%0, %1)               # EncryptedTensor<float64, shape=(1, 2048, 7, 7)>
         %3 = 0.5169667966904179             # ClearScalar<float64>
         %4 = multiply(%3, %2)               # EncryptedTensor<float64, shape=(1, 2048, 7, 7)>
         %5 = 0                              # ClearScalar<uint1>
         %6 = maximum(%4, %5)                # EncryptedTensor<float64, shape=(1, 2048, 7, 7)>
         %7 = 1.3495085                      # ClearScalar<float32>
         %8 = divide(%6, %7)                 # EncryptedTensor<float64, shape=(1, 2048, 7, 7)>
         %9 = 0.0                            # ClearScalar<float32>
        %10 = add(%8, %9)                    # EncryptedTensor<float64, shape=(1, 2048, 7, 7)>
        %11 = 0.0                            # ClearScalar<float64>
        %12 = 15.0                           # ClearScalar<float64>
        %13 = clip(%10, %11, %12)            # EncryptedTensor<float64, shape=(1, 2048, 7, 7)>
        %14 = rint(%13)                      # EncryptedTensor<float64, shape=(1, 2048, 7, 7)>
        %15 = 0.0                            # ClearScalar<float32>
        %16 = subtract(%14, %15)             # EncryptedTensor<float64, shape=(1, 2048, 7, 7)>
        %17 = 1.3495085                      # ClearScalar<float32>
        %18 = multiply(%16, %17)             # EncryptedTensor<float64, shape=(1, 2048, 7, 7)>
        %19 = 1.34950852394104               # ClearScalar<float64>
        %20 = divide(%18, %19)               # EncryptedTensor<float64, shape=(1, 2048, 7, 7)>
        %21 = 0                              # ClearScalar<uint1>
        %22 = add(%20, %21)                  # EncryptedTensor<float64, shape=(1, 2048, 7, 7)>
        %23 = rint(%22)                      # EncryptedTensor<float64, shape=(1, 2048, 7, 7)>
        %24 = astype(%23, dtype=int_)        # EncryptedTensor<uint1, shape=(1, 2048, 7, 7)>
        return %24

    %369 = subgraph(%368):

         %0 = input                            # EncryptedTensor<uint1, shape=(1, 512, 7, 7)>          @ /trunk/trunk.19/C1/Conv.conv_rounding
         %1 = astype(%0, dtype=float64)        # EncryptedTensor<float64, shape=(1, 512, 7, 7)>
         %2 = 0                                # ClearScalar<uint1>
         %3 = add(%1, %2)                      # EncryptedTensor<float64, shape=(1, 512, 7, 7)>
         %4 = [[[[0]]  [ ... ]  [[0]]]]        # ClearTensor<uint1, shape=(1, 512, 1, 1)>
         %5 = subtract(%3, %4)                 # EncryptedTensor<float64, shape=(1, 512, 7, 7)>
         %6 = 0.059339206951563916             # ClearScalar<float64>
         %7 = multiply(%6, %5)                 # EncryptedTensor<float64, shape=(1, 512, 7, 7)>
         %8 = [[[[ 2.712 ... 13e+00]]]]        # ClearTensor<float32, shape=(1, 512, 1, 1)>
         %9 = subtract(%7, %8)                 # EncryptedTensor<float64, shape=(1, 512, 7, 7)>
        %10 = [[[[3.8930 ... 478924]]]]        # ClearTensor<float32, shape=(1, 512, 1, 1)>
        %11 = divide(%9, %10)                  # EncryptedTensor<float64, shape=(1, 512, 7, 7)>
        %12 = [[[[0.9292 ... 606544]]]]        # ClearTensor<float32, shape=(1, 512, 1, 1)>
        %13 = multiply(%11, %12)               # EncryptedTensor<float64, shape=(1, 512, 7, 7)>
        %14 = [[[[-5.077 ... 52e-03]]]]        # ClearTensor<float32, shape=(1, 512, 1, 1)>
        %15 = add(%13, %14)                    # EncryptedTensor<float64, shape=(1, 512, 7, 7)>
        %16 = 0                                # ClearScalar<uint1>
        %17 = maximum(%15, %16)                # EncryptedTensor<float64, shape=(1, 512, 7, 7)>
        %18 = 0.5391585                        # ClearScalar<float32>
        %19 = divide(%17, %18)                 # EncryptedTensor<float64, shape=(1, 512, 7, 7)>
        %20 = 0.0                              # ClearScalar<float32>
        %21 = add(%19, %20)                    # EncryptedTensor<float64, shape=(1, 512, 7, 7)>
        %22 = 0.0                              # ClearScalar<float64>
        %23 = 15.0                             # ClearScalar<float64>
        %24 = clip(%21, %22, %23)              # EncryptedTensor<float64, shape=(1, 512, 7, 7)>
        %25 = rint(%24)                        # EncryptedTensor<float64, shape=(1, 512, 7, 7)>
        %26 = 0.0                              # ClearScalar<float32>
        %27 = subtract(%25, %26)               # EncryptedTensor<float64, shape=(1, 512, 7, 7)>
        %28 = 0.5391585                        # ClearScalar<float32>
        %29 = multiply(%27, %28)               # EncryptedTensor<float64, shape=(1, 512, 7, 7)>
        %30 = 0.5391585230827332               # ClearScalar<float64>
        %31 = divide(%29, %30)                 # EncryptedTensor<float64, shape=(1, 512, 7, 7)>
        %32 = 0                                # ClearScalar<uint1>
        %33 = add(%31, %32)                    # EncryptedTensor<float64, shape=(1, 512, 7, 7)>
        %34 = rint(%33)                        # EncryptedTensor<float64, shape=(1, 512, 7, 7)>
        %35 = astype(%34, dtype=int_)          # EncryptedTensor<uint1, shape=(1, 512, 7, 7)>
        return %35

    %377 = subgraph(%376):

         %0 = input                            # EncryptedTensor<uint1, shape=(1, 512, 7, 7)>          @ /trunk/trunk.19/C2/Conv.conv_rounding
         %1 = astype(%0, dtype=float64)        # EncryptedTensor<float64, shape=(1, 512, 7, 7)>
         %2 = 0                                # ClearScalar<uint1>
         %3 = add(%1, %2)                      # EncryptedTensor<float64, shape=(1, 512, 7, 7)>
         %4 = [[[[0]]  [ ... ]  [[0]]]]        # ClearTensor<uint1, shape=(1, 512, 1, 1)>
         %5 = subtract(%3, %4)                 # EncryptedTensor<float64, shape=(1, 512, 7, 7)>
         %6 = 0.00805528499858188              # ClearScalar<float64>
         %7 = multiply(%6, %5)                 # EncryptedTensor<float64, shape=(1, 512, 7, 7)>
         %8 = [[[[ 1.384 ... 89e+00]]]]        # ClearTensor<float32, shape=(1, 512, 1, 1)>
         %9 = subtract(%7, %8)                 # EncryptedTensor<float64, shape=(1, 512, 7, 7)>
        %10 = [[[[2.4966 ... 160508]]]]        # ClearTensor<float32, shape=(1, 512, 1, 1)>
        %11 = divide(%9, %10)                  # EncryptedTensor<float64, shape=(1, 512, 7, 7)>
        %12 = [[[[0.9364 ... 60572 ]]]]        # ClearTensor<float32, shape=(1, 512, 1, 1)>
        %13 = multiply(%11, %12)               # EncryptedTensor<float64, shape=(1, 512, 7, 7)>
        %14 = [[[[ 0.007 ... 075407]]]]        # ClearTensor<float32, shape=(1, 512, 1, 1)>
        %15 = add(%13, %14)                    # EncryptedTensor<float64, shape=(1, 512, 7, 7)>
        %16 = 0                                # ClearScalar<uint1>
        %17 = maximum(%15, %16)                # EncryptedTensor<float64, shape=(1, 512, 7, 7)>
        %18 = 0.56910825                       # ClearScalar<float32>
        %19 = divide(%17, %18)                 # EncryptedTensor<float64, shape=(1, 512, 7, 7)>
        %20 = 0.0                              # ClearScalar<float32>
        %21 = add(%19, %20)                    # EncryptedTensor<float64, shape=(1, 512, 7, 7)>
        %22 = 0.0                              # ClearScalar<float64>
        %23 = 15.0                             # ClearScalar<float64>
        %24 = clip(%21, %22, %23)              # EncryptedTensor<float64, shape=(1, 512, 7, 7)>
        %25 = rint(%24)                        # EncryptedTensor<float64, shape=(1, 512, 7, 7)>
        %26 = 0.0                              # ClearScalar<float32>
        %27 = subtract(%25, %26)               # EncryptedTensor<float64, shape=(1, 512, 7, 7)>
        %28 = 0.56910825                       # ClearScalar<float32>
        %29 = multiply(%27, %28)               # EncryptedTensor<float64, shape=(1, 512, 7, 7)>
        %30 = 0.569108247756958                # ClearScalar<float64>
        %31 = divide(%29, %30)                 # EncryptedTensor<float64, shape=(1, 512, 7, 7)>
        %32 = 0                                # ClearScalar<uint1>
        %33 = add(%31, %32)                    # EncryptedTensor<float64, shape=(1, 512, 7, 7)>
        %34 = rint(%33)                        # EncryptedTensor<float64, shape=(1, 512, 7, 7)>
        %35 = astype(%34, dtype=int_)          # EncryptedTensor<uint1, shape=(1, 512, 7, 7)>
        return %35

    %381 = subgraph(%380):

         %0 = input                            # EncryptedTensor<uint1, shape=(1, 2048, 7, 7)>          @ /trunk/trunk.19/C3/Conv.conv_rounding
         %1 = astype(%0, dtype=float64)        # EncryptedTensor<float64, shape=(1, 2048, 7, 7)>
         %2 = 0                                # ClearScalar<uint1>
         %3 = add(%1, %2)                      # EncryptedTensor<float64, shape=(1, 2048, 7, 7)>
         %4 = [[[[0]]  [ ... ]  [[0]]]]        # ClearTensor<uint1, shape=(1, 2048, 1, 1)>
         %5 = subtract(%3, %4)                 # EncryptedTensor<float64, shape=(1, 2048, 7, 7)>
         %6 = 0.01332172899881412              # ClearScalar<float64>
         %7 = multiply(%6, %5)                 # EncryptedTensor<float64, shape=(1, 2048, 7, 7)>
         %8 = [[[[0.4671 ... 89807 ]]]]        # ClearTensor<float32, shape=(1, 2048, 1, 1)>
         %9 = subtract(%7, %8)                 # EncryptedTensor<float64, shape=(1, 2048, 7, 7)>
        %10 = [[[[1.0162 ... 36785 ]]]]        # ClearTensor<float32, shape=(1, 2048, 1, 1)>
        %11 = divide(%9, %10)                  # EncryptedTensor<float64, shape=(1, 2048, 7, 7)>
        %12 = [[[[0.9300 ... 27209 ]]]]        # ClearTensor<float32, shape=(1, 2048, 1, 1)>
        %13 = multiply(%11, %12)               # EncryptedTensor<float64, shape=(1, 2048, 7, 7)>
        %14 = [[[[-0.014 ... 292461]]]]        # ClearTensor<float32, shape=(1, 2048, 1, 1)>
        %15 = add(%13, %14)                    # EncryptedTensor<float64, shape=(1, 2048, 7, 7)>
        %16 = 1.1131154                        # ClearScalar<float32>
        %17 = divide(%15, %16)                 # EncryptedTensor<float64, shape=(1, 2048, 7, 7)>
        %18 = 0.0                              # ClearScalar<float32>
        %19 = add(%17, %18)                    # EncryptedTensor<float64, shape=(1, 2048, 7, 7)>
        %20 = -8.0                             # ClearScalar<float64>
        %21 = 7.0                              # ClearScalar<float64>
        %22 = clip(%19, %20, %21)              # EncryptedTensor<float64, shape=(1, 2048, 7, 7)>
        %23 = rint(%22)                        # EncryptedTensor<float64, shape=(1, 2048, 7, 7)>
        %24 = 0.0                              # ClearScalar<float32>
        %25 = subtract(%23, %24)               # EncryptedTensor<float64, shape=(1, 2048, 7, 7)>
        %26 = 1.1131154                        # ClearScalar<float32>
        %27 = multiply(%25, %26)               # EncryptedTensor<float64, shape=(1, 2048, 7, 7)>
        %28 = 1.1131154298782349               # ClearScalar<float64>
        %29 = divide(%27, %28)                 # EncryptedTensor<float64, shape=(1, 2048, 7, 7)>
        %30 = 0                                # ClearScalar<uint1>
        %31 = add(%29, %30)                    # EncryptedTensor<float64, shape=(1, 2048, 7, 7)>
        %32 = rint(%31)                        # EncryptedTensor<float64, shape=(1, 2048, 7, 7)>
        %33 = astype(%32, dtype=int_)          # EncryptedTensor<uint1, shape=(1, 2048, 7, 7)>
        return %33

    %382 = subgraph(%364):

         %0 = input                          # EncryptedTensor<uint2, shape=(1, 2048, 7, 7)>
         %1 = 0.0                            # ClearScalar<float64>
         %2 = subtract(%0, %1)               # EncryptedTensor<float64, shape=(1, 2048, 7, 7)>
         %3 = 0.5169667966904179             # ClearScalar<float64>
         %4 = multiply(%3, %2)               # EncryptedTensor<float64, shape=(1, 2048, 7, 7)>
         %5 = 0                              # ClearScalar<uint1>
         %6 = maximum(%4, %5)                # EncryptedTensor<float64, shape=(1, 2048, 7, 7)>
         %7 = 1.3495085                      # ClearScalar<float32>
         %8 = divide(%6, %7)                 # EncryptedTensor<float64, shape=(1, 2048, 7, 7)>
         %9 = 0.0                            # ClearScalar<float32>
        %10 = add(%8, %9)                    # EncryptedTensor<float64, shape=(1, 2048, 7, 7)>
        %11 = 0.0                            # ClearScalar<float64>
        %12 = 15.0                           # ClearScalar<float64>
        %13 = clip(%10, %11, %12)            # EncryptedTensor<float64, shape=(1, 2048, 7, 7)>
        %14 = rint(%13)                      # EncryptedTensor<float64, shape=(1, 2048, 7, 7)>
        %15 = 0.0                            # ClearScalar<float32>
        %16 = subtract(%14, %15)             # EncryptedTensor<float64, shape=(1, 2048, 7, 7)>
        %17 = 1.3495085                      # ClearScalar<float32>
        %18 = multiply(%16, %17)             # EncryptedTensor<float64, shape=(1, 2048, 7, 7)>
        %19 = 1.34950852394104               # ClearScalar<float64>
        %20 = divide(%18, %19)               # EncryptedTensor<float64, shape=(1, 2048, 7, 7)>
        %21 = 0                              # ClearScalar<uint1>
        %22 = add(%20, %21)                  # EncryptedTensor<float64, shape=(1, 2048, 7, 7)>
        %23 = rint(%22)                      # EncryptedTensor<float64, shape=(1, 2048, 7, 7)>
        %24 = astype(%23, dtype=int_)        # EncryptedTensor<uint1, shape=(1, 2048, 7, 7)>
        return %24

    %383 = subgraph(%381):

         %0 = input                         # EncryptedTensor<uint1, shape=(1, 2048, 7, 7)>
         %1 = 0.0                           # ClearScalar<float64>
         %2 = subtract(%0, %1)              # EncryptedTensor<float64, shape=(1, 2048, 7, 7)>
         %3 = 1.1131154298782349            # ClearScalar<float64>
         %4 = multiply(%3, %2)              # EncryptedTensor<float64, shape=(1, 2048, 7, 7)>
         %5 = 0.60723449337867              # ClearScalar<float64>
         %6 = divide(%4, %5)                # EncryptedTensor<float64, shape=(1, 2048, 7, 7)>
         %7 = 0                             # ClearScalar<uint1>
         %8 = add(%6, %7)                   # EncryptedTensor<float64, shape=(1, 2048, 7, 7)>
         %9 = rint(%8)                      # EncryptedTensor<float64, shape=(1, 2048, 7, 7)>
        %10 = astype(%9, dtype=int_)        # EncryptedTensor<uint1, shape=(1, 2048, 7, 7)>
        return %10

    %384 = subgraph(%382):

         %0 = input                         # EncryptedTensor<uint1, shape=(1, 2048, 7, 7)>
         %1 = 0.0                           # ClearScalar<float64>
         %2 = subtract(%0, %1)              # EncryptedTensor<float64, shape=(1, 2048, 7, 7)>
         %3 = 1.34950852394104              # ClearScalar<float64>
         %4 = multiply(%3, %2)              # EncryptedTensor<float64, shape=(1, 2048, 7, 7)>
         %5 = 0.60723449337867              # ClearScalar<float64>
         %6 = divide(%4, %5)                # EncryptedTensor<float64, shape=(1, 2048, 7, 7)>
         %7 = 0                             # ClearScalar<uint1>
         %8 = add(%6, %7)                   # EncryptedTensor<float64, shape=(1, 2048, 7, 7)>
         %9 = rint(%8)                      # EncryptedTensor<float64, shape=(1, 2048, 7, 7)>
        %10 = astype(%9, dtype=int_)        # EncryptedTensor<uint1, shape=(1, 2048, 7, 7)>
        return %10

    %388 = subgraph(%387):

         %0 = input                          # EncryptedTensor<uint2, shape=(1, 2048, 7, 7)>
         %1 = 0.0                            # ClearScalar<float64>
         %2 = subtract(%0, %1)               # EncryptedTensor<float64, shape=(1, 2048, 7, 7)>
         %3 = 0.60723449337867               # ClearScalar<float64>
         %4 = multiply(%3, %2)               # EncryptedTensor<float64, shape=(1, 2048, 7, 7)>
         %5 = 0                              # ClearScalar<uint1>
         %6 = maximum(%4, %5)                # EncryptedTensor<float64, shape=(1, 2048, 7, 7)>
         %7 = 1.5128751                      # ClearScalar<float32>
         %8 = divide(%6, %7)                 # EncryptedTensor<float64, shape=(1, 2048, 7, 7)>
         %9 = 0.0                            # ClearScalar<float32>
        %10 = add(%8, %9)                    # EncryptedTensor<float64, shape=(1, 2048, 7, 7)>
        %11 = 0.0                            # ClearScalar<float64>
        %12 = 15.0                           # ClearScalar<float64>
        %13 = clip(%10, %11, %12)            # EncryptedTensor<float64, shape=(1, 2048, 7, 7)>
        %14 = rint(%13)                      # EncryptedTensor<float64, shape=(1, 2048, 7, 7)>
        %15 = 0.0                            # ClearScalar<float32>
        %16 = subtract(%14, %15)             # EncryptedTensor<float64, shape=(1, 2048, 7, 7)>
        %17 = 1.5128751                      # ClearScalar<float32>
        %18 = multiply(%16, %17)             # EncryptedTensor<float64, shape=(1, 2048, 7, 7)>
        %19 = 1.5128750801086426             # ClearScalar<float64>
        %20 = divide(%18, %19)               # EncryptedTensor<float64, shape=(1, 2048, 7, 7)>
        %21 = 0                              # ClearScalar<uint1>
        %22 = add(%20, %21)                  # EncryptedTensor<float64, shape=(1, 2048, 7, 7)>
        %23 = rint(%22)                      # EncryptedTensor<float64, shape=(1, 2048, 7, 7)>
        %24 = astype(%23, dtype=int_)        # EncryptedTensor<uint1, shape=(1, 2048, 7, 7)>
        return %24

    %391 = subgraph(%390):

         %0 = input                            # EncryptedTensor<uint1, shape=(1, 2048, 1, 1)>          @ /trunk/trunk.20/AveragePool.avgpool
         %1 = astype(%0, dtype=float64)        # EncryptedTensor<float64, shape=(1, 2048, 1, 1)>
         %2 = 0.04                             # ClearScalar<float64>
         %3 = multiply(%1, %2)                 # EncryptedTensor<float64, shape=(1, 2048, 1, 1)>
         %4 = 0                                # ClearScalar<uint1>
         %5 = subtract(%3, %4)                 # EncryptedTensor<float64, shape=(1, 2048, 1, 1)>
         %6 = 1.5128750801086426               # ClearScalar<float64>
         %7 = multiply(%5, %6)                 # EncryptedTensor<float64, shape=(1, 2048, 1, 1)>
         %8 = 0.42867228                       # ClearScalar<float32>
         %9 = divide(%7, %8)                   # EncryptedTensor<float64, shape=(1, 2048, 1, 1)>
        %10 = 0.0                              # ClearScalar<float32>
        %11 = add(%9, %10)                     # EncryptedTensor<float64, shape=(1, 2048, 1, 1)>
        %12 = -8.0                             # ClearScalar<float64>
        %13 = 7.0                              # ClearScalar<float64>
        %14 = clip(%11, %12, %13)              # EncryptedTensor<float64, shape=(1, 2048, 1, 1)>
        %15 = rint(%14)                        # EncryptedTensor<float64, shape=(1, 2048, 1, 1)>
        %16 = 0.0                              # ClearScalar<float32>
        %17 = subtract(%15, %16)               # EncryptedTensor<float64, shape=(1, 2048, 1, 1)>
        %18 = 0.42867228                       # ClearScalar<float32>
        %19 = multiply(%17, %18)               # EncryptedTensor<float64, shape=(1, 2048, 1, 1)>
        %20 = 0.42867228388786316              # ClearScalar<float64>
        %21 = divide(%19, %20)                 # EncryptedTensor<float64, shape=(1, 2048, 1, 1)>
        %22 = 0                                # ClearScalar<uint1>
        %23 = add(%21, %22)                    # EncryptedTensor<float64, shape=(1, 2048, 1, 1)>
        %24 = rint(%23)                        # EncryptedTensor<float64, shape=(1, 2048, 1, 1)>
        %25 = astype(%24, dtype=int_)          # EncryptedTensor<uint1, shape=(1, 2048, 1, 1)>
        return %25
--------------------------------------------------------------------------------

Bit-Width Constraints
--------------------------------------------------------------------------------
%0:
    main.%0 >= 4
%1:
    main.%1 >= 4
%2:
    main.%2 >= 8
    main.%0 == main.%1
    main.%1 == main.%2
%3:
    main.%3 >= 8
%4:
    main.%4 >= 4
%5:
    main.%5 >= 4
%6:
    main.%6 >= 10
    main.%4 == main.%5
    main.%5 == main.%6
%7:
    main.%7 >= 10
%8:
    main.%8 >= 4
%9:
    main.%9 >= 1
%10:
    main.%10 >= 1
%11:
    main.%11 >= 1
    main.%9 == main.%10
    main.%10 == main.%11
%12:
    main.%12 >= 4
    main.%11 == main.%8
    main.%8 == main.%12
%13:
    main.%13 >= 4
%14:
    main.%14 >= 12
    main.%12 == main.%13
    main.%13 == main.%14
%15:
    main.%15 >= 12
%16:
    main.%16 >= 4
%17:
    main.%17 >= 4
%18:
    main.%18 >= 10
    main.%16 == main.%17
    main.%17 == main.%18
%19:
    main.%19 >= 10
%20:
    main.%20 >= 4
%21:
    main.%21 >= 4
%22:
    main.%22 >= 10
    main.%20 == main.%21
    main.%21 == main.%22
%23:
    main.%23 >= 10
%24:
    main.%24 >= 4
%25:
    main.%25 >= 4
%26:
    main.%26 >= 5
%27:
    main.%27 >= 5
%28:
    main.%28 >= 1
%29:
    main.%29 >= 5
    main.%28 == main.%27
    main.%27 == main.%29
%30:
    main.%30 >= 6
    main.%26 == main.%29
    main.%29 == main.%30
%31:
    main.%31 >= 4
%32:
    main.%32 >= 4
%33:
    main.%33 >= 11
    main.%31 == main.%32
    main.%32 == main.%33
%34:
    main.%34 >= 11
%35:
    main.%35 >= 4
%36:
    main.%36 >= 1
%37:
    main.%37 >= 1
%38:
    main.%38 >= 1
    main.%36 == main.%37
    main.%37 == main.%38
%39:
    main.%39 >= 4
    main.%38 == main.%35
    main.%35 == main.%39
%40:
    main.%40 >= 4
%41:
    main.%41 >= 12
    main.%39 == main.%40
    main.%40 == main.%41
%42:
    main.%42 >= 12
%43:
    main.%43 >= 4
%44:
    main.%44 >= 4
%45:
    main.%45 >= 10
    main.%43 == main.%44
    main.%44 == main.%45
%46:
    main.%46 >= 10
%47:
    main.%47 >= 4
%48:
    main.%48 >= 4
%49:
    main.%49 >= 5
%50:
    main.%50 >= 5
%51:
    main.%51 >= 1
%52:
    main.%52 >= 5
    main.%51 == main.%50
    main.%50 == main.%52
%53:
    main.%53 >= 6
    main.%49 == main.%52
    main.%52 == main.%53
%54:
    main.%54 >= 4
%55:
    main.%55 >= 4
%56:
    main.%56 >= 11
    main.%54 == main.%55
    main.%55 == main.%56
%57:
    main.%57 >= 11
%58:
    main.%58 >= 4
%59:
    main.%59 >= 1
%60:
    main.%60 >= 1
%61:
    main.%61 >= 1
    main.%59 == main.%60
    main.%60 == main.%61
%62:
    main.%62 >= 4
    main.%61 == main.%58
    main.%58 == main.%62
%63:
    main.%63 >= 4
%64:
    main.%64 >= 12
    main.%62 == main.%63
    main.%63 == main.%64
%65:
    main.%65 >= 12
%66:
    main.%66 >= 4
%67:
    main.%67 >= 4
%68:
    main.%68 >= 10
    main.%66 == main.%67
    main.%67 == main.%68
%69:
    main.%69 >= 10
%70:
    main.%70 >= 4
%71:
    main.%71 >= 4
%72:
    main.%72 >= 5
%73:
    main.%73 >= 5
%74:
    main.%74 >= 1
%75:
    main.%75 >= 5
    main.%74 == main.%73
    main.%73 == main.%75
%76:
    main.%76 >= 6
    main.%72 == main.%75
    main.%75 == main.%76
%77:
    main.%77 >= 4
%78:
    main.%78 >= 4
%79:
    main.%79 >= 11
    main.%77 == main.%78
    main.%78 == main.%79
%80:
    main.%80 >= 11
%81:
    main.%81 >= 4
%82:
    main.%82 >= 1
%83:
    main.%83 >= 1
%84:
    main.%84 >= 1
    main.%82 == main.%83
    main.%83 == main.%84
%85:
    main.%85 >= 4
    main.%84 == main.%81
    main.%81 == main.%85
%86:
    main.%86 >= 4
%87:
    main.%87 >= 12
    main.%85 == main.%86
    main.%86 == main.%87
%88:
    main.%88 >= 12
%89:
    main.%89 >= 4
%90:
    main.%90 >= 4
%91:
    main.%91 >= 10
    main.%89 == main.%90
    main.%90 == main.%91
%92:
    main.%92 >= 10
%93:
    main.%93 >= 4
%94:
    main.%94 >= 4
%95:
    main.%95 >= 11
    main.%93 == main.%94
    main.%94 == main.%95
%96:
    main.%96 >= 11
%97:
    main.%97 >= 4
%98:
    main.%98 >= 4
%99:
    main.%99 >= 5
%100:
    main.%100 >= 5
%101:
    main.%101 >= 1
%102:
    main.%102 >= 5
    main.%101 == main.%100
    main.%100 == main.%102
%103:
    main.%103 >= 6
    main.%99 == main.%102
    main.%102 == main.%103
%104:
    main.%104 >= 4
%105:
    main.%105 >= 4
%106:
    main.%106 >= 11
    main.%104 == main.%105
    main.%105 == main.%106
%107:
    main.%107 >= 11
%108:
    main.%108 >= 4
%109:
    main.%109 >= 1
%110:
    main.%110 >= 1
%111:
    main.%111 >= 1
    main.%109 == main.%110
    main.%110 == main.%111
%112:
    main.%112 >= 4
    main.%111 == main.%108
    main.%108 == main.%112
%113:
    main.%113 >= 4
%114:
    main.%114 >= 12
    main.%112 == main.%113
    main.%113 == main.%114
%115:
    main.%115 >= 12
%116:
    main.%116 >= 4
%117:
    main.%117 >= 4
%118:
    main.%118 >= 10
    main.%116 == main.%117
    main.%117 == main.%118
%119:
    main.%119 >= 10
%120:
    main.%120 >= 4
%121:
    main.%121 >= 4
%122:
    main.%122 >= 5
%123:
    main.%123 >= 5
%124:
    main.%124 >= 1
%125:
    main.%125 >= 5
    main.%124 == main.%123
    main.%123 == main.%125
%126:
    main.%126 >= 7
    main.%122 == main.%125
    main.%125 == main.%126
%127:
    main.%127 >= 4
%128:
    main.%128 >= 4
%129:
    main.%129 >= 11
    main.%127 == main.%128
    main.%128 == main.%129
%130:
    main.%130 >= 11
%131:
    main.%131 >= 4
%132:
    main.%132 >= 1
%133:
    main.%133 >= 1
%134:
    main.%134 >= 1
    main.%132 == main.%133
    main.%133 == main.%134
%135:
    main.%135 >= 4
    main.%134 == main.%131
    main.%131 == main.%135
%136:
    main.%136 >= 4
%137:
    main.%137 >= 12
    main.%135 == main.%136
    main.%136 == main.%137
%138:
    main.%138 >= 12
%139:
    main.%139 >= 4
%140:
    main.%140 >= 4
%141:
    main.%141 >= 10
    main.%139 == main.%140
    main.%140 == main.%141
%142:
    main.%142 >= 10
%143:
    main.%143 >= 4
%144:
    main.%144 >= 4
%145:
    main.%145 >= 5
%146:
    main.%146 >= 5
%147:
    main.%147 >= 1
%148:
    main.%148 >= 5
    main.%147 == main.%146
    main.%146 == main.%148
%149:
    main.%149 >= 6
    main.%145 == main.%148
    main.%148 == main.%149
%150:
    main.%150 >= 4
%151:
    main.%151 >= 4
%152:
    main.%152 >= 11
    main.%150 == main.%151
    main.%151 == main.%152
%153:
    main.%153 >= 11
%154:
    main.%154 >= 4
%155:
    main.%155 >= 1
%156:
    main.%156 >= 1
%157:
    main.%157 >= 1
    main.%155 == main.%156
    main.%156 == main.%157
%158:
    main.%158 >= 4
    main.%157 == main.%154
    main.%154 == main.%158
%159:
    main.%159 >= 4
%160:
    main.%160 >= 12
    main.%158 == main.%159
    main.%159 == main.%160
%161:
    main.%161 >= 12
%162:
    main.%162 >= 4
%163:
    main.%163 >= 4
%164:
    main.%164 >= 11
    main.%162 == main.%163
    main.%163 == main.%164
%165:
    main.%165 >= 11
%166:
    main.%166 >= 4
%167:
    main.%167 >= 4
%168:
    main.%168 >= 5
%169:
    main.%169 >= 5
%170:
    main.%170 >= 1
%171:
    main.%171 >= 5
    main.%170 == main.%169
    main.%169 == main.%171
%172:
    main.%172 >= 6
    main.%168 == main.%171
    main.%171 == main.%172
%173:
    main.%173 >= 4
%174:
    main.%174 >= 4
%175:
    main.%175 >= 11
    main.%173 == main.%174
    main.%174 == main.%175
%176:
    main.%176 >= 11
%177:
    main.%177 >= 4
%178:
    main.%178 >= 1
%179:
    main.%179 >= 1
%180:
    main.%180 >= 1
    main.%178 == main.%179
    main.%179 == main.%180
%181:
    main.%181 >= 4
    main.%180 == main.%177
    main.%177 == main.%181
%182:
    main.%182 >= 4
%183:
    main.%183 >= 13
    main.%181 == main.%182
    main.%182 == main.%183
%184:
    main.%184 >= 13
%185:
    main.%185 >= 4
%186:
    main.%186 >= 4
%187:
    main.%187 >= 11
    main.%185 == main.%186
    main.%186 == main.%187
%188:
    main.%188 >= 11
%189:
    main.%189 >= 4
%190:
    main.%190 >= 4
%191:
    main.%191 >= 11
    main.%189 == main.%190
    main.%190 == main.%191
%192:
    main.%192 >= 11
%193:
    main.%193 >= 4
%194:
    main.%194 >= 4
%195:
    main.%195 >= 6
%196:
    main.%196 >= 5
%197:
    main.%197 >= 1
%198:
    main.%198 >= 5
    main.%197 == main.%196
    main.%196 == main.%198
%199:
    main.%199 >= 6
    main.%195 == main.%198
    main.%198 == main.%199
%200:
    main.%200 >= 4
%201:
    main.%201 >= 4
%202:
    main.%202 >= 12
    main.%200 == main.%201
    main.%201 == main.%202
%203:
    main.%203 >= 12
%204:
    main.%204 >= 4
%205:
    main.%205 >= 1
%206:
    main.%206 >= 1
%207:
    main.%207 >= 1
    main.%205 == main.%206
    main.%206 == main.%207
%208:
    main.%208 >= 4
    main.%207 == main.%204
    main.%204 == main.%208
%209:
    main.%209 >= 4
%210:
    main.%210 >= 13
    main.%208 == main.%209
    main.%209 == main.%210
%211:
    main.%211 >= 13
%212:
    main.%212 >= 4
%213:
    main.%213 >= 4
%214:
    main.%214 >= 11
    main.%212 == main.%213
    main.%213 == main.%214
%215:
    main.%215 >= 11
%216:
    main.%216 >= 4
%217:
    main.%217 >= 4
%218:
    main.%218 >= 6
%219:
    main.%219 >= 5
%220:
    main.%220 >= 1
%221:
    main.%221 >= 5
    main.%220 == main.%219
    main.%219 == main.%221
%222:
    main.%222 >= 7
    main.%218 == main.%221
    main.%221 == main.%222
%223:
    main.%223 >= 4
%224:
    main.%224 >= 4
%225:
    main.%225 >= 12
    main.%223 == main.%224
    main.%224 == main.%225
%226:
    main.%226 >= 12
%227:
    main.%227 >= 4
%228:
    main.%228 >= 1
%229:
    main.%229 >= 1
%230:
    main.%230 >= 1
    main.%228 == main.%229
    main.%229 == main.%230
%231:
    main.%231 >= 4
    main.%230 == main.%227
    main.%227 == main.%231
%232:
    main.%232 >= 4
%233:
    main.%233 >= 13
    main.%231 == main.%232
    main.%232 == main.%233
%234:
    main.%234 >= 13
%235:
    main.%235 >= 4
%236:
    main.%236 >= 4
%237:
    main.%237 >= 11
    main.%235 == main.%236
    main.%236 == main.%237
%238:
    main.%238 >= 11
%239:
    main.%239 >= 4
%240:
    main.%240 >= 4
%241:
    main.%241 >= 5
%242:
    main.%242 >= 5
%243:
    main.%243 >= 1
%244:
    main.%244 >= 5
    main.%243 == main.%242
    main.%242 == main.%244
%245:
    main.%245 >= 7
    main.%241 == main.%244
    main.%244 == main.%245
%246:
    main.%246 >= 4
%247:
    main.%247 >= 4
%248:
    main.%248 >= 12
    main.%246 == main.%247
    main.%247 == main.%248
%249:
    main.%249 >= 12
%250:
    main.%250 >= 4
%251:
    main.%251 >= 1
%252:
    main.%252 >= 1
%253:
    main.%253 >= 1
    main.%251 == main.%252
    main.%252 == main.%253
%254:
    main.%254 >= 4
    main.%253 == main.%250
    main.%250 == main.%254
%255:
    main.%255 >= 4
%256:
    main.%256 >= 13
    main.%254 == main.%255
    main.%255 == main.%256
%257:
    main.%257 >= 13
%258:
    main.%258 >= 4
%259:
    main.%259 >= 4
%260:
    main.%260 >= 10
    main.%258 == main.%259
    main.%259 == main.%260
%261:
    main.%261 >= 10
%262:
    main.%262 >= 4
%263:
    main.%263 >= 4
%264:
    main.%264 >= 5
%265:
    main.%265 >= 5
%266:
    main.%266 >= 1
%267:
    main.%267 >= 5
    main.%266 == main.%265
    main.%265 == main.%267
%268:
    main.%268 >= 7
    main.%264 == main.%267
    main.%267 == main.%268
%269:
    main.%269 >= 4
%270:
    main.%270 >= 4
%271:
    main.%271 >= 11
    main.%269 == main.%270
    main.%270 == main.%271
%272:
    main.%272 >= 11
%273:
    main.%273 >= 4
%274:
    main.%274 >= 1
%275:
    main.%275 >= 1
%276:
    main.%276 >= 1
    main.%274 == main.%275
    main.%275 == main.%276
%277:
    main.%277 >= 4
    main.%276 == main.%273
    main.%273 == main.%277
%278:
    main.%278 >= 4
%279:
    main.%279 >= 13
    main.%277 == main.%278
    main.%278 == main.%279
%280:
    main.%280 >= 13
%281:
    main.%281 >= 4
%282:
    main.%282 >= 4
%283:
    main.%283 >= 11
    main.%281 == main.%282
    main.%282 == main.%283
%284:
    main.%284 >= 11
%285:
    main.%285 >= 4
%286:
    main.%286 >= 4
%287:
    main.%287 >= 5
%288:
    main.%288 >= 6
%289:
    main.%289 >= 1
%290:
    main.%290 >= 6
    main.%289 == main.%288
    main.%288 == main.%290
%291:
    main.%291 >= 7
    main.%287 == main.%290
    main.%290 == main.%291
%292:
    main.%292 >= 4
%293:
    main.%293 >= 4
%294:
    main.%294 >= 11
    main.%292 == main.%293
    main.%293 == main.%294
%295:
    main.%295 >= 11
%296:
    main.%296 >= 4
%297:
    main.%297 >= 1
%298:
    main.%298 >= 1
%299:
    main.%299 >= 1
    main.%297 == main.%298
    main.%298 == main.%299
%300:
    main.%300 >= 4
    main.%299 == main.%296
    main.%296 == main.%300
%301:
    main.%301 >= 4
%302:
    main.%302 >= 12
    main.%300 == main.%301
    main.%301 == main.%302
%303:
    main.%303 >= 12
%304:
    main.%304 >= 4
%305:
    main.%305 >= 4
%306:
    main.%306 >= 11
    main.%304 == main.%305
    main.%305 == main.%306
%307:
    main.%307 >= 11
%308:
    main.%308 >= 4
%309:
    main.%309 >= 4
%310:
    main.%310 >= 5
%311:
    main.%311 >= 6
%312:
    main.%312 >= 1
%313:
    main.%313 >= 6
    main.%312 == main.%311
    main.%311 == main.%313
%314:
    main.%314 >= 7
    main.%310 == main.%313
    main.%313 == main.%314
%315:
    main.%315 >= 4
%316:
    main.%316 >= 4
%317:
    main.%317 >= 11
    main.%315 == main.%316
    main.%316 == main.%317
%318:
    main.%318 >= 11
%319:
    main.%319 >= 4
%320:
    main.%320 >= 1
%321:
    main.%321 >= 1
%322:
    main.%322 >= 1
    main.%320 == main.%321
    main.%321 == main.%322
%323:
    main.%323 >= 4
    main.%322 == main.%319
    main.%319 == main.%323
%324:
    main.%324 >= 4
%325:
    main.%325 >= 14
    main.%323 == main.%324
    main.%324 == main.%325
%326:
    main.%326 >= 14
%327:
    main.%327 >= 4
%328:
    main.%328 >= 4
%329:
    main.%329 >= 13
    main.%327 == main.%328
    main.%328 == main.%329
%330:
    main.%330 >= 13
%331:
    main.%331 >= 4
%332:
    main.%332 >= 4
%333:
    main.%333 >= 13
    main.%331 == main.%332
    main.%332 == main.%333
%334:
    main.%334 >= 13
%335:
    main.%335 >= 4
%336:
    main.%336 >= 4
%337:
    main.%337 >= 6
%338:
    main.%338 >= 6
%339:
    main.%339 >= 1
%340:
    main.%340 >= 6
    main.%339 == main.%338
    main.%338 == main.%340
%341:
    main.%341 >= 7
    main.%337 == main.%340
    main.%340 == main.%341
%342:
    main.%342 >= 4
%343:
    main.%343 >= 4
%344:
    main.%344 >= 12
    main.%342 == main.%343
    main.%343 == main.%344
%345:
    main.%345 >= 12
%346:
    main.%346 >= 4
%347:
    main.%347 >= 1
%348:
    main.%348 >= 1
%349:
    main.%349 >= 1
    main.%347 == main.%348
    main.%348 == main.%349
%350:
    main.%350 >= 4
    main.%349 == main.%346
    main.%346 == main.%350
%351:
    main.%351 >= 4
%352:
    main.%352 >= 14
    main.%350 == main.%351
    main.%351 == main.%352
%353:
    main.%353 >= 14
%354:
    main.%354 >= 4
%355:
    main.%355 >= 4
%356:
    main.%356 >= 13
    main.%354 == main.%355
    main.%355 == main.%356
%357:
    main.%357 >= 13
%358:
    main.%358 >= 4
%359:
    main.%359 >= 4
%360:
    main.%360 >= 6
%361:
    main.%361 >= 5
%362:
    main.%362 >= 1
%363:
    main.%363 >= 5
    main.%362 == main.%361
    main.%361 == main.%363
%364:
    main.%364 >= 7
    main.%360 == main.%363
    main.%363 == main.%364
%365:
    main.%365 >= 4
%366:
    main.%366 >= 4
%367:
    main.%367 >= 12
    main.%365 == main.%366
    main.%366 == main.%367
%368:
    main.%368 >= 12
%369:
    main.%369 >= 4
%370:
    main.%370 >= 1
%371:
    main.%371 >= 1
%372:
    main.%372 >= 1
    main.%370 == main.%371
    main.%371 == main.%372
%373:
    main.%373 >= 4
    main.%372 == main.%369
    main.%369 == main.%373
%374:
    main.%374 >= 4
%375:
    main.%375 >= 14
    main.%373 == main.%374
    main.%374 == main.%375
%376:
    main.%376 >= 14
%377:
    main.%377 >= 4
%378:
    main.%378 >= 4
%379:
    main.%379 >= 12
    main.%377 == main.%378
    main.%378 == main.%379
%380:
    main.%380 >= 12
%381:
    main.%381 >= 4
%382:
    main.%382 >= 4
%383:
    main.%383 >= 5
%384:
    main.%384 >= 6
%385:
    main.%385 >= 1
%386:
    main.%386 >= 6
    main.%385 == main.%384
    main.%384 == main.%386
%387:
    main.%387 >= 7
    main.%383 == main.%386
    main.%386 == main.%387
%388:
    main.%388 >= 4
%389:
    main.%389 >= 1
%390:
    main.%390 >= 7
    main.%388 == main.%389
    main.%389 == main.%390
%391:
    main.%391 >= 3
%392:
    main.%392 >= 3
    main.%391 == main.%392
--------------------------------------------------------------------------------

Bit-Width Assignments
--------------------------------------------------------------------------------
  main.%0 = 8
  main.%1 = 8
  main.%2 = 8
  main.%3 = 8
  main.%4 = 10
  main.%5 = 10
  main.%6 = 10
  main.%7 = 10
  main.%8 = 12
  main.%9 = 12
 main.%10 = 12
 main.%11 = 12
 main.%12 = 12
 main.%13 = 12
 main.%14 = 12
 main.%15 = 12
 main.%16 = 10
 main.%17 = 10
 main.%18 = 10
 main.%19 = 10
 main.%20 = 10
 main.%21 = 10
 main.%22 = 10
 main.%23 = 10
 main.%24 = 4
 main.%25 = 4
 main.%26 = 6
 main.%27 = 6
 main.%28 = 6
 main.%29 = 6
 main.%30 = 6
 main.%31 = 11
 main.%32 = 11
 main.%33 = 11
 main.%34 = 11
 main.%35 = 12
 main.%36 = 12
 main.%37 = 12
 main.%38 = 12
 main.%39 = 12
 main.%40 = 12
 main.%41 = 12
 main.%42 = 12
 main.%43 = 10
 main.%44 = 10
 main.%45 = 10
 main.%46 = 10
 main.%47 = 4
 main.%48 = 4
 main.%49 = 6
 main.%50 = 6
 main.%51 = 6
 main.%52 = 6
 main.%53 = 6
 main.%54 = 11
 main.%55 = 11
 main.%56 = 11
 main.%57 = 11
 main.%58 = 12
 main.%59 = 12
 main.%60 = 12
 main.%61 = 12
 main.%62 = 12
 main.%63 = 12
 main.%64 = 12
 main.%65 = 12
 main.%66 = 10
 main.%67 = 10
 main.%68 = 10
 main.%69 = 10
 main.%70 = 4
 main.%71 = 4
 main.%72 = 6
 main.%73 = 6
 main.%74 = 6
 main.%75 = 6
 main.%76 = 6
 main.%77 = 11
 main.%78 = 11
 main.%79 = 11
 main.%80 = 11
 main.%81 = 12
 main.%82 = 12
 main.%83 = 12
 main.%84 = 12
 main.%85 = 12
 main.%86 = 12
 main.%87 = 12
 main.%88 = 12
 main.%89 = 10
 main.%90 = 10
 main.%91 = 10
 main.%92 = 10
 main.%93 = 11
 main.%94 = 11
 main.%95 = 11
 main.%96 = 11
 main.%97 = 4
 main.%98 = 4
 main.%99 = 6
main.%100 = 6
main.%101 = 6
main.%102 = 6
main.%103 = 6
main.%104 = 11
main.%105 = 11
main.%106 = 11
main.%107 = 11
main.%108 = 12
main.%109 = 12
main.%110 = 12
main.%111 = 12
main.%112 = 12
main.%113 = 12
main.%114 = 12
main.%115 = 12
main.%116 = 10
main.%117 = 10
main.%118 = 10
main.%119 = 10
main.%120 = 4
main.%121 = 4
main.%122 = 7
main.%123 = 7
main.%124 = 7
main.%125 = 7
main.%126 = 7
main.%127 = 11
main.%128 = 11
main.%129 = 11
main.%130 = 11
main.%131 = 12
main.%132 = 12
main.%133 = 12
main.%134 = 12
main.%135 = 12
main.%136 = 12
main.%137 = 12
main.%138 = 12
main.%139 = 10
main.%140 = 10
main.%141 = 10
main.%142 = 10
main.%143 = 4
main.%144 = 4
main.%145 = 6
main.%146 = 6
main.%147 = 6
main.%148 = 6
main.%149 = 6
main.%150 = 11
main.%151 = 11
main.%152 = 11
main.%153 = 11
main.%154 = 12
main.%155 = 12
main.%156 = 12
main.%157 = 12
main.%158 = 12
main.%159 = 12
main.%160 = 12
main.%161 = 12
main.%162 = 11
main.%163 = 11
main.%164 = 11
main.%165 = 11
main.%166 = 4
main.%167 = 4
main.%168 = 6
main.%169 = 6
main.%170 = 6
main.%171 = 6
main.%172 = 6
main.%173 = 11
main.%174 = 11
main.%175 = 11
main.%176 = 11
main.%177 = 13
main.%178 = 13
main.%179 = 13
main.%180 = 13
main.%181 = 13
main.%182 = 13
main.%183 = 13
main.%184 = 13
main.%185 = 11
main.%186 = 11
main.%187 = 11
main.%188 = 11
main.%189 = 11
main.%190 = 11
main.%191 = 11
main.%192 = 11
main.%193 = 4
main.%194 = 4
main.%195 = 6
main.%196 = 6
main.%197 = 6
main.%198 = 6
main.%199 = 6
main.%200 = 12
main.%201 = 12
main.%202 = 12
main.%203 = 12
main.%204 = 13
main.%205 = 13
main.%206 = 13
main.%207 = 13
main.%208 = 13
main.%209 = 13
main.%210 = 13
main.%211 = 13
main.%212 = 11
main.%213 = 11
main.%214 = 11
main.%215 = 11
main.%216 = 4
main.%217 = 4
main.%218 = 7
main.%219 = 7
main.%220 = 7
main.%221 = 7
main.%222 = 7
main.%223 = 12
main.%224 = 12
main.%225 = 12
main.%226 = 12
main.%227 = 13
main.%228 = 13
main.%229 = 13
main.%230 = 13
main.%231 = 13
main.%232 = 13
main.%233 = 13
main.%234 = 13
main.%235 = 11
main.%236 = 11
main.%237 = 11
main.%238 = 11
main.%239 = 4
main.%240 = 4
main.%241 = 7
main.%242 = 7
main.%243 = 7
main.%244 = 7
main.%245 = 7
main.%246 = 12
main.%247 = 12
main.%248 = 12
main.%249 = 12
main.%250 = 13
main.%251 = 13
main.%252 = 13
main.%253 = 13
main.%254 = 13
main.%255 = 13
main.%256 = 13
main.%257 = 13
main.%258 = 10
main.%259 = 10
main.%260 = 10
main.%261 = 10
main.%262 = 4
main.%263 = 4
main.%264 = 7
main.%265 = 7
main.%266 = 7
main.%267 = 7
main.%268 = 7
main.%269 = 11
main.%270 = 11
main.%271 = 11
main.%272 = 11
main.%273 = 13
main.%274 = 13
main.%275 = 13
main.%276 = 13
main.%277 = 13
main.%278 = 13
main.%279 = 13
main.%280 = 13
main.%281 = 11
main.%282 = 11
main.%283 = 11
main.%284 = 11
main.%285 = 4
main.%286 = 4
main.%287 = 7
main.%288 = 7
main.%289 = 7
main.%290 = 7
main.%291 = 7
main.%292 = 11
main.%293 = 11
main.%294 = 11
main.%295 = 11
main.%296 = 12
main.%297 = 12
main.%298 = 12
main.%299 = 12
main.%300 = 12
main.%301 = 12
main.%302 = 12
main.%303 = 12
main.%304 = 11
main.%305 = 11
main.%306 = 11
main.%307 = 11
main.%308 = 4
main.%309 = 4
main.%310 = 7
main.%311 = 7
main.%312 = 7
main.%313 = 7
main.%314 = 7
main.%315 = 11
main.%316 = 11
main.%317 = 11
main.%318 = 11
main.%319 = 14
main.%320 = 14
main.%321 = 14
main.%322 = 14
main.%323 = 14
main.%324 = 14
main.%325 = 14
main.%326 = 14
main.%327 = 13
main.%328 = 13
main.%329 = 13
main.%330 = 13
main.%331 = 13
main.%332 = 13
main.%333 = 13
main.%334 = 13
main.%335 = 4
main.%336 = 4
main.%337 = 7
main.%338 = 7
main.%339 = 7
main.%340 = 7
main.%341 = 7
main.%342 = 12
main.%343 = 12
main.%344 = 12
main.%345 = 12
main.%346 = 14
main.%347 = 14
main.%348 = 14
main.%349 = 14
main.%350 = 14
main.%351 = 14
main.%352 = 14
main.%353 = 14
main.%354 = 13
main.%355 = 13
main.%356 = 13
main.%357 = 13
main.%358 = 4
main.%359 = 4
main.%360 = 7
main.%361 = 7
main.%362 = 7
main.%363 = 7
main.%364 = 7
main.%365 = 12
main.%366 = 12
main.%367 = 12
main.%368 = 12
main.%369 = 14
main.%370 = 14
main.%371 = 14
main.%372 = 14
main.%373 = 14
main.%374 = 14
main.%375 = 14
main.%376 = 14
main.%377 = 12
main.%378 = 12
main.%379 = 12
main.%380 = 12
main.%381 = 4
main.%382 = 4
main.%383 = 7
main.%384 = 7
main.%385 = 7
main.%386 = 7
main.%387 = 7
main.%388 = 7
main.%389 = 7
main.%390 = 7
main.%391 = 3
main.%392 = 3
 main.max = 14
--------------------------------------------------------------------------------

Bit-Width Assigned Computation Graph
--------------------------------------------------------------------------------
  %0 = _inp_1                                                                                                             # EncryptedTensor<int8, shape=(1, 24, 56, 56)>            ∈ [-8, 7]
  %1 = [[[[ 0]]   ...   [[ 1]]]]                                                                                          # ClearTensor<int5, shape=(64, 24, 1, 1)>                 ∈ [-7, 7]              @ /trunk/trunk.1/Conv.conv
  %2 = conv2d(%0, %1, [0 0 0 0 0 ... 0 0 0 0 0], pads=[0, 0, 0, 0], strides=(1, 1), dilations=(1, 1), group=1)            # EncryptedTensor<int8, shape=(1, 64, 56, 56)>            ∈ [-84, 88]            @ /trunk/trunk.1/Conv.conv
  %3 = round_bit_pattern(%2, lsbs_to_remove=1, overflow_protection=False, exactness=Exactness.EXACT)                      # EncryptedTensor<int8, shape=(1, 64, 56, 56)>            ∈ [-84, 88]            @ /trunk/trunk.1/Conv.conv_rounding
  %4 = subgraph(%3)                                                                                                       # EncryptedTensor<int10, shape=(1, 64, 56, 56)>           ∈ [-8, 7]
  %5 = [[[[ 0]]   ...   [[-3]]]]                                                                                          # ClearTensor<int5, shape=(64, 64, 1, 1)>                 ∈ [-7, 7]              @ /trunk/trunk.4/C1/Conv.conv
  %6 = conv2d(%4, %5, [0 0 0 0 0 ... 0 0 0 0 0], pads=[0, 0, 0, 0], strides=(1, 1), dilations=(1, 1), group=1)            # EncryptedTensor<int10, shape=(1, 64, 56, 56)>           ∈ [-249, 257]          @ /trunk/trunk.4/C1/Conv.conv
  %7 = round_bit_pattern(%6, lsbs_to_remove=2, overflow_protection=False, exactness=Exactness.EXACT)                      # EncryptedTensor<int10, shape=(1, 64, 56, 56)>           ∈ [-248, 256]          @ /trunk/trunk.4/C1/Conv.conv_rounding
  %8 = subgraph(%7)                                                                                                       # EncryptedTensor<uint12, shape=(1, 64, 56, 56)>          ∈ [0, 15]
  %9 = ones()                                                                                                             # EncryptedTensor<uint12, shape=(1, 64, 58, 58)>          ∈ [1, 1]
 %10 = 0                                                                                                                  # ClearScalar<uint2>                                      ∈ [0, 0]
 %11 = multiply(%9, %10)                                                                                                  # EncryptedTensor<uint12, shape=(1, 64, 58, 58)>          ∈ [0, 0]
 %12 = (%11[:, :, 1:57, 1:57] = %8)                                                                                       # EncryptedTensor<uint12, shape=(1, 64, 58, 58)>          ∈ [0, 15]
 %13 = [[[[-4 -1  ...   2  2]]]]                                                                                          # ClearTensor<int5, shape=(64, 64, 3, 3)>                 ∈ [-7, 7]              @ /trunk/trunk.4/C2/Conv.conv
 %14 = conv2d(%12, %13, [0 0 0 0 0 ... 0 0 0 0 0], pads=[0, 0, 0, 0], strides=(1, 1), dilations=(1, 1), group=1)          # EncryptedTensor<int12, shape=(1, 64, 56, 56)>           ∈ [-1202, 1179]        @ /trunk/trunk.4/C2/Conv.conv
 %15 = round_bit_pattern(%14, lsbs_to_remove=5, overflow_protection=False, exactness=Exactness.EXACT)                     # EncryptedTensor<int12, shape=(1, 64, 56, 56)>           ∈ [-1216, 1184]        @ /trunk/trunk.4/C2/Conv.conv_rounding
 %16 = subgraph(%15)                                                                                                      # EncryptedTensor<uint10, shape=(1, 64, 56, 56)>          ∈ [0, 15]
 %17 = [[[[-1]]   ...   [[ 3]]]]                                                                                          # ClearTensor<int5, shape=(256, 64, 1, 1)>                ∈ [-7, 7]              @ /trunk/trunk.4/C3/Conv.conv
 %18 = conv2d(%16, %17, [0 0 0 0 0 ... 0 0 0 0 0], pads=[0, 0, 0, 0], strides=(1, 1), dilations=(1, 1), group=1)          # EncryptedTensor<int10, shape=(1, 256, 56, 56)>          ∈ [-510, 393]          @ /trunk/trunk.4/C3/Conv.conv
 %19 = round_bit_pattern(%18, lsbs_to_remove=3, overflow_protection=False, exactness=Exactness.EXACT)                     # EncryptedTensor<int10, shape=(1, 256, 56, 56)>          ∈ [-512, 392]          @ /trunk/trunk.4/C3/Conv.conv_rounding
 %20 = subgraph(%3)                                                                                                       # EncryptedTensor<int10, shape=(1, 64, 56, 56)>           ∈ [-8, 7]
 %21 = [[[[ 0]]   ...   [[ 4]]]]                                                                                          # ClearTensor<int5, shape=(256, 64, 1, 1)>                ∈ [-7, 7]              @ /trunk/trunk.4/shortcut/Conv.conv
 %22 = conv2d(%20, %21, [0 0 0 0 0 ... 0 0 0 0 0], pads=[0, 0, 0, 0], strides=(1, 1), dilations=(1, 1), group=1)          # EncryptedTensor<int10, shape=(1, 256, 56, 56)>          ∈ [-317, 324]          @ /trunk/trunk.4/shortcut/Conv.conv
 %23 = round_bit_pattern(%22, lsbs_to_remove=3, overflow_protection=False, exactness=Exactness.EXACT)                     # EncryptedTensor<int10, shape=(1, 256, 56, 56)>          ∈ [-320, 328]          @ /trunk/trunk.4/shortcut/Conv.conv_rounding
 %24 = subgraph(%19)                                                                                                      # EncryptedTensor<int4, shape=(1, 256, 56, 56)>           ∈ [-8, 7]
 %25 = subgraph(%23)                                                                                                      # EncryptedTensor<int4, shape=(1, 256, 56, 56)>           ∈ [-8, 7]
 %26 = subgraph(%24)                                                                                                      # EncryptedTensor<int6, shape=(1, 256, 56, 56)>           ∈ [-12, 10]
 %27 = subgraph(%25)                                                                                                      # EncryptedTensor<int6, shape=(1, 256, 56, 56)>           ∈ [-13, 11]
 %28 = 1                                                                                                                  # ClearScalar<uint2>                                      ∈ [1, 1]
 %29 = multiply(%28, %27)                                                                                                 # EncryptedTensor<int6, shape=(1, 256, 56, 56)>           ∈ [-13, 11]
 %30 = add(%26, %29)                                                                                                      # EncryptedTensor<int6, shape=(1, 256, 56, 56)>           ∈ [-25, 21]
 %31 = subgraph(%30)                                                                                                      # EncryptedTensor<uint11, shape=(1, 256, 56, 56)>         ∈ [0, 15]
 %32 = [[[[ 0]]   ...   [[-1]]]]                                                                                          # ClearTensor<int5, shape=(64, 256, 1, 1)>                ∈ [-7, 7]              @ /trunk/trunk.5/C1/Conv.conv
 %33 = conv2d(%31, %32, [0 0 0 0 0 ... 0 0 0 0 0], pads=[0, 0, 0, 0], strides=(1, 1), dilations=(1, 1), group=1)          # EncryptedTensor<int11, shape=(1, 64, 56, 56)>           ∈ [-560, 665]          @ /trunk/trunk.5/C1/Conv.conv
 %34 = round_bit_pattern(%33, lsbs_to_remove=4, overflow_protection=False, exactness=Exactness.EXACT)                     # EncryptedTensor<int11, shape=(1, 64, 56, 56)>           ∈ [-560, 672]          @ /trunk/trunk.5/C1/Conv.conv_rounding
 %35 = subgraph(%34)                                                                                                      # EncryptedTensor<uint12, shape=(1, 64, 56, 56)>          ∈ [0, 15]
 %36 = ones()                                                                                                             # EncryptedTensor<uint12, shape=(1, 64, 58, 58)>          ∈ [1, 1]
 %37 = 0                                                                                                                  # ClearScalar<uint2>                                      ∈ [0, 0]
 %38 = multiply(%36, %37)                                                                                                 # EncryptedTensor<uint12, shape=(1, 64, 58, 58)>          ∈ [0, 0]
 %39 = (%38[:, :, 1:57, 1:57] = %35)                                                                                      # EncryptedTensor<uint12, shape=(1, 64, 58, 58)>          ∈ [0, 15]
 %40 = [[[[ 1 -1  ...   0  1]]]]                                                                                          # ClearTensor<int5, shape=(64, 64, 3, 3)>                 ∈ [-7, 7]              @ /trunk/trunk.5/C2/Conv.conv
 %41 = conv2d(%39, %40, [0 0 0 0 0 ... 0 0 0 0 0], pads=[0, 0, 0, 0], strides=(1, 1), dilations=(1, 1), group=1)          # EncryptedTensor<int12, shape=(1, 64, 56, 56)>           ∈ [-1163, 1141]        @ /trunk/trunk.5/C2/Conv.conv
 %42 = round_bit_pattern(%41, lsbs_to_remove=4, overflow_protection=False, exactness=Exactness.EXACT)                     # EncryptedTensor<int12, shape=(1, 64, 56, 56)>           ∈ [-1168, 1136]        @ /trunk/trunk.5/C2/Conv.conv_rounding
 %43 = subgraph(%42)                                                                                                      # EncryptedTensor<uint10, shape=(1, 64, 56, 56)>          ∈ [0, 15]
 %44 = [[[[-2]]   ...   [[ 3]]]]                                                                                          # ClearTensor<int5, shape=(256, 64, 1, 1)>                ∈ [-7, 7]              @ /trunk/trunk.5/C3/Conv.conv
 %45 = conv2d(%43, %44, [0 0 0 0 0 ... 0 0 0 0 0], pads=[0, 0, 0, 0], strides=(1, 1), dilations=(1, 1), group=1)          # EncryptedTensor<int10, shape=(1, 256, 56, 56)>          ∈ [-465, 408]          @ /trunk/trunk.5/C3/Conv.conv
 %46 = round_bit_pattern(%45, lsbs_to_remove=3, overflow_protection=False, exactness=Exactness.EXACT)                     # EncryptedTensor<int10, shape=(1, 256, 56, 56)>          ∈ [-464, 408]          @ /trunk/trunk.5/C3/Conv.conv_rounding
 %47 = subgraph(%46)                                                                                                      # EncryptedTensor<int4, shape=(1, 256, 56, 56)>           ∈ [-8, 7]
 %48 = subgraph(%30)                                                                                                      # EncryptedTensor<uint4, shape=(1, 256, 56, 56)>          ∈ [0, 15]
 %49 = subgraph(%47)                                                                                                      # EncryptedTensor<int6, shape=(1, 256, 56, 56)>           ∈ [-12, 11]
 %50 = subgraph(%48)                                                                                                      # EncryptedTensor<uint6, shape=(1, 256, 56, 56)>          ∈ [0, 18]
 %51 = 1                                                                                                                  # ClearScalar<uint2>                                      ∈ [1, 1]
 %52 = multiply(%51, %50)                                                                                                 # EncryptedTensor<uint6, shape=(1, 256, 56, 56)>          ∈ [0, 18]
 %53 = add(%49, %52)                                                                                                      # EncryptedTensor<int6, shape=(1, 256, 56, 56)>           ∈ [-12, 29]
 %54 = subgraph(%53)                                                                                                      # EncryptedTensor<uint11, shape=(1, 256, 56, 56)>         ∈ [0, 15]
 %55 = [[[[-1]]   ...   [[ 0]]]]                                                                                          # ClearTensor<int5, shape=(64, 256, 1, 1)>                ∈ [-7, 7]              @ /trunk/trunk.6/C1/Conv.conv
 %56 = conv2d(%54, %55, [0 0 0 0 0 ... 0 0 0 0 0], pads=[0, 0, 0, 0], strides=(1, 1), dilations=(1, 1), group=1)          # EncryptedTensor<int11, shape=(1, 64, 56, 56)>           ∈ [-528, 481]          @ /trunk/trunk.6/C1/Conv.conv
 %57 = round_bit_pattern(%56, lsbs_to_remove=3, overflow_protection=False, exactness=Exactness.EXACT)                     # EncryptedTensor<int11, shape=(1, 64, 56, 56)>           ∈ [-528, 480]          @ /trunk/trunk.6/C1/Conv.conv_rounding
 %58 = subgraph(%57)                                                                                                      # EncryptedTensor<uint12, shape=(1, 64, 56, 56)>          ∈ [0, 15]
 %59 = ones()                                                                                                             # EncryptedTensor<uint12, shape=(1, 64, 58, 58)>          ∈ [1, 1]
 %60 = 0                                                                                                                  # ClearScalar<uint2>                                      ∈ [0, 0]
 %61 = multiply(%59, %60)                                                                                                 # EncryptedTensor<uint12, shape=(1, 64, 58, 58)>          ∈ [0, 0]
 %62 = (%61[:, :, 1:57, 1:57] = %58)                                                                                      # EncryptedTensor<uint12, shape=(1, 64, 58, 58)>          ∈ [0, 15]
 %63 = [[[[ 2  1  ...   0  0]]]]                                                                                          # ClearTensor<int5, shape=(64, 64, 3, 3)>                 ∈ [-7, 7]              @ /trunk/trunk.6/C2/Conv.conv
 %64 = conv2d(%62, %63, [0 0 0 0 0 ... 0 0 0 0 0], pads=[0, 0, 0, 0], strides=(1, 1), dilations=(1, 1), group=1)          # EncryptedTensor<int12, shape=(1, 64, 56, 56)>           ∈ [-1052, 995]         @ /trunk/trunk.6/C2/Conv.conv
 %65 = round_bit_pattern(%64, lsbs_to_remove=4, overflow_protection=False, exactness=Exactness.EXACT)                     # EncryptedTensor<int12, shape=(1, 64, 56, 56)>           ∈ [-1056, 992]         @ /trunk/trunk.6/C2/Conv.conv_rounding
 %66 = subgraph(%65)                                                                                                      # EncryptedTensor<uint10, shape=(1, 64, 56, 56)>          ∈ [0, 15]
 %67 = [[[[ 3]]   ...   [[-1]]]]                                                                                          # ClearTensor<int5, shape=(256, 64, 1, 1)>                ∈ [-7, 7]              @ /trunk/trunk.6/C3/Conv.conv
 %68 = conv2d(%66, %67, [0 0 0 0 0 ... 0 0 0 0 0], pads=[0, 0, 0, 0], strides=(1, 1), dilations=(1, 1), group=1)          # EncryptedTensor<int10, shape=(1, 256, 56, 56)>          ∈ [-416, 370]          @ /trunk/trunk.6/C3/Conv.conv
 %69 = round_bit_pattern(%68, lsbs_to_remove=3, overflow_protection=False, exactness=Exactness.EXACT)                     # EncryptedTensor<int10, shape=(1, 256, 56, 56)>          ∈ [-416, 368]          @ /trunk/trunk.6/C3/Conv.conv_rounding
 %70 = subgraph(%69)                                                                                                      # EncryptedTensor<int4, shape=(1, 256, 56, 56)>           ∈ [-8, 7]
 %71 = subgraph(%53)                                                                                                      # EncryptedTensor<uint4, shape=(1, 256, 56, 56)>          ∈ [0, 15]
 %72 = subgraph(%70)                                                                                                      # EncryptedTensor<int6, shape=(1, 256, 56, 56)>           ∈ [-10, 9]
 %73 = subgraph(%71)                                                                                                      # EncryptedTensor<uint6, shape=(1, 256, 56, 56)>          ∈ [0, 20]
 %74 = 1                                                                                                                  # ClearScalar<uint2>                                      ∈ [1, 1]
 %75 = multiply(%74, %73)                                                                                                 # EncryptedTensor<uint6, shape=(1, 256, 56, 56)>          ∈ [0, 20]
 %76 = add(%72, %75)                                                                                                      # EncryptedTensor<int6, shape=(1, 256, 56, 56)>           ∈ [-10, 29]
 %77 = subgraph(%76)                                                                                                      # EncryptedTensor<uint11, shape=(1, 256, 56, 56)>         ∈ [0, 15]
 %78 = [[[[ 0]]   ...   [[-1]]]]                                                                                          # ClearTensor<int5, shape=(128, 256, 1, 1)>               ∈ [-7, 7]              @ /trunk/trunk.7/C1/Conv.conv
 %79 = conv2d(%77, %78, [0 0 0 0 0 ... 0 0 0 0 0], pads=[0, 0, 0, 0], strides=(1, 1), dilations=(1, 1), group=1)          # EncryptedTensor<int11, shape=(1, 128, 56, 56)>          ∈ [-689, 598]          @ /trunk/trunk.7/C1/Conv.conv
 %80 = round_bit_pattern(%79, lsbs_to_remove=4, overflow_protection=False, exactness=Exactness.EXACT)                     # EncryptedTensor<int11, shape=(1, 128, 56, 56)>          ∈ [-688, 592]          @ /trunk/trunk.7/C1/Conv.conv_rounding
 %81 = subgraph(%80)                                                                                                      # EncryptedTensor<uint12, shape=(1, 128, 56, 56)>         ∈ [0, 15]
 %82 = ones()                                                                                                             # EncryptedTensor<uint12, shape=(1, 128, 58, 58)>         ∈ [1, 1]
 %83 = 0                                                                                                                  # ClearScalar<uint2>                                      ∈ [0, 0]
 %84 = multiply(%82, %83)                                                                                                 # EncryptedTensor<uint12, shape=(1, 128, 58, 58)>         ∈ [0, 0]
 %85 = (%84[:, :, 1:57, 1:57] = %81)                                                                                      # EncryptedTensor<uint12, shape=(1, 128, 58, 58)>         ∈ [0, 15]
 %86 = [[[[-1  1  ...   1  4]]]]                                                                                          # ClearTensor<int5, shape=(128, 128, 3, 3)>               ∈ [-7, 7]              @ /trunk/trunk.7/C2/Conv.conv
 %87 = conv2d(%85, %86, [0 0 0 0 0 ... 0 0 0 0 0], pads=[0, 0, 0, 0], strides=(2, 2), dilations=(1, 1), group=1)          # EncryptedTensor<int12, shape=(1, 128, 28, 28)>          ∈ [-1683, 1681]        @ /trunk/trunk.7/C2/Conv.conv
 %88 = round_bit_pattern(%87, lsbs_to_remove=5, overflow_protection=False, exactness=Exactness.EXACT)                     # EncryptedTensor<int12, shape=(1, 128, 28, 28)>          ∈ [-1696, 1696]        @ /trunk/trunk.7/C2/Conv.conv_rounding
 %89 = subgraph(%88)                                                                                                      # EncryptedTensor<uint10, shape=(1, 128, 28, 28)>         ∈ [0, 15]
 %90 = [[[[-1]]   ...   [[ 0]]]]                                                                                          # ClearTensor<int5, shape=(512, 128, 1, 1)>               ∈ [-6, 7]              @ /trunk/trunk.7/C3/Conv.conv
 %91 = conv2d(%89, %90, [0 0 0 0 0 ... 0 0 0 0 0], pads=[0, 0, 0, 0], strides=(1, 1), dilations=(1, 1), group=1)          # EncryptedTensor<int10, shape=(1, 512, 28, 28)>          ∈ [-454, 479]          @ /trunk/trunk.7/C3/Conv.conv
 %92 = round_bit_pattern(%91, lsbs_to_remove=3, overflow_protection=False, exactness=Exactness.EXACT)                     # EncryptedTensor<int10, shape=(1, 512, 28, 28)>          ∈ [-456, 480]          @ /trunk/trunk.7/C3/Conv.conv_rounding
 %93 = subgraph(%76)                                                                                                      # EncryptedTensor<uint11, shape=(1, 256, 56, 56)>         ∈ [0, 15]
 %94 = [[[[ 2]]   ...   [[-1]]]]                                                                                          # ClearTensor<int5, shape=(512, 256, 1, 1)>               ∈ [-6, 7]              @ /trunk/trunk.7/shortcut/Conv.conv
 %95 = conv2d(%93, %94, [0 0 0 0 0 ... 0 0 0 0 0], pads=[0, 0, 0, 0], strides=(2, 2), dilations=(1, 1), group=1)          # EncryptedTensor<int11, shape=(1, 512, 28, 28)>          ∈ [-585, 671]          @ /trunk/trunk.7/shortcut/Conv.conv
 %96 = round_bit_pattern(%95, lsbs_to_remove=3, overflow_protection=False, exactness=Exactness.EXACT)                     # EncryptedTensor<int11, shape=(1, 512, 28, 28)>          ∈ [-584, 672]          @ /trunk/trunk.7/shortcut/Conv.conv_rounding
 %97 = subgraph(%92)                                                                                                      # EncryptedTensor<int4, shape=(1, 512, 28, 28)>           ∈ [-8, 7]
 %98 = subgraph(%96)                                                                                                      # EncryptedTensor<int4, shape=(1, 512, 28, 28)>           ∈ [-8, 7]
 %99 = subgraph(%97)                                                                                                      # EncryptedTensor<int6, shape=(1, 512, 28, 28)>           ∈ [-13, 11]
%100 = subgraph(%98)                                                                                                      # EncryptedTensor<int6, shape=(1, 512, 28, 28)>           ∈ [-13, 11]
%101 = 1                                                                                                                  # ClearScalar<uint2>                                      ∈ [1, 1]
%102 = multiply(%101, %100)                                                                                               # EncryptedTensor<int6, shape=(1, 512, 28, 28)>           ∈ [-13, 11]
%103 = add(%99, %102)                                                                                                     # EncryptedTensor<int6, shape=(1, 512, 28, 28)>           ∈ [-26, 22]
%104 = subgraph(%103)                                                                                                     # EncryptedTensor<uint11, shape=(1, 512, 28, 28)>         ∈ [0, 15]
%105 = [[[[ 2]]   ...   [[ 1]]]]                                                                                          # ClearTensor<int5, shape=(128, 512, 1, 1)>               ∈ [-7, 6]              @ /trunk/trunk.8/C1/Conv.conv
%106 = conv2d(%104, %105, [0 0 0 0 0 ... 0 0 0 0 0], pads=[0, 0, 0, 0], strides=(1, 1), dilations=(1, 1), group=1)        # EncryptedTensor<int11, shape=(1, 128, 28, 28)>          ∈ [-797, 863]          @ /trunk/trunk.8/C1/Conv.conv
%107 = round_bit_pattern(%106, lsbs_to_remove=4, overflow_protection=False, exactness=Exactness.EXACT)                    # EncryptedTensor<int11, shape=(1, 128, 28, 28)>          ∈ [-800, 864]          @ /trunk/trunk.8/C1/Conv.conv_rounding
%108 = subgraph(%107)                                                                                                     # EncryptedTensor<uint12, shape=(1, 128, 28, 28)>         ∈ [0, 15]
%109 = ones()                                                                                                             # EncryptedTensor<uint12, shape=(1, 128, 30, 30)>         ∈ [1, 1]
%110 = 0                                                                                                                  # ClearScalar<uint2>                                      ∈ [0, 0]
%111 = multiply(%109, %110)                                                                                               # EncryptedTensor<uint12, shape=(1, 128, 30, 30)>         ∈ [0, 0]
%112 = (%111[:, :, 1:29, 1:29] = %108)                                                                                    # EncryptedTensor<uint12, shape=(1, 128, 30, 30)>         ∈ [0, 15]
%113 = [[[[-2  0  ...   0  2]]]]                                                                                          # ClearTensor<int5, shape=(128, 128, 3, 3)>               ∈ [-7, 7]              @ /trunk/trunk.8/C2/Conv.conv
%114 = conv2d(%112, %113, [0 0 0 0 0 ... 0 0 0 0 0], pads=[0, 0, 0, 0], strides=(1, 1), dilations=(1, 1), group=1)        # EncryptedTensor<int12, shape=(1, 128, 28, 28)>          ∈ [-1639, 1706]        @ /trunk/trunk.8/C2/Conv.conv
%115 = round_bit_pattern(%114, lsbs_to_remove=5, overflow_protection=False, exactness=Exactness.EXACT)                    # EncryptedTensor<int12, shape=(1, 128, 28, 28)>          ∈ [-1632, 1696]        @ /trunk/trunk.8/C2/Conv.conv_rounding
%116 = subgraph(%115)                                                                                                     # EncryptedTensor<uint10, shape=(1, 128, 28, 28)>         ∈ [0, 15]
%117 = [[[[ 1]]   ...   [[ 0]]]]                                                                                          # ClearTensor<int5, shape=(512, 128, 1, 1)>               ∈ [-6, 7]              @ /trunk/trunk.8/C3/Conv.conv
%118 = conv2d(%116, %117, [0 0 0 0 0 ... 0 0 0 0 0], pads=[0, 0, 0, 0], strides=(1, 1), dilations=(1, 1), group=1)        # EncryptedTensor<int10, shape=(1, 512, 28, 28)>          ∈ [-488, 456]          @ /trunk/trunk.8/C3/Conv.conv
%119 = round_bit_pattern(%118, lsbs_to_remove=3, overflow_protection=False, exactness=Exactness.EXACT)                    # EncryptedTensor<int10, shape=(1, 512, 28, 28)>          ∈ [-488, 456]          @ /trunk/trunk.8/C3/Conv.conv_rounding
%120 = subgraph(%119)                                                                                                     # EncryptedTensor<int4, shape=(1, 512, 28, 28)>           ∈ [-8, 7]
%121 = subgraph(%103)                                                                                                     # EncryptedTensor<uint4, shape=(1, 512, 28, 28)>          ∈ [0, 15]
%122 = subgraph(%120)                                                                                                     # EncryptedTensor<int7, shape=(1, 512, 28, 28)>           ∈ [-14, 13]
%123 = subgraph(%121)                                                                                                     # EncryptedTensor<uint7, shape=(1, 512, 28, 28)>          ∈ [0, 19]
%124 = 1                                                                                                                  # ClearScalar<uint2>                                      ∈ [1, 1]
%125 = multiply(%124, %123)                                                                                               # EncryptedTensor<uint7, shape=(1, 512, 28, 28)>          ∈ [0, 19]
%126 = add(%122, %125)                                                                                                    # EncryptedTensor<int7, shape=(1, 512, 28, 28)>           ∈ [-14, 32]
%127 = subgraph(%126)                                                                                                     # EncryptedTensor<uint11, shape=(1, 512, 28, 28)>         ∈ [0, 15]
%128 = [[[[-3]]   ...   [[ 1]]]]                                                                                          # ClearTensor<int5, shape=(128, 512, 1, 1)>               ∈ [-7, 6]              @ /trunk/trunk.9/C1/Conv.conv
%129 = conv2d(%127, %128, [0 0 0 0 0 ... 0 0 0 0 0], pads=[0, 0, 0, 0], strides=(1, 1), dilations=(1, 1), group=1)        # EncryptedTensor<int11, shape=(1, 128, 28, 28)>          ∈ [-634, 802]          @ /trunk/trunk.9/C1/Conv.conv
%130 = round_bit_pattern(%129, lsbs_to_remove=4, overflow_protection=False, exactness=Exactness.EXACT)                    # EncryptedTensor<int11, shape=(1, 128, 28, 28)>          ∈ [-640, 800]          @ /trunk/trunk.9/C1/Conv.conv_rounding
%131 = subgraph(%130)                                                                                                     # EncryptedTensor<uint12, shape=(1, 128, 28, 28)>         ∈ [0, 15]
%132 = ones()                                                                                                             # EncryptedTensor<uint12, shape=(1, 128, 30, 30)>         ∈ [1, 1]
%133 = 0                                                                                                                  # ClearScalar<uint2>                                      ∈ [0, 0]
%134 = multiply(%132, %133)                                                                                               # EncryptedTensor<uint12, shape=(1, 128, 30, 30)>         ∈ [0, 0]
%135 = (%134[:, :, 1:29, 1:29] = %131)                                                                                    # EncryptedTensor<uint12, shape=(1, 128, 30, 30)>         ∈ [0, 15]
%136 = [[[[ 0  0  ...   0  0]]]]                                                                                          # ClearTensor<int5, shape=(128, 128, 3, 3)>               ∈ [-7, 6]              @ /trunk/trunk.9/C2/Conv.conv
%137 = conv2d(%135, %136, [0 0 0 0 0 ... 0 0 0 0 0], pads=[0, 0, 0, 0], strides=(1, 1), dilations=(1, 1), group=1)        # EncryptedTensor<int12, shape=(1, 128, 28, 28)>          ∈ [-1348, 1601]        @ /trunk/trunk.9/C2/Conv.conv
%138 = round_bit_pattern(%137, lsbs_to_remove=5, overflow_protection=False, exactness=Exactness.EXACT)                    # EncryptedTensor<int12, shape=(1, 128, 28, 28)>          ∈ [-1344, 1600]        @ /trunk/trunk.9/C2/Conv.conv_rounding
%139 = subgraph(%138)                                                                                                     # EncryptedTensor<uint10, shape=(1, 128, 28, 28)>         ∈ [0, 15]
%140 = [[[[-1]]   ...   [[ 0]]]]                                                                                          # ClearTensor<int5, shape=(512, 128, 1, 1)>               ∈ [-7, 6]              @ /trunk/trunk.9/C3/Conv.conv
%141 = conv2d(%139, %140, [0 0 0 0 0 ... 0 0 0 0 0], pads=[0, 0, 0, 0], strides=(1, 1), dilations=(1, 1), group=1)        # EncryptedTensor<int10, shape=(1, 512, 28, 28)>          ∈ [-417, 487]          @ /trunk/trunk.9/C3/Conv.conv
%142 = round_bit_pattern(%141, lsbs_to_remove=3, overflow_protection=False, exactness=Exactness.EXACT)                    # EncryptedTensor<int10, shape=(1, 512, 28, 28)>          ∈ [-416, 488]          @ /trunk/trunk.9/C3/Conv.conv_rounding
%143 = subgraph(%142)                                                                                                     # EncryptedTensor<int4, shape=(1, 512, 28, 28)>           ∈ [-8, 7]
%144 = subgraph(%126)                                                                                                     # EncryptedTensor<uint4, shape=(1, 512, 28, 28)>          ∈ [0, 15]
%145 = subgraph(%143)                                                                                                     # EncryptedTensor<int6, shape=(1, 512, 28, 28)>           ∈ [-12, 11]
%146 = subgraph(%144)                                                                                                     # EncryptedTensor<uint6, shape=(1, 512, 28, 28)>          ∈ [0, 20]
%147 = 1                                                                                                                  # ClearScalar<uint2>                                      ∈ [1, 1]
%148 = multiply(%147, %146)                                                                                               # EncryptedTensor<uint6, shape=(1, 512, 28, 28)>          ∈ [0, 20]
%149 = add(%145, %148)                                                                                                    # EncryptedTensor<int6, shape=(1, 512, 28, 28)>           ∈ [-12, 31]
%150 = subgraph(%149)                                                                                                     # EncryptedTensor<uint11, shape=(1, 512, 28, 28)>         ∈ [0, 15]
%151 = [[[[-1]]   ...   [[ 1]]]]                                                                                          # ClearTensor<int5, shape=(128, 512, 1, 1)>               ∈ [-7, 5]              @ /trunk/trunk.10/C1/Conv.conv
%152 = conv2d(%150, %151, [0 0 0 0 0 ... 0 0 0 0 0], pads=[0, 0, 0, 0], strides=(1, 1), dilations=(1, 1), group=1)        # EncryptedTensor<int11, shape=(1, 128, 28, 28)>          ∈ [-554, 736]          @ /trunk/trunk.10/C1/Conv.conv
%153 = round_bit_pattern(%152, lsbs_to_remove=4, overflow_protection=False, exactness=Exactness.EXACT)                    # EncryptedTensor<int11, shape=(1, 128, 28, 28)>          ∈ [-560, 736]          @ /trunk/trunk.10/C1/Conv.conv_rounding
%154 = subgraph(%153)                                                                                                     # EncryptedTensor<uint12, shape=(1, 128, 28, 28)>         ∈ [0, 15]
%155 = ones()                                                                                                             # EncryptedTensor<uint12, shape=(1, 128, 30, 30)>         ∈ [1, 1]
%156 = 0                                                                                                                  # ClearScalar<uint2>                                      ∈ [0, 0]
%157 = multiply(%155, %156)                                                                                               # EncryptedTensor<uint12, shape=(1, 128, 30, 30)>         ∈ [0, 0]
%158 = (%157[:, :, 1:29, 1:29] = %154)                                                                                    # EncryptedTensor<uint12, shape=(1, 128, 30, 30)>         ∈ [0, 15]
%159 = [[[[ 3 -4  ...   0  1]]]]                                                                                          # ClearTensor<int5, shape=(128, 128, 3, 3)>               ∈ [-7, 7]              @ /trunk/trunk.10/C2/Conv.conv
%160 = conv2d(%158, %159, [0 0 0 0 0 ... 0 0 0 0 0], pads=[0, 0, 0, 0], strides=(1, 1), dilations=(1, 1), group=1)        # EncryptedTensor<int12, shape=(1, 128, 28, 28)>          ∈ [-1909, 1624]        @ /trunk/trunk.10/C2/Conv.conv
%161 = round_bit_pattern(%160, lsbs_to_remove=5, overflow_protection=False, exactness=Exactness.EXACT)                    # EncryptedTensor<int12, shape=(1, 128, 28, 28)>          ∈ [-1920, 1632]        @ /trunk/trunk.10/C2/Conv.conv_rounding
%162 = subgraph(%161)                                                                                                     # EncryptedTensor<uint11, shape=(1, 128, 28, 28)>         ∈ [0, 15]
%163 = [[[[ 2]]   ...   [[ 0]]]]                                                                                          # ClearTensor<int5, shape=(512, 128, 1, 1)>               ∈ [-7, 6]              @ /trunk/trunk.10/C3/Conv.conv
%164 = conv2d(%162, %163, [0 0 0 0 0 ... 0 0 0 0 0], pads=[0, 0, 0, 0], strides=(1, 1), dilations=(1, 1), group=1)        # EncryptedTensor<int11, shape=(1, 512, 28, 28)>          ∈ [-412, 554]          @ /trunk/trunk.10/C3/Conv.conv
%165 = round_bit_pattern(%164, lsbs_to_remove=3, overflow_protection=False, exactness=Exactness.EXACT)                    # EncryptedTensor<int11, shape=(1, 512, 28, 28)>          ∈ [-408, 552]          @ /trunk/trunk.10/C3/Conv.conv_rounding
%166 = subgraph(%165)                                                                                                     # EncryptedTensor<int4, shape=(1, 512, 28, 28)>           ∈ [-8, 7]
%167 = subgraph(%149)                                                                                                     # EncryptedTensor<uint4, shape=(1, 512, 28, 28)>          ∈ [0, 15]
%168 = subgraph(%166)                                                                                                     # EncryptedTensor<int6, shape=(1, 512, 28, 28)>           ∈ [-10, 9]
%169 = subgraph(%167)                                                                                                     # EncryptedTensor<uint6, shape=(1, 512, 28, 28)>          ∈ [0, 21]
%170 = 1                                                                                                                  # ClearScalar<uint2>                                      ∈ [1, 1]
%171 = multiply(%170, %169)                                                                                               # EncryptedTensor<uint6, shape=(1, 512, 28, 28)>          ∈ [0, 21]
%172 = add(%168, %171)                                                                                                    # EncryptedTensor<int6, shape=(1, 512, 28, 28)>           ∈ [-10, 30]
%173 = subgraph(%172)                                                                                                     # EncryptedTensor<uint11, shape=(1, 512, 28, 28)>         ∈ [0, 15]
%174 = [[[[ 0]]   ...   [[-1]]]]                                                                                          # ClearTensor<int5, shape=(256, 512, 1, 1)>               ∈ [-6, 7]              @ /trunk/trunk.11/C1/Conv.conv
%175 = conv2d(%173, %174, [0 0 0 0 0 ... 0 0 0 0 0], pads=[0, 0, 0, 0], strides=(1, 1), dilations=(1, 1), group=1)        # EncryptedTensor<int11, shape=(1, 256, 28, 28)>          ∈ [-751, 821]          @ /trunk/trunk.11/C1/Conv.conv
%176 = round_bit_pattern(%175, lsbs_to_remove=4, overflow_protection=False, exactness=Exactness.EXACT)                    # EncryptedTensor<int11, shape=(1, 256, 28, 28)>          ∈ [-752, 816]          @ /trunk/trunk.11/C1/Conv.conv_rounding
%177 = subgraph(%176)                                                                                                     # EncryptedTensor<uint13, shape=(1, 256, 28, 28)>         ∈ [0, 15]
%178 = ones()                                                                                                             # EncryptedTensor<uint13, shape=(1, 256, 30, 30)>         ∈ [1, 1]
%179 = 0                                                                                                                  # ClearScalar<uint2>                                      ∈ [0, 0]
%180 = multiply(%178, %179)                                                                                               # EncryptedTensor<uint13, shape=(1, 256, 30, 30)>         ∈ [0, 0]
%181 = (%180[:, :, 1:29, 1:29] = %177)                                                                                    # EncryptedTensor<uint13, shape=(1, 256, 30, 30)>         ∈ [0, 15]
%182 = [[[[ 0  1  ...   1 -3]]]]                                                                                          # ClearTensor<int5, shape=(256, 256, 3, 3)>               ∈ [-7, 7]              @ /trunk/trunk.11/C2/Conv.conv
%183 = conv2d(%181, %182, [0 0 0 0 0 ... 0 0 0 0 0], pads=[0, 0, 0, 0], strides=(2, 2), dilations=(1, 1), group=1)        # EncryptedTensor<int13, shape=(1, 256, 14, 14)>          ∈ [-2679, 3201]        @ /trunk/trunk.11/C2/Conv.conv
%184 = round_bit_pattern(%183, lsbs_to_remove=5, overflow_protection=False, exactness=Exactness.EXACT)                    # EncryptedTensor<int13, shape=(1, 256, 14, 14)>          ∈ [-2688, 3200]        @ /trunk/trunk.11/C2/Conv.conv_rounding
%185 = subgraph(%184)                                                                                                     # EncryptedTensor<uint11, shape=(1, 256, 14, 14)>         ∈ [0, 15]
%186 = [[[[ 2]]   ...   [[-1]]]]                                                                                          # ClearTensor<int5, shape=(1024, 256, 1, 1)>              ∈ [-7, 6]              @ /trunk/trunk.11/C3/Conv.conv
%187 = conv2d(%185, %186, [0 0 0 ... 0 0 0], pads=[0, 0, 0, 0], strides=(1, 1), dilations=(1, 1), group=1)                # EncryptedTensor<int11, shape=(1, 1024, 14, 14)>         ∈ [-607, 748]          @ /trunk/trunk.11/C3/Conv.conv
%188 = round_bit_pattern(%187, lsbs_to_remove=3, overflow_protection=False, exactness=Exactness.EXACT)                    # EncryptedTensor<int11, shape=(1, 1024, 14, 14)>         ∈ [-608, 752]          @ /trunk/trunk.11/C3/Conv.conv_rounding
%189 = subgraph(%172)                                                                                                     # EncryptedTensor<uint11, shape=(1, 512, 28, 28)>         ∈ [0, 15]
%190 = [[[[ 2]]   ...   [[ 0]]]]                                                                                          # ClearTensor<int5, shape=(1024, 512, 1, 1)>              ∈ [-7, 7]              @ /trunk/trunk.11/shortcut/Conv.conv
%191 = conv2d(%189, %190, [0 0 0 ... 0 0 0], pads=[0, 0, 0, 0], strides=(2, 2), dilations=(1, 1), group=1)                # EncryptedTensor<int11, shape=(1, 1024, 14, 14)>         ∈ [-786, 973]          @ /trunk/trunk.11/shortcut/Conv.conv
%192 = round_bit_pattern(%191, lsbs_to_remove=4, overflow_protection=False, exactness=Exactness.EXACT)                    # EncryptedTensor<int11, shape=(1, 1024, 14, 14)>         ∈ [-784, 976]          @ /trunk/trunk.11/shortcut/Conv.conv_rounding
%193 = subgraph(%188)                                                                                                     # EncryptedTensor<int4, shape=(1, 1024, 14, 14)>          ∈ [-8, 7]
%194 = subgraph(%192)                                                                                                     # EncryptedTensor<int4, shape=(1, 1024, 14, 14)>          ∈ [-8, 7]
%195 = subgraph(%193)                                                                                                     # EncryptedTensor<int6, shape=(1, 1024, 14, 14)>          ∈ [-17, 15]
%196 = subgraph(%194)                                                                                                     # EncryptedTensor<int6, shape=(1, 1024, 14, 14)>          ∈ [-14, 13]
%197 = 1                                                                                                                  # ClearScalar<uint2>                                      ∈ [1, 1]
%198 = multiply(%197, %196)                                                                                               # EncryptedTensor<int6, shape=(1, 1024, 14, 14)>          ∈ [-14, 13]
%199 = add(%195, %198)                                                                                                    # EncryptedTensor<int6, shape=(1, 1024, 14, 14)>          ∈ [-31, 28]
%200 = subgraph(%199)                                                                                                     # EncryptedTensor<uint12, shape=(1, 1024, 14, 14)>        ∈ [0, 15]
%201 = [[[[-1]]   ...   [[ 0]]]]                                                                                          # ClearTensor<int5, shape=(256, 1024, 1, 1)>              ∈ [-7, 6]              @ /trunk/trunk.12/C1/Conv.conv
%202 = conv2d(%200, %201, [0 0 0 0 0 ... 0 0 0 0 0], pads=[0, 0, 0, 0], strides=(1, 1), dilations=(1, 1), group=1)        # EncryptedTensor<int12, shape=(1, 256, 14, 14)>          ∈ [-947, 1035]         @ /trunk/trunk.12/C1/Conv.conv
%203 = round_bit_pattern(%202, lsbs_to_remove=4, overflow_protection=False, exactness=Exactness.EXACT)                    # EncryptedTensor<int12, shape=(1, 256, 14, 14)>          ∈ [-944, 1040]         @ /trunk/trunk.12/C1/Conv.conv_rounding
%204 = subgraph(%203)                                                                                                     # EncryptedTensor<uint13, shape=(1, 256, 14, 14)>         ∈ [0, 15]
%205 = ones()                                                                                                             # EncryptedTensor<uint13, shape=(1, 256, 16, 16)>         ∈ [1, 1]
%206 = 0                                                                                                                  # ClearScalar<uint2>                                      ∈ [0, 0]
%207 = multiply(%205, %206)                                                                                               # EncryptedTensor<uint13, shape=(1, 256, 16, 16)>         ∈ [0, 0]
%208 = (%207[:, :, 1:15, 1:15] = %204)                                                                                    # EncryptedTensor<uint13, shape=(1, 256, 16, 16)>         ∈ [0, 15]
%209 = [[[[ 0  0  ...   1 -1]]]]                                                                                          # ClearTensor<int5, shape=(256, 256, 3, 3)>               ∈ [-7, 7]              @ /trunk/trunk.12/C2/Conv.conv
%210 = conv2d(%208, %209, [0 0 0 0 0 ... 0 0 0 0 0], pads=[0, 0, 0, 0], strides=(1, 1), dilations=(1, 1), group=1)        # EncryptedTensor<int13, shape=(1, 256, 14, 14)>          ∈ [-2497, 2883]        @ /trunk/trunk.12/C2/Conv.conv
%211 = round_bit_pattern(%210, lsbs_to_remove=5, overflow_protection=False, exactness=Exactness.EXACT)                    # EncryptedTensor<int13, shape=(1, 256, 14, 14)>          ∈ [-2496, 2880]        @ /trunk/trunk.12/C2/Conv.conv_rounding
%212 = subgraph(%211)                                                                                                     # EncryptedTensor<uint11, shape=(1, 256, 14, 14)>         ∈ [0, 15]
%213 = [[[[-1]]   ...   [[ 1]]]]                                                                                          # ClearTensor<int5, shape=(1024, 256, 1, 1)>              ∈ [-7, 6]              @ /trunk/trunk.12/C3/Conv.conv
%214 = conv2d(%212, %213, [0 0 0 ... 0 0 0], pads=[0, 0, 0, 0], strides=(1, 1), dilations=(1, 1), group=1)                # EncryptedTensor<int11, shape=(1, 1024, 14, 14)>         ∈ [-475, 549]          @ /trunk/trunk.12/C3/Conv.conv
%215 = round_bit_pattern(%214, lsbs_to_remove=3, overflow_protection=False, exactness=Exactness.EXACT)                    # EncryptedTensor<int11, shape=(1, 1024, 14, 14)>         ∈ [-472, 552]          @ /trunk/trunk.12/C3/Conv.conv_rounding
%216 = subgraph(%215)                                                                                                     # EncryptedTensor<int4, shape=(1, 1024, 14, 14)>          ∈ [-8, 7]
%217 = subgraph(%199)                                                                                                     # EncryptedTensor<uint4, shape=(1, 1024, 14, 14)>         ∈ [0, 15]
%218 = subgraph(%216)                                                                                                     # EncryptedTensor<int7, shape=(1, 1024, 14, 14)>          ∈ [-18, 16]
%219 = subgraph(%217)                                                                                                     # EncryptedTensor<uint7, shape=(1, 1024, 14, 14)>         ∈ [0, 25]
%220 = 1                                                                                                                  # ClearScalar<uint2>                                      ∈ [1, 1]
%221 = multiply(%220, %219)                                                                                               # EncryptedTensor<uint7, shape=(1, 1024, 14, 14)>         ∈ [0, 25]
%222 = add(%218, %221)                                                                                                    # EncryptedTensor<int7, shape=(1, 1024, 14, 14)>          ∈ [-18, 41]
%223 = subgraph(%222)                                                                                                     # EncryptedTensor<uint12, shape=(1, 1024, 14, 14)>        ∈ [0, 15]
%224 = [[[[-2]]   ...   [[-2]]]]                                                                                          # ClearTensor<int5, shape=(256, 1024, 1, 1)>              ∈ [-6, 7]              @ /trunk/trunk.13/C1/Conv.conv
%225 = conv2d(%223, %224, [0 0 0 0 0 ... 0 0 0 0 0], pads=[0, 0, 0, 0], strides=(1, 1), dilations=(1, 1), group=1)        # EncryptedTensor<int12, shape=(1, 256, 14, 14)>          ∈ [-656, 1148]         @ /trunk/trunk.13/C1/Conv.conv
%226 = round_bit_pattern(%225, lsbs_to_remove=4, overflow_protection=False, exactness=Exactness.EXACT)                    # EncryptedTensor<int12, shape=(1, 256, 14, 14)>          ∈ [-656, 1152]         @ /trunk/trunk.13/C1/Conv.conv_rounding
%227 = subgraph(%226)                                                                                                     # EncryptedTensor<uint13, shape=(1, 256, 14, 14)>         ∈ [0, 15]
%228 = ones()                                                                                                             # EncryptedTensor<uint13, shape=(1, 256, 16, 16)>         ∈ [1, 1]
%229 = 0                                                                                                                  # ClearScalar<uint2>                                      ∈ [0, 0]
%230 = multiply(%228, %229)                                                                                               # EncryptedTensor<uint13, shape=(1, 256, 16, 16)>         ∈ [0, 0]
%231 = (%230[:, :, 1:15, 1:15] = %227)                                                                                    # EncryptedTensor<uint13, shape=(1, 256, 16, 16)>         ∈ [0, 15]
%232 = [[[[ 0 -1  ...   0 -1]]]]                                                                                          # ClearTensor<int5, shape=(256, 256, 3, 3)>               ∈ [-6, 7]              @ /trunk/trunk.13/C2/Conv.conv
%233 = conv2d(%231, %232, [0 0 0 0 0 ... 0 0 0 0 0], pads=[0, 0, 0, 0], strides=(1, 1), dilations=(1, 1), group=1)        # EncryptedTensor<int13, shape=(1, 256, 14, 14)>          ∈ [-2202, 2109]        @ /trunk/trunk.13/C2/Conv.conv
%234 = round_bit_pattern(%233, lsbs_to_remove=5, overflow_protection=False, exactness=Exactness.EXACT)                    # EncryptedTensor<int13, shape=(1, 256, 14, 14)>          ∈ [-2208, 2112]        @ /trunk/trunk.13/C2/Conv.conv_rounding
%235 = subgraph(%234)                                                                                                     # EncryptedTensor<uint11, shape=(1, 256, 14, 14)>         ∈ [0, 15]
%236 = [[[[ 3]]   ...   [[ 0]]]]                                                                                          # ClearTensor<int5, shape=(1024, 256, 1, 1)>              ∈ [-6, 7]              @ /trunk/trunk.13/C3/Conv.conv
%237 = conv2d(%235, %236, [0 0 0 ... 0 0 0], pads=[0, 0, 0, 0], strides=(1, 1), dilations=(1, 1), group=1)                # EncryptedTensor<int11, shape=(1, 1024, 14, 14)>         ∈ [-553, 639]          @ /trunk/trunk.13/C3/Conv.conv
%238 = round_bit_pattern(%237, lsbs_to_remove=3, overflow_protection=False, exactness=Exactness.EXACT)                    # EncryptedTensor<int11, shape=(1, 1024, 14, 14)>         ∈ [-552, 640]          @ /trunk/trunk.13/C3/Conv.conv_rounding
%239 = subgraph(%238)                                                                                                     # EncryptedTensor<int4, shape=(1, 1024, 14, 14)>          ∈ [-8, 7]
%240 = subgraph(%222)                                                                                                     # EncryptedTensor<uint4, shape=(1, 1024, 14, 14)>         ∈ [0, 15]
%241 = subgraph(%239)                                                                                                     # EncryptedTensor<int7, shape=(1, 1024, 14, 14)>          ∈ [-13, 12]
%242 = subgraph(%240)                                                                                                     # EncryptedTensor<uint7, shape=(1, 1024, 14, 14)>         ∈ [0, 26]
%243 = 1                                                                                                                  # ClearScalar<uint2>                                      ∈ [1, 1]
%244 = multiply(%243, %242)                                                                                               # EncryptedTensor<uint7, shape=(1, 1024, 14, 14)>         ∈ [0, 26]
%245 = add(%241, %244)                                                                                                    # EncryptedTensor<int7, shape=(1, 1024, 14, 14)>          ∈ [-13, 38]
%246 = subgraph(%245)                                                                                                     # EncryptedTensor<uint12, shape=(1, 1024, 14, 14)>        ∈ [0, 15]
%247 = [[[[-2]]   ...   [[ 0]]]]                                                                                          # ClearTensor<int5, shape=(256, 1024, 1, 1)>              ∈ [-6, 7]              @ /trunk/trunk.14/C1/Conv.conv
%248 = conv2d(%246, %247, [0 0 0 0 0 ... 0 0 0 0 0], pads=[0, 0, 0, 0], strides=(1, 1), dilations=(1, 1), group=1)        # EncryptedTensor<int12, shape=(1, 256, 14, 14)>          ∈ [-606, 1153]         @ /trunk/trunk.14/C1/Conv.conv
%249 = round_bit_pattern(%248, lsbs_to_remove=4, overflow_protection=False, exactness=Exactness.EXACT)                    # EncryptedTensor<int12, shape=(1, 256, 14, 14)>          ∈ [-608, 1152]         @ /trunk/trunk.14/C1/Conv.conv_rounding
%250 = subgraph(%249)                                                                                                     # EncryptedTensor<uint13, shape=(1, 256, 14, 14)>         ∈ [0, 15]
%251 = ones()                                                                                                             # EncryptedTensor<uint13, shape=(1, 256, 16, 16)>         ∈ [1, 1]
%252 = 0                                                                                                                  # ClearScalar<uint2>                                      ∈ [0, 0]
%253 = multiply(%251, %252)                                                                                               # EncryptedTensor<uint13, shape=(1, 256, 16, 16)>         ∈ [0, 0]
%254 = (%253[:, :, 1:15, 1:15] = %250)                                                                                    # EncryptedTensor<uint13, shape=(1, 256, 16, 16)>         ∈ [0, 15]
%255 = [[[[-1  1  ...   2  0]]]]                                                                                          # ClearTensor<int5, shape=(256, 256, 3, 3)>               ∈ [-7, 6]              @ /trunk/trunk.14/C2/Conv.conv
%256 = conv2d(%254, %255, [0 0 0 0 0 ... 0 0 0 0 0], pads=[0, 0, 0, 0], strides=(1, 1), dilations=(1, 1), group=1)        # EncryptedTensor<int13, shape=(1, 256, 14, 14)>          ∈ [-1904, 2549]        @ /trunk/trunk.14/C2/Conv.conv
%257 = round_bit_pattern(%256, lsbs_to_remove=5, overflow_protection=False, exactness=Exactness.EXACT)                    # EncryptedTensor<int13, shape=(1, 256, 14, 14)>          ∈ [-1888, 2560]        @ /trunk/trunk.14/C2/Conv.conv_rounding
%258 = subgraph(%257)                                                                                                     # EncryptedTensor<uint10, shape=(1, 256, 14, 14)>         ∈ [0, 15]
%259 = [[[[ 0]]   ...   [[ 2]]]]                                                                                          # ClearTensor<int5, shape=(1024, 256, 1, 1)>              ∈ [-5, 7]              @ /trunk/trunk.14/C3/Conv.conv
%260 = conv2d(%258, %259, [0 0 0 ... 0 0 0], pads=[0, 0, 0, 0], strides=(1, 1), dilations=(1, 1), group=1)                # EncryptedTensor<int10, shape=(1, 1024, 14, 14)>         ∈ [-498, 477]          @ /trunk/trunk.14/C3/Conv.conv
%261 = round_bit_pattern(%260, lsbs_to_remove=3, overflow_protection=False, exactness=Exactness.EXACT)                    # EncryptedTensor<int10, shape=(1, 1024, 14, 14)>         ∈ [-496, 480]          @ /trunk/trunk.14/C3/Conv.conv_rounding
%262 = subgraph(%261)                                                                                                     # EncryptedTensor<int4, shape=(1, 1024, 14, 14)>          ∈ [-8, 7]
%263 = subgraph(%245)                                                                                                     # EncryptedTensor<uint4, shape=(1, 1024, 14, 14)>         ∈ [0, 15]
%264 = subgraph(%262)                                                                                                     # EncryptedTensor<int7, shape=(1, 1024, 14, 14)>          ∈ [-11, 10]
%265 = subgraph(%263)                                                                                                     # EncryptedTensor<uint7, shape=(1, 1024, 14, 14)>         ∈ [0, 31]
%266 = 1                                                                                                                  # ClearScalar<uint2>                                      ∈ [1, 1]
%267 = multiply(%266, %265)                                                                                               # EncryptedTensor<uint7, shape=(1, 1024, 14, 14)>         ∈ [0, 31]
%268 = add(%264, %267)                                                                                                    # EncryptedTensor<int7, shape=(1, 1024, 14, 14)>          ∈ [-11, 41]
%269 = subgraph(%268)                                                                                                     # EncryptedTensor<uint11, shape=(1, 1024, 14, 14)>        ∈ [0, 15]
%270 = [[[[ 1]]   ...   [[ 1]]]]                                                                                          # ClearTensor<int5, shape=(256, 1024, 1, 1)>              ∈ [-7, 7]              @ /trunk/trunk.15/C1/Conv.conv
%271 = conv2d(%269, %270, [0 0 0 0 0 ... 0 0 0 0 0], pads=[0, 0, 0, 0], strides=(1, 1), dilations=(1, 1), group=1)        # EncryptedTensor<int11, shape=(1, 256, 14, 14)>          ∈ [-509, 902]          @ /trunk/trunk.15/C1/Conv.conv
%272 = round_bit_pattern(%271, lsbs_to_remove=4, overflow_protection=False, exactness=Exactness.EXACT)                    # EncryptedTensor<int11, shape=(1, 256, 14, 14)>          ∈ [-512, 896]          @ /trunk/trunk.15/C1/Conv.conv_rounding
%273 = subgraph(%272)                                                                                                     # EncryptedTensor<uint13, shape=(1, 256, 14, 14)>         ∈ [0, 15]
%274 = ones()                                                                                                             # EncryptedTensor<uint13, shape=(1, 256, 16, 16)>         ∈ [1, 1]
%275 = 0                                                                                                                  # ClearScalar<uint2>                                      ∈ [0, 0]
%276 = multiply(%274, %275)                                                                                               # EncryptedTensor<uint13, shape=(1, 256, 16, 16)>         ∈ [0, 0]
%277 = (%276[:, :, 1:15, 1:15] = %273)                                                                                    # EncryptedTensor<uint13, shape=(1, 256, 16, 16)>         ∈ [0, 15]
%278 = [[[[ 1  2  ...   1  1]]]]                                                                                          # ClearTensor<int5, shape=(256, 256, 3, 3)>               ∈ [-7, 7]              @ /trunk/trunk.15/C2/Conv.conv
%279 = conv2d(%277, %278, [0 0 0 0 0 ... 0 0 0 0 0], pads=[0, 0, 0, 0], strides=(1, 1), dilations=(1, 1), group=1)        # EncryptedTensor<int13, shape=(1, 256, 14, 14)>          ∈ [-2124, 2675]        @ /trunk/trunk.15/C2/Conv.conv
%280 = round_bit_pattern(%279, lsbs_to_remove=5, overflow_protection=False, exactness=Exactness.EXACT)                    # EncryptedTensor<int13, shape=(1, 256, 14, 14)>          ∈ [-2112, 2688]        @ /trunk/trunk.15/C2/Conv.conv_rounding
%281 = subgraph(%280)                                                                                                     # EncryptedTensor<uint11, shape=(1, 256, 14, 14)>         ∈ [0, 15]
%282 = [[[[ 0]]   ...   [[ 0]]]]                                                                                          # ClearTensor<int5, shape=(1024, 256, 1, 1)>              ∈ [-6, 7]              @ /trunk/trunk.15/C3/Conv.conv
%283 = conv2d(%281, %282, [0 0 0 ... 0 0 0], pads=[0, 0, 0, 0], strides=(1, 1), dilations=(1, 1), group=1)                # EncryptedTensor<int11, shape=(1, 1024, 14, 14)>         ∈ [-588, 607]          @ /trunk/trunk.15/C3/Conv.conv
%284 = round_bit_pattern(%283, lsbs_to_remove=3, overflow_protection=False, exactness=Exactness.EXACT)                    # EncryptedTensor<int11, shape=(1, 1024, 14, 14)>         ∈ [-584, 608]          @ /trunk/trunk.15/C3/Conv.conv_rounding
%285 = subgraph(%284)                                                                                                     # EncryptedTensor<int4, shape=(1, 1024, 14, 14)>          ∈ [-8, 7]
%286 = subgraph(%268)                                                                                                     # EncryptedTensor<uint4, shape=(1, 1024, 14, 14)>         ∈ [0, 15]
%287 = subgraph(%285)                                                                                                     # EncryptedTensor<int7, shape=(1, 1024, 14, 14)>          ∈ [-10, 9]
%288 = subgraph(%286)                                                                                                     # EncryptedTensor<uint7, shape=(1, 1024, 14, 14)>         ∈ [0, 32]
%289 = 1                                                                                                                  # ClearScalar<uint2>                                      ∈ [1, 1]
%290 = multiply(%289, %288)                                                                                               # EncryptedTensor<uint7, shape=(1, 1024, 14, 14)>         ∈ [0, 32]
%291 = add(%287, %290)                                                                                                    # EncryptedTensor<int7, shape=(1, 1024, 14, 14)>          ∈ [-10, 41]
%292 = subgraph(%291)                                                                                                     # EncryptedTensor<uint11, shape=(1, 1024, 14, 14)>        ∈ [0, 15]
%293 = [[[[ 1]]   ...   [[ 1]]]]                                                                                          # ClearTensor<int5, shape=(256, 1024, 1, 1)>              ∈ [-5, 7]              @ /trunk/trunk.16/C1/Conv.conv
%294 = conv2d(%292, %293, [0 0 0 0 0 ... 0 0 0 0 0], pads=[0, 0, 0, 0], strides=(1, 1), dilations=(1, 1), group=1)        # EncryptedTensor<int11, shape=(1, 256, 14, 14)>          ∈ [-597, 758]          @ /trunk/trunk.16/C1/Conv.conv
%295 = round_bit_pattern(%294, lsbs_to_remove=3, overflow_protection=False, exactness=Exactness.EXACT)                    # EncryptedTensor<int11, shape=(1, 256, 14, 14)>          ∈ [-600, 760]          @ /trunk/trunk.16/C1/Conv.conv_rounding
%296 = subgraph(%295)                                                                                                     # EncryptedTensor<uint12, shape=(1, 256, 14, 14)>         ∈ [0, 15]
%297 = ones()                                                                                                             # EncryptedTensor<uint12, shape=(1, 256, 16, 16)>         ∈ [1, 1]
%298 = 0                                                                                                                  # ClearScalar<uint2>                                      ∈ [0, 0]
%299 = multiply(%297, %298)                                                                                               # EncryptedTensor<uint12, shape=(1, 256, 16, 16)>         ∈ [0, 0]
%300 = (%299[:, :, 1:15, 1:15] = %296)                                                                                    # EncryptedTensor<uint12, shape=(1, 256, 16, 16)>         ∈ [0, 15]
%301 = [[[[ 1  0  ...   0  0]]]]                                                                                          # ClearTensor<int5, shape=(256, 256, 3, 3)>               ∈ [-7, 7]              @ /trunk/trunk.16/C2/Conv.conv
%302 = conv2d(%300, %301, [0 0 0 0 0 ... 0 0 0 0 0], pads=[0, 0, 0, 0], strides=(1, 1), dilations=(1, 1), group=1)        # EncryptedTensor<int12, shape=(1, 256, 14, 14)>          ∈ [-1717, 2022]        @ /trunk/trunk.16/C2/Conv.conv
%303 = round_bit_pattern(%302, lsbs_to_remove=5, overflow_protection=False, exactness=Exactness.EXACT)                    # EncryptedTensor<int12, shape=(1, 256, 14, 14)>          ∈ [-1728, 2016]        @ /trunk/trunk.16/C2/Conv.conv_rounding
%304 = subgraph(%303)                                                                                                     # EncryptedTensor<uint11, shape=(1, 256, 14, 14)>         ∈ [0, 15]
%305 = [[[[ 0]]   ...   [[ 0]]]]                                                                                          # ClearTensor<int5, shape=(1024, 256, 1, 1)>              ∈ [-7, 6]              @ /trunk/trunk.16/C3/Conv.conv
%306 = conv2d(%304, %305, [0 0 0 ... 0 0 0], pads=[0, 0, 0, 0], strides=(1, 1), dilations=(1, 1), group=1)                # EncryptedTensor<int11, shape=(1, 1024, 14, 14)>         ∈ [-602, 622]          @ /trunk/trunk.16/C3/Conv.conv
%307 = round_bit_pattern(%306, lsbs_to_remove=3, overflow_protection=False, exactness=Exactness.EXACT)                    # EncryptedTensor<int11, shape=(1, 1024, 14, 14)>         ∈ [-600, 624]          @ /trunk/trunk.16/C3/Conv.conv_rounding
%308 = subgraph(%307)                                                                                                     # EncryptedTensor<int4, shape=(1, 1024, 14, 14)>          ∈ [-8, 7]
%309 = subgraph(%291)                                                                                                     # EncryptedTensor<uint4, shape=(1, 1024, 14, 14)>         ∈ [0, 15]
%310 = subgraph(%308)                                                                                                     # EncryptedTensor<int7, shape=(1, 1024, 14, 14)>          ∈ [-9, 8]
%311 = subgraph(%309)                                                                                                     # EncryptedTensor<uint7, shape=(1, 1024, 14, 14)>         ∈ [0, 32]
%312 = 1                                                                                                                  # ClearScalar<uint2>                                      ∈ [1, 1]
%313 = multiply(%312, %311)                                                                                               # EncryptedTensor<uint7, shape=(1, 1024, 14, 14)>         ∈ [0, 32]
%314 = add(%310, %313)                                                                                                    # EncryptedTensor<int7, shape=(1, 1024, 14, 14)>          ∈ [-9, 40]
%315 = subgraph(%314)                                                                                                     # EncryptedTensor<uint11, shape=(1, 1024, 14, 14)>        ∈ [0, 15]
%316 = [[[[-1]]   ...   [[ 0]]]]                                                                                          # ClearTensor<int5, shape=(512, 1024, 1, 1)>              ∈ [-7, 5]              @ /trunk/trunk.17/C1/Conv.conv
%317 = conv2d(%315, %316, [0 0 0 0 0 ... 0 0 0 0 0], pads=[0, 0, 0, 0], strides=(1, 1), dilations=(1, 1), group=1)        # EncryptedTensor<int11, shape=(1, 512, 14, 14)>          ∈ [-748, 856]          @ /trunk/trunk.17/C1/Conv.conv
%318 = round_bit_pattern(%317, lsbs_to_remove=4, overflow_protection=False, exactness=Exactness.EXACT)                    # EncryptedTensor<int11, shape=(1, 512, 14, 14)>          ∈ [-752, 864]          @ /trunk/trunk.17/C1/Conv.conv_rounding
%319 = subgraph(%318)                                                                                                     # EncryptedTensor<uint14, shape=(1, 512, 14, 14)>         ∈ [0, 15]
%320 = ones()                                                                                                             # EncryptedTensor<uint14, shape=(1, 512, 16, 16)>         ∈ [1, 1]
%321 = 0                                                                                                                  # ClearScalar<uint2>                                      ∈ [0, 0]
%322 = multiply(%320, %321)                                                                                               # EncryptedTensor<uint14, shape=(1, 512, 16, 16)>         ∈ [0, 0]
%323 = (%322[:, :, 1:15, 1:15] = %319)                                                                                    # EncryptedTensor<uint14, shape=(1, 512, 16, 16)>         ∈ [0, 15]
%324 = [[[[-1 -1  ...   1 -1]]]]                                                                                          # ClearTensor<int5, shape=(512, 512, 3, 3)>               ∈ [-6, 7]              @ /trunk/trunk.17/C2/Conv.conv
%325 = conv2d(%323, %324, [0 0 0 0 0 ... 0 0 0 0 0], pads=[0, 0, 0, 0], strides=(2, 2), dilations=(1, 1), group=1)        # EncryptedTensor<int14, shape=(1, 512, 7, 7)>            ∈ [-4175, 5507]        @ /trunk/trunk.17/C2/Conv.conv
%326 = round_bit_pattern(%325, lsbs_to_remove=6, overflow_protection=False, exactness=Exactness.EXACT)                    # EncryptedTensor<int14, shape=(1, 512, 7, 7)>            ∈ [-4160, 5504]        @ /trunk/trunk.17/C2/Conv.conv_rounding
%327 = subgraph(%326)                                                                                                     # EncryptedTensor<uint13, shape=(1, 512, 7, 7)>           ∈ [0, 15]
%328 = [[[[-1]]   ...   [[ 1]]]]                                                                                          # ClearTensor<int5, shape=(2048, 512, 1, 1)>              ∈ [-7, 6]              @ /trunk/trunk.17/C3/Conv.conv
%329 = conv2d(%327, %328, [0 0 0 ... 0 0 0], pads=[0, 0, 0, 0], strides=(1, 1), dilations=(1, 1), group=1)                # EncryptedTensor<int13, shape=(1, 2048, 7, 7)>           ∈ [-2646, 2254]        @ /trunk/trunk.17/C3/Conv.conv
%330 = round_bit_pattern(%329, lsbs_to_remove=5, overflow_protection=False, exactness=Exactness.EXACT)                    # EncryptedTensor<int13, shape=(1, 2048, 7, 7)>           ∈ [-2656, 2240]        @ /trunk/trunk.17/C3/Conv.conv_rounding
%331 = subgraph(%314)                                                                                                     # EncryptedTensor<uint13, shape=(1, 1024, 14, 14)>        ∈ [0, 15]
%332 = [[[[ 1]]   ...   [[ 0]]]]                                                                                          # ClearTensor<int5, shape=(2048, 1024, 1, 1)>             ∈ [-7, 6]              @ /trunk/trunk.17/shortcut/Conv.conv
%333 = conv2d(%331, %332, [0 0 0 ... 0 0 0], pads=[0, 0, 0, 0], strides=(2, 2), dilations=(1, 1), group=1)                # EncryptedTensor<int13, shape=(1, 2048, 7, 7)>           ∈ [-1929, 2412]        @ /trunk/trunk.17/shortcut/Conv.conv
%334 = round_bit_pattern(%333, lsbs_to_remove=5, overflow_protection=False, exactness=Exactness.EXACT)                    # EncryptedTensor<int13, shape=(1, 2048, 7, 7)>           ∈ [-1920, 2400]        @ /trunk/trunk.17/shortcut/Conv.conv_rounding
%335 = subgraph(%330)                                                                                                     # EncryptedTensor<int4, shape=(1, 2048, 7, 7)>            ∈ [-8, 7]
%336 = subgraph(%334)                                                                                                     # EncryptedTensor<int4, shape=(1, 2048, 7, 7)>            ∈ [-8, 7]
%337 = subgraph(%335)                                                                                                     # EncryptedTensor<int7, shape=(1, 2048, 7, 7)>            ∈ [-17, 14]
%338 = subgraph(%336)                                                                                                     # EncryptedTensor<int7, shape=(1, 2048, 7, 7)>            ∈ [-17, 14]
%339 = 1                                                                                                                  # ClearScalar<uint2>                                      ∈ [1, 1]
%340 = multiply(%339, %338)                                                                                               # EncryptedTensor<int7, shape=(1, 2048, 7, 7)>            ∈ [-17, 14]
%341 = add(%337, %340)                                                                                                    # EncryptedTensor<int7, shape=(1, 2048, 7, 7)>            ∈ [-34, 28]
%342 = subgraph(%341)                                                                                                     # EncryptedTensor<uint12, shape=(1, 2048, 7, 7)>          ∈ [0, 15]
%343 = [[[[ 0]]   ...   [[ 0]]]]                                                                                          # ClearTensor<int5, shape=(512, 2048, 1, 1)>              ∈ [-7, 5]              @ /trunk/trunk.18/C1/Conv.conv
%344 = conv2d(%342, %343, [0 0 0 0 0 ... 0 0 0 0 0], pads=[0, 0, 0, 0], strides=(1, 1), dilations=(1, 1), group=1)        # EncryptedTensor<int12, shape=(1, 512, 7, 7)>            ∈ [-1300, 1504]        @ /trunk/trunk.18/C1/Conv.conv
%345 = round_bit_pattern(%344, lsbs_to_remove=4, overflow_protection=False, exactness=Exactness.EXACT)                    # EncryptedTensor<int12, shape=(1, 512, 7, 7)>            ∈ [-1296, 1504]        @ /trunk/trunk.18/C1/Conv.conv_rounding
%346 = subgraph(%345)                                                                                                     # EncryptedTensor<uint14, shape=(1, 512, 7, 7)>           ∈ [0, 15]
%347 = ones()                                                                                                             # EncryptedTensor<uint14, shape=(1, 512, 9, 9)>           ∈ [1, 1]
%348 = 0                                                                                                                  # ClearScalar<uint2>                                      ∈ [0, 0]
%349 = multiply(%347, %348)                                                                                               # EncryptedTensor<uint14, shape=(1, 512, 9, 9)>           ∈ [0, 0]
%350 = (%349[:, :, 1:8, 1:8] = %346)                                                                                      # EncryptedTensor<uint14, shape=(1, 512, 9, 9)>           ∈ [0, 15]
%351 = [[[[ 0  0  ...  -1 -2]]]]                                                                                          # ClearTensor<int5, shape=(512, 512, 3, 3)>               ∈ [-6, 7]              @ /trunk/trunk.18/C2/Conv.conv
%352 = conv2d(%350, %351, [0 0 0 0 0 ... 0 0 0 0 0], pads=[0, 0, 0, 0], strides=(1, 1), dilations=(1, 1), group=1)        # EncryptedTensor<int14, shape=(1, 512, 7, 7)>            ∈ [-6818, 5183]        @ /trunk/trunk.18/C2/Conv.conv
%353 = round_bit_pattern(%352, lsbs_to_remove=6, overflow_protection=False, exactness=Exactness.EXACT)                    # EncryptedTensor<int14, shape=(1, 512, 7, 7)>            ∈ [-6848, 5184]        @ /trunk/trunk.18/C2/Conv.conv_rounding
%354 = subgraph(%353)                                                                                                     # EncryptedTensor<uint13, shape=(1, 512, 7, 7)>           ∈ [0, 15]
%355 = [[[[-1]]   ...   [[ 0]]]]                                                                                          # ClearTensor<int5, shape=(2048, 512, 1, 1)>              ∈ [-6, 7]              @ /trunk/trunk.18/C3/Conv.conv
%356 = conv2d(%354, %355, [0 0 0 ... 0 0 0], pads=[0, 0, 0, 0], strides=(1, 1), dilations=(1, 1), group=1)                # EncryptedTensor<int13, shape=(1, 2048, 7, 7)>           ∈ [-2165, 1760]        @ /trunk/trunk.18/C3/Conv.conv
%357 = round_bit_pattern(%356, lsbs_to_remove=5, overflow_protection=False, exactness=Exactness.EXACT)                    # EncryptedTensor<int13, shape=(1, 2048, 7, 7)>           ∈ [-2176, 1760]        @ /trunk/trunk.18/C3/Conv.conv_rounding
%358 = subgraph(%357)                                                                                                     # EncryptedTensor<int4, shape=(1, 2048, 7, 7)>            ∈ [-8, 7]
%359 = subgraph(%341)                                                                                                     # EncryptedTensor<uint4, shape=(1, 2048, 7, 7)>           ∈ [0, 15]
%360 = subgraph(%358)                                                                                                     # EncryptedTensor<int7, shape=(1, 2048, 7, 7)>            ∈ [-19, 16]
%361 = subgraph(%359)                                                                                                     # EncryptedTensor<uint7, shape=(1, 2048, 7, 7)>           ∈ [0, 28]
%362 = 1                                                                                                                  # ClearScalar<uint2>                                      ∈ [1, 1]
%363 = multiply(%362, %361)                                                                                               # EncryptedTensor<uint7, shape=(1, 2048, 7, 7)>           ∈ [0, 28]
%364 = add(%360, %363)                                                                                                    # EncryptedTensor<int7, shape=(1, 2048, 7, 7)>            ∈ [-19, 44]
%365 = subgraph(%364)                                                                                                     # EncryptedTensor<uint12, shape=(1, 2048, 7, 7)>          ∈ [0, 15]
%366 = [[[[ 1]]   ...   [[ 0]]]]                                                                                          # ClearTensor<int5, shape=(512, 2048, 1, 1)>              ∈ [-7, 5]              @ /trunk/trunk.19/C1/Conv.conv
%367 = conv2d(%365, %366, [0 0 0 0 0 ... 0 0 0 0 0], pads=[0, 0, 0, 0], strides=(1, 1), dilations=(1, 1), group=1)        # EncryptedTensor<int12, shape=(1, 512, 7, 7)>            ∈ [-1108, 1197]        @ /trunk/trunk.19/C1/Conv.conv
%368 = round_bit_pattern(%367, lsbs_to_remove=4, overflow_protection=False, exactness=Exactness.EXACT)                    # EncryptedTensor<int12, shape=(1, 512, 7, 7)>            ∈ [-1104, 1200]        @ /trunk/trunk.19/C1/Conv.conv_rounding
%369 = subgraph(%368)                                                                                                     # EncryptedTensor<uint14, shape=(1, 512, 7, 7)>           ∈ [0, 15]
%370 = ones()                                                                                                             # EncryptedTensor<uint14, shape=(1, 512, 9, 9)>           ∈ [1, 1]
%371 = 0                                                                                                                  # ClearScalar<uint2>                                      ∈ [0, 0]
%372 = multiply(%370, %371)                                                                                               # EncryptedTensor<uint14, shape=(1, 512, 9, 9)>           ∈ [0, 0]
%373 = (%372[:, :, 1:8, 1:8] = %369)                                                                                      # EncryptedTensor<uint14, shape=(1, 512, 9, 9)>           ∈ [0, 15]
%374 = [[[[-2  0  ...  -1  1]]]]                                                                                          # ClearTensor<int5, shape=(512, 512, 3, 3)>               ∈ [-6, 7]              @ /trunk/trunk.19/C2/Conv.conv
%375 = conv2d(%373, %374, [0 0 0 0 0 ... 0 0 0 0 0], pads=[0, 0, 0, 0], strides=(1, 1), dilations=(1, 1), group=1)        # EncryptedTensor<int14, shape=(1, 512, 7, 7)>            ∈ [-5666, 5055]        @ /trunk/trunk.19/C2/Conv.conv
%376 = round_bit_pattern(%375, lsbs_to_remove=6, overflow_protection=False, exactness=Exactness.EXACT)                    # EncryptedTensor<int14, shape=(1, 512, 7, 7)>            ∈ [-5696, 5056]        @ /trunk/trunk.19/C2/Conv.conv_rounding
%377 = subgraph(%376)                                                                                                     # EncryptedTensor<uint12, shape=(1, 512, 7, 7)>           ∈ [0, 15]
%378 = [[[[-1]]   ...   [[ 0]]]]                                                                                          # ClearTensor<int5, shape=(2048, 512, 1, 1)>              ∈ [-6, 7]              @ /trunk/trunk.19/C3/Conv.conv
%379 = conv2d(%377, %378, [0 0 0 ... 0 0 0], pads=[0, 0, 0, 0], strides=(1, 1), dilations=(1, 1), group=1)                # EncryptedTensor<int12, shape=(1, 2048, 7, 7)>           ∈ [-1583, 1666]        @ /trunk/trunk.19/C3/Conv.conv
%380 = round_bit_pattern(%379, lsbs_to_remove=4, overflow_protection=False, exactness=Exactness.EXACT)                    # EncryptedTensor<int12, shape=(1, 2048, 7, 7)>           ∈ [-1584, 1664]        @ /trunk/trunk.19/C3/Conv.conv_rounding
%381 = subgraph(%380)                                                                                                     # EncryptedTensor<int4, shape=(1, 2048, 7, 7)>            ∈ [-8, 7]
%382 = subgraph(%364)                                                                                                     # EncryptedTensor<uint4, shape=(1, 2048, 7, 7)>           ∈ [0, 15]
%383 = subgraph(%381)                                                                                                     # EncryptedTensor<int7, shape=(1, 2048, 7, 7)>            ∈ [-15, 13]
%384 = subgraph(%382)                                                                                                     # EncryptedTensor<uint7, shape=(1, 2048, 7, 7)>           ∈ [0, 33]
%385 = 1                                                                                                                  # ClearScalar<uint2>                                      ∈ [1, 1]
%386 = multiply(%385, %384)                                                                                               # EncryptedTensor<uint7, shape=(1, 2048, 7, 7)>           ∈ [0, 33]
%387 = add(%383, %386)                                                                                                    # EncryptedTensor<int7, shape=(1, 2048, 7, 7)>            ∈ [-15, 46]
%388 = subgraph(%387)                                                                                                     # EncryptedTensor<uint7, shape=(1, 2048, 7, 7)>           ∈ [0, 15]
%389 = [[[[1 1 1  ...  1 1 1]]]]                                                                                          # ClearTensor<uint2, shape=(2048, 2048, 5, 5)>            ∈ [0, 1]               @ /trunk/trunk.20/AveragePool.avgpool
%390 = conv2d(%388, %389, [0 0 0 ... 0 0 0], pads=[0, 0, 0, 0], strides=(5, 5), dilations=(1, 1), group=1)                # EncryptedTensor<uint7, shape=(1, 2048, 1, 1)>           ∈ [0, 105]             @ /trunk/trunk.20/AveragePool.avgpool
%391 = subgraph(%390)                                                                                                     # EncryptedTensor<uint3, shape=(1, 2048, 1, 1)>           ∈ [0, 7]
%392 = reshape(%391, newshape=(1, 2048))                                                                                  # EncryptedTensor<uint3, shape=(1, 2048)>                 ∈ [0, 7]
return %392

Subgraphs:

    %4 = subgraph(%3):

         %0 = input                            # EncryptedTensor<int4, shape=(1, 64, 56, 56)>           @ /trunk/trunk.1/Conv.conv_rounding
         %1 = astype(%0, dtype=float64)        # EncryptedTensor<float64, shape=(1, 64, 56, 56)>
         %2 = 0                                # ClearScalar<uint1>
         %3 = add(%1, %2)                      # EncryptedTensor<float64, shape=(1, 64, 56, 56)>
         %4 = [[[[0]]  [ ... ]  [[0]]]]        # ClearTensor<uint1, shape=(1, 64, 1, 1)>
         %5 = subtract(%3, %4)                 # EncryptedTensor<float64, shape=(1, 64, 56, 56)>
         %6 = 4.570926340062897                # ClearScalar<float64>
         %7 = multiply(%6, %5)                 # EncryptedTensor<float64, shape=(1, 64, 56, 56)>
         %8 = [[[[ 0.056 ... 961547]]]]        # ClearTensor<float32, shape=(1, 64, 1, 1)>
         %9 = subtract(%7, %8)                 # EncryptedTensor<float64, shape=(1, 64, 56, 56)>
        %10 = [[[[17.152 ... 841394]]]]        # ClearTensor<float32, shape=(1, 64, 1, 1)>
        %11 = divide(%9, %10)                  # EncryptedTensor<float64, shape=(1, 64, 56, 56)>
        %12 = [[[[1.0062 ... 2869  ]]]]        # ClearTensor<float32, shape=(1, 64, 1, 1)>
        %13 = multiply(%11, %12)               # EncryptedTensor<float64, shape=(1, 64, 56, 56)>
        %14 = [[[[ 0.003 ... 714536]]]]        # ClearTensor<float32, shape=(1, 64, 1, 1)>
        %15 = add(%13, %14)                    # EncryptedTensor<float64, shape=(1, 64, 56, 56)>
        %16 = 1.40705                          # ClearScalar<float32>
        %17 = divide(%15, %16)                 # EncryptedTensor<float64, shape=(1, 64, 56, 56)>
        %18 = 0.0                              # ClearScalar<float32>
        %19 = add(%17, %18)                    # EncryptedTensor<float64, shape=(1, 64, 56, 56)>
        %20 = -8.0                             # ClearScalar<float64>
        %21 = 7.0                              # ClearScalar<float64>
        %22 = clip(%19, %20, %21)              # EncryptedTensor<float64, shape=(1, 64, 56, 56)>
        %23 = rint(%22)                        # EncryptedTensor<float64, shape=(1, 64, 56, 56)>
        %24 = 0.0                              # ClearScalar<float32>
        %25 = subtract(%23, %24)               # EncryptedTensor<float64, shape=(1, 64, 56, 56)>
        %26 = 1.40705                          # ClearScalar<float32>
        %27 = multiply(%25, %26)               # EncryptedTensor<float64, shape=(1, 64, 56, 56)>
        %28 = 1.4070500135421753               # ClearScalar<float64>
        %29 = divide(%27, %28)                 # EncryptedTensor<float64, shape=(1, 64, 56, 56)>
        %30 = 0                                # ClearScalar<uint1>
        %31 = add(%29, %30)                    # EncryptedTensor<float64, shape=(1, 64, 56, 56)>
        %32 = rint(%31)                        # EncryptedTensor<float64, shape=(1, 64, 56, 56)>
        %33 = astype(%32, dtype=int_)          # EncryptedTensor<uint1, shape=(1, 64, 56, 56)>
        return %33

    %8 = subgraph(%7):

         %0 = input                            # EncryptedTensor<uint1, shape=(1, 64, 56, 56)>          @ /trunk/trunk.4/C1/Conv.conv_rounding
         %1 = astype(%0, dtype=float64)        # EncryptedTensor<float64, shape=(1, 64, 56, 56)>
         %2 = 0                                # ClearScalar<uint1>
         %3 = add(%1, %2)                      # EncryptedTensor<float64, shape=(1, 64, 56, 56)>
         %4 = [[[[0]]  [ ... ]  [[0]]]]        # ClearTensor<uint1, shape=(1, 64, 1, 1)>
         %5 = subtract(%3, %4)                 # EncryptedTensor<float64, shape=(1, 64, 56, 56)>
         %6 = 0.12418474898613585              # ClearScalar<float64>
         %7 = multiply(%6, %5)                 # EncryptedTensor<float64, shape=(1, 64, 56, 56)>
         %8 = [[[[ 3.045 ... 69e-05]]]]        # ClearTensor<float32, shape=(1, 64, 1, 1)>
         %9 = subtract(%7, %8)                 # EncryptedTensor<float64, shape=(1, 64, 56, 56)>
        %10 = [[[[1.8977 ... 547426]]]]        # ClearTensor<float32, shape=(1, 64, 1, 1)>
        %11 = divide(%9, %10)                  # EncryptedTensor<float64, shape=(1, 64, 56, 56)>
        %12 = [[[[0.9960 ... 92743 ]]]]        # ClearTensor<float32, shape=(1, 64, 1, 1)>
        %13 = multiply(%11, %12)               # EncryptedTensor<float64, shape=(1, 64, 56, 56)>
        %14 = [[[[ 0.079 ... 970954]]]]        # ClearTensor<float32, shape=(1, 64, 1, 1)>
        %15 = add(%13, %14)                    # EncryptedTensor<float64, shape=(1, 64, 56, 56)>
        %16 = 0                                # ClearScalar<uint1>
        %17 = maximum(%15, %16)                # EncryptedTensor<float64, shape=(1, 64, 56, 56)>
        %18 = 0.63011074                       # ClearScalar<float32>
        %19 = divide(%17, %18)                 # EncryptedTensor<float64, shape=(1, 64, 56, 56)>
        %20 = 0.0                              # ClearScalar<float32>
        %21 = add(%19, %20)                    # EncryptedTensor<float64, shape=(1, 64, 56, 56)>
        %22 = 0.0                              # ClearScalar<float64>
        %23 = 15.0                             # ClearScalar<float64>
        %24 = clip(%21, %22, %23)              # EncryptedTensor<float64, shape=(1, 64, 56, 56)>
        %25 = rint(%24)                        # EncryptedTensor<float64, shape=(1, 64, 56, 56)>
        %26 = 0.0                              # ClearScalar<float32>
        %27 = subtract(%25, %26)               # EncryptedTensor<float64, shape=(1, 64, 56, 56)>
        %28 = 0.63011074                       # ClearScalar<float32>
        %29 = multiply(%27, %28)               # EncryptedTensor<float64, shape=(1, 64, 56, 56)>
        %30 = 0.6301107406616211               # ClearScalar<float64>
        %31 = divide(%29, %30)                 # EncryptedTensor<float64, shape=(1, 64, 56, 56)>
        %32 = 0                                # ClearScalar<uint1>
        %33 = add(%31, %32)                    # EncryptedTensor<float64, shape=(1, 64, 56, 56)>
        %34 = rint(%33)                        # EncryptedTensor<float64, shape=(1, 64, 56, 56)>
        %35 = astype(%34, dtype=int_)          # EncryptedTensor<uint1, shape=(1, 64, 56, 56)>
        return %35

    %16 = subgraph(%15):

         %0 = input                            # EncryptedTensor<uint1, shape=(1, 64, 56, 56)>          @ /trunk/trunk.4/C2/Conv.conv_rounding
         %1 = astype(%0, dtype=float64)        # EncryptedTensor<float64, shape=(1, 64, 56, 56)>
         %2 = 0                                # ClearScalar<uint1>
         %3 = add(%1, %2)                      # EncryptedTensor<float64, shape=(1, 64, 56, 56)>
         %4 = [[[[0]]  [ ... ]  [[0]]]]        # ClearTensor<uint1, shape=(1, 64, 1, 1)>
         %5 = subtract(%3, %4)                 # EncryptedTensor<float64, shape=(1, 64, 56, 56)>
         %6 = 0.019210565840547034             # ClearScalar<float64>
         %7 = multiply(%6, %5)                 # EncryptedTensor<float64, shape=(1, 64, 56, 56)>
         %8 = [[[[ 0.168 ... 28233 ]]]]        # ClearTensor<float32, shape=(1, 64, 1, 1)>
         %9 = subtract(%7, %8)                 # EncryptedTensor<float64, shape=(1, 64, 56, 56)>
        %10 = [[[[1.0818 ... 22669 ]]]]        # ClearTensor<float32, shape=(1, 64, 1, 1)>
        %11 = divide(%9, %10)                  # EncryptedTensor<float64, shape=(1, 64, 56, 56)>
        %12 = [[[[0.9858 ... 7846  ]]]]        # ClearTensor<float32, shape=(1, 64, 1, 1)>
        %13 = multiply(%11, %12)               # EncryptedTensor<float64, shape=(1, 64, 56, 56)>
        %14 = [[[[ 0.001 ... 684214]]]]        # ClearTensor<float32, shape=(1, 64, 1, 1)>
        %15 = add(%13, %14)                    # EncryptedTensor<float64, shape=(1, 64, 56, 56)>
        %16 = 0                                # ClearScalar<uint1>
        %17 = maximum(%15, %16)                # EncryptedTensor<float64, shape=(1, 64, 56, 56)>
        %18 = 0.57883096                       # ClearScalar<float32>
        %19 = divide(%17, %18)                 # EncryptedTensor<float64, shape=(1, 64, 56, 56)>
        %20 = 0.0                              # ClearScalar<float32>
        %21 = add(%19, %20)                    # EncryptedTensor<float64, shape=(1, 64, 56, 56)>
        %22 = 0.0                              # ClearScalar<float64>
        %23 = 15.0                             # ClearScalar<float64>
        %24 = clip(%21, %22, %23)              # EncryptedTensor<float64, shape=(1, 64, 56, 56)>
        %25 = rint(%24)                        # EncryptedTensor<float64, shape=(1, 64, 56, 56)>
        %26 = 0.0                              # ClearScalar<float32>
        %27 = subtract(%25, %26)               # EncryptedTensor<float64, shape=(1, 64, 56, 56)>
        %28 = 0.57883096                       # ClearScalar<float32>
        %29 = multiply(%27, %28)               # EncryptedTensor<float64, shape=(1, 64, 56, 56)>
        %30 = 0.5788309574127197               # ClearScalar<float64>
        %31 = divide(%29, %30)                 # EncryptedTensor<float64, shape=(1, 64, 56, 56)>
        %32 = 0                                # ClearScalar<uint1>
        %33 = add(%31, %32)                    # EncryptedTensor<float64, shape=(1, 64, 56, 56)>
        %34 = rint(%33)                        # EncryptedTensor<float64, shape=(1, 64, 56, 56)>
        %35 = astype(%34, dtype=int_)          # EncryptedTensor<uint1, shape=(1, 64, 56, 56)>
        return %35

    %20 = subgraph(%3):

         %0 = input                            # EncryptedTensor<int4, shape=(1, 64, 56, 56)>           @ /trunk/trunk.1/Conv.conv_rounding
         %1 = astype(%0, dtype=float64)        # EncryptedTensor<float64, shape=(1, 64, 56, 56)>
         %2 = 0                                # ClearScalar<uint1>
         %3 = add(%1, %2)                      # EncryptedTensor<float64, shape=(1, 64, 56, 56)>
         %4 = [[[[0]]  [ ... ]  [[0]]]]        # ClearTensor<uint1, shape=(1, 64, 1, 1)>
         %5 = subtract(%3, %4)                 # EncryptedTensor<float64, shape=(1, 64, 56, 56)>
         %6 = 4.570926340062897                # ClearScalar<float64>
         %7 = multiply(%6, %5)                 # EncryptedTensor<float64, shape=(1, 64, 56, 56)>
         %8 = [[[[ 0.056 ... 961547]]]]        # ClearTensor<float32, shape=(1, 64, 1, 1)>
         %9 = subtract(%7, %8)                 # EncryptedTensor<float64, shape=(1, 64, 56, 56)>
        %10 = [[[[17.152 ... 841394]]]]        # ClearTensor<float32, shape=(1, 64, 1, 1)>
        %11 = divide(%9, %10)                  # EncryptedTensor<float64, shape=(1, 64, 56, 56)>
        %12 = [[[[1.0062 ... 2869  ]]]]        # ClearTensor<float32, shape=(1, 64, 1, 1)>
        %13 = multiply(%11, %12)               # EncryptedTensor<float64, shape=(1, 64, 56, 56)>
        %14 = [[[[ 0.003 ... 714536]]]]        # ClearTensor<float32, shape=(1, 64, 1, 1)>
        %15 = add(%13, %14)                    # EncryptedTensor<float64, shape=(1, 64, 56, 56)>
        %16 = 1.40705                          # ClearScalar<float32>
        %17 = divide(%15, %16)                 # EncryptedTensor<float64, shape=(1, 64, 56, 56)>
        %18 = 0.0                              # ClearScalar<float32>
        %19 = add(%17, %18)                    # EncryptedTensor<float64, shape=(1, 64, 56, 56)>
        %20 = -8.0                             # ClearScalar<float64>
        %21 = 7.0                              # ClearScalar<float64>
        %22 = clip(%19, %20, %21)              # EncryptedTensor<float64, shape=(1, 64, 56, 56)>
        %23 = rint(%22)                        # EncryptedTensor<float64, shape=(1, 64, 56, 56)>
        %24 = 0.0                              # ClearScalar<float32>
        %25 = subtract(%23, %24)               # EncryptedTensor<float64, shape=(1, 64, 56, 56)>
        %26 = 1.40705                          # ClearScalar<float32>
        %27 = multiply(%25, %26)               # EncryptedTensor<float64, shape=(1, 64, 56, 56)>
        %28 = 1.4070500135421753               # ClearScalar<float64>
        %29 = divide(%27, %28)                 # EncryptedTensor<float64, shape=(1, 64, 56, 56)>
        %30 = 0                                # ClearScalar<uint1>
        %31 = add(%29, %30)                    # EncryptedTensor<float64, shape=(1, 64, 56, 56)>
        %32 = rint(%31)                        # EncryptedTensor<float64, shape=(1, 64, 56, 56)>
        %33 = astype(%32, dtype=int_)          # EncryptedTensor<uint1, shape=(1, 64, 56, 56)>
        return %33

    %24 = subgraph(%19):

         %0 = input                            # EncryptedTensor<uint1, shape=(1, 256, 56, 56)>          @ /trunk/trunk.4/C3/Conv.conv_rounding
         %1 = astype(%0, dtype=float64)        # EncryptedTensor<float64, shape=(1, 256, 56, 56)>
         %2 = 0                                # ClearScalar<uint1>
         %3 = add(%1, %2)                      # EncryptedTensor<float64, shape=(1, 256, 56, 56)>
         %4 = [[[[0]]  [ ... ]  [[0]]]]        # ClearTensor<uint1, shape=(1, 256, 1, 1)>
         %5 = subtract(%3, %4)                 # EncryptedTensor<float64, shape=(1, 256, 56, 56)>
         %6 = 0.026990880399685224             # ClearScalar<float64>
         %7 = multiply(%6, %5)                 # EncryptedTensor<float64, shape=(1, 256, 56, 56)>
         %8 = [[[[-7.815 ... 01e-02]]]]        # ClearTensor<float32, shape=(1, 256, 1, 1)>
         %9 = subtract(%7, %8)                 # EncryptedTensor<float64, shape=(1, 256, 56, 56)>
        %10 = [[[[0.4779 ... 73829 ]]]]        # ClearTensor<float32, shape=(1, 256, 1, 1)>
        %11 = divide(%9, %10)                  # EncryptedTensor<float64, shape=(1, 256, 56, 56)>
        %12 = [[[[0.9866 ... 13181 ]]]]        # ClearTensor<float32, shape=(1, 256, 1, 1)>
        %13 = multiply(%11, %12)               # EncryptedTensor<float64, shape=(1, 256, 56, 56)>
        %14 = [[[[ 0.018 ... 57103 ]]]]        # ClearTensor<float32, shape=(1, 256, 1, 1)>
        %15 = add(%13, %14)                    # EncryptedTensor<float64, shape=(1, 256, 56, 56)>
        %16 = 1.1750008                        # ClearScalar<float32>
        %17 = divide(%15, %16)                 # EncryptedTensor<float64, shape=(1, 256, 56, 56)>
        %18 = 0.0                              # ClearScalar<float32>
        %19 = add(%17, %18)                    # EncryptedTensor<float64, shape=(1, 256, 56, 56)>
        %20 = -8.0                             # ClearScalar<float64>
        %21 = 7.0                              # ClearScalar<float64>
        %22 = clip(%19, %20, %21)              # EncryptedTensor<float64, shape=(1, 256, 56, 56)>
        %23 = rint(%22)                        # EncryptedTensor<float64, shape=(1, 256, 56, 56)>
        %24 = 0.0                              # ClearScalar<float32>
        %25 = subtract(%23, %24)               # EncryptedTensor<float64, shape=(1, 256, 56, 56)>
        %26 = 1.1750008                        # ClearScalar<float32>
        %27 = multiply(%25, %26)               # EncryptedTensor<float64, shape=(1, 256, 56, 56)>
        %28 = 1.175000786781311                # ClearScalar<float64>
        %29 = divide(%27, %28)                 # EncryptedTensor<float64, shape=(1, 256, 56, 56)>
        %30 = 0                                # ClearScalar<uint1>
        %31 = add(%29, %30)                    # EncryptedTensor<float64, shape=(1, 256, 56, 56)>
        %32 = rint(%31)                        # EncryptedTensor<float64, shape=(1, 256, 56, 56)>
        %33 = astype(%32, dtype=int_)          # EncryptedTensor<uint1, shape=(1, 256, 56, 56)>
        return %33

    %25 = subgraph(%23):

         %0 = input                            # EncryptedTensor<uint1, shape=(1, 256, 56, 56)>          @ /trunk/trunk.4/shortcut/Conv.conv_rounding
         %1 = astype(%0, dtype=float64)        # EncryptedTensor<float64, shape=(1, 256, 56, 56)>
         %2 = 0                                # ClearScalar<uint1>
         %3 = add(%1, %2)                      # EncryptedTensor<float64, shape=(1, 256, 56, 56)>
         %4 = [[[[0]]  [ ... ]  [[0]]]]        # ClearTensor<uint1, shape=(1, 256, 1, 1)>
         %5 = subtract(%3, %4)                 # EncryptedTensor<float64, shape=(1, 256, 56, 56)>
         %6 = 0.06324608697500134              # ClearScalar<float64>
         %7 = multiply(%6, %5)                 # EncryptedTensor<float64, shape=(1, 256, 56, 56)>
         %8 = [[[[-1.348 ... 64e-03]]]]        # ClearTensor<float32, shape=(1, 256, 1, 1)>
         %9 = subtract(%7, %8)                 # EncryptedTensor<float64, shape=(1, 256, 56, 56)>
        %10 = [[[[0.7539 ... 741383]]]]        # ClearTensor<float32, shape=(1, 256, 1, 1)>
        %11 = divide(%9, %10)                  # EncryptedTensor<float64, shape=(1, 256, 56, 56)>
        %12 = [[[[1.0143 ... 92944 ]]]]        # ClearTensor<float32, shape=(1, 256, 1, 1)>
        %13 = multiply(%11, %12)               # EncryptedTensor<float64, shape=(1, 256, 56, 56)>
        %14 = [[[[ 0.017 ... 498127]]]]        # ClearTensor<float32, shape=(1, 256, 1, 1)>
        %15 = add(%13, %14)                    # EncryptedTensor<float64, shape=(1, 256, 56, 56)>
        %16 = 1.3077122                        # ClearScalar<float32>
        %17 = divide(%15, %16)                 # EncryptedTensor<float64, shape=(1, 256, 56, 56)>
        %18 = 0.0                              # ClearScalar<float32>
        %19 = add(%17, %18)                    # EncryptedTensor<float64, shape=(1, 256, 56, 56)>
        %20 = -8.0                             # ClearScalar<float64>
        %21 = 7.0                              # ClearScalar<float64>
        %22 = clip(%19, %20, %21)              # EncryptedTensor<float64, shape=(1, 256, 56, 56)>
        %23 = rint(%22)                        # EncryptedTensor<float64, shape=(1, 256, 56, 56)>
        %24 = 0.0                              # ClearScalar<float32>
        %25 = subtract(%23, %24)               # EncryptedTensor<float64, shape=(1, 256, 56, 56)>
        %26 = 1.3077122                        # ClearScalar<float32>
        %27 = multiply(%25, %26)               # EncryptedTensor<float64, shape=(1, 256, 56, 56)>
        %28 = 1.307712197303772                # ClearScalar<float64>
        %29 = divide(%27, %28)                 # EncryptedTensor<float64, shape=(1, 256, 56, 56)>
        %30 = 0                                # ClearScalar<uint1>
        %31 = add(%29, %30)                    # EncryptedTensor<float64, shape=(1, 256, 56, 56)>
        %32 = rint(%31)                        # EncryptedTensor<float64, shape=(1, 256, 56, 56)>
        %33 = astype(%32, dtype=int_)          # EncryptedTensor<uint1, shape=(1, 256, 56, 56)>
        return %33

    %26 = subgraph(%24):

         %0 = input                         # EncryptedTensor<uint1, shape=(1, 256, 56, 56)>
         %1 = 0.0                           # ClearScalar<float64>
         %2 = subtract(%0, %1)              # EncryptedTensor<float64, shape=(1, 256, 56, 56)>
         %3 = 1.175000786781311             # ClearScalar<float64>
         %4 = multiply(%3, %2)              # EncryptedTensor<float64, shape=(1, 256, 56, 56)>
         %5 = 0.8008751561564784            # ClearScalar<float64>
         %6 = divide(%4, %5)                # EncryptedTensor<float64, shape=(1, 256, 56, 56)>
         %7 = 0                             # ClearScalar<uint1>
         %8 = add(%6, %7)                   # EncryptedTensor<float64, shape=(1, 256, 56, 56)>
         %9 = rint(%8)                      # EncryptedTensor<float64, shape=(1, 256, 56, 56)>
        %10 = astype(%9, dtype=int_)        # EncryptedTensor<uint1, shape=(1, 256, 56, 56)>
        return %10

    %27 = subgraph(%25):

         %0 = input                         # EncryptedTensor<uint1, shape=(1, 256, 56, 56)>
         %1 = 0.0                           # ClearScalar<float64>
         %2 = subtract(%0, %1)              # EncryptedTensor<float64, shape=(1, 256, 56, 56)>
         %3 = 1.307712197303772             # ClearScalar<float64>
         %4 = multiply(%3, %2)              # EncryptedTensor<float64, shape=(1, 256, 56, 56)>
         %5 = 0.8008751561564784            # ClearScalar<float64>
         %6 = divide(%4, %5)                # EncryptedTensor<float64, shape=(1, 256, 56, 56)>
         %7 = 0                             # ClearScalar<uint1>
         %8 = add(%6, %7)                   # EncryptedTensor<float64, shape=(1, 256, 56, 56)>
         %9 = rint(%8)                      # EncryptedTensor<float64, shape=(1, 256, 56, 56)>
        %10 = astype(%9, dtype=int_)        # EncryptedTensor<uint1, shape=(1, 256, 56, 56)>
        return %10

    %31 = subgraph(%30):

         %0 = input                          # EncryptedTensor<uint2, shape=(1, 256, 56, 56)>
         %1 = 0.0                            # ClearScalar<float64>
         %2 = subtract(%0, %1)               # EncryptedTensor<float64, shape=(1, 256, 56, 56)>
         %3 = 0.8008751561564784             # ClearScalar<float64>
         %4 = multiply(%3, %2)               # EncryptedTensor<float64, shape=(1, 256, 56, 56)>
         %5 = 0                              # ClearScalar<uint1>
         %6 = maximum(%4, %5)                # EncryptedTensor<float64, shape=(1, 256, 56, 56)>
         %7 = 0.8658779                      # ClearScalar<float32>
         %8 = divide(%6, %7)                 # EncryptedTensor<float64, shape=(1, 256, 56, 56)>
         %9 = 0.0                            # ClearScalar<float32>
        %10 = add(%8, %9)                    # EncryptedTensor<float64, shape=(1, 256, 56, 56)>
        %11 = 0.0                            # ClearScalar<float64>
        %12 = 15.0                           # ClearScalar<float64>
        %13 = clip(%10, %11, %12)            # EncryptedTensor<float64, shape=(1, 256, 56, 56)>
        %14 = rint(%13)                      # EncryptedTensor<float64, shape=(1, 256, 56, 56)>
        %15 = 0.0                            # ClearScalar<float32>
        %16 = subtract(%14, %15)             # EncryptedTensor<float64, shape=(1, 256, 56, 56)>
        %17 = 0.8658779                      # ClearScalar<float32>
        %18 = multiply(%16, %17)             # EncryptedTensor<float64, shape=(1, 256, 56, 56)>
        %19 = 0.8658779263496399             # ClearScalar<float64>
        %20 = divide(%18, %19)               # EncryptedTensor<float64, shape=(1, 256, 56, 56)>
        %21 = 0                              # ClearScalar<uint1>
        %22 = add(%20, %21)                  # EncryptedTensor<float64, shape=(1, 256, 56, 56)>
        %23 = rint(%22)                      # EncryptedTensor<float64, shape=(1, 256, 56, 56)>
        %24 = astype(%23, dtype=int_)        # EncryptedTensor<uint1, shape=(1, 256, 56, 56)>
        return %24

    %35 = subgraph(%34):

         %0 = input                            # EncryptedTensor<uint1, shape=(1, 64, 56, 56)>          @ /trunk/trunk.5/C1/Conv.conv_rounding
         %1 = astype(%0, dtype=float64)        # EncryptedTensor<float64, shape=(1, 64, 56, 56)>
         %2 = 0                                # ClearScalar<uint1>
         %3 = add(%1, %2)                      # EncryptedTensor<float64, shape=(1, 64, 56, 56)>
         %4 = [[[[0]]  [ ... ]  [[0]]]]        # ClearTensor<uint1, shape=(1, 64, 1, 1)>
         %5 = subtract(%3, %4)                 # EncryptedTensor<float64, shape=(1, 64, 56, 56)>
         %6 = 0.08768165585945287              # ClearScalar<float64>
         %7 = multiply(%6, %5)                 # EncryptedTensor<float64, shape=(1, 64, 56, 56)>
         %8 = [[[[-0.044 ... 77124 ]]]]        # ClearTensor<float32, shape=(1, 64, 1, 1)>
         %9 = subtract(%7, %8)                 # EncryptedTensor<float64, shape=(1, 64, 56, 56)>
        %10 = [[[[2.8416 ... 438579]]]]        # ClearTensor<float32, shape=(1, 64, 1, 1)>
        %11 = divide(%9, %10)                  # EncryptedTensor<float64, shape=(1, 64, 56, 56)>
        %12 = [[[[0.9779 ... 468465]]]]        # ClearTensor<float32, shape=(1, 64, 1, 1)>
        %13 = multiply(%11, %12)               # EncryptedTensor<float64, shape=(1, 64, 56, 56)>
        %14 = [[[[-0.008 ... 192587]]]]        # ClearTensor<float32, shape=(1, 64, 1, 1)>
        %15 = add(%13, %14)                    # EncryptedTensor<float64, shape=(1, 64, 56, 56)>
        %16 = 0                                # ClearScalar<uint1>
        %17 = maximum(%15, %16)                # EncryptedTensor<float64, shape=(1, 64, 56, 56)>
        %18 = 0.5994211                        # ClearScalar<float32>
        %19 = divide(%17, %18)                 # EncryptedTensor<float64, shape=(1, 64, 56, 56)>
        %20 = 0.0                              # ClearScalar<float32>
        %21 = add(%19, %20)                    # EncryptedTensor<float64, shape=(1, 64, 56, 56)>
        %22 = 0.0                              # ClearScalar<float64>
        %23 = 15.0                             # ClearScalar<float64>
        %24 = clip(%21, %22, %23)              # EncryptedTensor<float64, shape=(1, 64, 56, 56)>
        %25 = rint(%24)                        # EncryptedTensor<float64, shape=(1, 64, 56, 56)>
        %26 = 0.0                              # ClearScalar<float32>
        %27 = subtract(%25, %26)               # EncryptedTensor<float64, shape=(1, 64, 56, 56)>
        %28 = 0.5994211                        # ClearScalar<float32>
        %29 = multiply(%27, %28)               # EncryptedTensor<float64, shape=(1, 64, 56, 56)>
        %30 = 0.5994210839271545               # ClearScalar<float64>
        %31 = divide(%29, %30)                 # EncryptedTensor<float64, shape=(1, 64, 56, 56)>
        %32 = 0                                # ClearScalar<uint1>
        %33 = add(%31, %32)                    # EncryptedTensor<float64, shape=(1, 64, 56, 56)>
        %34 = rint(%33)                        # EncryptedTensor<float64, shape=(1, 64, 56, 56)>
        %35 = astype(%34, dtype=int_)          # EncryptedTensor<uint1, shape=(1, 64, 56, 56)>
        return %35

    %43 = subgraph(%42):

         %0 = input                            # EncryptedTensor<uint1, shape=(1, 64, 56, 56)>          @ /trunk/trunk.5/C2/Conv.conv_rounding
         %1 = astype(%0, dtype=float64)        # EncryptedTensor<float64, shape=(1, 64, 56, 56)>
         %2 = 0                                # ClearScalar<uint1>
         %3 = add(%1, %2)                      # EncryptedTensor<float64, shape=(1, 64, 56, 56)>
         %4 = [[[[0]]  [ ... ]  [[0]]]]        # ClearTensor<uint1, shape=(1, 64, 1, 1)>
         %5 = subtract(%3, %4)                 # EncryptedTensor<float64, shape=(1, 64, 56, 56)>
         %6 = 0.020492766025797193             # ClearScalar<float64>
         %7 = multiply(%6, %5)                 # EncryptedTensor<float64, shape=(1, 64, 56, 56)>
         %8 = [[[[-0.005 ... 07371 ]]]]        # ClearTensor<float32, shape=(1, 64, 1, 1)>
         %9 = subtract(%7, %8)                 # EncryptedTensor<float64, shape=(1, 64, 56, 56)>
        %10 = [[[[0.9170 ... 29359 ]]]]        # ClearTensor<float32, shape=(1, 64, 1, 1)>
        %11 = divide(%9, %10)                  # EncryptedTensor<float64, shape=(1, 64, 56, 56)>
        %12 = [[[[1.0030 ... 30987 ]]]]        # ClearTensor<float32, shape=(1, 64, 1, 1)>
        %13 = multiply(%11, %12)               # EncryptedTensor<float64, shape=(1, 64, 56, 56)>
        %14 = [[[[-0.027 ... 61257 ]]]]        # ClearTensor<float32, shape=(1, 64, 1, 1)>
        %15 = add(%13, %14)                    # EncryptedTensor<float64, shape=(1, 64, 56, 56)>
        %16 = 0                                # ClearScalar<uint1>
        %17 = maximum(%15, %16)                # EncryptedTensor<float64, shape=(1, 64, 56, 56)>
        %18 = 0.54952323                       # ClearScalar<float32>
        %19 = divide(%17, %18)                 # EncryptedTensor<float64, shape=(1, 64, 56, 56)>
        %20 = 0.0                              # ClearScalar<float32>
        %21 = add(%19, %20)                    # EncryptedTensor<float64, shape=(1, 64, 56, 56)>
        %22 = 0.0                              # ClearScalar<float64>
        %23 = 15.0                             # ClearScalar<float64>
        %24 = clip(%21, %22, %23)              # EncryptedTensor<float64, shape=(1, 64, 56, 56)>
        %25 = rint(%24)                        # EncryptedTensor<float64, shape=(1, 64, 56, 56)>
        %26 = 0.0                              # ClearScalar<float32>
        %27 = subtract(%25, %26)               # EncryptedTensor<float64, shape=(1, 64, 56, 56)>
        %28 = 0.54952323                       # ClearScalar<float32>
        %29 = multiply(%27, %28)               # EncryptedTensor<float64, shape=(1, 64, 56, 56)>
        %30 = 0.5495232343673706               # ClearScalar<float64>
        %31 = divide(%29, %30)                 # EncryptedTensor<float64, shape=(1, 64, 56, 56)>
        %32 = 0                                # ClearScalar<uint1>
        %33 = add(%31, %32)                    # EncryptedTensor<float64, shape=(1, 64, 56, 56)>
        %34 = rint(%33)                        # EncryptedTensor<float64, shape=(1, 64, 56, 56)>
        %35 = astype(%34, dtype=int_)          # EncryptedTensor<uint1, shape=(1, 64, 56, 56)>
        return %35

    %47 = subgraph(%46):

         %0 = input                            # EncryptedTensor<uint1, shape=(1, 256, 56, 56)>          @ /trunk/trunk.5/C3/Conv.conv_rounding
         %1 = astype(%0, dtype=float64)        # EncryptedTensor<float64, shape=(1, 256, 56, 56)>
         %2 = 0                                # ClearScalar<uint1>
         %3 = add(%1, %2)                      # EncryptedTensor<float64, shape=(1, 256, 56, 56)>
         %4 = [[[[0]]  [ ... ]  [[0]]]]        # ClearTensor<uint1, shape=(1, 256, 1, 1)>
         %5 = subtract(%3, %4)                 # EncryptedTensor<float64, shape=(1, 256, 56, 56)>
         %6 = 0.026165787832959087             # ClearScalar<float64>
         %7 = multiply(%6, %5)                 # EncryptedTensor<float64, shape=(1, 256, 56, 56)>
         %8 = [[[[ 6.783 ... 13e-02]]]]        # ClearTensor<float32, shape=(1, 256, 1, 1)>
         %9 = subtract(%7, %8)                 # EncryptedTensor<float64, shape=(1, 256, 56, 56)>
        %10 = [[[[0.6238 ... 840554]]]]        # ClearTensor<float32, shape=(1, 256, 1, 1)>
        %11 = divide(%9, %10)                  # EncryptedTensor<float64, shape=(1, 256, 56, 56)>
        %12 = [[[[0.9991 ... 34063 ]]]]        # ClearTensor<float32, shape=(1, 256, 1, 1)>
        %13 = multiply(%11, %12)               # EncryptedTensor<float64, shape=(1, 256, 56, 56)>
        %14 = [[[[ 3.131 ... 64e-02]]]]        # ClearTensor<float32, shape=(1, 256, 1, 1)>
        %15 = add(%13, %14)                    # EncryptedTensor<float64, shape=(1, 256, 56, 56)>
        %16 = 1.1160234                        # ClearScalar<float32>
        %17 = divide(%15, %16)                 # EncryptedTensor<float64, shape=(1, 256, 56, 56)>
        %18 = 0.0                              # ClearScalar<float32>
        %19 = add(%17, %18)                    # EncryptedTensor<float64, shape=(1, 256, 56, 56)>
        %20 = -8.0                             # ClearScalar<float64>
        %21 = 7.0                              # ClearScalar<float64>
        %22 = clip(%19, %20, %21)              # EncryptedTensor<float64, shape=(1, 256, 56, 56)>
        %23 = rint(%22)                        # EncryptedTensor<float64, shape=(1, 256, 56, 56)>
        %24 = 0.0                              # ClearScalar<float32>
        %25 = subtract(%23, %24)               # EncryptedTensor<float64, shape=(1, 256, 56, 56)>
        %26 = 1.1160234                        # ClearScalar<float32>
        %27 = multiply(%25, %26)               # EncryptedTensor<float64, shape=(1, 256, 56, 56)>
        %28 = 1.1160234212875366               # ClearScalar<float64>
        %29 = divide(%27, %28)                 # EncryptedTensor<float64, shape=(1, 256, 56, 56)>
        %30 = 0                                # ClearScalar<uint1>
        %31 = add(%29, %30)                    # EncryptedTensor<float64, shape=(1, 256, 56, 56)>
        %32 = rint(%31)                        # EncryptedTensor<float64, shape=(1, 256, 56, 56)>
        %33 = astype(%32, dtype=int_)          # EncryptedTensor<uint1, shape=(1, 256, 56, 56)>
        return %33

    %48 = subgraph(%30):

         %0 = input                          # EncryptedTensor<uint2, shape=(1, 256, 56, 56)>
         %1 = 0.0                            # ClearScalar<float64>
         %2 = subtract(%0, %1)               # EncryptedTensor<float64, shape=(1, 256, 56, 56)>
         %3 = 0.8008751561564784             # ClearScalar<float64>
         %4 = multiply(%3, %2)               # EncryptedTensor<float64, shape=(1, 256, 56, 56)>
         %5 = 0                              # ClearScalar<uint1>
         %6 = maximum(%4, %5)                # EncryptedTensor<float64, shape=(1, 256, 56, 56)>
         %7 = 0.8658779                      # ClearScalar<float32>
         %8 = divide(%6, %7)                 # EncryptedTensor<float64, shape=(1, 256, 56, 56)>
         %9 = 0.0                            # ClearScalar<float32>
        %10 = add(%8, %9)                    # EncryptedTensor<float64, shape=(1, 256, 56, 56)>
        %11 = 0.0                            # ClearScalar<float64>
        %12 = 15.0                           # ClearScalar<float64>
        %13 = clip(%10, %11, %12)            # EncryptedTensor<float64, shape=(1, 256, 56, 56)>
        %14 = rint(%13)                      # EncryptedTensor<float64, shape=(1, 256, 56, 56)>
        %15 = 0.0                            # ClearScalar<float32>
        %16 = subtract(%14, %15)             # EncryptedTensor<float64, shape=(1, 256, 56, 56)>
        %17 = 0.8658779                      # ClearScalar<float32>
        %18 = multiply(%16, %17)             # EncryptedTensor<float64, shape=(1, 256, 56, 56)>
        %19 = 0.8658779263496399             # ClearScalar<float64>
        %20 = divide(%18, %19)               # EncryptedTensor<float64, shape=(1, 256, 56, 56)>
        %21 = 0                              # ClearScalar<uint1>
        %22 = add(%20, %21)                  # EncryptedTensor<float64, shape=(1, 256, 56, 56)>
        %23 = rint(%22)                      # EncryptedTensor<float64, shape=(1, 256, 56, 56)>
        %24 = astype(%23, dtype=int_)        # EncryptedTensor<uint1, shape=(1, 256, 56, 56)>
        return %24

    %49 = subgraph(%47):

         %0 = input                         # EncryptedTensor<uint1, shape=(1, 256, 56, 56)>
         %1 = 0.0                           # ClearScalar<float64>
         %2 = subtract(%0, %1)              # EncryptedTensor<float64, shape=(1, 256, 56, 56)>
         %3 = 1.1160234212875366            # ClearScalar<float64>
         %4 = multiply(%3, %2)              # EncryptedTensor<float64, shape=(1, 256, 56, 56)>
         %5 = 0.7150484438865415            # ClearScalar<float64>
         %6 = divide(%4, %5)                # EncryptedTensor<float64, shape=(1, 256, 56, 56)>
         %7 = 0                             # ClearScalar<uint1>
         %8 = add(%6, %7)                   # EncryptedTensor<float64, shape=(1, 256, 56, 56)>
         %9 = rint(%8)                      # EncryptedTensor<float64, shape=(1, 256, 56, 56)>
        %10 = astype(%9, dtype=int_)        # EncryptedTensor<uint1, shape=(1, 256, 56, 56)>
        return %10

    %50 = subgraph(%48):

         %0 = input                         # EncryptedTensor<uint1, shape=(1, 256, 56, 56)>
         %1 = 0.0                           # ClearScalar<float64>
         %2 = subtract(%0, %1)              # EncryptedTensor<float64, shape=(1, 256, 56, 56)>
         %3 = 0.8658779263496399            # ClearScalar<float64>
         %4 = multiply(%3, %2)              # EncryptedTensor<float64, shape=(1, 256, 56, 56)>
         %5 = 0.7150484438865415            # ClearScalar<float64>
         %6 = divide(%4, %5)                # EncryptedTensor<float64, shape=(1, 256, 56, 56)>
         %7 = 0                             # ClearScalar<uint1>
         %8 = add(%6, %7)                   # EncryptedTensor<float64, shape=(1, 256, 56, 56)>
         %9 = rint(%8)                      # EncryptedTensor<float64, shape=(1, 256, 56, 56)>
        %10 = astype(%9, dtype=int_)        # EncryptedTensor<uint1, shape=(1, 256, 56, 56)>
        return %10

    %54 = subgraph(%53):

         %0 = input                          # EncryptedTensor<uint2, shape=(1, 256, 56, 56)>
         %1 = 0.0                            # ClearScalar<float64>
         %2 = subtract(%0, %1)               # EncryptedTensor<float64, shape=(1, 256, 56, 56)>
         %3 = 0.7150484438865415             # ClearScalar<float64>
         %4 = multiply(%3, %2)               # EncryptedTensor<float64, shape=(1, 256, 56, 56)>
         %5 = 0                              # ClearScalar<uint1>
         %6 = maximum(%4, %5)                # EncryptedTensor<float64, shape=(1, 256, 56, 56)>
         %7 = 1.0422963                      # ClearScalar<float32>
         %8 = divide(%6, %7)                 # EncryptedTensor<float64, shape=(1, 256, 56, 56)>
         %9 = 0.0                            # ClearScalar<float32>
        %10 = add(%8, %9)                    # EncryptedTensor<float64, shape=(1, 256, 56, 56)>
        %11 = 0.0                            # ClearScalar<float64>
        %12 = 15.0                           # ClearScalar<float64>
        %13 = clip(%10, %11, %12)            # EncryptedTensor<float64, shape=(1, 256, 56, 56)>
        %14 = rint(%13)                      # EncryptedTensor<float64, shape=(1, 256, 56, 56)>
        %15 = 0.0                            # ClearScalar<float32>
        %16 = subtract(%14, %15)             # EncryptedTensor<float64, shape=(1, 256, 56, 56)>
        %17 = 1.0422963                      # ClearScalar<float32>
        %18 = multiply(%16, %17)             # EncryptedTensor<float64, shape=(1, 256, 56, 56)>
        %19 = 1.042296290397644              # ClearScalar<float64>
        %20 = divide(%18, %19)               # EncryptedTensor<float64, shape=(1, 256, 56, 56)>
        %21 = 0                              # ClearScalar<uint1>
        %22 = add(%20, %21)                  # EncryptedTensor<float64, shape=(1, 256, 56, 56)>
        %23 = rint(%22)                      # EncryptedTensor<float64, shape=(1, 256, 56, 56)>
        %24 = astype(%23, dtype=int_)        # EncryptedTensor<uint1, shape=(1, 256, 56, 56)>
        return %24

    %58 = subgraph(%57):

         %0 = input                            # EncryptedTensor<uint1, shape=(1, 64, 56, 56)>          @ /trunk/trunk.6/C1/Conv.conv_rounding
         %1 = astype(%0, dtype=float64)        # EncryptedTensor<float64, shape=(1, 64, 56, 56)>
         %2 = 0                                # ClearScalar<uint1>
         %3 = add(%1, %2)                      # EncryptedTensor<float64, shape=(1, 64, 56, 56)>
         %4 = [[[[0]]  [ ... ]  [[0]]]]        # ClearTensor<uint1, shape=(1, 64, 1, 1)>
         %5 = subtract(%3, %4)                 # EncryptedTensor<float64, shape=(1, 64, 56, 56)>
         %6 = 0.10776545269066684              # ClearScalar<float64>
         %7 = multiply(%6, %5)                 # EncryptedTensor<float64, shape=(1, 64, 56, 56)>
         %8 = [[[[-0.891 ... 805106]]]]        # ClearTensor<float32, shape=(1, 64, 1, 1)>
         %9 = subtract(%7, %8)                 # EncryptedTensor<float64, shape=(1, 64, 56, 56)>
        %10 = [[[[3.3817 ... 152655]]]]        # ClearTensor<float32, shape=(1, 64, 1, 1)>
        %11 = divide(%9, %10)                  # EncryptedTensor<float64, shape=(1, 64, 56, 56)>
        %12 = [[[[0.9981 ... 50435 ]]]]        # ClearTensor<float32, shape=(1, 64, 1, 1)>
        %13 = multiply(%11, %12)               # EncryptedTensor<float64, shape=(1, 64, 56, 56)>
        %14 = [[[[ 0.025 ... 266997]]]]        # ClearTensor<float32, shape=(1, 64, 1, 1)>
        %15 = add(%13, %14)                    # EncryptedTensor<float64, shape=(1, 64, 56, 56)>
        %16 = 0                                # ClearScalar<uint1>
        %17 = maximum(%15, %16)                # EncryptedTensor<float64, shape=(1, 64, 56, 56)>
        %18 = 0.51375425                       # ClearScalar<float32>
        %19 = divide(%17, %18)                 # EncryptedTensor<float64, shape=(1, 64, 56, 56)>
        %20 = 0.0                              # ClearScalar<float32>
        %21 = add(%19, %20)                    # EncryptedTensor<float64, shape=(1, 64, 56, 56)>
        %22 = 0.0                              # ClearScalar<float64>
        %23 = 15.0                             # ClearScalar<float64>
        %24 = clip(%21, %22, %23)              # EncryptedTensor<float64, shape=(1, 64, 56, 56)>
        %25 = rint(%24)                        # EncryptedTensor<float64, shape=(1, 64, 56, 56)>
        %26 = 0.0                              # ClearScalar<float32>
        %27 = subtract(%25, %26)               # EncryptedTensor<float64, shape=(1, 64, 56, 56)>
        %28 = 0.51375425                       # ClearScalar<float32>
        %29 = multiply(%27, %28)               # EncryptedTensor<float64, shape=(1, 64, 56, 56)>
        %30 = 0.5137542486190796               # ClearScalar<float64>
        %31 = divide(%29, %30)                 # EncryptedTensor<float64, shape=(1, 64, 56, 56)>
        %32 = 0                                # ClearScalar<uint1>
        %33 = add(%31, %32)                    # EncryptedTensor<float64, shape=(1, 64, 56, 56)>
        %34 = rint(%33)                        # EncryptedTensor<float64, shape=(1, 64, 56, 56)>
        %35 = astype(%34, dtype=int_)          # EncryptedTensor<uint1, shape=(1, 64, 56, 56)>
        return %35

    %66 = subgraph(%65):

         %0 = input                            # EncryptedTensor<uint1, shape=(1, 64, 56, 56)>          @ /trunk/trunk.6/C2/Conv.conv_rounding
         %1 = astype(%0, dtype=float64)        # EncryptedTensor<float64, shape=(1, 64, 56, 56)>
         %2 = 0                                # ClearScalar<uint1>
         %3 = add(%1, %2)                      # EncryptedTensor<float64, shape=(1, 64, 56, 56)>
         %4 = [[[[0]]  [ ... ]  [[0]]]]        # ClearTensor<uint1, shape=(1, 64, 1, 1)>
         %5 = subtract(%3, %4)                 # EncryptedTensor<float64, shape=(1, 64, 56, 56)>
         %6 = 0.018705901373621714             # ClearScalar<float64>
         %7 = multiply(%6, %5)                 # EncryptedTensor<float64, shape=(1, 64, 56, 56)>
         %8 = [[[[-1.290 ... 8556  ]]]]        # ClearTensor<float32, shape=(1, 64, 1, 1)>
         %9 = subtract(%7, %8)                 # EncryptedTensor<float64, shape=(1, 64, 56, 56)>
        %10 = [[[[1.0835 ... 05062 ]]]]        # ClearTensor<float32, shape=(1, 64, 1, 1)>
        %11 = divide(%9, %10)                  # EncryptedTensor<float64, shape=(1, 64, 56, 56)>
        %12 = [[[[0.9968 ... 48321 ]]]]        # ClearTensor<float32, shape=(1, 64, 1, 1)>
        %13 = multiply(%11, %12)               # EncryptedTensor<float64, shape=(1, 64, 56, 56)>
        %14 = [[[[ 1.604 ... 29e-03]]]]        # ClearTensor<float32, shape=(1, 64, 1, 1)>
        %15 = add(%13, %14)                    # EncryptedTensor<float64, shape=(1, 64, 56, 56)>
        %16 = 0                                # ClearScalar<uint1>
        %17 = maximum(%15, %16)                # EncryptedTensor<float64, shape=(1, 64, 56, 56)>
        %18 = 0.47480637                       # ClearScalar<float32>
        %19 = divide(%17, %18)                 # EncryptedTensor<float64, shape=(1, 64, 56, 56)>
        %20 = 0.0                              # ClearScalar<float32>
        %21 = add(%19, %20)                    # EncryptedTensor<float64, shape=(1, 64, 56, 56)>
        %22 = 0.0                              # ClearScalar<float64>
        %23 = 15.0                             # ClearScalar<float64>
        %24 = clip(%21, %22, %23)              # EncryptedTensor<float64, shape=(1, 64, 56, 56)>
        %25 = rint(%24)                        # EncryptedTensor<float64, shape=(1, 64, 56, 56)>
        %26 = 0.0                              # ClearScalar<float32>
        %27 = subtract(%25, %26)               # EncryptedTensor<float64, shape=(1, 64, 56, 56)>
        %28 = 0.47480637                       # ClearScalar<float32>
        %29 = multiply(%27, %28)               # EncryptedTensor<float64, shape=(1, 64, 56, 56)>
        %30 = 0.47480636835098267              # ClearScalar<float64>
        %31 = divide(%29, %30)                 # EncryptedTensor<float64, shape=(1, 64, 56, 56)>
        %32 = 0                                # ClearScalar<uint1>
        %33 = add(%31, %32)                    # EncryptedTensor<float64, shape=(1, 64, 56, 56)>
        %34 = rint(%33)                        # EncryptedTensor<float64, shape=(1, 64, 56, 56)>
        %35 = astype(%34, dtype=int_)          # EncryptedTensor<uint1, shape=(1, 64, 56, 56)>
        return %35

    %70 = subgraph(%69):

         %0 = input                            # EncryptedTensor<uint1, shape=(1, 256, 56, 56)>          @ /trunk/trunk.6/C3/Conv.conv_rounding
         %1 = astype(%0, dtype=float64)        # EncryptedTensor<float64, shape=(1, 256, 56, 56)>
         %2 = 0                                # ClearScalar<uint1>
         %3 = add(%1, %2)                      # EncryptedTensor<float64, shape=(1, 256, 56, 56)>
         %4 = [[[[0]]  [ ... ]  [[0]]]]        # ClearTensor<uint1, shape=(1, 256, 1, 1)>
         %5 = subtract(%3, %4)                 # EncryptedTensor<float64, shape=(1, 256, 56, 56)>
         %6 = 0.021851122034728165             # ClearScalar<float64>
         %7 = multiply(%6, %5)                 # EncryptedTensor<float64, shape=(1, 256, 56, 56)>
         %8 = [[[[-0.121 ... 1563  ]]]]        # ClearTensor<float32, shape=(1, 256, 1, 1)>
         %9 = subtract(%7, %8)                 # EncryptedTensor<float64, shape=(1, 256, 56, 56)>
        %10 = [[[[0.5625 ... 51609 ]]]]        # ClearTensor<float32, shape=(1, 256, 1, 1)>
        %11 = divide(%9, %10)                  # EncryptedTensor<float64, shape=(1, 256, 56, 56)>
        %12 = [[[[0.9519 ... 79083 ]]]]        # ClearTensor<float32, shape=(1, 256, 1, 1)>
        %13 = multiply(%11, %12)               # EncryptedTensor<float64, shape=(1, 256, 56, 56)>
        %14 = [[[[ 1.548 ... 10e-03]]]]        # ClearTensor<float32, shape=(1, 256, 1, 1)>
        %15 = add(%13, %14)                    # EncryptedTensor<float64, shape=(1, 256, 56, 56)>
        %16 = 0.97241                          # ClearScalar<float32>
        %17 = divide(%15, %16)                 # EncryptedTensor<float64, shape=(1, 256, 56, 56)>
        %18 = 0.0                              # ClearScalar<float32>
        %19 = add(%17, %18)                    # EncryptedTensor<float64, shape=(1, 256, 56, 56)>
        %20 = -8.0                             # ClearScalar<float64>
        %21 = 7.0                              # ClearScalar<float64>
        %22 = clip(%19, %20, %21)              # EncryptedTensor<float64, shape=(1, 256, 56, 56)>
        %23 = rint(%22)                        # EncryptedTensor<float64, shape=(1, 256, 56, 56)>
        %24 = 0.0                              # ClearScalar<float32>
        %25 = subtract(%23, %24)               # EncryptedTensor<float64, shape=(1, 256, 56, 56)>
        %26 = 0.97241                          # ClearScalar<float32>
        %27 = multiply(%25, %26)               # EncryptedTensor<float64, shape=(1, 256, 56, 56)>
        %28 = 0.9724100232124329               # ClearScalar<float64>
        %29 = divide(%27, %28)                 # EncryptedTensor<float64, shape=(1, 256, 56, 56)>
        %30 = 0                                # ClearScalar<uint1>
        %31 = add(%29, %30)                    # EncryptedTensor<float64, shape=(1, 256, 56, 56)>
        %32 = rint(%31)                        # EncryptedTensor<float64, shape=(1, 256, 56, 56)>
        %33 = astype(%32, dtype=int_)          # EncryptedTensor<uint1, shape=(1, 256, 56, 56)>
        return %33

    %71 = subgraph(%53):

         %0 = input                          # EncryptedTensor<uint2, shape=(1, 256, 56, 56)>
         %1 = 0.0                            # ClearScalar<float64>
         %2 = subtract(%0, %1)               # EncryptedTensor<float64, shape=(1, 256, 56, 56)>
         %3 = 0.7150484438865415             # ClearScalar<float64>
         %4 = multiply(%3, %2)               # EncryptedTensor<float64, shape=(1, 256, 56, 56)>
         %5 = 0                              # ClearScalar<uint1>
         %6 = maximum(%4, %5)                # EncryptedTensor<float64, shape=(1, 256, 56, 56)>
         %7 = 1.0422963                      # ClearScalar<float32>
         %8 = divide(%6, %7)                 # EncryptedTensor<float64, shape=(1, 256, 56, 56)>
         %9 = 0.0                            # ClearScalar<float32>
        %10 = add(%8, %9)                    # EncryptedTensor<float64, shape=(1, 256, 56, 56)>
        %11 = 0.0                            # ClearScalar<float64>
        %12 = 15.0                           # ClearScalar<float64>
        %13 = clip(%10, %11, %12)            # EncryptedTensor<float64, shape=(1, 256, 56, 56)>
        %14 = rint(%13)                      # EncryptedTensor<float64, shape=(1, 256, 56, 56)>
        %15 = 0.0                            # ClearScalar<float32>
        %16 = subtract(%14, %15)             # EncryptedTensor<float64, shape=(1, 256, 56, 56)>
        %17 = 1.0422963                      # ClearScalar<float32>
        %18 = multiply(%16, %17)             # EncryptedTensor<float64, shape=(1, 256, 56, 56)>
        %19 = 1.042296290397644              # ClearScalar<float64>
        %20 = divide(%18, %19)               # EncryptedTensor<float64, shape=(1, 256, 56, 56)>
        %21 = 0                              # ClearScalar<uint1>
        %22 = add(%20, %21)                  # EncryptedTensor<float64, shape=(1, 256, 56, 56)>
        %23 = rint(%22)                      # EncryptedTensor<float64, shape=(1, 256, 56, 56)>
        %24 = astype(%23, dtype=int_)        # EncryptedTensor<uint1, shape=(1, 256, 56, 56)>
        return %24

    %72 = subgraph(%70):

         %0 = input                         # EncryptedTensor<uint1, shape=(1, 256, 56, 56)>
         %1 = 0.0                           # ClearScalar<float64>
         %2 = subtract(%0, %1)              # EncryptedTensor<float64, shape=(1, 256, 56, 56)>
         %3 = 0.9724100232124329            # ClearScalar<float64>
         %4 = multiply(%3, %2)              # EncryptedTensor<float64, shape=(1, 256, 56, 56)>
         %5 = 0.7866495020927922            # ClearScalar<float64>
         %6 = divide(%4, %5)                # EncryptedTensor<float64, shape=(1, 256, 56, 56)>
         %7 = 0                             # ClearScalar<uint1>
         %8 = add(%6, %7)                   # EncryptedTensor<float64, shape=(1, 256, 56, 56)>
         %9 = rint(%8)                      # EncryptedTensor<float64, shape=(1, 256, 56, 56)>
        %10 = astype(%9, dtype=int_)        # EncryptedTensor<uint1, shape=(1, 256, 56, 56)>
        return %10

    %73 = subgraph(%71):

         %0 = input                         # EncryptedTensor<uint1, shape=(1, 256, 56, 56)>
         %1 = 0.0                           # ClearScalar<float64>
         %2 = subtract(%0, %1)              # EncryptedTensor<float64, shape=(1, 256, 56, 56)>
         %3 = 1.042296290397644             # ClearScalar<float64>
         %4 = multiply(%3, %2)              # EncryptedTensor<float64, shape=(1, 256, 56, 56)>
         %5 = 0.7866495020927922            # ClearScalar<float64>
         %6 = divide(%4, %5)                # EncryptedTensor<float64, shape=(1, 256, 56, 56)>
         %7 = 0                             # ClearScalar<uint1>
         %8 = add(%6, %7)                   # EncryptedTensor<float64, shape=(1, 256, 56, 56)>
         %9 = rint(%8)                      # EncryptedTensor<float64, shape=(1, 256, 56, 56)>
        %10 = astype(%9, dtype=int_)        # EncryptedTensor<uint1, shape=(1, 256, 56, 56)>
        return %10

    %77 = subgraph(%76):

         %0 = input                          # EncryptedTensor<uint2, shape=(1, 256, 56, 56)>
         %1 = 0.0                            # ClearScalar<float64>
         %2 = subtract(%0, %1)               # EncryptedTensor<float64, shape=(1, 256, 56, 56)>
         %3 = 0.7866495020927922             # ClearScalar<float64>
         %4 = multiply(%3, %2)               # EncryptedTensor<float64, shape=(1, 256, 56, 56)>
         %5 = 0                              # ClearScalar<uint1>
         %6 = maximum(%4, %5)                # EncryptedTensor<float64, shape=(1, 256, 56, 56)>
         %7 = 1.1215904                      # ClearScalar<float32>
         %8 = divide(%6, %7)                 # EncryptedTensor<float64, shape=(1, 256, 56, 56)>
         %9 = 0.0                            # ClearScalar<float32>
        %10 = add(%8, %9)                    # EncryptedTensor<float64, shape=(1, 256, 56, 56)>
        %11 = 0.0                            # ClearScalar<float64>
        %12 = 15.0                           # ClearScalar<float64>
        %13 = clip(%10, %11, %12)            # EncryptedTensor<float64, shape=(1, 256, 56, 56)>
        %14 = rint(%13)                      # EncryptedTensor<float64, shape=(1, 256, 56, 56)>
        %15 = 0.0                            # ClearScalar<float32>
        %16 = subtract(%14, %15)             # EncryptedTensor<float64, shape=(1, 256, 56, 56)>
        %17 = 1.1215904                      # ClearScalar<float32>
        %18 = multiply(%16, %17)             # EncryptedTensor<float64, shape=(1, 256, 56, 56)>
        %19 = 1.1215903759002686             # ClearScalar<float64>
        %20 = divide(%18, %19)               # EncryptedTensor<float64, shape=(1, 256, 56, 56)>
        %21 = 0                              # ClearScalar<uint1>
        %22 = add(%20, %21)                  # EncryptedTensor<float64, shape=(1, 256, 56, 56)>
        %23 = rint(%22)                      # EncryptedTensor<float64, shape=(1, 256, 56, 56)>
        %24 = astype(%23, dtype=int_)        # EncryptedTensor<uint1, shape=(1, 256, 56, 56)>
        return %24

    %81 = subgraph(%80):

         %0 = input                            # EncryptedTensor<uint1, shape=(1, 128, 56, 56)>          @ /trunk/trunk.7/C1/Conv.conv_rounding
         %1 = astype(%0, dtype=float64)        # EncryptedTensor<float64, shape=(1, 128, 56, 56)>
         %2 = 0                                # ClearScalar<uint1>
         %3 = add(%1, %2)                      # EncryptedTensor<float64, shape=(1, 128, 56, 56)>
         %4 = [[[[0]]  [ ... ]  [[0]]]]        # ClearTensor<uint1, shape=(1, 128, 1, 1)>
         %5 = subtract(%3, %4)                 # EncryptedTensor<float64, shape=(1, 128, 56, 56)>
         %6 = 0.0773230157064635               # ClearScalar<float64>
         %7 = multiply(%6, %5)                 # EncryptedTensor<float64, shape=(1, 128, 56, 56)>
         %8 = [[[[-1.146 ... 708864]]]]        # ClearTensor<float32, shape=(1, 128, 1, 1)>
         %9 = subtract(%7, %8)                 # EncryptedTensor<float64, shape=(1, 128, 56, 56)>
        %10 = [[[[2.9519 ... 927098]]]]        # ClearTensor<float32, shape=(1, 128, 1, 1)>
        %11 = divide(%9, %10)                  # EncryptedTensor<float64, shape=(1, 128, 56, 56)>
        %12 = [[[[0.9731 ... 001313]]]]        # ClearTensor<float32, shape=(1, 128, 1, 1)>
        %13 = multiply(%11, %12)               # EncryptedTensor<float64, shape=(1, 128, 56, 56)>
        %14 = [[[[ 5.289 ... 81e-02]]]]        # ClearTensor<float32, shape=(1, 128, 1, 1)>
        %15 = add(%13, %14)                    # EncryptedTensor<float64, shape=(1, 128, 56, 56)>
        %16 = 0                                # ClearScalar<uint1>
        %17 = maximum(%15, %16)                # EncryptedTensor<float64, shape=(1, 128, 56, 56)>
        %18 = 0.46529558                       # ClearScalar<float32>
        %19 = divide(%17, %18)                 # EncryptedTensor<float64, shape=(1, 128, 56, 56)>
        %20 = 0.0                              # ClearScalar<float32>
        %21 = add(%19, %20)                    # EncryptedTensor<float64, shape=(1, 128, 56, 56)>
        %22 = 0.0                              # ClearScalar<float64>
        %23 = 15.0                             # ClearScalar<float64>
        %24 = clip(%21, %22, %23)              # EncryptedTensor<float64, shape=(1, 128, 56, 56)>
        %25 = rint(%24)                        # EncryptedTensor<float64, shape=(1, 128, 56, 56)>
        %26 = 0.0                              # ClearScalar<float32>
        %27 = subtract(%25, %26)               # EncryptedTensor<float64, shape=(1, 128, 56, 56)>
        %28 = 0.46529558                       # ClearScalar<float32>
        %29 = multiply(%27, %28)               # EncryptedTensor<float64, shape=(1, 128, 56, 56)>
        %30 = 0.46529558300971985              # ClearScalar<float64>
        %31 = divide(%29, %30)                 # EncryptedTensor<float64, shape=(1, 128, 56, 56)>
        %32 = 0                                # ClearScalar<uint1>
        %33 = add(%31, %32)                    # EncryptedTensor<float64, shape=(1, 128, 56, 56)>
        %34 = rint(%33)                        # EncryptedTensor<float64, shape=(1, 128, 56, 56)>
        %35 = astype(%34, dtype=int_)          # EncryptedTensor<uint1, shape=(1, 128, 56, 56)>
        return %35

    %89 = subgraph(%88):

         %0 = input                            # EncryptedTensor<uint1, shape=(1, 128, 28, 28)>          @ /trunk/trunk.7/C2/Conv.conv_rounding
         %1 = astype(%0, dtype=float64)        # EncryptedTensor<float64, shape=(1, 128, 28, 28)>
         %2 = 0                                # ClearScalar<uint1>
         %3 = add(%1, %2)                      # EncryptedTensor<float64, shape=(1, 128, 28, 28)>
         %4 = [[[[0]]  [ ... ]  [[0]]]]        # ClearTensor<uint1, shape=(1, 128, 1, 1)>
         %5 = subtract(%3, %4)                 # EncryptedTensor<float64, shape=(1, 128, 28, 28)>
         %6 = 0.011741367895636567             # ClearScalar<float64>
         %7 = multiply(%6, %5)                 # EncryptedTensor<float64, shape=(1, 128, 28, 28)>
         %8 = [[[[-1.844 ... 999681]]]]        # ClearTensor<float32, shape=(1, 128, 1, 1)>
         %9 = subtract(%7, %8)                 # EncryptedTensor<float64, shape=(1, 128, 28, 28)>
        %10 = [[[[1.0130 ... 80342 ]]]]        # ClearTensor<float32, shape=(1, 128, 1, 1)>
        %11 = divide(%9, %10)                  # EncryptedTensor<float64, shape=(1, 128, 28, 28)>
        %12 = [[[[0.9817 ... 16487 ]]]]        # ClearTensor<float32, shape=(1, 128, 1, 1)>
        %13 = multiply(%11, %12)               # EncryptedTensor<float64, shape=(1, 128, 28, 28)>
        %14 = [[[[ 2.091 ... 51e-03]]]]        # ClearTensor<float32, shape=(1, 128, 1, 1)>
        %15 = add(%13, %14)                    # EncryptedTensor<float64, shape=(1, 128, 28, 28)>
        %16 = 0                                # ClearScalar<uint1>
        %17 = maximum(%15, %16)                # EncryptedTensor<float64, shape=(1, 128, 28, 28)>
        %18 = 0.46007863                       # ClearScalar<float32>
        %19 = divide(%17, %18)                 # EncryptedTensor<float64, shape=(1, 128, 28, 28)>
        %20 = 0.0                              # ClearScalar<float32>
        %21 = add(%19, %20)                    # EncryptedTensor<float64, shape=(1, 128, 28, 28)>
        %22 = 0.0                              # ClearScalar<float64>
        %23 = 15.0                             # ClearScalar<float64>
        %24 = clip(%21, %22, %23)              # EncryptedTensor<float64, shape=(1, 128, 28, 28)>
        %25 = rint(%24)                        # EncryptedTensor<float64, shape=(1, 128, 28, 28)>
        %26 = 0.0                              # ClearScalar<float32>
        %27 = subtract(%25, %26)               # EncryptedTensor<float64, shape=(1, 128, 28, 28)>
        %28 = 0.46007863                       # ClearScalar<float32>
        %29 = multiply(%27, %28)               # EncryptedTensor<float64, shape=(1, 128, 28, 28)>
        %30 = 0.460078626871109                # ClearScalar<float64>
        %31 = divide(%29, %30)                 # EncryptedTensor<float64, shape=(1, 128, 28, 28)>
        %32 = 0                                # ClearScalar<uint1>
        %33 = add(%31, %32)                    # EncryptedTensor<float64, shape=(1, 128, 28, 28)>
        %34 = rint(%33)                        # EncryptedTensor<float64, shape=(1, 128, 28, 28)>
        %35 = astype(%34, dtype=int_)          # EncryptedTensor<uint1, shape=(1, 128, 28, 28)>
        return %35

    %93 = subgraph(%76):

         %0 = input                          # EncryptedTensor<uint2, shape=(1, 256, 56, 56)>
         %1 = 0.0                            # ClearScalar<float64>
         %2 = subtract(%0, %1)               # EncryptedTensor<float64, shape=(1, 256, 56, 56)>
         %3 = 0.7866495020927922             # ClearScalar<float64>
         %4 = multiply(%3, %2)               # EncryptedTensor<float64, shape=(1, 256, 56, 56)>
         %5 = 0                              # ClearScalar<uint1>
         %6 = maximum(%4, %5)                # EncryptedTensor<float64, shape=(1, 256, 56, 56)>
         %7 = 1.1215904                      # ClearScalar<float32>
         %8 = divide(%6, %7)                 # EncryptedTensor<float64, shape=(1, 256, 56, 56)>
         %9 = 0.0                            # ClearScalar<float32>
        %10 = add(%8, %9)                    # EncryptedTensor<float64, shape=(1, 256, 56, 56)>
        %11 = 0.0                            # ClearScalar<float64>
        %12 = 15.0                           # ClearScalar<float64>
        %13 = clip(%10, %11, %12)            # EncryptedTensor<float64, shape=(1, 256, 56, 56)>
        %14 = rint(%13)                      # EncryptedTensor<float64, shape=(1, 256, 56, 56)>
        %15 = 0.0                            # ClearScalar<float32>
        %16 = subtract(%14, %15)             # EncryptedTensor<float64, shape=(1, 256, 56, 56)>
        %17 = 1.1215904                      # ClearScalar<float32>
        %18 = multiply(%16, %17)             # EncryptedTensor<float64, shape=(1, 256, 56, 56)>
        %19 = 1.1215903759002686             # ClearScalar<float64>
        %20 = divide(%18, %19)               # EncryptedTensor<float64, shape=(1, 256, 56, 56)>
        %21 = 0                              # ClearScalar<uint1>
        %22 = add(%20, %21)                  # EncryptedTensor<float64, shape=(1, 256, 56, 56)>
        %23 = rint(%22)                      # EncryptedTensor<float64, shape=(1, 256, 56, 56)>
        %24 = astype(%23, dtype=int_)        # EncryptedTensor<uint1, shape=(1, 256, 56, 56)>
        return %24

    %97 = subgraph(%92):

         %0 = input                            # EncryptedTensor<uint1, shape=(1, 512, 28, 28)>          @ /trunk/trunk.7/C3/Conv.conv_rounding
         %1 = astype(%0, dtype=float64)        # EncryptedTensor<float64, shape=(1, 512, 28, 28)>
         %2 = 0                                # ClearScalar<uint1>
         %3 = add(%1, %2)                      # EncryptedTensor<float64, shape=(1, 512, 28, 28)>
         %4 = [[[[0]]  [ ... ]  [[0]]]]        # ClearTensor<uint1, shape=(1, 512, 1, 1)>
         %5 = subtract(%3, %4)                 # EncryptedTensor<float64, shape=(1, 512, 28, 28)>
         %6 = 0.01786014191498264              # ClearScalar<float64>
         %7 = multiply(%6, %5)                 # EncryptedTensor<float64, shape=(1, 512, 28, 28)>
         %8 = [[[[-0.178 ... 600243]]]]        # ClearTensor<float32, shape=(1, 512, 1, 1)>
         %9 = subtract(%7, %8)                 # EncryptedTensor<float64, shape=(1, 512, 28, 28)>
        %10 = [[[[0.4407 ... 966536]]]]        # ClearTensor<float32, shape=(1, 512, 1, 1)>
        %11 = divide(%9, %10)                  # EncryptedTensor<float64, shape=(1, 512, 28, 28)>
        %12 = [[[[0.9841 ... 13423 ]]]]        # ClearTensor<float32, shape=(1, 512, 1, 1)>
        %13 = multiply(%11, %12)               # EncryptedTensor<float64, shape=(1, 512, 28, 28)>
        %14 = [[[[ 6.681 ... 68e-02]]]]        # ClearTensor<float32, shape=(1, 512, 1, 1)>
        %15 = add(%13, %14)                    # EncryptedTensor<float64, shape=(1, 512, 28, 28)>
        %16 = 0.94759953                       # ClearScalar<float32>
        %17 = divide(%15, %16)                 # EncryptedTensor<float64, shape=(1, 512, 28, 28)>
        %18 = 0.0                              # ClearScalar<float32>
        %19 = add(%17, %18)                    # EncryptedTensor<float64, shape=(1, 512, 28, 28)>
        %20 = -8.0                             # ClearScalar<float64>
        %21 = 7.0                              # ClearScalar<float64>
        %22 = clip(%19, %20, %21)              # EncryptedTensor<float64, shape=(1, 512, 28, 28)>
        %23 = rint(%22)                        # EncryptedTensor<float64, shape=(1, 512, 28, 28)>
        %24 = 0.0                              # ClearScalar<float32>
        %25 = subtract(%23, %24)               # EncryptedTensor<float64, shape=(1, 512, 28, 28)>
        %26 = 0.94759953                       # ClearScalar<float32>
        %27 = multiply(%25, %26)               # EncryptedTensor<float64, shape=(1, 512, 28, 28)>
        %28 = 0.9475995302200317               # ClearScalar<float64>
        %29 = divide(%27, %28)                 # EncryptedTensor<float64, shape=(1, 512, 28, 28)>
        %30 = 0                                # ClearScalar<uint1>
        %31 = add(%29, %30)                    # EncryptedTensor<float64, shape=(1, 512, 28, 28)>
        %32 = rint(%31)                        # EncryptedTensor<float64, shape=(1, 512, 28, 28)>
        %33 = astype(%32, dtype=int_)          # EncryptedTensor<uint1, shape=(1, 512, 28, 28)>
        return %33

    %98 = subgraph(%96):

         %0 = input                            # EncryptedTensor<uint1, shape=(1, 512, 28, 28)>          @ /trunk/trunk.7/shortcut/Conv.conv_rounding
         %1 = astype(%0, dtype=float64)        # EncryptedTensor<float64, shape=(1, 512, 28, 28)>
         %2 = 0                                # ClearScalar<uint1>
         %3 = add(%1, %2)                      # EncryptedTensor<float64, shape=(1, 512, 28, 28)>
         %4 = [[[[0]]  [ ... ]  [[0]]]]        # ClearTensor<uint1, shape=(1, 512, 1, 1)>
         %5 = subtract(%3, %4)                 # EncryptedTensor<float64, shape=(1, 512, 28, 28)>
         %6 = 0.042880432860700424             # ClearScalar<float64>
         %7 = multiply(%6, %5)                 # EncryptedTensor<float64, shape=(1, 512, 28, 28)>
         %8 = [[[[ 1.505 ... 568698]]]]        # ClearTensor<float32, shape=(1, 512, 1, 1)>
         %9 = subtract(%7, %8)                 # EncryptedTensor<float64, shape=(1, 512, 28, 28)>
        %10 = [[[[1.6953 ... 367588]]]]        # ClearTensor<float32, shape=(1, 512, 1, 1)>
        %11 = divide(%9, %10)                  # EncryptedTensor<float64, shape=(1, 512, 28, 28)>
        %12 = [[[[0.9769 ... 90438 ]]]]        # ClearTensor<float32, shape=(1, 512, 1, 1)>
        %13 = multiply(%11, %12)               # EncryptedTensor<float64, shape=(1, 512, 28, 28)>
        %14 = [[[[ 6.625 ... 56e-02]]]]        # ClearTensor<float32, shape=(1, 512, 1, 1)>
        %15 = add(%13, %14)                    # EncryptedTensor<float64, shape=(1, 512, 28, 28)>
        %16 = 0.94817334                       # ClearScalar<float32>
        %17 = divide(%15, %16)                 # EncryptedTensor<float64, shape=(1, 512, 28, 28)>
        %18 = 0.0                              # ClearScalar<float32>
        %19 = add(%17, %18)                    # EncryptedTensor<float64, shape=(1, 512, 28, 28)>
        %20 = -8.0                             # ClearScalar<float64>
        %21 = 7.0                              # ClearScalar<float64>
        %22 = clip(%19, %20, %21)              # EncryptedTensor<float64, shape=(1, 512, 28, 28)>
        %23 = rint(%22)                        # EncryptedTensor<float64, shape=(1, 512, 28, 28)>
        %24 = 0.0                              # ClearScalar<float32>
        %25 = subtract(%23, %24)               # EncryptedTensor<float64, shape=(1, 512, 28, 28)>
        %26 = 0.94817334                       # ClearScalar<float32>
        %27 = multiply(%25, %26)               # EncryptedTensor<float64, shape=(1, 512, 28, 28)>
        %28 = 0.9481733441352844               # ClearScalar<float64>
        %29 = divide(%27, %28)                 # EncryptedTensor<float64, shape=(1, 512, 28, 28)>
        %30 = 0                                # ClearScalar<uint1>
        %31 = add(%29, %30)                    # EncryptedTensor<float64, shape=(1, 512, 28, 28)>
        %32 = rint(%31)                        # EncryptedTensor<float64, shape=(1, 512, 28, 28)>
        %33 = astype(%32, dtype=int_)          # EncryptedTensor<uint1, shape=(1, 512, 28, 28)>
        return %33

    %99 = subgraph(%97):

         %0 = input                         # EncryptedTensor<uint1, shape=(1, 512, 28, 28)>
         %1 = 0.0                           # ClearScalar<float64>
         %2 = subtract(%0, %1)              # EncryptedTensor<float64, shape=(1, 512, 28, 28)>
         %3 = 0.9475995302200317            # ClearScalar<float64>
         %4 = multiply(%3, %2)              # EncryptedTensor<float64, shape=(1, 512, 28, 28)>
         %5 = 0.5809719101075204            # ClearScalar<float64>
         %6 = divide(%4, %5)                # EncryptedTensor<float64, shape=(1, 512, 28, 28)>
         %7 = 0                             # ClearScalar<uint1>
         %8 = add(%6, %7)                   # EncryptedTensor<float64, shape=(1, 512, 28, 28)>
         %9 = rint(%8)                      # EncryptedTensor<float64, shape=(1, 512, 28, 28)>
        %10 = astype(%9, dtype=int_)        # EncryptedTensor<uint1, shape=(1, 512, 28, 28)>
        return %10

    %100 = subgraph(%98):

         %0 = input                         # EncryptedTensor<uint1, shape=(1, 512, 28, 28)>
         %1 = 0.0                           # ClearScalar<float64>
         %2 = subtract(%0, %1)              # EncryptedTensor<float64, shape=(1, 512, 28, 28)>
         %3 = 0.9481733441352844            # ClearScalar<float64>
         %4 = multiply(%3, %2)              # EncryptedTensor<float64, shape=(1, 512, 28, 28)>
         %5 = 0.5809719101075204            # ClearScalar<float64>
         %6 = divide(%4, %5)                # EncryptedTensor<float64, shape=(1, 512, 28, 28)>
         %7 = 0                             # ClearScalar<uint1>
         %8 = add(%6, %7)                   # EncryptedTensor<float64, shape=(1, 512, 28, 28)>
         %9 = rint(%8)                      # EncryptedTensor<float64, shape=(1, 512, 28, 28)>
        %10 = astype(%9, dtype=int_)        # EncryptedTensor<uint1, shape=(1, 512, 28, 28)>
        return %10

    %104 = subgraph(%103):

         %0 = input                          # EncryptedTensor<uint2, shape=(1, 512, 28, 28)>
         %1 = 0.0                            # ClearScalar<float64>
         %2 = subtract(%0, %1)               # EncryptedTensor<float64, shape=(1, 512, 28, 28)>
         %3 = 0.5809719101075204             # ClearScalar<float64>
         %4 = multiply(%3, %2)               # EncryptedTensor<float64, shape=(1, 512, 28, 28)>
         %5 = 0                              # ClearScalar<uint1>
         %6 = maximum(%4, %5)                # EncryptedTensor<float64, shape=(1, 512, 28, 28)>
         %7 = 0.72047436                     # ClearScalar<float32>
         %8 = divide(%6, %7)                 # EncryptedTensor<float64, shape=(1, 512, 28, 28)>
         %9 = 0.0                            # ClearScalar<float32>
        %10 = add(%8, %9)                    # EncryptedTensor<float64, shape=(1, 512, 28, 28)>
        %11 = 0.0                            # ClearScalar<float64>
        %12 = 15.0                           # ClearScalar<float64>
        %13 = clip(%10, %11, %12)            # EncryptedTensor<float64, shape=(1, 512, 28, 28)>
        %14 = rint(%13)                      # EncryptedTensor<float64, shape=(1, 512, 28, 28)>
        %15 = 0.0                            # ClearScalar<float32>
        %16 = subtract(%14, %15)             # EncryptedTensor<float64, shape=(1, 512, 28, 28)>
        %17 = 0.72047436                     # ClearScalar<float32>
        %18 = multiply(%16, %17)             # EncryptedTensor<float64, shape=(1, 512, 28, 28)>
        %19 = 0.720474362373352              # ClearScalar<float64>
        %20 = divide(%18, %19)               # EncryptedTensor<float64, shape=(1, 512, 28, 28)>
        %21 = 0                              # ClearScalar<uint1>
        %22 = add(%20, %21)                  # EncryptedTensor<float64, shape=(1, 512, 28, 28)>
        %23 = rint(%22)                      # EncryptedTensor<float64, shape=(1, 512, 28, 28)>
        %24 = astype(%23, dtype=int_)        # EncryptedTensor<uint1, shape=(1, 512, 28, 28)>
        return %24

    %108 = subgraph(%107):

         %0 = input                            # EncryptedTensor<uint1, shape=(1, 128, 28, 28)>          @ /trunk/trunk.8/C1/Conv.conv_rounding
         %1 = astype(%0, dtype=float64)        # EncryptedTensor<float64, shape=(1, 128, 28, 28)>
         %2 = 0                                # ClearScalar<uint1>
         %3 = add(%1, %2)                      # EncryptedTensor<float64, shape=(1, 128, 28, 28)>
         %4 = [[[[0]]  [ ... ]  [[0]]]]        # ClearTensor<uint1, shape=(1, 128, 1, 1)>
         %5 = subtract(%3, %4)                 # EncryptedTensor<float64, shape=(1, 128, 28, 28)>
         %6 = 0.05781042537706771              # ClearScalar<float64>
         %7 = multiply(%6, %5)                 # EncryptedTensor<float64, shape=(1, 128, 28, 28)>
         %8 = [[[[ 1.351 ... 309345]]]]        # ClearTensor<float32, shape=(1, 128, 1, 1)>
         %9 = subtract(%7, %8)                 # EncryptedTensor<float64, shape=(1, 128, 28, 28)>
        %10 = [[[[3.2189 ... 567519]]]]        # ClearTensor<float32, shape=(1, 128, 1, 1)>
        %11 = divide(%9, %10)                  # EncryptedTensor<float64, shape=(1, 128, 28, 28)>
        %12 = [[[[0.9703 ... 58216 ]]]]        # ClearTensor<float32, shape=(1, 128, 1, 1)>
        %13 = multiply(%11, %12)               # EncryptedTensor<float64, shape=(1, 128, 28, 28)>
        %14 = [[[[ 1.678 ... 00e-02]]]]        # ClearTensor<float32, shape=(1, 128, 1, 1)>
        %15 = add(%13, %14)                    # EncryptedTensor<float64, shape=(1, 128, 28, 28)>
        %16 = 0                                # ClearScalar<uint1>
        %17 = maximum(%15, %16)                # EncryptedTensor<float64, shape=(1, 128, 28, 28)>
        %18 = 0.4847435                        # ClearScalar<float32>
        %19 = divide(%17, %18)                 # EncryptedTensor<float64, shape=(1, 128, 28, 28)>
        %20 = 0.0                              # ClearScalar<float32>
        %21 = add(%19, %20)                    # EncryptedTensor<float64, shape=(1, 128, 28, 28)>
        %22 = 0.0                              # ClearScalar<float64>
        %23 = 15.0                             # ClearScalar<float64>
        %24 = clip(%21, %22, %23)              # EncryptedTensor<float64, shape=(1, 128, 28, 28)>
        %25 = rint(%24)                        # EncryptedTensor<float64, shape=(1, 128, 28, 28)>
        %26 = 0.0                              # ClearScalar<float32>
        %27 = subtract(%25, %26)               # EncryptedTensor<float64, shape=(1, 128, 28, 28)>
        %28 = 0.4847435                        # ClearScalar<float32>
        %29 = multiply(%27, %28)               # EncryptedTensor<float64, shape=(1, 128, 28, 28)>
        %30 = 0.48474350571632385              # ClearScalar<float64>
        %31 = divide(%29, %30)                 # EncryptedTensor<float64, shape=(1, 128, 28, 28)>
        %32 = 0                                # ClearScalar<uint1>
        %33 = add(%31, %32)                    # EncryptedTensor<float64, shape=(1, 128, 28, 28)>
        %34 = rint(%33)                        # EncryptedTensor<float64, shape=(1, 128, 28, 28)>
        %35 = astype(%34, dtype=int_)          # EncryptedTensor<uint1, shape=(1, 128, 28, 28)>
        return %35

    %116 = subgraph(%115):

         %0 = input                            # EncryptedTensor<uint1, shape=(1, 128, 28, 28)>          @ /trunk/trunk.8/C2/Conv.conv_rounding
         %1 = astype(%0, dtype=float64)        # EncryptedTensor<float64, shape=(1, 128, 28, 28)>
         %2 = 0                                # ClearScalar<uint1>
         %3 = add(%1, %2)                      # EncryptedTensor<float64, shape=(1, 128, 28, 28)>
         %4 = [[[[0]]  [ ... ]  [[0]]]]        # ClearTensor<uint1, shape=(1, 128, 1, 1)>
         %5 = subtract(%3, %4)                 # EncryptedTensor<float64, shape=(1, 128, 28, 28)>
         %6 = 0.011508428005719107             # ClearScalar<float64>
         %7 = multiply(%6, %5)                 # EncryptedTensor<float64, shape=(1, 128, 28, 28)>
         %8 = [[[[-0.827 ... 2757  ]]]]        # ClearTensor<float32, shape=(1, 128, 1, 1)>
         %9 = subtract(%7, %8)                 # EncryptedTensor<float64, shape=(1, 128, 28, 28)>
        %10 = [[[[1.4083 ... 03729 ]]]]        # ClearTensor<float32, shape=(1, 128, 1, 1)>
        %11 = divide(%9, %10)                  # EncryptedTensor<float64, shape=(1, 128, 28, 28)>
        %12 = [[[[0.9633 ... 00077 ]]]]        # ClearTensor<float32, shape=(1, 128, 1, 1)>
        %13 = multiply(%11, %12)               # EncryptedTensor<float64, shape=(1, 128, 28, 28)>
        %14 = [[[[-0.001 ... 580023]]]]        # ClearTensor<float32, shape=(1, 128, 1, 1)>
        %15 = add(%13, %14)                    # EncryptedTensor<float64, shape=(1, 128, 28, 28)>
        %16 = 0                                # ClearScalar<uint1>
        %17 = maximum(%15, %16)                # EncryptedTensor<float64, shape=(1, 128, 28, 28)>
        %18 = 0.48889354                       # ClearScalar<float32>
        %19 = divide(%17, %18)                 # EncryptedTensor<float64, shape=(1, 128, 28, 28)>
        %20 = 0.0                              # ClearScalar<float32>
        %21 = add(%19, %20)                    # EncryptedTensor<float64, shape=(1, 128, 28, 28)>
        %22 = 0.0                              # ClearScalar<float64>
        %23 = 15.0                             # ClearScalar<float64>
        %24 = clip(%21, %22, %23)              # EncryptedTensor<float64, shape=(1, 128, 28, 28)>
        %25 = rint(%24)                        # EncryptedTensor<float64, shape=(1, 128, 28, 28)>
        %26 = 0.0                              # ClearScalar<float32>
        %27 = subtract(%25, %26)               # EncryptedTensor<float64, shape=(1, 128, 28, 28)>
        %28 = 0.48889354                       # ClearScalar<float32>
        %29 = multiply(%27, %28)               # EncryptedTensor<float64, shape=(1, 128, 28, 28)>
        %30 = 0.4888935387134552               # ClearScalar<float64>
        %31 = divide(%29, %30)                 # EncryptedTensor<float64, shape=(1, 128, 28, 28)>
        %32 = 0                                # ClearScalar<uint1>
        %33 = add(%31, %32)                    # EncryptedTensor<float64, shape=(1, 128, 28, 28)>
        %34 = rint(%33)                        # EncryptedTensor<float64, shape=(1, 128, 28, 28)>
        %35 = astype(%34, dtype=int_)          # EncryptedTensor<uint1, shape=(1, 128, 28, 28)>
        return %35

    %120 = subgraph(%119):

         %0 = input                            # EncryptedTensor<uint1, shape=(1, 512, 28, 28)>          @ /trunk/trunk.8/C3/Conv.conv_rounding
         %1 = astype(%0, dtype=float64)        # EncryptedTensor<float64, shape=(1, 512, 28, 28)>
         %2 = 0                                # ClearScalar<uint1>
         %3 = add(%1, %2)                      # EncryptedTensor<float64, shape=(1, 512, 28, 28)>
         %4 = [[[[0]]  [ ... ]  [[0]]]]        # ClearTensor<uint1, shape=(1, 512, 1, 1)>
         %5 = subtract(%3, %4)                 # EncryptedTensor<float64, shape=(1, 512, 28, 28)>
         %6 = 0.01857296177168677              # ClearScalar<float64>
         %7 = multiply(%6, %5)                 # EncryptedTensor<float64, shape=(1, 512, 28, 28)>
         %8 = [[[[ 3.285 ... 20e-02]]]]        # ClearTensor<float32, shape=(1, 512, 1, 1)>
         %9 = subtract(%7, %8)                 # EncryptedTensor<float64, shape=(1, 512, 28, 28)>
        %10 = [[[[0.4200 ... 38726 ]]]]        # ClearTensor<float32, shape=(1, 512, 1, 1)>
        %11 = divide(%9, %10)                  # EncryptedTensor<float64, shape=(1, 512, 28, 28)>
        %12 = [[[[0.9650 ... 09395 ]]]]        # ClearTensor<float32, shape=(1, 512, 1, 1)>
        %13 = multiply(%11, %12)               # EncryptedTensor<float64, shape=(1, 512, 28, 28)>
        %14 = [[[[ 5.110 ... 02e-03]]]]        # ClearTensor<float32, shape=(1, 512, 1, 1)>
        %15 = add(%13, %14)                    # EncryptedTensor<float64, shape=(1, 512, 28, 28)>
        %16 = 1.0238429                        # ClearScalar<float32>
        %17 = divide(%15, %16)                 # EncryptedTensor<float64, shape=(1, 512, 28, 28)>
        %18 = 0.0                              # ClearScalar<float32>
        %19 = add(%17, %18)                    # EncryptedTensor<float64, shape=(1, 512, 28, 28)>
        %20 = -8.0                             # ClearScalar<float64>
        %21 = 7.0                              # ClearScalar<float64>
        %22 = clip(%19, %20, %21)              # EncryptedTensor<float64, shape=(1, 512, 28, 28)>
        %23 = rint(%22)                        # EncryptedTensor<float64, shape=(1, 512, 28, 28)>
        %24 = 0.0                              # ClearScalar<float32>
        %25 = subtract(%23, %24)               # EncryptedTensor<float64, shape=(1, 512, 28, 28)>
        %26 = 1.0238429                        # ClearScalar<float32>
        %27 = multiply(%25, %26)               # EncryptedTensor<float64, shape=(1, 512, 28, 28)>
        %28 = 1.0238429307937622               # ClearScalar<float64>
        %29 = divide(%27, %28)                 # EncryptedTensor<float64, shape=(1, 512, 28, 28)>
        %30 = 0                                # ClearScalar<uint1>
        %31 = add(%29, %30)                    # EncryptedTensor<float64, shape=(1, 512, 28, 28)>
        %32 = rint(%31)                        # EncryptedTensor<float64, shape=(1, 512, 28, 28)>
        %33 = astype(%32, dtype=int_)          # EncryptedTensor<uint1, shape=(1, 512, 28, 28)>
        return %33

    %121 = subgraph(%103):

         %0 = input                          # EncryptedTensor<uint2, shape=(1, 512, 28, 28)>
         %1 = 0.0                            # ClearScalar<float64>
         %2 = subtract(%0, %1)               # EncryptedTensor<float64, shape=(1, 512, 28, 28)>
         %3 = 0.5809719101075204             # ClearScalar<float64>
         %4 = multiply(%3, %2)               # EncryptedTensor<float64, shape=(1, 512, 28, 28)>
         %5 = 0                              # ClearScalar<uint1>
         %6 = maximum(%4, %5)                # EncryptedTensor<float64, shape=(1, 512, 28, 28)>
         %7 = 0.72047436                     # ClearScalar<float32>
         %8 = divide(%6, %7)                 # EncryptedTensor<float64, shape=(1, 512, 28, 28)>
         %9 = 0.0                            # ClearScalar<float32>
        %10 = add(%8, %9)                    # EncryptedTensor<float64, shape=(1, 512, 28, 28)>
        %11 = 0.0                            # ClearScalar<float64>
        %12 = 15.0                           # ClearScalar<float64>
        %13 = clip(%10, %11, %12)            # EncryptedTensor<float64, shape=(1, 512, 28, 28)>
        %14 = rint(%13)                      # EncryptedTensor<float64, shape=(1, 512, 28, 28)>
        %15 = 0.0                            # ClearScalar<float32>
        %16 = subtract(%14, %15)             # EncryptedTensor<float64, shape=(1, 512, 28, 28)>
        %17 = 0.72047436                     # ClearScalar<float32>
        %18 = multiply(%16, %17)             # EncryptedTensor<float64, shape=(1, 512, 28, 28)>
        %19 = 0.720474362373352              # ClearScalar<float64>
        %20 = divide(%18, %19)               # EncryptedTensor<float64, shape=(1, 512, 28, 28)>
        %21 = 0                              # ClearScalar<uint1>
        %22 = add(%20, %21)                  # EncryptedTensor<float64, shape=(1, 512, 28, 28)>
        %23 = rint(%22)                      # EncryptedTensor<float64, shape=(1, 512, 28, 28)>
        %24 = astype(%23, dtype=int_)        # EncryptedTensor<uint1, shape=(1, 512, 28, 28)>
        return %24

    %122 = subgraph(%120):

         %0 = input                         # EncryptedTensor<uint1, shape=(1, 512, 28, 28)>
         %1 = 0.0                           # ClearScalar<float64>
         %2 = subtract(%0, %1)              # EncryptedTensor<float64, shape=(1, 512, 28, 28)>
         %3 = 1.0238429307937622            # ClearScalar<float64>
         %4 = multiply(%3, %2)              # EncryptedTensor<float64, shape=(1, 512, 28, 28)>
         %5 = 0.5663519405549572            # ClearScalar<float64>
         %6 = divide(%4, %5)                # EncryptedTensor<float64, shape=(1, 512, 28, 28)>
         %7 = 0                             # ClearScalar<uint1>
         %8 = add(%6, %7)                   # EncryptedTensor<float64, shape=(1, 512, 28, 28)>
         %9 = rint(%8)                      # EncryptedTensor<float64, shape=(1, 512, 28, 28)>
        %10 = astype(%9, dtype=int_)        # EncryptedTensor<uint1, shape=(1, 512, 28, 28)>
        return %10

    %123 = subgraph(%121):

         %0 = input                         # EncryptedTensor<uint1, shape=(1, 512, 28, 28)>
         %1 = 0.0                           # ClearScalar<float64>
         %2 = subtract(%0, %1)              # EncryptedTensor<float64, shape=(1, 512, 28, 28)>
         %3 = 0.720474362373352             # ClearScalar<float64>
         %4 = multiply(%3, %2)              # EncryptedTensor<float64, shape=(1, 512, 28, 28)>
         %5 = 0.5663519405549572            # ClearScalar<float64>
         %6 = divide(%4, %5)                # EncryptedTensor<float64, shape=(1, 512, 28, 28)>
         %7 = 0                             # ClearScalar<uint1>
         %8 = add(%6, %7)                   # EncryptedTensor<float64, shape=(1, 512, 28, 28)>
         %9 = rint(%8)                      # EncryptedTensor<float64, shape=(1, 512, 28, 28)>
        %10 = astype(%9, dtype=int_)        # EncryptedTensor<uint1, shape=(1, 512, 28, 28)>
        return %10

    %127 = subgraph(%126):

         %0 = input                          # EncryptedTensor<uint2, shape=(1, 512, 28, 28)>
         %1 = 0.0                            # ClearScalar<float64>
         %2 = subtract(%0, %1)               # EncryptedTensor<float64, shape=(1, 512, 28, 28)>
         %3 = 0.5663519405549572             # ClearScalar<float64>
         %4 = multiply(%3, %2)               # EncryptedTensor<float64, shape=(1, 512, 28, 28)>
         %5 = 0                              # ClearScalar<uint1>
         %6 = maximum(%4, %5)                # EncryptedTensor<float64, shape=(1, 512, 28, 28)>
         %7 = 0.9429808                      # ClearScalar<float32>
         %8 = divide(%6, %7)                 # EncryptedTensor<float64, shape=(1, 512, 28, 28)>
         %9 = 0.0                            # ClearScalar<float32>
        %10 = add(%8, %9)                    # EncryptedTensor<float64, shape=(1, 512, 28, 28)>
        %11 = 0.0                            # ClearScalar<float64>
        %12 = 15.0                           # ClearScalar<float64>
        %13 = clip(%10, %11, %12)            # EncryptedTensor<float64, shape=(1, 512, 28, 28)>
        %14 = rint(%13)                      # EncryptedTensor<float64, shape=(1, 512, 28, 28)>
        %15 = 0.0                            # ClearScalar<float32>
        %16 = subtract(%14, %15)             # EncryptedTensor<float64, shape=(1, 512, 28, 28)>
        %17 = 0.9429808                      # ClearScalar<float32>
        %18 = multiply(%16, %17)             # EncryptedTensor<float64, shape=(1, 512, 28, 28)>
        %19 = 0.9429808259010315             # ClearScalar<float64>
        %20 = divide(%18, %19)               # EncryptedTensor<float64, shape=(1, 512, 28, 28)>
        %21 = 0                              # ClearScalar<uint1>
        %22 = add(%20, %21)                  # EncryptedTensor<float64, shape=(1, 512, 28, 28)>
        %23 = rint(%22)                      # EncryptedTensor<float64, shape=(1, 512, 28, 28)>
        %24 = astype(%23, dtype=int_)        # EncryptedTensor<uint1, shape=(1, 512, 28, 28)>
        return %24

    %131 = subgraph(%130):

         %0 = input                            # EncryptedTensor<uint1, shape=(1, 128, 28, 28)>          @ /trunk/trunk.9/C1/Conv.conv_rounding
         %1 = astype(%0, dtype=float64)        # EncryptedTensor<float64, shape=(1, 128, 28, 28)>
         %2 = 0                                # ClearScalar<uint1>
         %3 = add(%1, %2)                      # EncryptedTensor<float64, shape=(1, 128, 28, 28)>
         %4 = [[[[0]]  [ ... ]  [[0]]]]        # ClearTensor<uint1, shape=(1, 128, 1, 1)>
         %5 = subtract(%3, %4)                 # EncryptedTensor<float64, shape=(1, 128, 28, 28)>
         %6 = 0.07574782944017278              # ClearScalar<float64>
         %7 = multiply(%6, %5)                 # EncryptedTensor<float64, shape=(1, 128, 28, 28)>
         %8 = [[[[ 3.972 ... 17297 ]]]]        # ClearTensor<float32, shape=(1, 128, 1, 1)>
         %9 = subtract(%7, %8)                 # EncryptedTensor<float64, shape=(1, 128, 28, 28)>
        %10 = [[[[4.1848 ... 107396]]]]        # ClearTensor<float32, shape=(1, 128, 1, 1)>
        %11 = divide(%9, %10)                  # EncryptedTensor<float64, shape=(1, 128, 28, 28)>
        %12 = [[[[0.9360 ... 40839 ]]]]        # ClearTensor<float32, shape=(1, 128, 1, 1)>
        %13 = multiply(%11, %12)               # EncryptedTensor<float64, shape=(1, 128, 28, 28)>
        %14 = [[[[-2.184 ... 21e-02]]]]        # ClearTensor<float32, shape=(1, 128, 1, 1)>
        %15 = add(%13, %14)                    # EncryptedTensor<float64, shape=(1, 128, 28, 28)>
        %16 = 0                                # ClearScalar<uint1>
        %17 = maximum(%15, %16)                # EncryptedTensor<float64, shape=(1, 128, 28, 28)>
        %18 = 0.48047984                       # ClearScalar<float32>
        %19 = divide(%17, %18)                 # EncryptedTensor<float64, shape=(1, 128, 28, 28)>
        %20 = 0.0                              # ClearScalar<float32>
        %21 = add(%19, %20)                    # EncryptedTensor<float64, shape=(1, 128, 28, 28)>
        %22 = 0.0                              # ClearScalar<float64>
        %23 = 15.0                             # ClearScalar<float64>
        %24 = clip(%21, %22, %23)              # EncryptedTensor<float64, shape=(1, 128, 28, 28)>
        %25 = rint(%24)                        # EncryptedTensor<float64, shape=(1, 128, 28, 28)>
        %26 = 0.0                              # ClearScalar<float32>
        %27 = subtract(%25, %26)               # EncryptedTensor<float64, shape=(1, 128, 28, 28)>
        %28 = 0.48047984                       # ClearScalar<float32>
        %29 = multiply(%27, %28)               # EncryptedTensor<float64, shape=(1, 128, 28, 28)>
        %30 = 0.4804798364639282               # ClearScalar<float64>
        %31 = divide(%29, %30)                 # EncryptedTensor<float64, shape=(1, 128, 28, 28)>
        %32 = 0                                # ClearScalar<uint1>
        %33 = add(%31, %32)                    # EncryptedTensor<float64, shape=(1, 128, 28, 28)>
        %34 = rint(%33)                        # EncryptedTensor<float64, shape=(1, 128, 28, 28)>
        %35 = astype(%34, dtype=int_)          # EncryptedTensor<uint1, shape=(1, 128, 28, 28)>
        return %35

    %139 = subgraph(%138):

         %0 = input                            # EncryptedTensor<uint1, shape=(1, 128, 28, 28)>          @ /trunk/trunk.9/C2/Conv.conv_rounding
         %1 = astype(%0, dtype=float64)        # EncryptedTensor<float64, shape=(1, 128, 28, 28)>
         %2 = 0                                # ClearScalar<uint1>
         %3 = add(%1, %2)                      # EncryptedTensor<float64, shape=(1, 128, 28, 28)>
         %4 = [[[[0]]  [ ... ]  [[0]]]]        # ClearTensor<uint1, shape=(1, 128, 1, 1)>
         %5 = subtract(%3, %4)                 # EncryptedTensor<float64, shape=(1, 128, 28, 28)>
         %6 = 0.01279565739947941              # ClearScalar<float64>
         %7 = multiply(%6, %5)                 # EncryptedTensor<float64, shape=(1, 128, 28, 28)>
         %8 = [[[[ 0.523 ... 827124]]]]        # ClearTensor<float32, shape=(1, 128, 1, 1)>
         %9 = subtract(%7, %8)                 # EncryptedTensor<float64, shape=(1, 128, 28, 28)>
        %10 = [[[[0.9439 ... 48374 ]]]]        # ClearTensor<float32, shape=(1, 128, 1, 1)>
        %11 = divide(%9, %10)                  # EncryptedTensor<float64, shape=(1, 128, 28, 28)>
        %12 = [[[[0.9903 ... 56608 ]]]]        # ClearTensor<float32, shape=(1, 128, 1, 1)>
        %13 = multiply(%11, %12)               # EncryptedTensor<float64, shape=(1, 128, 28, 28)>
        %14 = [[[[ 0.007 ... 535835]]]]        # ClearTensor<float32, shape=(1, 128, 1, 1)>
        %15 = add(%13, %14)                    # EncryptedTensor<float64, shape=(1, 128, 28, 28)>
        %16 = 0                                # ClearScalar<uint1>
        %17 = maximum(%15, %16)                # EncryptedTensor<float64, shape=(1, 128, 28, 28)>
        %18 = 0.5151081                        # ClearScalar<float32>
        %19 = divide(%17, %18)                 # EncryptedTensor<float64, shape=(1, 128, 28, 28)>
        %20 = 0.0                              # ClearScalar<float32>
        %21 = add(%19, %20)                    # EncryptedTensor<float64, shape=(1, 128, 28, 28)>
        %22 = 0.0                              # ClearScalar<float64>
        %23 = 15.0                             # ClearScalar<float64>
        %24 = clip(%21, %22, %23)              # EncryptedTensor<float64, shape=(1, 128, 28, 28)>
        %25 = rint(%24)                        # EncryptedTensor<float64, shape=(1, 128, 28, 28)>
        %26 = 0.0                              # ClearScalar<float32>
        %27 = subtract(%25, %26)               # EncryptedTensor<float64, shape=(1, 128, 28, 28)>
        %28 = 0.5151081                        # ClearScalar<float32>
        %29 = multiply(%27, %28)               # EncryptedTensor<float64, shape=(1, 128, 28, 28)>
        %30 = 0.5151081085205078               # ClearScalar<float64>
        %31 = divide(%29, %30)                 # EncryptedTensor<float64, shape=(1, 128, 28, 28)>
        %32 = 0                                # ClearScalar<uint1>
        %33 = add(%31, %32)                    # EncryptedTensor<float64, shape=(1, 128, 28, 28)>
        %34 = rint(%33)                        # EncryptedTensor<float64, shape=(1, 128, 28, 28)>
        %35 = astype(%34, dtype=int_)          # EncryptedTensor<uint1, shape=(1, 128, 28, 28)>
        return %35

    %143 = subgraph(%142):

         %0 = input                            # EncryptedTensor<uint1, shape=(1, 512, 28, 28)>          @ /trunk/trunk.9/C3/Conv.conv_rounding
         %1 = astype(%0, dtype=float64)        # EncryptedTensor<float64, shape=(1, 512, 28, 28)>
         %2 = 0                                # ClearScalar<uint1>
         %3 = add(%1, %2)                      # EncryptedTensor<float64, shape=(1, 512, 28, 28)>
         %4 = [[[[0]]  [ ... ]  [[0]]]]        # ClearTensor<uint1, shape=(1, 512, 1, 1)>
         %5 = subtract(%3, %4)                 # EncryptedTensor<float64, shape=(1, 512, 28, 28)>
         %6 = 0.02098265957478418              # ClearScalar<float64>
         %7 = multiply(%6, %5)                 # EncryptedTensor<float64, shape=(1, 512, 28, 28)>
         %8 = [[[[ 2.285 ... 53e-02]]]]        # ClearTensor<float32, shape=(1, 512, 1, 1)>
         %9 = subtract(%7, %8)                 # EncryptedTensor<float64, shape=(1, 512, 28, 28)>
        %10 = [[[[0.4230 ... 123688]]]]        # ClearTensor<float32, shape=(1, 512, 1, 1)>
        %11 = divide(%9, %10)                  # EncryptedTensor<float64, shape=(1, 512, 28, 28)>
        %12 = [[[[0.9094 ... 572604]]]]        # ClearTensor<float32, shape=(1, 512, 1, 1)>
        %13 = multiply(%11, %12)               # EncryptedTensor<float64, shape=(1, 512, 28, 28)>
        %14 = [[[[ 1.570 ... 21e-02]]]]        # ClearTensor<float32, shape=(1, 512, 1, 1)>
        %15 = add(%13, %14)                    # EncryptedTensor<float64, shape=(1, 512, 28, 28)>
        %16 = 1.0530216                        # ClearScalar<float32>
        %17 = divide(%15, %16)                 # EncryptedTensor<float64, shape=(1, 512, 28, 28)>
        %18 = 0.0                              # ClearScalar<float32>
        %19 = add(%17, %18)                    # EncryptedTensor<float64, shape=(1, 512, 28, 28)>
        %20 = -8.0                             # ClearScalar<float64>
        %21 = 7.0                              # ClearScalar<float64>
        %22 = clip(%19, %20, %21)              # EncryptedTensor<float64, shape=(1, 512, 28, 28)>
        %23 = rint(%22)                        # EncryptedTensor<float64, shape=(1, 512, 28, 28)>
        %24 = 0.0                              # ClearScalar<float32>
        %25 = subtract(%23, %24)               # EncryptedTensor<float64, shape=(1, 512, 28, 28)>
        %26 = 1.0530216                        # ClearScalar<float32>
        %27 = multiply(%25, %26)               # EncryptedTensor<float64, shape=(1, 512, 28, 28)>
        %28 = 1.0530215501785278               # ClearScalar<float64>
        %29 = divide(%27, %28)                 # EncryptedTensor<float64, shape=(1, 512, 28, 28)>
        %30 = 0                                # ClearScalar<uint1>
        %31 = add(%29, %30)                    # EncryptedTensor<float64, shape=(1, 512, 28, 28)>
        %32 = rint(%31)                        # EncryptedTensor<float64, shape=(1, 512, 28, 28)>
        %33 = astype(%32, dtype=int_)          # EncryptedTensor<uint1, shape=(1, 512, 28, 28)>
        return %33

    %144 = subgraph(%126):

         %0 = input                          # EncryptedTensor<uint2, shape=(1, 512, 28, 28)>
         %1 = 0.0                            # ClearScalar<float64>
         %2 = subtract(%0, %1)               # EncryptedTensor<float64, shape=(1, 512, 28, 28)>
         %3 = 0.5663519405549572             # ClearScalar<float64>
         %4 = multiply(%3, %2)               # EncryptedTensor<float64, shape=(1, 512, 28, 28)>
         %5 = 0                              # ClearScalar<uint1>
         %6 = maximum(%4, %5)                # EncryptedTensor<float64, shape=(1, 512, 28, 28)>
         %7 = 0.9429808                      # ClearScalar<float32>
         %8 = divide(%6, %7)                 # EncryptedTensor<float64, shape=(1, 512, 28, 28)>
         %9 = 0.0                            # ClearScalar<float32>
        %10 = add(%8, %9)                    # EncryptedTensor<float64, shape=(1, 512, 28, 28)>
        %11 = 0.0                            # ClearScalar<float64>
        %12 = 15.0                           # ClearScalar<float64>
        %13 = clip(%10, %11, %12)            # EncryptedTensor<float64, shape=(1, 512, 28, 28)>
        %14 = rint(%13)                      # EncryptedTensor<float64, shape=(1, 512, 28, 28)>
        %15 = 0.0                            # ClearScalar<float32>
        %16 = subtract(%14, %15)             # EncryptedTensor<float64, shape=(1, 512, 28, 28)>
        %17 = 0.9429808                      # ClearScalar<float32>
        %18 = multiply(%16, %17)             # EncryptedTensor<float64, shape=(1, 512, 28, 28)>
        %19 = 0.9429808259010315             # ClearScalar<float64>
        %20 = divide(%18, %19)               # EncryptedTensor<float64, shape=(1, 512, 28, 28)>
        %21 = 0                              # ClearScalar<uint1>
        %22 = add(%20, %21)                  # EncryptedTensor<float64, shape=(1, 512, 28, 28)>
        %23 = rint(%22)                      # EncryptedTensor<float64, shape=(1, 512, 28, 28)>
        %24 = astype(%23, dtype=int_)        # EncryptedTensor<uint1, shape=(1, 512, 28, 28)>
        return %24

    %145 = subgraph(%143):

         %0 = input                         # EncryptedTensor<uint1, shape=(1, 512, 28, 28)>
         %1 = 0.0                           # ClearScalar<float64>
         %2 = subtract(%0, %1)              # EncryptedTensor<float64, shape=(1, 512, 28, 28)>
         %3 = 1.0530215501785278            # ClearScalar<float64>
         %4 = multiply(%3, %2)              # EncryptedTensor<float64, shape=(1, 512, 28, 28)>
         %5 = 0.6976098052916988            # ClearScalar<float64>
         %6 = divide(%4, %5)                # EncryptedTensor<float64, shape=(1, 512, 28, 28)>
         %7 = 0                             # ClearScalar<uint1>
         %8 = add(%6, %7)                   # EncryptedTensor<float64, shape=(1, 512, 28, 28)>
         %9 = rint(%8)                      # EncryptedTensor<float64, shape=(1, 512, 28, 28)>
        %10 = astype(%9, dtype=int_)        # EncryptedTensor<uint1, shape=(1, 512, 28, 28)>
        return %10

    %146 = subgraph(%144):

         %0 = input                         # EncryptedTensor<uint1, shape=(1, 512, 28, 28)>
         %1 = 0.0                           # ClearScalar<float64>
         %2 = subtract(%0, %1)              # EncryptedTensor<float64, shape=(1, 512, 28, 28)>
         %3 = 0.9429808259010315            # ClearScalar<float64>
         %4 = multiply(%3, %2)              # EncryptedTensor<float64, shape=(1, 512, 28, 28)>
         %5 = 0.6976098052916988            # ClearScalar<float64>
         %6 = divide(%4, %5)                # EncryptedTensor<float64, shape=(1, 512, 28, 28)>
         %7 = 0                             # ClearScalar<uint1>
         %8 = add(%6, %7)                   # EncryptedTensor<float64, shape=(1, 512, 28, 28)>
         %9 = rint(%8)                      # EncryptedTensor<float64, shape=(1, 512, 28, 28)>
        %10 = astype(%9, dtype=int_)        # EncryptedTensor<uint1, shape=(1, 512, 28, 28)>
        return %10

    %150 = subgraph(%149):

         %0 = input                          # EncryptedTensor<uint2, shape=(1, 512, 28, 28)>
         %1 = 0.0                            # ClearScalar<float64>
         %2 = subtract(%0, %1)               # EncryptedTensor<float64, shape=(1, 512, 28, 28)>
         %3 = 0.6976098052916988             # ClearScalar<float64>
         %4 = multiply(%3, %2)               # EncryptedTensor<float64, shape=(1, 512, 28, 28)>
         %5 = 0                              # ClearScalar<uint1>
         %6 = maximum(%4, %5)                # EncryptedTensor<float64, shape=(1, 512, 28, 28)>
         %7 = 1.1454755                      # ClearScalar<float32>
         %8 = divide(%6, %7)                 # EncryptedTensor<float64, shape=(1, 512, 28, 28)>
         %9 = 0.0                            # ClearScalar<float32>
        %10 = add(%8, %9)                    # EncryptedTensor<float64, shape=(1, 512, 28, 28)>
        %11 = 0.0                            # ClearScalar<float64>
        %12 = 15.0                           # ClearScalar<float64>
        %13 = clip(%10, %11, %12)            # EncryptedTensor<float64, shape=(1, 512, 28, 28)>
        %14 = rint(%13)                      # EncryptedTensor<float64, shape=(1, 512, 28, 28)>
        %15 = 0.0                            # ClearScalar<float32>
        %16 = subtract(%14, %15)             # EncryptedTensor<float64, shape=(1, 512, 28, 28)>
        %17 = 1.1454755                      # ClearScalar<float32>
        %18 = multiply(%16, %17)             # EncryptedTensor<float64, shape=(1, 512, 28, 28)>
        %19 = 1.1454755067825317             # ClearScalar<float64>
        %20 = divide(%18, %19)               # EncryptedTensor<float64, shape=(1, 512, 28, 28)>
        %21 = 0                              # ClearScalar<uint1>
        %22 = add(%20, %21)                  # EncryptedTensor<float64, shape=(1, 512, 28, 28)>
        %23 = rint(%22)                      # EncryptedTensor<float64, shape=(1, 512, 28, 28)>
        %24 = astype(%23, dtype=int_)        # EncryptedTensor<uint1, shape=(1, 512, 28, 28)>
        return %24

    %154 = subgraph(%153):

         %0 = input                            # EncryptedTensor<uint1, shape=(1, 128, 28, 28)>          @ /trunk/trunk.10/C1/Conv.conv_rounding
         %1 = astype(%0, dtype=float64)        # EncryptedTensor<float64, shape=(1, 128, 28, 28)>
         %2 = 0                                # ClearScalar<uint1>
         %3 = add(%1, %2)                      # EncryptedTensor<float64, shape=(1, 128, 28, 28)>
         %4 = [[[[0]]  [ ... ]  [[0]]]]        # ClearTensor<uint1, shape=(1, 128, 1, 1)>
         %5 = subtract(%3, %4)                 # EncryptedTensor<float64, shape=(1, 128, 28, 28)>
         %6 = 0.09432185230219936              # ClearScalar<float64>
         %7 = multiply(%6, %5)                 # EncryptedTensor<float64, shape=(1, 128, 28, 28)>
         %8 = [[[[-1.020 ... 134812]]]]        # ClearTensor<float32, shape=(1, 128, 1, 1)>
         %9 = subtract(%7, %8)                 # EncryptedTensor<float64, shape=(1, 128, 28, 28)>
        %10 = [[[[4.7385 ... 227463]]]]        # ClearTensor<float32, shape=(1, 128, 1, 1)>
        %11 = divide(%9, %10)                  # EncryptedTensor<float64, shape=(1, 128, 28, 28)>
        %12 = [[[[0.9474 ... 52858 ]]]]        # ClearTensor<float32, shape=(1, 128, 1, 1)>
        %13 = multiply(%11, %12)               # EncryptedTensor<float64, shape=(1, 128, 28, 28)>
        %14 = [[[[-0.000 ... 402288]]]]        # ClearTensor<float32, shape=(1, 128, 1, 1)>
        %15 = add(%13, %14)                    # EncryptedTensor<float64, shape=(1, 128, 28, 28)>
        %16 = 0                                # ClearScalar<uint1>
        %17 = maximum(%15, %16)                # EncryptedTensor<float64, shape=(1, 128, 28, 28)>
        %18 = 0.4623819                        # ClearScalar<float32>
        %19 = divide(%17, %18)                 # EncryptedTensor<float64, shape=(1, 128, 28, 28)>
        %20 = 0.0                              # ClearScalar<float32>
        %21 = add(%19, %20)                    # EncryptedTensor<float64, shape=(1, 128, 28, 28)>
        %22 = 0.0                              # ClearScalar<float64>
        %23 = 15.0                             # ClearScalar<float64>
        %24 = clip(%21, %22, %23)              # EncryptedTensor<float64, shape=(1, 128, 28, 28)>
        %25 = rint(%24)                        # EncryptedTensor<float64, shape=(1, 128, 28, 28)>
        %26 = 0.0                              # ClearScalar<float32>
        %27 = subtract(%25, %26)               # EncryptedTensor<float64, shape=(1, 128, 28, 28)>
        %28 = 0.4623819                        # ClearScalar<float32>
        %29 = multiply(%27, %28)               # EncryptedTensor<float64, shape=(1, 128, 28, 28)>
        %30 = 0.46238189935684204              # ClearScalar<float64>
        %31 = divide(%29, %30)                 # EncryptedTensor<float64, shape=(1, 128, 28, 28)>
        %32 = 0                                # ClearScalar<uint1>
        %33 = add(%31, %32)                    # EncryptedTensor<float64, shape=(1, 128, 28, 28)>
        %34 = rint(%33)                        # EncryptedTensor<float64, shape=(1, 128, 28, 28)>
        %35 = astype(%34, dtype=int_)          # EncryptedTensor<uint1, shape=(1, 128, 28, 28)>
        return %35

    %162 = subgraph(%161):

         %0 = input                            # EncryptedTensor<uint1, shape=(1, 128, 28, 28)>          @ /trunk/trunk.10/C2/Conv.conv_rounding
         %1 = astype(%0, dtype=float64)        # EncryptedTensor<float64, shape=(1, 128, 28, 28)>
         %2 = 0                                # ClearScalar<uint1>
         %3 = add(%1, %2)                      # EncryptedTensor<float64, shape=(1, 128, 28, 28)>
         %4 = [[[[0]]  [ ... ]  [[0]]]]        # ClearTensor<uint1, shape=(1, 128, 1, 1)>
         %5 = subtract(%3, %4)                 # EncryptedTensor<float64, shape=(1, 128, 28, 28)>
         %6 = 0.011064688676491241             # ClearScalar<float64>
         %7 = multiply(%6, %5)                 # EncryptedTensor<float64, shape=(1, 128, 28, 28)>
         %8 = [[[[-2.134 ... 41e+00]]]]        # ClearTensor<float32, shape=(1, 128, 1, 1)>
         %9 = subtract(%7, %8)                 # EncryptedTensor<float64, shape=(1, 128, 28, 28)>
        %10 = [[[[1.0002 ... 25839 ]]]]        # ClearTensor<float32, shape=(1, 128, 1, 1)>
        %11 = divide(%9, %10)                  # EncryptedTensor<float64, shape=(1, 128, 28, 28)>
        %12 = [[[[0.9457 ... 34179 ]]]]        # ClearTensor<float32, shape=(1, 128, 1, 1)>
        %13 = multiply(%11, %12)               # EncryptedTensor<float64, shape=(1, 128, 28, 28)>
        %14 = [[[[ 0.004 ... 248483]]]]        # ClearTensor<float32, shape=(1, 128, 1, 1)>
        %15 = add(%13, %14)                    # EncryptedTensor<float64, shape=(1, 128, 28, 28)>
        %16 = 0                                # ClearScalar<uint1>
        %17 = maximum(%15, %16)                # EncryptedTensor<float64, shape=(1, 128, 28, 28)>
        %18 = 0.49937198                       # ClearScalar<float32>
        %19 = divide(%17, %18)                 # EncryptedTensor<float64, shape=(1, 128, 28, 28)>
        %20 = 0.0                              # ClearScalar<float32>
        %21 = add(%19, %20)                    # EncryptedTensor<float64, shape=(1, 128, 28, 28)>
        %22 = 0.0                              # ClearScalar<float64>
        %23 = 15.0                             # ClearScalar<float64>
        %24 = clip(%21, %22, %23)              # EncryptedTensor<float64, shape=(1, 128, 28, 28)>
        %25 = rint(%24)                        # EncryptedTensor<float64, shape=(1, 128, 28, 28)>
        %26 = 0.0                              # ClearScalar<float32>
        %27 = subtract(%25, %26)               # EncryptedTensor<float64, shape=(1, 128, 28, 28)>
        %28 = 0.49937198                       # ClearScalar<float32>
        %29 = multiply(%27, %28)               # EncryptedTensor<float64, shape=(1, 128, 28, 28)>
        %30 = 0.4993719756603241               # ClearScalar<float64>
        %31 = divide(%29, %30)                 # EncryptedTensor<float64, shape=(1, 128, 28, 28)>
        %32 = 0                                # ClearScalar<uint1>
        %33 = add(%31, %32)                    # EncryptedTensor<float64, shape=(1, 128, 28, 28)>
        %34 = rint(%33)                        # EncryptedTensor<float64, shape=(1, 128, 28, 28)>
        %35 = astype(%34, dtype=int_)          # EncryptedTensor<uint1, shape=(1, 128, 28, 28)>
        return %35

    %166 = subgraph(%165):

         %0 = input                            # EncryptedTensor<uint1, shape=(1, 512, 28, 28)>          @ /trunk/trunk.10/C3/Conv.conv_rounding
         %1 = astype(%0, dtype=float64)        # EncryptedTensor<float64, shape=(1, 512, 28, 28)>
         %2 = 0                                # ClearScalar<uint1>
         %3 = add(%1, %2)                      # EncryptedTensor<float64, shape=(1, 512, 28, 28)>
         %4 = [[[[0]]  [ ... ]  [[0]]]]        # ClearTensor<uint1, shape=(1, 512, 1, 1)>
         %5 = subtract(%3, %4)                 # EncryptedTensor<float64, shape=(1, 512, 28, 28)>
         %6 = 0.020716835414749335             # ClearScalar<float64>
         %7 = multiply(%6, %5)                 # EncryptedTensor<float64, shape=(1, 512, 28, 28)>
         %8 = [[[[-0.339 ... 042884]]]]        # ClearTensor<float32, shape=(1, 512, 1, 1)>
         %9 = subtract(%7, %8)                 # EncryptedTensor<float64, shape=(1, 512, 28, 28)>
        %10 = [[[[0.5173 ... 639044]]]]        # ClearTensor<float32, shape=(1, 512, 1, 1)>
        %11 = divide(%9, %10)                  # EncryptedTensor<float64, shape=(1, 512, 28, 28)>
        %12 = [[[[0.9098 ... 895656]]]]        # ClearTensor<float32, shape=(1, 512, 1, 1)>
        %13 = multiply(%11, %12)               # EncryptedTensor<float64, shape=(1, 512, 28, 28)>
        %14 = [[[[ 5.617 ... 45e-02]]]]        # ClearTensor<float32, shape=(1, 512, 1, 1)>
        %15 = add(%13, %14)                    # EncryptedTensor<float64, shape=(1, 512, 28, 28)>
        %16 = 1.04426                          # ClearScalar<float32>
        %17 = divide(%15, %16)                 # EncryptedTensor<float64, shape=(1, 512, 28, 28)>
        %18 = 0.0                              # ClearScalar<float32>
        %19 = add(%17, %18)                    # EncryptedTensor<float64, shape=(1, 512, 28, 28)>
        %20 = -8.0                             # ClearScalar<float64>
        %21 = 7.0                              # ClearScalar<float64>
        %22 = clip(%19, %20, %21)              # EncryptedTensor<float64, shape=(1, 512, 28, 28)>
        %23 = rint(%22)                        # EncryptedTensor<float64, shape=(1, 512, 28, 28)>
        %24 = 0.0                              # ClearScalar<float32>
        %25 = subtract(%23, %24)               # EncryptedTensor<float64, shape=(1, 512, 28, 28)>
        %26 = 1.04426                          # ClearScalar<float32>
        %27 = multiply(%25, %26)               # EncryptedTensor<float64, shape=(1, 512, 28, 28)>
        %28 = 1.044260025024414                # ClearScalar<float64>
        %29 = divide(%27, %28)                 # EncryptedTensor<float64, shape=(1, 512, 28, 28)>
        %30 = 0                                # ClearScalar<uint1>
        %31 = add(%29, %30)                    # EncryptedTensor<float64, shape=(1, 512, 28, 28)>
        %32 = rint(%31)                        # EncryptedTensor<float64, shape=(1, 512, 28, 28)>
        %33 = astype(%32, dtype=int_)          # EncryptedTensor<uint1, shape=(1, 512, 28, 28)>
        return %33

    %167 = subgraph(%149):

         %0 = input                          # EncryptedTensor<uint2, shape=(1, 512, 28, 28)>
         %1 = 0.0                            # ClearScalar<float64>
         %2 = subtract(%0, %1)               # EncryptedTensor<float64, shape=(1, 512, 28, 28)>
         %3 = 0.6976098052916988             # ClearScalar<float64>
         %4 = multiply(%3, %2)               # EncryptedTensor<float64, shape=(1, 512, 28, 28)>
         %5 = 0                              # ClearScalar<uint1>
         %6 = maximum(%4, %5)                # EncryptedTensor<float64, shape=(1, 512, 28, 28)>
         %7 = 1.1454755                      # ClearScalar<float32>
         %8 = divide(%6, %7)                 # EncryptedTensor<float64, shape=(1, 512, 28, 28)>
         %9 = 0.0                            # ClearScalar<float32>
        %10 = add(%8, %9)                    # EncryptedTensor<float64, shape=(1, 512, 28, 28)>
        %11 = 0.0                            # ClearScalar<float64>
        %12 = 15.0                           # ClearScalar<float64>
        %13 = clip(%10, %11, %12)            # EncryptedTensor<float64, shape=(1, 512, 28, 28)>
        %14 = rint(%13)                      # EncryptedTensor<float64, shape=(1, 512, 28, 28)>
        %15 = 0.0                            # ClearScalar<float32>
        %16 = subtract(%14, %15)             # EncryptedTensor<float64, shape=(1, 512, 28, 28)>
        %17 = 1.1454755                      # ClearScalar<float32>
        %18 = multiply(%16, %17)             # EncryptedTensor<float64, shape=(1, 512, 28, 28)>
        %19 = 1.1454755067825317             # ClearScalar<float64>
        %20 = divide(%18, %19)               # EncryptedTensor<float64, shape=(1, 512, 28, 28)>
        %21 = 0                              # ClearScalar<uint1>
        %22 = add(%20, %21)                  # EncryptedTensor<float64, shape=(1, 512, 28, 28)>
        %23 = rint(%22)                      # EncryptedTensor<float64, shape=(1, 512, 28, 28)>
        %24 = astype(%23, dtype=int_)        # EncryptedTensor<uint1, shape=(1, 512, 28, 28)>
        return %24

    %168 = subgraph(%166):

         %0 = input                         # EncryptedTensor<uint1, shape=(1, 512, 28, 28)>
         %1 = 0.0                           # ClearScalar<float64>
         %2 = subtract(%0, %1)              # EncryptedTensor<float64, shape=(1, 512, 28, 28)>
         %3 = 1.044260025024414             # ClearScalar<float64>
         %4 = multiply(%3, %2)              # EncryptedTensor<float64, shape=(1, 512, 28, 28)>
         %5 = 0.8237488000623642            # ClearScalar<float64>
         %6 = divide(%4, %5)                # EncryptedTensor<float64, shape=(1, 512, 28, 28)>
         %7 = 0                             # ClearScalar<uint1>
         %8 = add(%6, %7)                   # EncryptedTensor<float64, shape=(1, 512, 28, 28)>
         %9 = rint(%8)                      # EncryptedTensor<float64, shape=(1, 512, 28, 28)>
        %10 = astype(%9, dtype=int_)        # EncryptedTensor<uint1, shape=(1, 512, 28, 28)>
        return %10

    %169 = subgraph(%167):

         %0 = input                         # EncryptedTensor<uint1, shape=(1, 512, 28, 28)>
         %1 = 0.0                           # ClearScalar<float64>
         %2 = subtract(%0, %1)              # EncryptedTensor<float64, shape=(1, 512, 28, 28)>
         %3 = 1.1454755067825317            # ClearScalar<float64>
         %4 = multiply(%3, %2)              # EncryptedTensor<float64, shape=(1, 512, 28, 28)>
         %5 = 0.8237488000623642            # ClearScalar<float64>
         %6 = divide(%4, %5)                # EncryptedTensor<float64, shape=(1, 512, 28, 28)>
         %7 = 0                             # ClearScalar<uint1>
         %8 = add(%6, %7)                   # EncryptedTensor<float64, shape=(1, 512, 28, 28)>
         %9 = rint(%8)                      # EncryptedTensor<float64, shape=(1, 512, 28, 28)>
        %10 = astype(%9, dtype=int_)        # EncryptedTensor<uint1, shape=(1, 512, 28, 28)>
        return %10

    %173 = subgraph(%172):

         %0 = input                          # EncryptedTensor<uint2, shape=(1, 512, 28, 28)>
         %1 = 0.0                            # ClearScalar<float64>
         %2 = subtract(%0, %1)               # EncryptedTensor<float64, shape=(1, 512, 28, 28)>
         %3 = 0.8237488000623642             # ClearScalar<float64>
         %4 = multiply(%3, %2)               # EncryptedTensor<float64, shape=(1, 512, 28, 28)>
         %5 = 0                              # ClearScalar<uint1>
         %6 = maximum(%4, %5)                # EncryptedTensor<float64, shape=(1, 512, 28, 28)>
         %7 = 1.3050133                      # ClearScalar<float32>
         %8 = divide(%6, %7)                 # EncryptedTensor<float64, shape=(1, 512, 28, 28)>
         %9 = 0.0                            # ClearScalar<float32>
        %10 = add(%8, %9)                    # EncryptedTensor<float64, shape=(1, 512, 28, 28)>
        %11 = 0.0                            # ClearScalar<float64>
        %12 = 15.0                           # ClearScalar<float64>
        %13 = clip(%10, %11, %12)            # EncryptedTensor<float64, shape=(1, 512, 28, 28)>
        %14 = rint(%13)                      # EncryptedTensor<float64, shape=(1, 512, 28, 28)>
        %15 = 0.0                            # ClearScalar<float32>
        %16 = subtract(%14, %15)             # EncryptedTensor<float64, shape=(1, 512, 28, 28)>
        %17 = 1.3050133                      # ClearScalar<float32>
        %18 = multiply(%16, %17)             # EncryptedTensor<float64, shape=(1, 512, 28, 28)>
        %19 = 1.3050132989883423             # ClearScalar<float64>
        %20 = divide(%18, %19)               # EncryptedTensor<float64, shape=(1, 512, 28, 28)>
        %21 = 0                              # ClearScalar<uint1>
        %22 = add(%20, %21)                  # EncryptedTensor<float64, shape=(1, 512, 28, 28)>
        %23 = rint(%22)                      # EncryptedTensor<float64, shape=(1, 512, 28, 28)>
        %24 = astype(%23, dtype=int_)        # EncryptedTensor<uint1, shape=(1, 512, 28, 28)>
        return %24

    %177 = subgraph(%176):

         %0 = input                            # EncryptedTensor<uint1, shape=(1, 256, 28, 28)>          @ /trunk/trunk.11/C1/Conv.conv_rounding
         %1 = astype(%0, dtype=float64)        # EncryptedTensor<float64, shape=(1, 256, 28, 28)>
         %2 = 0                                # ClearScalar<uint1>
         %3 = add(%1, %2)                      # EncryptedTensor<float64, shape=(1, 256, 28, 28)>
         %4 = [[[[0]]  [ ... ]  [[0]]]]        # ClearTensor<uint1, shape=(1, 256, 1, 1)>
         %5 = subtract(%3, %4)                 # EncryptedTensor<float64, shape=(1, 256, 28, 28)>
         %6 = 0.06901660991051939              # ClearScalar<float64>
         %7 = multiply(%6, %5)                 # EncryptedTensor<float64, shape=(1, 256, 28, 28)>
         %8 = [[[[ 7.015 ... 32e+00]]]]        # ClearTensor<float32, shape=(1, 256, 1, 1)>
         %9 = subtract(%7, %8)                 # EncryptedTensor<float64, shape=(1, 256, 28, 28)>
        %10 = [[[[2.8077 ... 126148]]]]        # ClearTensor<float32, shape=(1, 256, 1, 1)>
        %11 = divide(%9, %10)                  # EncryptedTensor<float64, shape=(1, 256, 28, 28)>
        %12 = [[[[0.9507 ... 241715]]]]        # ClearTensor<float32, shape=(1, 256, 1, 1)>
        %13 = multiply(%11, %12)               # EncryptedTensor<float64, shape=(1, 256, 28, 28)>
        %14 = [[[[ 1.437 ... 31e-02]]]]        # ClearTensor<float32, shape=(1, 256, 1, 1)>
        %15 = add(%13, %14)                    # EncryptedTensor<float64, shape=(1, 256, 28, 28)>
        %16 = 0                                # ClearScalar<uint1>
        %17 = maximum(%15, %16)                # EncryptedTensor<float64, shape=(1, 256, 28, 28)>
        %18 = 0.44429955                       # ClearScalar<float32>
        %19 = divide(%17, %18)                 # EncryptedTensor<float64, shape=(1, 256, 28, 28)>
        %20 = 0.0                              # ClearScalar<float32>
        %21 = add(%19, %20)                    # EncryptedTensor<float64, shape=(1, 256, 28, 28)>
        %22 = 0.0                              # ClearScalar<float64>
        %23 = 15.0                             # ClearScalar<float64>
        %24 = clip(%21, %22, %23)              # EncryptedTensor<float64, shape=(1, 256, 28, 28)>
        %25 = rint(%24)                        # EncryptedTensor<float64, shape=(1, 256, 28, 28)>
        %26 = 0.0                              # ClearScalar<float32>
        %27 = subtract(%25, %26)               # EncryptedTensor<float64, shape=(1, 256, 28, 28)>
        %28 = 0.44429955                       # ClearScalar<float32>
        %29 = multiply(%27, %28)               # EncryptedTensor<float64, shape=(1, 256, 28, 28)>
        %30 = 0.4442995488643646               # ClearScalar<float64>
        %31 = divide(%29, %30)                 # EncryptedTensor<float64, shape=(1, 256, 28, 28)>
        %32 = 0                                # ClearScalar<uint1>
        %33 = add(%31, %32)                    # EncryptedTensor<float64, shape=(1, 256, 28, 28)>
        %34 = rint(%33)                        # EncryptedTensor<float64, shape=(1, 256, 28, 28)>
        %35 = astype(%34, dtype=int_)          # EncryptedTensor<uint1, shape=(1, 256, 28, 28)>
        return %35

    %185 = subgraph(%184):

         %0 = input                            # EncryptedTensor<uint1, shape=(1, 256, 14, 14)>          @ /trunk/trunk.11/C2/Conv.conv_rounding
         %1 = astype(%0, dtype=float64)        # EncryptedTensor<float64, shape=(1, 256, 14, 14)>
         %2 = 0                                # ClearScalar<uint1>
         %3 = add(%1, %2)                      # EncryptedTensor<float64, shape=(1, 256, 14, 14)>
         %4 = [[[[0]]  [ ... ]  [[0]]]]        # ClearTensor<uint1, shape=(1, 256, 1, 1)>
         %5 = subtract(%3, %4)                 # EncryptedTensor<float64, shape=(1, 256, 14, 14)>
         %6 = 0.007851975478683104             # ClearScalar<float64>
         %7 = multiply(%6, %5)                 # EncryptedTensor<float64, shape=(1, 256, 14, 14)>
         %8 = [[[[ 9.914 ... 93e+00]]]]        # ClearTensor<float32, shape=(1, 256, 1, 1)>
         %9 = subtract(%7, %8)                 # EncryptedTensor<float64, shape=(1, 256, 14, 14)>
        %10 = [[[[2.0049 ... 28375 ]]]]        # ClearTensor<float32, shape=(1, 256, 1, 1)>
        %11 = divide(%9, %10)                  # EncryptedTensor<float64, shape=(1, 256, 14, 14)>
        %12 = [[[[0.9048 ... 322375]]]]        # ClearTensor<float32, shape=(1, 256, 1, 1)>
        %13 = multiply(%11, %12)               # EncryptedTensor<float64, shape=(1, 256, 14, 14)>
        %14 = [[[[-1.280 ... 48e-02]]]]        # ClearTensor<float32, shape=(1, 256, 1, 1)>
        %15 = add(%13, %14)                    # EncryptedTensor<float64, shape=(1, 256, 14, 14)>
        %16 = 0                                # ClearScalar<uint1>
        %17 = maximum(%15, %16)                # EncryptedTensor<float64, shape=(1, 256, 14, 14)>
        %18 = 0.48205137                       # ClearScalar<float32>
        %19 = divide(%17, %18)                 # EncryptedTensor<float64, shape=(1, 256, 14, 14)>
        %20 = 0.0                              # ClearScalar<float32>
        %21 = add(%19, %20)                    # EncryptedTensor<float64, shape=(1, 256, 14, 14)>
        %22 = 0.0                              # ClearScalar<float64>
        %23 = 15.0                             # ClearScalar<float64>
        %24 = clip(%21, %22, %23)              # EncryptedTensor<float64, shape=(1, 256, 14, 14)>
        %25 = rint(%24)                        # EncryptedTensor<float64, shape=(1, 256, 14, 14)>
        %26 = 0.0                              # ClearScalar<float32>
        %27 = subtract(%25, %26)               # EncryptedTensor<float64, shape=(1, 256, 14, 14)>
        %28 = 0.48205137                       # ClearScalar<float32>
        %29 = multiply(%27, %28)               # EncryptedTensor<float64, shape=(1, 256, 14, 14)>
        %30 = 0.48205137252807617              # ClearScalar<float64>
        %31 = divide(%29, %30)                 # EncryptedTensor<float64, shape=(1, 256, 14, 14)>
        %32 = 0                                # ClearScalar<uint1>
        %33 = add(%31, %32)                    # EncryptedTensor<float64, shape=(1, 256, 14, 14)>
        %34 = rint(%33)                        # EncryptedTensor<float64, shape=(1, 256, 14, 14)>
        %35 = astype(%34, dtype=int_)          # EncryptedTensor<uint1, shape=(1, 256, 14, 14)>
        return %35

    %189 = subgraph(%172):

         %0 = input                          # EncryptedTensor<uint2, shape=(1, 512, 28, 28)>
         %1 = 0.0                            # ClearScalar<float64>
         %2 = subtract(%0, %1)               # EncryptedTensor<float64, shape=(1, 512, 28, 28)>
         %3 = 0.8237488000623642             # ClearScalar<float64>
         %4 = multiply(%3, %2)               # EncryptedTensor<float64, shape=(1, 512, 28, 28)>
         %5 = 0                              # ClearScalar<uint1>
         %6 = maximum(%4, %5)                # EncryptedTensor<float64, shape=(1, 512, 28, 28)>
         %7 = 1.3050133                      # ClearScalar<float32>
         %8 = divide(%6, %7)                 # EncryptedTensor<float64, shape=(1, 512, 28, 28)>
         %9 = 0.0                            # ClearScalar<float32>
        %10 = add(%8, %9)                    # EncryptedTensor<float64, shape=(1, 512, 28, 28)>
        %11 = 0.0                            # ClearScalar<float64>
        %12 = 15.0                           # ClearScalar<float64>
        %13 = clip(%10, %11, %12)            # EncryptedTensor<float64, shape=(1, 512, 28, 28)>
        %14 = rint(%13)                      # EncryptedTensor<float64, shape=(1, 512, 28, 28)>
        %15 = 0.0                            # ClearScalar<float32>
        %16 = subtract(%14, %15)             # EncryptedTensor<float64, shape=(1, 512, 28, 28)>
        %17 = 1.3050133                      # ClearScalar<float32>
        %18 = multiply(%16, %17)             # EncryptedTensor<float64, shape=(1, 512, 28, 28)>
        %19 = 1.3050132989883423             # ClearScalar<float64>
        %20 = divide(%18, %19)               # EncryptedTensor<float64, shape=(1, 512, 28, 28)>
        %21 = 0                              # ClearScalar<uint1>
        %22 = add(%20, %21)                  # EncryptedTensor<float64, shape=(1, 512, 28, 28)>
        %23 = rint(%22)                      # EncryptedTensor<float64, shape=(1, 512, 28, 28)>
        %24 = astype(%23, dtype=int_)        # EncryptedTensor<uint1, shape=(1, 512, 28, 28)>
        return %24

    %193 = subgraph(%188):

         %0 = input                            # EncryptedTensor<uint1, shape=(1, 1024, 14, 14)>          @ /trunk/trunk.11/C3/Conv.conv_rounding
         %1 = astype(%0, dtype=float64)        # EncryptedTensor<float64, shape=(1, 1024, 14, 14)>
         %2 = 0                                # ClearScalar<uint1>
         %3 = add(%1, %2)                      # EncryptedTensor<float64, shape=(1, 1024, 14, 14)>
         %4 = [[[[0]]  [ ... ]  [[0]]]]        # ClearTensor<uint1, shape=(1, 1024, 1, 1)>
         %5 = subtract(%3, %4)                 # EncryptedTensor<float64, shape=(1, 1024, 14, 14)>
         %6 = 0.014212627606409178             # ClearScalar<float64>
         %7 = multiply(%6, %5)                 # EncryptedTensor<float64, shape=(1, 1024, 14, 14)>
         %8 = [[[[-0.268 ... 903835]]]]        # ClearTensor<float32, shape=(1, 1024, 1, 1)>
         %9 = subtract(%7, %8)                 # EncryptedTensor<float64, shape=(1, 1024, 14, 14)>
        %10 = [[[[0.5296 ... 798665]]]]        # ClearTensor<float32, shape=(1, 1024, 1, 1)>
        %11 = divide(%9, %10)                  # EncryptedTensor<float64, shape=(1, 1024, 14, 14)>
        %12 = [[[[0.8881 ... 7959  ]]]]        # ClearTensor<float32, shape=(1, 1024, 1, 1)>
        %13 = multiply(%11, %12)               # EncryptedTensor<float64, shape=(1, 1024, 14, 14)>
        %14 = [[[[-0.021 ... 699498]]]]        # ClearTensor<float32, shape=(1, 1024, 1, 1)>
        %15 = add(%13, %14)                    # EncryptedTensor<float64, shape=(1, 1024, 14, 14)>
        %16 = 1.0316939                        # ClearScalar<float32>
        %17 = divide(%15, %16)                 # EncryptedTensor<float64, shape=(1, 1024, 14, 14)>
        %18 = 0.0                              # ClearScalar<float32>
        %19 = add(%17, %18)                    # EncryptedTensor<float64, shape=(1, 1024, 14, 14)>
        %20 = -8.0                             # ClearScalar<float64>
        %21 = 7.0                              # ClearScalar<float64>
        %22 = clip(%19, %20, %21)              # EncryptedTensor<float64, shape=(1, 1024, 14, 14)>
        %23 = rint(%22)                        # EncryptedTensor<float64, shape=(1, 1024, 14, 14)>
        %24 = 0.0                              # ClearScalar<float32>
        %25 = subtract(%23, %24)               # EncryptedTensor<float64, shape=(1, 1024, 14, 14)>
        %26 = 1.0316939                        # ClearScalar<float32>
        %27 = multiply(%25, %26)               # EncryptedTensor<float64, shape=(1, 1024, 14, 14)>
        %28 = 1.031693935394287                # ClearScalar<float64>
        %29 = divide(%27, %28)                 # EncryptedTensor<float64, shape=(1, 1024, 14, 14)>
        %30 = 0                                # ClearScalar<uint1>
        %31 = add(%29, %30)                    # EncryptedTensor<float64, shape=(1, 1024, 14, 14)>
        %32 = rint(%31)                        # EncryptedTensor<float64, shape=(1, 1024, 14, 14)>
        %33 = astype(%32, dtype=int_)          # EncryptedTensor<uint1, shape=(1, 1024, 14, 14)>
        return %33

    %194 = subgraph(%192):

         %0 = input                            # EncryptedTensor<uint1, shape=(1, 1024, 14, 14)>          @ /trunk/trunk.11/shortcut/Conv.conv_rounding
         %1 = astype(%0, dtype=float64)        # EncryptedTensor<float64, shape=(1, 1024, 14, 14)>
         %2 = 0                                # ClearScalar<uint1>
         %3 = add(%1, %2)                      # EncryptedTensor<float64, shape=(1, 1024, 14, 14)>
         %4 = [[[[0]]  [ ... ]  [[0]]]]        # ClearTensor<uint1, shape=(1, 1024, 1, 1)>
         %5 = subtract(%3, %4)                 # EncryptedTensor<float64, shape=(1, 1024, 14, 14)>
         %6 = 0.03911314644178043              # ClearScalar<float64>
         %7 = multiply(%6, %5)                 # EncryptedTensor<float64, shape=(1, 1024, 14, 14)>
         %8 = [[[[ 0.666 ... 35693 ]]]]        # ClearTensor<float32, shape=(1, 1024, 1, 1)>
         %9 = subtract(%7, %8)                 # EncryptedTensor<float64, shape=(1, 1024, 14, 14)>
        %10 = [[[[2.1374 ... 09262 ]]]]        # ClearTensor<float32, shape=(1, 1024, 1, 1)>
        %11 = divide(%9, %10)                  # EncryptedTensor<float64, shape=(1, 1024, 14, 14)>
        %12 = [[[[0.7855 ... 47101 ]]]]        # ClearTensor<float32, shape=(1, 1024, 1, 1)>
        %13 = multiply(%11, %12)               # EncryptedTensor<float64, shape=(1, 1024, 14, 14)>
        %14 = [[[[-0.022 ... 817497]]]]        # ClearTensor<float32, shape=(1, 1024, 1, 1)>
        %15 = add(%13, %14)                    # EncryptedTensor<float64, shape=(1, 1024, 14, 14)>
        %16 = 0.8880081                        # ClearScalar<float32>
        %17 = divide(%15, %16)                 # EncryptedTensor<float64, shape=(1, 1024, 14, 14)>
        %18 = 0.0                              # ClearScalar<float32>
        %19 = add(%17, %18)                    # EncryptedTensor<float64, shape=(1, 1024, 14, 14)>
        %20 = -8.0                             # ClearScalar<float64>
        %21 = 7.0                              # ClearScalar<float64>
        %22 = clip(%19, %20, %21)              # EncryptedTensor<float64, shape=(1, 1024, 14, 14)>
        %23 = rint(%22)                        # EncryptedTensor<float64, shape=(1, 1024, 14, 14)>
        %24 = 0.0                              # ClearScalar<float32>
        %25 = subtract(%23, %24)               # EncryptedTensor<float64, shape=(1, 1024, 14, 14)>
        %26 = 0.8880081                        # ClearScalar<float32>
        %27 = multiply(%25, %26)               # EncryptedTensor<float64, shape=(1, 1024, 14, 14)>
        %28 = 0.8880081176757812               # ClearScalar<float64>
        %29 = divide(%27, %28)                 # EncryptedTensor<float64, shape=(1, 1024, 14, 14)>
        %30 = 0                                # ClearScalar<uint1>
        %31 = add(%29, %30)                    # EncryptedTensor<float64, shape=(1, 1024, 14, 14)>
        %32 = rint(%31)                        # EncryptedTensor<float64, shape=(1, 1024, 14, 14)>
        %33 = astype(%32, dtype=int_)          # EncryptedTensor<uint1, shape=(1, 1024, 14, 14)>
        return %33

    %195 = subgraph(%193):

         %0 = input                         # EncryptedTensor<uint1, shape=(1, 1024, 14, 14)>
         %1 = 0.0                           # ClearScalar<float64>
         %2 = subtract(%0, %1)              # EncryptedTensor<float64, shape=(1, 1024, 14, 14)>
         %3 = 1.031693935394287             # ClearScalar<float64>
         %4 = multiply(%3, %2)              # EncryptedTensor<float64, shape=(1, 1024, 14, 14)>
         %5 = 0.495406981437437             # ClearScalar<float64>
         %6 = divide(%4, %5)                # EncryptedTensor<float64, shape=(1, 1024, 14, 14)>
         %7 = 0                             # ClearScalar<uint1>
         %8 = add(%6, %7)                   # EncryptedTensor<float64, shape=(1, 1024, 14, 14)>
         %9 = rint(%8)                      # EncryptedTensor<float64, shape=(1, 1024, 14, 14)>
        %10 = astype(%9, dtype=int_)        # EncryptedTensor<uint1, shape=(1, 1024, 14, 14)>
        return %10

    %196 = subgraph(%194):

         %0 = input                         # EncryptedTensor<uint1, shape=(1, 1024, 14, 14)>
         %1 = 0.0                           # ClearScalar<float64>
         %2 = subtract(%0, %1)              # EncryptedTensor<float64, shape=(1, 1024, 14, 14)>
         %3 = 0.8880081176757812            # ClearScalar<float64>
         %4 = multiply(%3, %2)              # EncryptedTensor<float64, shape=(1, 1024, 14, 14)>
         %5 = 0.495406981437437             # ClearScalar<float64>
         %6 = divide(%4, %5)                # EncryptedTensor<float64, shape=(1, 1024, 14, 14)>
         %7 = 0                             # ClearScalar<uint1>
         %8 = add(%6, %7)                   # EncryptedTensor<float64, shape=(1, 1024, 14, 14)>
         %9 = rint(%8)                      # EncryptedTensor<float64, shape=(1, 1024, 14, 14)>
        %10 = astype(%9, dtype=int_)        # EncryptedTensor<uint1, shape=(1, 1024, 14, 14)>
        return %10

    %200 = subgraph(%199):

         %0 = input                          # EncryptedTensor<uint2, shape=(1, 1024, 14, 14)>
         %1 = 0.0                            # ClearScalar<float64>
         %2 = subtract(%0, %1)               # EncryptedTensor<float64, shape=(1, 1024, 14, 14)>
         %3 = 0.495406981437437              # ClearScalar<float64>
         %4 = multiply(%3, %2)               # EncryptedTensor<float64, shape=(1, 1024, 14, 14)>
         %5 = 0                              # ClearScalar<uint1>
         %6 = maximum(%4, %5)                # EncryptedTensor<float64, shape=(1, 1024, 14, 14)>
         %7 = 0.8525787                      # ClearScalar<float32>
         %8 = divide(%6, %7)                 # EncryptedTensor<float64, shape=(1, 1024, 14, 14)>
         %9 = 0.0                            # ClearScalar<float32>
        %10 = add(%8, %9)                    # EncryptedTensor<float64, shape=(1, 1024, 14, 14)>
        %11 = 0.0                            # ClearScalar<float64>
        %12 = 15.0                           # ClearScalar<float64>
        %13 = clip(%10, %11, %12)            # EncryptedTensor<float64, shape=(1, 1024, 14, 14)>
        %14 = rint(%13)                      # EncryptedTensor<float64, shape=(1, 1024, 14, 14)>
        %15 = 0.0                            # ClearScalar<float32>
        %16 = subtract(%14, %15)             # EncryptedTensor<float64, shape=(1, 1024, 14, 14)>
        %17 = 0.8525787                      # ClearScalar<float32>
        %18 = multiply(%16, %17)             # EncryptedTensor<float64, shape=(1, 1024, 14, 14)>
        %19 = 0.8525786995887756             # ClearScalar<float64>
        %20 = divide(%18, %19)               # EncryptedTensor<float64, shape=(1, 1024, 14, 14)>
        %21 = 0                              # ClearScalar<uint1>
        %22 = add(%20, %21)                  # EncryptedTensor<float64, shape=(1, 1024, 14, 14)>
        %23 = rint(%22)                      # EncryptedTensor<float64, shape=(1, 1024, 14, 14)>
        %24 = astype(%23, dtype=int_)        # EncryptedTensor<uint1, shape=(1, 1024, 14, 14)>
        return %24

    %204 = subgraph(%203):

         %0 = input                            # EncryptedTensor<uint1, shape=(1, 256, 14, 14)>          @ /trunk/trunk.12/C1/Conv.conv_rounding
         %1 = astype(%0, dtype=float64)        # EncryptedTensor<float64, shape=(1, 256, 14, 14)>
         %2 = 0                                # ClearScalar<uint1>
         %3 = add(%1, %2)                      # EncryptedTensor<float64, shape=(1, 256, 14, 14)>
         %4 = [[[[0]]  [ ... ]  [[0]]]]        # ClearTensor<uint1, shape=(1, 256, 1, 1)>
         %5 = subtract(%3, %4)                 # EncryptedTensor<float64, shape=(1, 256, 14, 14)>
         %6 = 0.05071951212056658              # ClearScalar<float64>
         %7 = multiply(%6, %5)                 # EncryptedTensor<float64, shape=(1, 256, 14, 14)>
         %8 = [[[[-3.009 ... 06e-01]]]]        # ClearTensor<float32, shape=(1, 256, 1, 1)>
         %9 = subtract(%7, %8)                 # EncryptedTensor<float64, shape=(1, 256, 14, 14)>
        %10 = [[[[3.7359 ... 308553]]]]        # ClearTensor<float32, shape=(1, 256, 1, 1)>
        %11 = divide(%9, %10)                  # EncryptedTensor<float64, shape=(1, 256, 14, 14)>
        %12 = [[[[0.8761 ... 73522 ]]]]        # ClearTensor<float32, shape=(1, 256, 1, 1)>
        %13 = multiply(%11, %12)               # EncryptedTensor<float64, shape=(1, 256, 14, 14)>
        %14 = [[[[ 1.817 ... 40e-03]]]]        # ClearTensor<float32, shape=(1, 256, 1, 1)>
        %15 = add(%13, %14)                    # EncryptedTensor<float64, shape=(1, 256, 14, 14)>
        %16 = 0                                # ClearScalar<uint1>
        %17 = maximum(%15, %16)                # EncryptedTensor<float64, shape=(1, 256, 14, 14)>
        %18 = 0.5058518                        # ClearScalar<float32>
        %19 = divide(%17, %18)                 # EncryptedTensor<float64, shape=(1, 256, 14, 14)>
        %20 = 0.0                              # ClearScalar<float32>
        %21 = add(%19, %20)                    # EncryptedTensor<float64, shape=(1, 256, 14, 14)>
        %22 = 0.0                              # ClearScalar<float64>
        %23 = 15.0                             # ClearScalar<float64>
        %24 = clip(%21, %22, %23)              # EncryptedTensor<float64, shape=(1, 256, 14, 14)>
        %25 = rint(%24)                        # EncryptedTensor<float64, shape=(1, 256, 14, 14)>
        %26 = 0.0                              # ClearScalar<float32>
        %27 = subtract(%25, %26)               # EncryptedTensor<float64, shape=(1, 256, 14, 14)>
        %28 = 0.5058518                        # ClearScalar<float32>
        %29 = multiply(%27, %28)               # EncryptedTensor<float64, shape=(1, 256, 14, 14)>
        %30 = 0.5058518052101135               # ClearScalar<float64>
        %31 = divide(%29, %30)                 # EncryptedTensor<float64, shape=(1, 256, 14, 14)>
        %32 = 0                                # ClearScalar<uint1>
        %33 = add(%31, %32)                    # EncryptedTensor<float64, shape=(1, 256, 14, 14)>
        %34 = rint(%33)                        # EncryptedTensor<float64, shape=(1, 256, 14, 14)>
        %35 = astype(%34, dtype=int_)          # EncryptedTensor<uint1, shape=(1, 256, 14, 14)>
        return %35

    %212 = subgraph(%211):

         %0 = input                            # EncryptedTensor<uint1, shape=(1, 256, 14, 14)>          @ /trunk/trunk.12/C2/Conv.conv_rounding
         %1 = astype(%0, dtype=float64)        # EncryptedTensor<float64, shape=(1, 256, 14, 14)>
         %2 = 0                                # ClearScalar<uint1>
         %3 = add(%1, %2)                      # EncryptedTensor<float64, shape=(1, 256, 14, 14)>
         %4 = [[[[0]]  [ ... ]  [[0]]]]        # ClearTensor<uint1, shape=(1, 256, 1, 1)>
         %5 = subtract(%3, %4)                 # EncryptedTensor<float64, shape=(1, 256, 14, 14)>
         %6 = 0.010003309633036528             # ClearScalar<float64>
         %7 = multiply(%6, %5)                 # EncryptedTensor<float64, shape=(1, 256, 14, 14)>
         %8 = [[[[-1.169 ... 430072]]]]        # ClearTensor<float32, shape=(1, 256, 1, 1)>
         %9 = subtract(%7, %8)                 # EncryptedTensor<float64, shape=(1, 256, 14, 14)>
        %10 = [[[[1.9792 ... 29321 ]]]]        # ClearTensor<float32, shape=(1, 256, 1, 1)>
        %11 = divide(%9, %10)                  # EncryptedTensor<float64, shape=(1, 256, 14, 14)>
        %12 = [[[[0.9505 ... 670376]]]]        # ClearTensor<float32, shape=(1, 256, 1, 1)>
        %13 = multiply(%11, %12)               # EncryptedTensor<float64, shape=(1, 256, 14, 14)>
        %14 = [[[[ 1.541 ... 55e-02]]]]        # ClearTensor<float32, shape=(1, 256, 1, 1)>
        %15 = add(%13, %14)                    # EncryptedTensor<float64, shape=(1, 256, 14, 14)>
        %16 = 0                                # ClearScalar<uint1>
        %17 = maximum(%15, %16)                # EncryptedTensor<float64, shape=(1, 256, 14, 14)>
        %18 = 0.5338701                        # ClearScalar<float32>
        %19 = divide(%17, %18)                 # EncryptedTensor<float64, shape=(1, 256, 14, 14)>
        %20 = 0.0                              # ClearScalar<float32>
        %21 = add(%19, %20)                    # EncryptedTensor<float64, shape=(1, 256, 14, 14)>
        %22 = 0.0                              # ClearScalar<float64>
        %23 = 15.0                             # ClearScalar<float64>
        %24 = clip(%21, %22, %23)              # EncryptedTensor<float64, shape=(1, 256, 14, 14)>
        %25 = rint(%24)                        # EncryptedTensor<float64, shape=(1, 256, 14, 14)>
        %26 = 0.0                              # ClearScalar<float32>
        %27 = subtract(%25, %26)               # EncryptedTensor<float64, shape=(1, 256, 14, 14)>
        %28 = 0.5338701                        # ClearScalar<float32>
        %29 = multiply(%27, %28)               # EncryptedTensor<float64, shape=(1, 256, 14, 14)>
        %30 = 0.5338701009750366               # ClearScalar<float64>
        %31 = divide(%29, %30)                 # EncryptedTensor<float64, shape=(1, 256, 14, 14)>
        %32 = 0                                # ClearScalar<uint1>
        %33 = add(%31, %32)                    # EncryptedTensor<float64, shape=(1, 256, 14, 14)>
        %34 = rint(%33)                        # EncryptedTensor<float64, shape=(1, 256, 14, 14)>
        %35 = astype(%34, dtype=int_)          # EncryptedTensor<uint1, shape=(1, 256, 14, 14)>
        return %35

    %216 = subgraph(%215):

         %0 = input                            # EncryptedTensor<uint1, shape=(1, 1024, 14, 14)>          @ /trunk/trunk.12/C3/Conv.conv_rounding
         %1 = astype(%0, dtype=float64)        # EncryptedTensor<float64, shape=(1, 1024, 14, 14)>
         %2 = 0                                # ClearScalar<uint1>
         %3 = add(%1, %2)                      # EncryptedTensor<float64, shape=(1, 1024, 14, 14)>
         %4 = [[[[0]]  [ ... ]  [[0]]]]        # ClearTensor<uint1, shape=(1, 1024, 1, 1)>
         %5 = subtract(%3, %4)                 # EncryptedTensor<float64, shape=(1, 1024, 14, 14)>
         %6 = 0.017275626062065452             # ClearScalar<float64>
         %7 = multiply(%6, %5)                 # EncryptedTensor<float64, shape=(1, 1024, 14, 14)>
         %8 = [[[[-0.098 ... 723215]]]]        # ClearTensor<float32, shape=(1, 1024, 1, 1)>
         %9 = subtract(%7, %8)                 # EncryptedTensor<float64, shape=(1, 1024, 14, 14)>
        %10 = [[[[0.5706 ... 160555]]]]        # ClearTensor<float32, shape=(1, 1024, 1, 1)>
        %11 = divide(%9, %10)                  # EncryptedTensor<float64, shape=(1, 1024, 14, 14)>
        %12 = [[[[0.7684 ... 25488 ]]]]        # ClearTensor<float32, shape=(1, 1024, 1, 1)>
        %13 = multiply(%11, %12)               # EncryptedTensor<float64, shape=(1, 1024, 14, 14)>
        %14 = [[[[-0.014 ... 921663]]]]        # ClearTensor<float32, shape=(1, 1024, 1, 1)>
        %15 = add(%13, %14)                    # EncryptedTensor<float64, shape=(1, 1024, 14, 14)>
        %16 = 1.153998                         # ClearScalar<float32>
        %17 = divide(%15, %16)                 # EncryptedTensor<float64, shape=(1, 1024, 14, 14)>
        %18 = 0.0                              # ClearScalar<float32>
        %19 = add(%17, %18)                    # EncryptedTensor<float64, shape=(1, 1024, 14, 14)>
        %20 = -8.0                             # ClearScalar<float64>
        %21 = 7.0                              # ClearScalar<float64>
        %22 = clip(%19, %20, %21)              # EncryptedTensor<float64, shape=(1, 1024, 14, 14)>
        %23 = rint(%22)                        # EncryptedTensor<float64, shape=(1, 1024, 14, 14)>
        %24 = 0.0                              # ClearScalar<float32>
        %25 = subtract(%23, %24)               # EncryptedTensor<float64, shape=(1, 1024, 14, 14)>
        %26 = 1.153998                         # ClearScalar<float32>
        %27 = multiply(%25, %26)               # EncryptedTensor<float64, shape=(1, 1024, 14, 14)>
        %28 = 1.1539980173110962               # ClearScalar<float64>
        %29 = divide(%27, %28)                 # EncryptedTensor<float64, shape=(1, 1024, 14, 14)>
        %30 = 0                                # ClearScalar<uint1>
        %31 = add(%29, %30)                    # EncryptedTensor<float64, shape=(1, 1024, 14, 14)>
        %32 = rint(%31)                        # EncryptedTensor<float64, shape=(1, 1024, 14, 14)>
        %33 = astype(%32, dtype=int_)          # EncryptedTensor<uint1, shape=(1, 1024, 14, 14)>
        return %33

    %217 = subgraph(%199):

         %0 = input                          # EncryptedTensor<uint2, shape=(1, 1024, 14, 14)>
         %1 = 0.0                            # ClearScalar<float64>
         %2 = subtract(%0, %1)               # EncryptedTensor<float64, shape=(1, 1024, 14, 14)>
         %3 = 0.495406981437437              # ClearScalar<float64>
         %4 = multiply(%3, %2)               # EncryptedTensor<float64, shape=(1, 1024, 14, 14)>
         %5 = 0                              # ClearScalar<uint1>
         %6 = maximum(%4, %5)                # EncryptedTensor<float64, shape=(1, 1024, 14, 14)>
         %7 = 0.8525787                      # ClearScalar<float32>
         %8 = divide(%6, %7)                 # EncryptedTensor<float64, shape=(1, 1024, 14, 14)>
         %9 = 0.0                            # ClearScalar<float32>
        %10 = add(%8, %9)                    # EncryptedTensor<float64, shape=(1, 1024, 14, 14)>
        %11 = 0.0                            # ClearScalar<float64>
        %12 = 15.0                           # ClearScalar<float64>
        %13 = clip(%10, %11, %12)            # EncryptedTensor<float64, shape=(1, 1024, 14, 14)>
        %14 = rint(%13)                      # EncryptedTensor<float64, shape=(1, 1024, 14, 14)>
        %15 = 0.0                            # ClearScalar<float32>
        %16 = subtract(%14, %15)             # EncryptedTensor<float64, shape=(1, 1024, 14, 14)>
        %17 = 0.8525787                      # ClearScalar<float32>
        %18 = multiply(%16, %17)             # EncryptedTensor<float64, shape=(1, 1024, 14, 14)>
        %19 = 0.8525786995887756             # ClearScalar<float64>
        %20 = divide(%18, %19)               # EncryptedTensor<float64, shape=(1, 1024, 14, 14)>
        %21 = 0                              # ClearScalar<uint1>
        %22 = add(%20, %21)                  # EncryptedTensor<float64, shape=(1, 1024, 14, 14)>
        %23 = rint(%22)                      # EncryptedTensor<float64, shape=(1, 1024, 14, 14)>
        %24 = astype(%23, dtype=int_)        # EncryptedTensor<uint1, shape=(1, 1024, 14, 14)>
        return %24

    %218 = subgraph(%216):

         %0 = input                         # EncryptedTensor<uint1, shape=(1, 1024, 14, 14)>
         %1 = 0.0                           # ClearScalar<float64>
         %2 = subtract(%0, %1)              # EncryptedTensor<float64, shape=(1, 1024, 14, 14)>
         %3 = 1.1539980173110962            # ClearScalar<float64>
         %4 = multiply(%3, %2)              # EncryptedTensor<float64, shape=(1, 1024, 14, 14)>
         %5 = 0.5081030457250534            # ClearScalar<float64>
         %6 = divide(%4, %5)                # EncryptedTensor<float64, shape=(1, 1024, 14, 14)>
         %7 = 0                             # ClearScalar<uint1>
         %8 = add(%6, %7)                   # EncryptedTensor<float64, shape=(1, 1024, 14, 14)>
         %9 = rint(%8)                      # EncryptedTensor<float64, shape=(1, 1024, 14, 14)>
        %10 = astype(%9, dtype=int_)        # EncryptedTensor<uint1, shape=(1, 1024, 14, 14)>
        return %10

    %219 = subgraph(%217):

         %0 = input                         # EncryptedTensor<uint1, shape=(1, 1024, 14, 14)>
         %1 = 0.0                           # ClearScalar<float64>
         %2 = subtract(%0, %1)              # EncryptedTensor<float64, shape=(1, 1024, 14, 14)>
         %3 = 0.8525786995887756            # ClearScalar<float64>
         %4 = multiply(%3, %2)              # EncryptedTensor<float64, shape=(1, 1024, 14, 14)>
         %5 = 0.5081030457250534            # ClearScalar<float64>
         %6 = divide(%4, %5)                # EncryptedTensor<float64, shape=(1, 1024, 14, 14)>
         %7 = 0                             # ClearScalar<uint1>
         %8 = add(%6, %7)                   # EncryptedTensor<float64, shape=(1, 1024, 14, 14)>
         %9 = rint(%8)                      # EncryptedTensor<float64, shape=(1, 1024, 14, 14)>
        %10 = astype(%9, dtype=int_)        # EncryptedTensor<uint1, shape=(1, 1024, 14, 14)>
        return %10

    %223 = subgraph(%222):

         %0 = input                          # EncryptedTensor<uint2, shape=(1, 1024, 14, 14)>
         %1 = 0.0                            # ClearScalar<float64>
         %2 = subtract(%0, %1)               # EncryptedTensor<float64, shape=(1, 1024, 14, 14)>
         %3 = 0.5081030457250534             # ClearScalar<float64>
         %4 = multiply(%3, %2)               # EncryptedTensor<float64, shape=(1, 1024, 14, 14)>
         %5 = 0                              # ClearScalar<uint1>
         %6 = maximum(%4, %5)                # EncryptedTensor<float64, shape=(1, 1024, 14, 14)>
         %7 = 1.1653283                      # ClearScalar<float32>
         %8 = divide(%6, %7)                 # EncryptedTensor<float64, shape=(1, 1024, 14, 14)>
         %9 = 0.0                            # ClearScalar<float32>
        %10 = add(%8, %9)                    # EncryptedTensor<float64, shape=(1, 1024, 14, 14)>
        %11 = 0.0                            # ClearScalar<float64>
        %12 = 15.0                           # ClearScalar<float64>
        %13 = clip(%10, %11, %12)            # EncryptedTensor<float64, shape=(1, 1024, 14, 14)>
        %14 = rint(%13)                      # EncryptedTensor<float64, shape=(1, 1024, 14, 14)>
        %15 = 0.0                            # ClearScalar<float32>
        %16 = subtract(%14, %15)             # EncryptedTensor<float64, shape=(1, 1024, 14, 14)>
        %17 = 1.1653283                      # ClearScalar<float32>
        %18 = multiply(%16, %17)             # EncryptedTensor<float64, shape=(1, 1024, 14, 14)>
        %19 = 1.1653282642364502             # ClearScalar<float64>
        %20 = divide(%18, %19)               # EncryptedTensor<float64, shape=(1, 1024, 14, 14)>
        %21 = 0                              # ClearScalar<uint1>
        %22 = add(%20, %21)                  # EncryptedTensor<float64, shape=(1, 1024, 14, 14)>
        %23 = rint(%22)                      # EncryptedTensor<float64, shape=(1, 1024, 14, 14)>
        %24 = astype(%23, dtype=int_)        # EncryptedTensor<uint1, shape=(1, 1024, 14, 14)>
        return %24

    %227 = subgraph(%226):

         %0 = input                            # EncryptedTensor<uint1, shape=(1, 256, 14, 14)>          @ /trunk/trunk.13/C1/Conv.conv_rounding
         %1 = astype(%0, dtype=float64)        # EncryptedTensor<float64, shape=(1, 256, 14, 14)>
         %2 = 0                                # ClearScalar<uint1>
         %3 = add(%1, %2)                      # EncryptedTensor<float64, shape=(1, 256, 14, 14)>
         %4 = [[[[0]]  [ ... ]  [[0]]]]        # ClearTensor<uint1, shape=(1, 256, 1, 1)>
         %5 = subtract(%3, %4)                 # EncryptedTensor<float64, shape=(1, 256, 14, 14)>
         %6 = 0.06497379835825523              # ClearScalar<float64>
         %7 = multiply(%6, %5)                 # EncryptedTensor<float64, shape=(1, 256, 14, 14)>
         %8 = [[[[-1.365 ... 32e-01]]]]        # ClearTensor<float32, shape=(1, 256, 1, 1)>
         %9 = subtract(%7, %8)                 # EncryptedTensor<float64, shape=(1, 256, 14, 14)>
        %10 = [[[[3.0106 ... 611056]]]]        # ClearTensor<float32, shape=(1, 256, 1, 1)>
        %11 = divide(%9, %10)                  # EncryptedTensor<float64, shape=(1, 256, 14, 14)>
        %12 = [[[[0.8373 ... 1402  ]]]]        # ClearTensor<float32, shape=(1, 256, 1, 1)>
        %13 = multiply(%11, %12)               # EncryptedTensor<float64, shape=(1, 256, 14, 14)>
        %14 = [[[[ 0.023 ... 643514]]]]        # ClearTensor<float32, shape=(1, 256, 1, 1)>
        %15 = add(%13, %14)                    # EncryptedTensor<float64, shape=(1, 256, 14, 14)>
        %16 = 0                                # ClearScalar<uint1>
        %17 = maximum(%15, %16)                # EncryptedTensor<float64, shape=(1, 256, 14, 14)>
        %18 = 0.4832316                        # ClearScalar<float32>
        %19 = divide(%17, %18)                 # EncryptedTensor<float64, shape=(1, 256, 14, 14)>
        %20 = 0.0                              # ClearScalar<float32>
        %21 = add(%19, %20)                    # EncryptedTensor<float64, shape=(1, 256, 14, 14)>
        %22 = 0.0                              # ClearScalar<float64>
        %23 = 15.0                             # ClearScalar<float64>
        %24 = clip(%21, %22, %23)              # EncryptedTensor<float64, shape=(1, 256, 14, 14)>
        %25 = rint(%24)                        # EncryptedTensor<float64, shape=(1, 256, 14, 14)>
        %26 = 0.0                              # ClearScalar<float32>
        %27 = subtract(%25, %26)               # EncryptedTensor<float64, shape=(1, 256, 14, 14)>
        %28 = 0.4832316                        # ClearScalar<float32>
        %29 = multiply(%27, %28)               # EncryptedTensor<float64, shape=(1, 256, 14, 14)>
        %30 = 0.4832316040992737               # ClearScalar<float64>
        %31 = divide(%29, %30)                 # EncryptedTensor<float64, shape=(1, 256, 14, 14)>
        %32 = 0                                # ClearScalar<uint1>
        %33 = add(%31, %32)                    # EncryptedTensor<float64, shape=(1, 256, 14, 14)>
        %34 = rint(%33)                        # EncryptedTensor<float64, shape=(1, 256, 14, 14)>
        %35 = astype(%34, dtype=int_)          # EncryptedTensor<uint1, shape=(1, 256, 14, 14)>
        return %35

    %235 = subgraph(%234):

         %0 = input                            # EncryptedTensor<uint1, shape=(1, 256, 14, 14)>          @ /trunk/trunk.13/C2/Conv.conv_rounding
         %1 = astype(%0, dtype=float64)        # EncryptedTensor<float64, shape=(1, 256, 14, 14)>
         %2 = 0                                # ClearScalar<uint1>
         %3 = add(%1, %2)                      # EncryptedTensor<float64, shape=(1, 256, 14, 14)>
         %4 = [[[[0]]  [ ... ]  [[0]]]]        # ClearTensor<uint1, shape=(1, 256, 1, 1)>
         %5 = subtract(%3, %4)                 # EncryptedTensor<float64, shape=(1, 256, 14, 14)>
         %6 = 0.010451597683356129             # ClearScalar<float64>
         %7 = multiply(%6, %5)                 # EncryptedTensor<float64, shape=(1, 256, 14, 14)>
         %8 = [[[[ 5.908 ... 02e+00]]]]        # ClearTensor<float32, shape=(1, 256, 1, 1)>
         %9 = subtract(%7, %8)                 # EncryptedTensor<float64, shape=(1, 256, 14, 14)>
        %10 = [[[[1.6946 ... 5545  ]]]]        # ClearTensor<float32, shape=(1, 256, 1, 1)>
        %11 = divide(%9, %10)                  # EncryptedTensor<float64, shape=(1, 256, 14, 14)>
        %12 = [[[[0.8829 ... 421024]]]]        # ClearTensor<float32, shape=(1, 256, 1, 1)>
        %13 = multiply(%11, %12)               # EncryptedTensor<float64, shape=(1, 256, 14, 14)>
        %14 = [[[[ 8.293 ... 95e-02]]]]        # ClearTensor<float32, shape=(1, 256, 1, 1)>
        %15 = add(%13, %14)                    # EncryptedTensor<float64, shape=(1, 256, 14, 14)>
        %16 = 0                                # ClearScalar<uint1>
        %17 = maximum(%15, %16)                # EncryptedTensor<float64, shape=(1, 256, 14, 14)>
        %18 = 0.537688                         # ClearScalar<float32>
        %19 = divide(%17, %18)                 # EncryptedTensor<float64, shape=(1, 256, 14, 14)>
        %20 = 0.0                              # ClearScalar<float32>
        %21 = add(%19, %20)                    # EncryptedTensor<float64, shape=(1, 256, 14, 14)>
        %22 = 0.0                              # ClearScalar<float64>
        %23 = 15.0                             # ClearScalar<float64>
        %24 = clip(%21, %22, %23)              # EncryptedTensor<float64, shape=(1, 256, 14, 14)>
        %25 = rint(%24)                        # EncryptedTensor<float64, shape=(1, 256, 14, 14)>
        %26 = 0.0                              # ClearScalar<float32>
        %27 = subtract(%25, %26)               # EncryptedTensor<float64, shape=(1, 256, 14, 14)>
        %28 = 0.537688                         # ClearScalar<float32>
        %29 = multiply(%27, %28)               # EncryptedTensor<float64, shape=(1, 256, 14, 14)>
        %30 = 0.5376880168914795               # ClearScalar<float64>
        %31 = divide(%29, %30)                 # EncryptedTensor<float64, shape=(1, 256, 14, 14)>
        %32 = 0                                # ClearScalar<uint1>
        %33 = add(%31, %32)                    # EncryptedTensor<float64, shape=(1, 256, 14, 14)>
        %34 = rint(%33)                        # EncryptedTensor<float64, shape=(1, 256, 14, 14)>
        %35 = astype(%34, dtype=int_)          # EncryptedTensor<uint1, shape=(1, 256, 14, 14)>
        return %35

    %239 = subgraph(%238):

         %0 = input                            # EncryptedTensor<uint1, shape=(1, 1024, 14, 14)>          @ /trunk/trunk.13/C3/Conv.conv_rounding
         %1 = astype(%0, dtype=float64)        # EncryptedTensor<float64, shape=(1, 1024, 14, 14)>
         %2 = 0                                # ClearScalar<uint1>
         %3 = add(%1, %2)                      # EncryptedTensor<float64, shape=(1, 1024, 14, 14)>
         %4 = [[[[0]]  [ ... ]  [[0]]]]        # ClearTensor<uint1, shape=(1, 1024, 1, 1)>
         %5 = subtract(%3, %4)                 # EncryptedTensor<float64, shape=(1, 1024, 14, 14)>
         %6 = 0.015749910565322267             # ClearScalar<float64>
         %7 = multiply(%6, %5)                 # EncryptedTensor<float64, shape=(1, 1024, 14, 14)>
         %8 = [[[[-0.053 ... 85957 ]]]]        # ClearTensor<float32, shape=(1, 1024, 1, 1)>
         %9 = subtract(%7, %8)                 # EncryptedTensor<float64, shape=(1, 1024, 14, 14)>
        %10 = [[[[0.5592 ... 303   ]]]]        # ClearTensor<float32, shape=(1, 1024, 1, 1)>
        %11 = divide(%9, %10)                  # EncryptedTensor<float64, shape=(1, 1024, 14, 14)>
        %12 = [[[[0.7480 ... 17188 ]]]]        # ClearTensor<float32, shape=(1, 1024, 1, 1)>
        %13 = multiply(%11, %12)               # EncryptedTensor<float64, shape=(1, 1024, 14, 14)>
        %14 = [[[[-0.015 ... 368589]]]]        # ClearTensor<float32, shape=(1, 1024, 1, 1)>
        %15 = add(%13, %14)                    # EncryptedTensor<float64, shape=(1, 1024, 14, 14)>
        %16 = 1.1165891                        # ClearScalar<float32>
        %17 = divide(%15, %16)                 # EncryptedTensor<float64, shape=(1, 1024, 14, 14)>
        %18 = 0.0                              # ClearScalar<float32>
        %19 = add(%17, %18)                    # EncryptedTensor<float64, shape=(1, 1024, 14, 14)>
        %20 = -8.0                             # ClearScalar<float64>
        %21 = 7.0                              # ClearScalar<float64>
        %22 = clip(%19, %20, %21)              # EncryptedTensor<float64, shape=(1, 1024, 14, 14)>
        %23 = rint(%22)                        # EncryptedTensor<float64, shape=(1, 1024, 14, 14)>
        %24 = 0.0                              # ClearScalar<float32>
        %25 = subtract(%23, %24)               # EncryptedTensor<float64, shape=(1, 1024, 14, 14)>
        %26 = 1.1165891                        # ClearScalar<float32>
        %27 = multiply(%25, %26)               # EncryptedTensor<float64, shape=(1, 1024, 14, 14)>
        %28 = 1.116589069366455                # ClearScalar<float64>
        %29 = divide(%27, %28)                 # EncryptedTensor<float64, shape=(1, 1024, 14, 14)>
        %30 = 0                                # ClearScalar<uint1>
        %31 = add(%29, %30)                    # EncryptedTensor<float64, shape=(1, 1024, 14, 14)>
        %32 = rint(%31)                        # EncryptedTensor<float64, shape=(1, 1024, 14, 14)>
        %33 = astype(%32, dtype=int_)          # EncryptedTensor<uint1, shape=(1, 1024, 14, 14)>
        return %33

    %240 = subgraph(%222):

         %0 = input                          # EncryptedTensor<uint2, shape=(1, 1024, 14, 14)>
         %1 = 0.0                            # ClearScalar<float64>
         %2 = subtract(%0, %1)               # EncryptedTensor<float64, shape=(1, 1024, 14, 14)>
         %3 = 0.5081030457250534             # ClearScalar<float64>
         %4 = multiply(%3, %2)               # EncryptedTensor<float64, shape=(1, 1024, 14, 14)>
         %5 = 0                              # ClearScalar<uint1>
         %6 = maximum(%4, %5)                # EncryptedTensor<float64, shape=(1, 1024, 14, 14)>
         %7 = 1.1653283                      # ClearScalar<float32>
         %8 = divide(%6, %7)                 # EncryptedTensor<float64, shape=(1, 1024, 14, 14)>
         %9 = 0.0                            # ClearScalar<float32>
        %10 = add(%8, %9)                    # EncryptedTensor<float64, shape=(1, 1024, 14, 14)>
        %11 = 0.0                            # ClearScalar<float64>
        %12 = 15.0                           # ClearScalar<float64>
        %13 = clip(%10, %11, %12)            # EncryptedTensor<float64, shape=(1, 1024, 14, 14)>
        %14 = rint(%13)                      # EncryptedTensor<float64, shape=(1, 1024, 14, 14)>
        %15 = 0.0                            # ClearScalar<float32>
        %16 = subtract(%14, %15)             # EncryptedTensor<float64, shape=(1, 1024, 14, 14)>
        %17 = 1.1653283                      # ClearScalar<float32>
        %18 = multiply(%16, %17)             # EncryptedTensor<float64, shape=(1, 1024, 14, 14)>
        %19 = 1.1653282642364502             # ClearScalar<float64>
        %20 = divide(%18, %19)               # EncryptedTensor<float64, shape=(1, 1024, 14, 14)>
        %21 = 0                              # ClearScalar<uint1>
        %22 = add(%20, %21)                  # EncryptedTensor<float64, shape=(1, 1024, 14, 14)>
        %23 = rint(%22)                      # EncryptedTensor<float64, shape=(1, 1024, 14, 14)>
        %24 = astype(%23, dtype=int_)        # EncryptedTensor<uint1, shape=(1, 1024, 14, 14)>
        return %24

    %241 = subgraph(%239):

         %0 = input                         # EncryptedTensor<uint1, shape=(1, 1024, 14, 14)>
         %1 = 0.0                           # ClearScalar<float64>
         %2 = subtract(%0, %1)              # EncryptedTensor<float64, shape=(1, 1024, 14, 14)>
         %3 = 1.116589069366455             # ClearScalar<float64>
         %4 = multiply(%3, %2)              # EncryptedTensor<float64, shape=(1, 1024, 14, 14)>
         %5 = 0.6656365932956818            # ClearScalar<float64>
         %6 = divide(%4, %5)                # EncryptedTensor<float64, shape=(1, 1024, 14, 14)>
         %7 = 0                             # ClearScalar<uint1>
         %8 = add(%6, %7)                   # EncryptedTensor<float64, shape=(1, 1024, 14, 14)>
         %9 = rint(%8)                      # EncryptedTensor<float64, shape=(1, 1024, 14, 14)>
        %10 = astype(%9, dtype=int_)        # EncryptedTensor<uint1, shape=(1, 1024, 14, 14)>
        return %10

    %242 = subgraph(%240):

         %0 = input                         # EncryptedTensor<uint1, shape=(1, 1024, 14, 14)>
         %1 = 0.0                           # ClearScalar<float64>
         %2 = subtract(%0, %1)              # EncryptedTensor<float64, shape=(1, 1024, 14, 14)>
         %3 = 1.1653282642364502            # ClearScalar<float64>
         %4 = multiply(%3, %2)              # EncryptedTensor<float64, shape=(1, 1024, 14, 14)>
         %5 = 0.6656365932956818            # ClearScalar<float64>
         %6 = divide(%4, %5)                # EncryptedTensor<float64, shape=(1, 1024, 14, 14)>
         %7 = 0                             # ClearScalar<uint1>
         %8 = add(%6, %7)                   # EncryptedTensor<float64, shape=(1, 1024, 14, 14)>
         %9 = rint(%8)                      # EncryptedTensor<float64, shape=(1, 1024, 14, 14)>
        %10 = astype(%9, dtype=int_)        # EncryptedTensor<uint1, shape=(1, 1024, 14, 14)>
        return %10

    %246 = subgraph(%245):

         %0 = input                          # EncryptedTensor<uint2, shape=(1, 1024, 14, 14)>
         %1 = 0.0                            # ClearScalar<float64>
         %2 = subtract(%0, %1)               # EncryptedTensor<float64, shape=(1, 1024, 14, 14)>
         %3 = 0.6656365932956818             # ClearScalar<float64>
         %4 = multiply(%3, %2)               # EncryptedTensor<float64, shape=(1, 1024, 14, 14)>
         %5 = 0                              # ClearScalar<uint1>
         %6 = maximum(%4, %5)                # EncryptedTensor<float64, shape=(1, 1024, 14, 14)>
         %7 = 1.5131817                      # ClearScalar<float32>
         %8 = divide(%6, %7)                 # EncryptedTensor<float64, shape=(1, 1024, 14, 14)>
         %9 = 0.0                            # ClearScalar<float32>
        %10 = add(%8, %9)                    # EncryptedTensor<float64, shape=(1, 1024, 14, 14)>
        %11 = 0.0                            # ClearScalar<float64>
        %12 = 15.0                           # ClearScalar<float64>
        %13 = clip(%10, %11, %12)            # EncryptedTensor<float64, shape=(1, 1024, 14, 14)>
        %14 = rint(%13)                      # EncryptedTensor<float64, shape=(1, 1024, 14, 14)>
        %15 = 0.0                            # ClearScalar<float32>
        %16 = subtract(%14, %15)             # EncryptedTensor<float64, shape=(1, 1024, 14, 14)>
        %17 = 1.5131817                      # ClearScalar<float32>
        %18 = multiply(%16, %17)             # EncryptedTensor<float64, shape=(1, 1024, 14, 14)>
        %19 = 1.5131816864013672             # ClearScalar<float64>
        %20 = divide(%18, %19)               # EncryptedTensor<float64, shape=(1, 1024, 14, 14)>
        %21 = 0                              # ClearScalar<uint1>
        %22 = add(%20, %21)                  # EncryptedTensor<float64, shape=(1, 1024, 14, 14)>
        %23 = rint(%22)                      # EncryptedTensor<float64, shape=(1, 1024, 14, 14)>
        %24 = astype(%23, dtype=int_)        # EncryptedTensor<uint1, shape=(1, 1024, 14, 14)>
        return %24

    %250 = subgraph(%249):

         %0 = input                            # EncryptedTensor<uint1, shape=(1, 256, 14, 14)>          @ /trunk/trunk.14/C1/Conv.conv_rounding
         %1 = astype(%0, dtype=float64)        # EncryptedTensor<float64, shape=(1, 256, 14, 14)>
         %2 = 0                                # ClearScalar<uint1>
         %3 = add(%1, %2)                      # EncryptedTensor<float64, shape=(1, 256, 14, 14)>
         %4 = [[[[0]]  [ ... ]  [[0]]]]        # ClearTensor<uint1, shape=(1, 256, 1, 1)>
         %5 = subtract(%3, %4)                 # EncryptedTensor<float64, shape=(1, 256, 14, 14)>
         %6 = 0.09078095541432418              # ClearScalar<float64>
         %7 = multiply(%6, %5)                 # EncryptedTensor<float64, shape=(1, 256, 14, 14)>
         %8 = [[[[-4.726 ... 82e+00]]]]        # ClearTensor<float32, shape=(1, 256, 1, 1)>
         %9 = subtract(%7, %8)                 # EncryptedTensor<float64, shape=(1, 256, 14, 14)>
        %10 = [[[[4.2463 ... 85506 ]]]]        # ClearTensor<float32, shape=(1, 256, 1, 1)>
        %11 = divide(%9, %10)                  # EncryptedTensor<float64, shape=(1, 256, 14, 14)>
        %12 = [[[[0.9302 ... 835854]]]]        # ClearTensor<float32, shape=(1, 256, 1, 1)>
        %13 = multiply(%11, %12)               # EncryptedTensor<float64, shape=(1, 256, 14, 14)>
        %14 = [[[[-4.859 ... 17e-02]]]]        # ClearTensor<float32, shape=(1, 256, 1, 1)>
        %15 = add(%13, %14)                    # EncryptedTensor<float64, shape=(1, 256, 14, 14)>
        %16 = 0                                # ClearScalar<uint1>
        %17 = maximum(%15, %16)                # EncryptedTensor<float64, shape=(1, 256, 14, 14)>
        %18 = 0.4944078                        # ClearScalar<float32>
        %19 = divide(%17, %18)                 # EncryptedTensor<float64, shape=(1, 256, 14, 14)>
        %20 = 0.0                              # ClearScalar<float32>
        %21 = add(%19, %20)                    # EncryptedTensor<float64, shape=(1, 256, 14, 14)>
        %22 = 0.0                              # ClearScalar<float64>
        %23 = 15.0                             # ClearScalar<float64>
        %24 = clip(%21, %22, %23)              # EncryptedTensor<float64, shape=(1, 256, 14, 14)>
        %25 = rint(%24)                        # EncryptedTensor<float64, shape=(1, 256, 14, 14)>
        %26 = 0.0                              # ClearScalar<float32>
        %27 = subtract(%25, %26)               # EncryptedTensor<float64, shape=(1, 256, 14, 14)>
        %28 = 0.4944078                        # ClearScalar<float32>
        %29 = multiply(%27, %28)               # EncryptedTensor<float64, shape=(1, 256, 14, 14)>
        %30 = 0.4944078028202057               # ClearScalar<float64>
        %31 = divide(%29, %30)                 # EncryptedTensor<float64, shape=(1, 256, 14, 14)>
        %32 = 0                                # ClearScalar<uint1>
        %33 = add(%31, %32)                    # EncryptedTensor<float64, shape=(1, 256, 14, 14)>
        %34 = rint(%33)                        # EncryptedTensor<float64, shape=(1, 256, 14, 14)>
        %35 = astype(%34, dtype=int_)          # EncryptedTensor<uint1, shape=(1, 256, 14, 14)>
        return %35

    %258 = subgraph(%257):

         %0 = input                            # EncryptedTensor<uint1, shape=(1, 256, 14, 14)>          @ /trunk/trunk.14/C2/Conv.conv_rounding
         %1 = astype(%0, dtype=float64)        # EncryptedTensor<float64, shape=(1, 256, 14, 14)>
         %2 = 0                                # ClearScalar<uint1>
         %3 = add(%1, %2)                      # EncryptedTensor<float64, shape=(1, 256, 14, 14)>
         %4 = [[[[0]]  [ ... ]  [[0]]]]        # ClearTensor<uint1, shape=(1, 256, 1, 1)>
         %5 = subtract(%3, %4)                 # EncryptedTensor<float64, shape=(1, 256, 14, 14)>
         %6 = 0.010866592989154378             # ClearScalar<float64>
         %7 = multiply(%6, %5)                 # EncryptedTensor<float64, shape=(1, 256, 14, 14)>
         %8 = [[[[-7.133 ... 48e-01]]]]        # ClearTensor<float32, shape=(1, 256, 1, 1)>
         %9 = subtract(%7, %8)                 # EncryptedTensor<float64, shape=(1, 256, 14, 14)>
        %10 = [[[[1.3318 ... 46213 ]]]]        # ClearTensor<float32, shape=(1, 256, 1, 1)>
        %11 = divide(%9, %10)                  # EncryptedTensor<float64, shape=(1, 256, 14, 14)>
        %12 = [[[[0.8888 ... 881747]]]]        # ClearTensor<float32, shape=(1, 256, 1, 1)>
        %13 = multiply(%11, %12)               # EncryptedTensor<float64, shape=(1, 256, 14, 14)>
        %14 = [[[[-9.226 ... 56e-03]]]]        # ClearTensor<float32, shape=(1, 256, 1, 1)>
        %15 = add(%13, %14)                    # EncryptedTensor<float64, shape=(1, 256, 14, 14)>
        %16 = 0                                # ClearScalar<uint1>
        %17 = maximum(%15, %16)                # EncryptedTensor<float64, shape=(1, 256, 14, 14)>
        %18 = 0.5337158                        # ClearScalar<float32>
        %19 = divide(%17, %18)                 # EncryptedTensor<float64, shape=(1, 256, 14, 14)>
        %20 = 0.0                              # ClearScalar<float32>
        %21 = add(%19, %20)                    # EncryptedTensor<float64, shape=(1, 256, 14, 14)>
        %22 = 0.0                              # ClearScalar<float64>
        %23 = 15.0                             # ClearScalar<float64>
        %24 = clip(%21, %22, %23)              # EncryptedTensor<float64, shape=(1, 256, 14, 14)>
        %25 = rint(%24)                        # EncryptedTensor<float64, shape=(1, 256, 14, 14)>
        %26 = 0.0                              # ClearScalar<float32>
        %27 = subtract(%25, %26)               # EncryptedTensor<float64, shape=(1, 256, 14, 14)>
        %28 = 0.5337158                        # ClearScalar<float32>
        %29 = multiply(%27, %28)               # EncryptedTensor<float64, shape=(1, 256, 14, 14)>
        %30 = 0.5337157845497131               # ClearScalar<float64>
        %31 = divide(%29, %30)                 # EncryptedTensor<float64, shape=(1, 256, 14, 14)>
        %32 = 0                                # ClearScalar<uint1>
        %33 = add(%31, %32)                    # EncryptedTensor<float64, shape=(1, 256, 14, 14)>
        %34 = rint(%33)                        # EncryptedTensor<float64, shape=(1, 256, 14, 14)>
        %35 = astype(%34, dtype=int_)          # EncryptedTensor<uint1, shape=(1, 256, 14, 14)>
        return %35

    %262 = subgraph(%261):

         %0 = input                            # EncryptedTensor<uint1, shape=(1, 1024, 14, 14)>          @ /trunk/trunk.14/C3/Conv.conv_rounding
         %1 = astype(%0, dtype=float64)        # EncryptedTensor<float64, shape=(1, 1024, 14, 14)>
         %2 = 0                                # ClearScalar<uint1>
         %3 = add(%1, %2)                      # EncryptedTensor<float64, shape=(1, 1024, 14, 14)>
         %4 = [[[[0]]  [ ... ]  [[0]]]]        # ClearTensor<uint1, shape=(1, 1024, 1, 1)>
         %5 = subtract(%3, %4)                 # EncryptedTensor<float64, shape=(1, 1024, 14, 14)>
         %6 = 0.015993462650093493             # ClearScalar<float64>
         %7 = multiply(%6, %5)                 # EncryptedTensor<float64, shape=(1, 1024, 14, 14)>
         %8 = [[[[ 0.118 ... 59098 ]]]]        # ClearTensor<float32, shape=(1, 1024, 1, 1)>
         %9 = subtract(%7, %8)                 # EncryptedTensor<float64, shape=(1, 1024, 14, 14)>
        %10 = [[[[0.4482 ... 3753  ]]]]        # ClearTensor<float32, shape=(1, 1024, 1, 1)>
        %11 = divide(%9, %10)                  # EncryptedTensor<float64, shape=(1, 1024, 14, 14)>
        %12 = [[[[0.7227 ... 263674]]]]        # ClearTensor<float32, shape=(1, 1024, 1, 1)>
        %13 = multiply(%11, %12)               # EncryptedTensor<float64, shape=(1, 1024, 14, 14)>
        %14 = [[[[-0.006 ... 896071]]]]        # ClearTensor<float32, shape=(1, 1024, 1, 1)>
        %15 = add(%13, %14)                    # EncryptedTensor<float64, shape=(1, 1024, 14, 14)>
        %16 = 1.0592352                        # ClearScalar<float32>
        %17 = divide(%15, %16)                 # EncryptedTensor<float64, shape=(1, 1024, 14, 14)>
        %18 = 0.0                              # ClearScalar<float32>
        %19 = add(%17, %18)                    # EncryptedTensor<float64, shape=(1, 1024, 14, 14)>
        %20 = -8.0                             # ClearScalar<float64>
        %21 = 7.0                              # ClearScalar<float64>
        %22 = clip(%19, %20, %21)              # EncryptedTensor<float64, shape=(1, 1024, 14, 14)>
        %23 = rint(%22)                        # EncryptedTensor<float64, shape=(1, 1024, 14, 14)>
        %24 = 0.0                              # ClearScalar<float32>
        %25 = subtract(%23, %24)               # EncryptedTensor<float64, shape=(1, 1024, 14, 14)>
        %26 = 1.0592352                        # ClearScalar<float32>
        %27 = multiply(%25, %26)               # EncryptedTensor<float64, shape=(1, 1024, 14, 14)>
        %28 = 1.0592352151870728               # ClearScalar<float64>
        %29 = divide(%27, %28)                 # EncryptedTensor<float64, shape=(1, 1024, 14, 14)>
        %30 = 0                                # ClearScalar<uint1>
        %31 = add(%29, %30)                    # EncryptedTensor<float64, shape=(1, 1024, 14, 14)>
        %32 = rint(%31)                        # EncryptedTensor<float64, shape=(1, 1024, 14, 14)>
        %33 = astype(%32, dtype=int_)          # EncryptedTensor<uint1, shape=(1, 1024, 14, 14)>
        return %33

    %263 = subgraph(%245):

         %0 = input                          # EncryptedTensor<uint2, shape=(1, 1024, 14, 14)>
         %1 = 0.0                            # ClearScalar<float64>
         %2 = subtract(%0, %1)               # EncryptedTensor<float64, shape=(1, 1024, 14, 14)>
         %3 = 0.6656365932956818             # ClearScalar<float64>
         %4 = multiply(%3, %2)               # EncryptedTensor<float64, shape=(1, 1024, 14, 14)>
         %5 = 0                              # ClearScalar<uint1>
         %6 = maximum(%4, %5)                # EncryptedTensor<float64, shape=(1, 1024, 14, 14)>
         %7 = 1.5131817                      # ClearScalar<float32>
         %8 = divide(%6, %7)                 # EncryptedTensor<float64, shape=(1, 1024, 14, 14)>
         %9 = 0.0                            # ClearScalar<float32>
        %10 = add(%8, %9)                    # EncryptedTensor<float64, shape=(1, 1024, 14, 14)>
        %11 = 0.0                            # ClearScalar<float64>
        %12 = 15.0                           # ClearScalar<float64>
        %13 = clip(%10, %11, %12)            # EncryptedTensor<float64, shape=(1, 1024, 14, 14)>
        %14 = rint(%13)                      # EncryptedTensor<float64, shape=(1, 1024, 14, 14)>
        %15 = 0.0                            # ClearScalar<float32>
        %16 = subtract(%14, %15)             # EncryptedTensor<float64, shape=(1, 1024, 14, 14)>
        %17 = 1.5131817                      # ClearScalar<float32>
        %18 = multiply(%16, %17)             # EncryptedTensor<float64, shape=(1, 1024, 14, 14)>
        %19 = 1.5131816864013672             # ClearScalar<float64>
        %20 = divide(%18, %19)               # EncryptedTensor<float64, shape=(1, 1024, 14, 14)>
        %21 = 0                              # ClearScalar<uint1>
        %22 = add(%20, %21)                  # EncryptedTensor<float64, shape=(1, 1024, 14, 14)>
        %23 = rint(%22)                      # EncryptedTensor<float64, shape=(1, 1024, 14, 14)>
        %24 = astype(%23, dtype=int_)        # EncryptedTensor<uint1, shape=(1, 1024, 14, 14)>
        return %24

    %264 = subgraph(%262):

         %0 = input                         # EncryptedTensor<uint1, shape=(1, 1024, 14, 14)>
         %1 = 0.0                           # ClearScalar<float64>
         %2 = subtract(%0, %1)              # EncryptedTensor<float64, shape=(1, 1024, 14, 14)>
         %3 = 1.0592352151870728            # ClearScalar<float64>
         %4 = multiply(%3, %2)              # EncryptedTensor<float64, shape=(1, 1024, 14, 14)>
         %5 = 0.741948704565725             # ClearScalar<float64>
         %6 = divide(%4, %5)                # EncryptedTensor<float64, shape=(1, 1024, 14, 14)>
         %7 = 0                             # ClearScalar<uint1>
         %8 = add(%6, %7)                   # EncryptedTensor<float64, shape=(1, 1024, 14, 14)>
         %9 = rint(%8)                      # EncryptedTensor<float64, shape=(1, 1024, 14, 14)>
        %10 = astype(%9, dtype=int_)        # EncryptedTensor<uint1, shape=(1, 1024, 14, 14)>
        return %10

    %265 = subgraph(%263):

         %0 = input                         # EncryptedTensor<uint1, shape=(1, 1024, 14, 14)>
         %1 = 0.0                           # ClearScalar<float64>
         %2 = subtract(%0, %1)              # EncryptedTensor<float64, shape=(1, 1024, 14, 14)>
         %3 = 1.5131816864013672            # ClearScalar<float64>
         %4 = multiply(%3, %2)              # EncryptedTensor<float64, shape=(1, 1024, 14, 14)>
         %5 = 0.741948704565725             # ClearScalar<float64>
         %6 = divide(%4, %5)                # EncryptedTensor<float64, shape=(1, 1024, 14, 14)>
         %7 = 0                             # ClearScalar<uint1>
         %8 = add(%6, %7)                   # EncryptedTensor<float64, shape=(1, 1024, 14, 14)>
         %9 = rint(%8)                      # EncryptedTensor<float64, shape=(1, 1024, 14, 14)>
        %10 = astype(%9, dtype=int_)        # EncryptedTensor<uint1, shape=(1, 1024, 14, 14)>
        return %10

    %269 = subgraph(%268):

         %0 = input                          # EncryptedTensor<uint2, shape=(1, 1024, 14, 14)>
         %1 = 0.0                            # ClearScalar<float64>
         %2 = subtract(%0, %1)               # EncryptedTensor<float64, shape=(1, 1024, 14, 14)>
         %3 = 0.741948704565725              # ClearScalar<float64>
         %4 = multiply(%3, %2)               # EncryptedTensor<float64, shape=(1, 1024, 14, 14)>
         %5 = 0                              # ClearScalar<uint1>
         %6 = maximum(%4, %5)                # EncryptedTensor<float64, shape=(1, 1024, 14, 14)>
         %7 = 1.7994893                      # ClearScalar<float32>
         %8 = divide(%6, %7)                 # EncryptedTensor<float64, shape=(1, 1024, 14, 14)>
         %9 = 0.0                            # ClearScalar<float32>
        %10 = add(%8, %9)                    # EncryptedTensor<float64, shape=(1, 1024, 14, 14)>
        %11 = 0.0                            # ClearScalar<float64>
        %12 = 15.0                           # ClearScalar<float64>
        %13 = clip(%10, %11, %12)            # EncryptedTensor<float64, shape=(1, 1024, 14, 14)>
        %14 = rint(%13)                      # EncryptedTensor<float64, shape=(1, 1024, 14, 14)>
        %15 = 0.0                            # ClearScalar<float32>
        %16 = subtract(%14, %15)             # EncryptedTensor<float64, shape=(1, 1024, 14, 14)>
        %17 = 1.7994893                      # ClearScalar<float32>
        %18 = multiply(%16, %17)             # EncryptedTensor<float64, shape=(1, 1024, 14, 14)>
        %19 = 1.7994892597198486             # ClearScalar<float64>
        %20 = divide(%18, %19)               # EncryptedTensor<float64, shape=(1, 1024, 14, 14)>
        %21 = 0                              # ClearScalar<uint1>
        %22 = add(%20, %21)                  # EncryptedTensor<float64, shape=(1, 1024, 14, 14)>
        %23 = rint(%22)                      # EncryptedTensor<float64, shape=(1, 1024, 14, 14)>
        %24 = astype(%23, dtype=int_)        # EncryptedTensor<uint1, shape=(1, 1024, 14, 14)>
        return %24

    %273 = subgraph(%272):

         %0 = input                            # EncryptedTensor<uint1, shape=(1, 256, 14, 14)>          @ /trunk/trunk.15/C1/Conv.conv_rounding
         %1 = astype(%0, dtype=float64)        # EncryptedTensor<float64, shape=(1, 256, 14, 14)>
         %2 = 0                                # ClearScalar<uint1>
         %3 = add(%1, %2)                      # EncryptedTensor<float64, shape=(1, 256, 14, 14)>
         %4 = [[[[0]]  [ ... ]  [[0]]]]        # ClearTensor<uint1, shape=(1, 256, 1, 1)>
         %5 = subtract(%3, %4)                 # EncryptedTensor<float64, shape=(1, 256, 14, 14)>
         %6 = 0.10182665868204488              # ClearScalar<float64>
         %7 = multiply(%6, %5)                 # EncryptedTensor<float64, shape=(1, 256, 14, 14)>
         %8 = [[[[ 1.688 ... 07e-03]]]]        # ClearTensor<float32, shape=(1, 256, 1, 1)>
         %9 = subtract(%7, %8)                 # EncryptedTensor<float64, shape=(1, 256, 14, 14)>
        %10 = [[[[5.3459 ... 12506 ]]]]        # ClearTensor<float32, shape=(1, 256, 1, 1)>
        %11 = divide(%9, %10)                  # EncryptedTensor<float64, shape=(1, 256, 14, 14)>
        %12 = [[[[0.8303 ... 989075]]]]        # ClearTensor<float32, shape=(1, 256, 1, 1)>
        %13 = multiply(%11, %12)               # EncryptedTensor<float64, shape=(1, 256, 14, 14)>
        %14 = [[[[ 9.139 ... 67e-02]]]]        # ClearTensor<float32, shape=(1, 256, 1, 1)>
        %15 = add(%13, %14)                    # EncryptedTensor<float64, shape=(1, 256, 14, 14)>
        %16 = 0                                # ClearScalar<uint1>
        %17 = maximum(%15, %16)                # EncryptedTensor<float64, shape=(1, 256, 14, 14)>
        %18 = 0.50469744                       # ClearScalar<float32>
        %19 = divide(%17, %18)                 # EncryptedTensor<float64, shape=(1, 256, 14, 14)>
        %20 = 0.0                              # ClearScalar<float32>
        %21 = add(%19, %20)                    # EncryptedTensor<float64, shape=(1, 256, 14, 14)>
        %22 = 0.0                              # ClearScalar<float64>
        %23 = 15.0                             # ClearScalar<float64>
        %24 = clip(%21, %22, %23)              # EncryptedTensor<float64, shape=(1, 256, 14, 14)>
        %25 = rint(%24)                        # EncryptedTensor<float64, shape=(1, 256, 14, 14)>
        %26 = 0.0                              # ClearScalar<float32>
        %27 = subtract(%25, %26)               # EncryptedTensor<float64, shape=(1, 256, 14, 14)>
        %28 = 0.50469744                       # ClearScalar<float32>
        %29 = multiply(%27, %28)               # EncryptedTensor<float64, shape=(1, 256, 14, 14)>
        %30 = 0.5046974420547485               # ClearScalar<float64>
        %31 = divide(%29, %30)                 # EncryptedTensor<float64, shape=(1, 256, 14, 14)>
        %32 = 0                                # ClearScalar<uint1>
        %33 = add(%31, %32)                    # EncryptedTensor<float64, shape=(1, 256, 14, 14)>
        %34 = rint(%33)                        # EncryptedTensor<float64, shape=(1, 256, 14, 14)>
        %35 = astype(%34, dtype=int_)          # EncryptedTensor<uint1, shape=(1, 256, 14, 14)>
        return %35

    %281 = subgraph(%280):

         %0 = input                            # EncryptedTensor<uint1, shape=(1, 256, 14, 14)>          @ /trunk/trunk.15/C2/Conv.conv_rounding
         %1 = astype(%0, dtype=float64)        # EncryptedTensor<float64, shape=(1, 256, 14, 14)>
         %2 = 0                                # ClearScalar<uint1>
         %3 = add(%1, %2)                      # EncryptedTensor<float64, shape=(1, 256, 14, 14)>
         %4 = [[[[0]]  [ ... ]  [[0]]]]        # ClearTensor<uint1, shape=(1, 256, 1, 1)>
         %5 = subtract(%3, %4)                 # EncryptedTensor<float64, shape=(1, 256, 14, 14)>
         %6 = 0.00935937522529362              # ClearScalar<float64>
         %7 = multiply(%6, %5)                 # EncryptedTensor<float64, shape=(1, 256, 14, 14)>
         %8 = [[[[-1.746 ... 19e+00]]]]        # ClearTensor<float32, shape=(1, 256, 1, 1)>
         %9 = subtract(%7, %8)                 # EncryptedTensor<float64, shape=(1, 256, 14, 14)>
        %10 = [[[[1.6730 ... 3952  ]]]]        # ClearTensor<float32, shape=(1, 256, 1, 1)>
        %11 = divide(%9, %10)                  # EncryptedTensor<float64, shape=(1, 256, 14, 14)>
        %12 = [[[[0.8942 ... 72098 ]]]]        # ClearTensor<float32, shape=(1, 256, 1, 1)>
        %13 = multiply(%11, %12)               # EncryptedTensor<float64, shape=(1, 256, 14, 14)>
        %14 = [[[[-1.161 ... 15e-03]]]]        # ClearTensor<float32, shape=(1, 256, 1, 1)>
        %15 = add(%13, %14)                    # EncryptedTensor<float64, shape=(1, 256, 14, 14)>
        %16 = 0                                # ClearScalar<uint1>
        %17 = maximum(%15, %16)                # EncryptedTensor<float64, shape=(1, 256, 14, 14)>
        %18 = 0.5641184                        # ClearScalar<float32>
        %19 = divide(%17, %18)                 # EncryptedTensor<float64, shape=(1, 256, 14, 14)>
        %20 = 0.0                              # ClearScalar<float32>
        %21 = add(%19, %20)                    # EncryptedTensor<float64, shape=(1, 256, 14, 14)>
        %22 = 0.0                              # ClearScalar<float64>
        %23 = 15.0                             # ClearScalar<float64>
        %24 = clip(%21, %22, %23)              # EncryptedTensor<float64, shape=(1, 256, 14, 14)>
        %25 = rint(%24)                        # EncryptedTensor<float64, shape=(1, 256, 14, 14)>
        %26 = 0.0                              # ClearScalar<float32>
        %27 = subtract(%25, %26)               # EncryptedTensor<float64, shape=(1, 256, 14, 14)>
        %28 = 0.5641184                        # ClearScalar<float32>
        %29 = multiply(%27, %28)               # EncryptedTensor<float64, shape=(1, 256, 14, 14)>
        %30 = 0.5641183853149414               # ClearScalar<float64>
        %31 = divide(%29, %30)                 # EncryptedTensor<float64, shape=(1, 256, 14, 14)>
        %32 = 0                                # ClearScalar<uint1>
        %33 = add(%31, %32)                    # EncryptedTensor<float64, shape=(1, 256, 14, 14)>
        %34 = rint(%33)                        # EncryptedTensor<float64, shape=(1, 256, 14, 14)>
        %35 = astype(%34, dtype=int_)          # EncryptedTensor<uint1, shape=(1, 256, 14, 14)>
        return %35

    %285 = subgraph(%284):

         %0 = input                            # EncryptedTensor<uint1, shape=(1, 1024, 14, 14)>          @ /trunk/trunk.15/C3/Conv.conv_rounding
         %1 = astype(%0, dtype=float64)        # EncryptedTensor<float64, shape=(1, 1024, 14, 14)>
         %2 = 0                                # ClearScalar<uint1>
         %3 = add(%1, %2)                      # EncryptedTensor<float64, shape=(1, 1024, 14, 14)>
         %4 = [[[[0]]  [ ... ]  [[0]]]]        # ClearTensor<uint1, shape=(1, 1024, 1, 1)>
         %5 = subtract(%3, %4)                 # EncryptedTensor<float64, shape=(1, 1024, 14, 14)>
         %6 = 0.01666369906833509              # ClearScalar<float64>
         %7 = multiply(%6, %5)                 # EncryptedTensor<float64, shape=(1, 1024, 14, 14)>
         %8 = [[[[ 0.547 ... 19939 ]]]]        # ClearTensor<float32, shape=(1, 1024, 1, 1)>
         %9 = subtract(%7, %8)                 # EncryptedTensor<float64, shape=(1, 1024, 14, 14)>
        %10 = [[[[0.8050 ... 654935]]]]        # ClearTensor<float32, shape=(1, 1024, 1, 1)>
        %11 = divide(%9, %10)                  # EncryptedTensor<float64, shape=(1, 1024, 14, 14)>
        %12 = [[[[0.8587 ... 731435]]]]        # ClearTensor<float32, shape=(1, 1024, 1, 1)>
        %13 = multiply(%11, %12)               # EncryptedTensor<float64, shape=(1, 1024, 14, 14)>
        %14 = [[[[-0.001 ... 384626]]]]        # ClearTensor<float32, shape=(1, 1024, 1, 1)>
        %15 = add(%13, %14)                    # EncryptedTensor<float64, shape=(1, 1024, 14, 14)>
        %16 = 1.1017284                        # ClearScalar<float32>
        %17 = divide(%15, %16)                 # EncryptedTensor<float64, shape=(1, 1024, 14, 14)>
        %18 = 0.0                              # ClearScalar<float32>
        %19 = add(%17, %18)                    # EncryptedTensor<float64, shape=(1, 1024, 14, 14)>
        %20 = -8.0                             # ClearScalar<float64>
        %21 = 7.0                              # ClearScalar<float64>
        %22 = clip(%19, %20, %21)              # EncryptedTensor<float64, shape=(1, 1024, 14, 14)>
        %23 = rint(%22)                        # EncryptedTensor<float64, shape=(1, 1024, 14, 14)>
        %24 = 0.0                              # ClearScalar<float32>
        %25 = subtract(%23, %24)               # EncryptedTensor<float64, shape=(1, 1024, 14, 14)>
        %26 = 1.1017284                        # ClearScalar<float32>
        %27 = multiply(%25, %26)               # EncryptedTensor<float64, shape=(1, 1024, 14, 14)>
        %28 = 1.1017284393310547               # ClearScalar<float64>
        %29 = divide(%27, %28)                 # EncryptedTensor<float64, shape=(1, 1024, 14, 14)>
        %30 = 0                                # ClearScalar<uint1>
        %31 = add(%29, %30)                    # EncryptedTensor<float64, shape=(1, 1024, 14, 14)>
        %32 = rint(%31)                        # EncryptedTensor<float64, shape=(1, 1024, 14, 14)>
        %33 = astype(%32, dtype=int_)          # EncryptedTensor<uint1, shape=(1, 1024, 14, 14)>
        return %33

    %286 = subgraph(%268):

         %0 = input                          # EncryptedTensor<uint2, shape=(1, 1024, 14, 14)>
         %1 = 0.0                            # ClearScalar<float64>
         %2 = subtract(%0, %1)               # EncryptedTensor<float64, shape=(1, 1024, 14, 14)>
         %3 = 0.741948704565725              # ClearScalar<float64>
         %4 = multiply(%3, %2)               # EncryptedTensor<float64, shape=(1, 1024, 14, 14)>
         %5 = 0                              # ClearScalar<uint1>
         %6 = maximum(%4, %5)                # EncryptedTensor<float64, shape=(1, 1024, 14, 14)>
         %7 = 1.7994893                      # ClearScalar<float32>
         %8 = divide(%6, %7)                 # EncryptedTensor<float64, shape=(1, 1024, 14, 14)>
         %9 = 0.0                            # ClearScalar<float32>
        %10 = add(%8, %9)                    # EncryptedTensor<float64, shape=(1, 1024, 14, 14)>
        %11 = 0.0                            # ClearScalar<float64>
        %12 = 15.0                           # ClearScalar<float64>
        %13 = clip(%10, %11, %12)            # EncryptedTensor<float64, shape=(1, 1024, 14, 14)>
        %14 = rint(%13)                      # EncryptedTensor<float64, shape=(1, 1024, 14, 14)>
        %15 = 0.0                            # ClearScalar<float32>
        %16 = subtract(%14, %15)             # EncryptedTensor<float64, shape=(1, 1024, 14, 14)>
        %17 = 1.7994893                      # ClearScalar<float32>
        %18 = multiply(%16, %17)             # EncryptedTensor<float64, shape=(1, 1024, 14, 14)>
        %19 = 1.7994892597198486             # ClearScalar<float64>
        %20 = divide(%18, %19)               # EncryptedTensor<float64, shape=(1, 1024, 14, 14)>
        %21 = 0                              # ClearScalar<uint1>
        %22 = add(%20, %21)                  # EncryptedTensor<float64, shape=(1, 1024, 14, 14)>
        %23 = rint(%22)                      # EncryptedTensor<float64, shape=(1, 1024, 14, 14)>
        %24 = astype(%23, dtype=int_)        # EncryptedTensor<uint1, shape=(1, 1024, 14, 14)>
        return %24

    %287 = subgraph(%285):

         %0 = input                         # EncryptedTensor<uint1, shape=(1, 1024, 14, 14)>
         %1 = 0.0                           # ClearScalar<float64>
         %2 = subtract(%0, %1)              # EncryptedTensor<float64, shape=(1, 1024, 14, 14)>
         %3 = 1.1017284393310547            # ClearScalar<float64>
         %4 = multiply(%3, %2)              # EncryptedTensor<float64, shape=(1, 1024, 14, 14)>
         %5 = 0.8517662094485375            # ClearScalar<float64>
         %6 = divide(%4, %5)                # EncryptedTensor<float64, shape=(1, 1024, 14, 14)>
         %7 = 0                             # ClearScalar<uint1>
         %8 = add(%6, %7)                   # EncryptedTensor<float64, shape=(1, 1024, 14, 14)>
         %9 = rint(%8)                      # EncryptedTensor<float64, shape=(1, 1024, 14, 14)>
        %10 = astype(%9, dtype=int_)        # EncryptedTensor<uint1, shape=(1, 1024, 14, 14)>
        return %10

    %288 = subgraph(%286):

         %0 = input                         # EncryptedTensor<uint1, shape=(1, 1024, 14, 14)>
         %1 = 0.0                           # ClearScalar<float64>
         %2 = subtract(%0, %1)              # EncryptedTensor<float64, shape=(1, 1024, 14, 14)>
         %3 = 1.7994892597198486            # ClearScalar<float64>
         %4 = multiply(%3, %2)              # EncryptedTensor<float64, shape=(1, 1024, 14, 14)>
         %5 = 0.8517662094485375            # ClearScalar<float64>
         %6 = divide(%4, %5)                # EncryptedTensor<float64, shape=(1, 1024, 14, 14)>
         %7 = 0                             # ClearScalar<uint1>
         %8 = add(%6, %7)                   # EncryptedTensor<float64, shape=(1, 1024, 14, 14)>
         %9 = rint(%8)                      # EncryptedTensor<float64, shape=(1, 1024, 14, 14)>
        %10 = astype(%9, dtype=int_)        # EncryptedTensor<uint1, shape=(1, 1024, 14, 14)>
        return %10

    %292 = subgraph(%291):

         %0 = input                          # EncryptedTensor<uint2, shape=(1, 1024, 14, 14)>
         %1 = 0.0                            # ClearScalar<float64>
         %2 = subtract(%0, %1)               # EncryptedTensor<float64, shape=(1, 1024, 14, 14)>
         %3 = 0.8517662094485375             # ClearScalar<float64>
         %4 = multiply(%3, %2)               # EncryptedTensor<float64, shape=(1, 1024, 14, 14)>
         %5 = 0                              # ClearScalar<uint1>
         %6 = maximum(%4, %5)                # EncryptedTensor<float64, shape=(1, 1024, 14, 14)>
         %7 = 2.0987525                      # ClearScalar<float32>
         %8 = divide(%6, %7)                 # EncryptedTensor<float64, shape=(1, 1024, 14, 14)>
         %9 = 0.0                            # ClearScalar<float32>
        %10 = add(%8, %9)                    # EncryptedTensor<float64, shape=(1, 1024, 14, 14)>
        %11 = 0.0                            # ClearScalar<float64>
        %12 = 15.0                           # ClearScalar<float64>
        %13 = clip(%10, %11, %12)            # EncryptedTensor<float64, shape=(1, 1024, 14, 14)>
        %14 = rint(%13)                      # EncryptedTensor<float64, shape=(1, 1024, 14, 14)>
        %15 = 0.0                            # ClearScalar<float32>
        %16 = subtract(%14, %15)             # EncryptedTensor<float64, shape=(1, 1024, 14, 14)>
        %17 = 2.0987525                      # ClearScalar<float32>
        %18 = multiply(%16, %17)             # EncryptedTensor<float64, shape=(1, 1024, 14, 14)>
        %19 = 2.098752498626709              # ClearScalar<float64>
        %20 = divide(%18, %19)               # EncryptedTensor<float64, shape=(1, 1024, 14, 14)>
        %21 = 0                              # ClearScalar<uint1>
        %22 = add(%20, %21)                  # EncryptedTensor<float64, shape=(1, 1024, 14, 14)>
        %23 = rint(%22)                      # EncryptedTensor<float64, shape=(1, 1024, 14, 14)>
        %24 = astype(%23, dtype=int_)        # EncryptedTensor<uint1, shape=(1, 1024, 14, 14)>
        return %24

    %296 = subgraph(%295):

         %0 = input                            # EncryptedTensor<uint1, shape=(1, 256, 14, 14)>          @ /trunk/trunk.16/C1/Conv.conv_rounding
         %1 = astype(%0, dtype=float64)        # EncryptedTensor<float64, shape=(1, 256, 14, 14)>
         %2 = 0                                # ClearScalar<uint1>
         %3 = add(%1, %2)                      # EncryptedTensor<float64, shape=(1, 256, 14, 14)>
         %4 = [[[[0]]  [ ... ]  [[0]]]]        # ClearTensor<uint1, shape=(1, 256, 1, 1)>
         %5 = subtract(%3, %4)                 # EncryptedTensor<float64, shape=(1, 256, 14, 14)>
         %6 = 0.11862458754362137              # ClearScalar<float64>
         %7 = multiply(%6, %5)                 # EncryptedTensor<float64, shape=(1, 256, 14, 14)>
         %8 = [[[[-5.450 ... 49207 ]]]]        # ClearTensor<float32, shape=(1, 256, 1, 1)>
         %9 = subtract(%7, %8)                 # EncryptedTensor<float64, shape=(1, 256, 14, 14)>
        %10 = [[[[ 4.094 ... 746805]]]]        # ClearTensor<float32, shape=(1, 256, 1, 1)>
        %11 = divide(%9, %10)                  # EncryptedTensor<float64, shape=(1, 256, 14, 14)>
        %12 = [[[[0.7285 ... 60059 ]]]]        # ClearTensor<float32, shape=(1, 256, 1, 1)>
        %13 = multiply(%11, %12)               # EncryptedTensor<float64, shape=(1, 256, 14, 14)>
        %14 = [[[[ 0.003 ... 636757]]]]        # ClearTensor<float32, shape=(1, 256, 1, 1)>
        %15 = add(%13, %14)                    # EncryptedTensor<float64, shape=(1, 256, 14, 14)>
        %16 = 0                                # ClearScalar<uint1>
        %17 = maximum(%15, %16)                # EncryptedTensor<float64, shape=(1, 256, 14, 14)>
        %18 = 0.51346564                       # ClearScalar<float32>
        %19 = divide(%17, %18)                 # EncryptedTensor<float64, shape=(1, 256, 14, 14)>
        %20 = 0.0                              # ClearScalar<float32>
        %21 = add(%19, %20)                    # EncryptedTensor<float64, shape=(1, 256, 14, 14)>
        %22 = 0.0                              # ClearScalar<float64>
        %23 = 15.0                             # ClearScalar<float64>
        %24 = clip(%21, %22, %23)              # EncryptedTensor<float64, shape=(1, 256, 14, 14)>
        %25 = rint(%24)                        # EncryptedTensor<float64, shape=(1, 256, 14, 14)>
        %26 = 0.0                              # ClearScalar<float32>
        %27 = subtract(%25, %26)               # EncryptedTensor<float64, shape=(1, 256, 14, 14)>
        %28 = 0.51346564                       # ClearScalar<float32>
        %29 = multiply(%27, %28)               # EncryptedTensor<float64, shape=(1, 256, 14, 14)>
        %30 = 0.5134656429290771               # ClearScalar<float64>
        %31 = divide(%29, %30)                 # EncryptedTensor<float64, shape=(1, 256, 14, 14)>
        %32 = 0                                # ClearScalar<uint1>
        %33 = add(%31, %32)                    # EncryptedTensor<float64, shape=(1, 256, 14, 14)>
        %34 = rint(%33)                        # EncryptedTensor<float64, shape=(1, 256, 14, 14)>
        %35 = astype(%34, dtype=int_)          # EncryptedTensor<uint1, shape=(1, 256, 14, 14)>
        return %35

    %304 = subgraph(%303):

         %0 = input                            # EncryptedTensor<uint1, shape=(1, 256, 14, 14)>          @ /trunk/trunk.16/C2/Conv.conv_rounding
         %1 = astype(%0, dtype=float64)        # EncryptedTensor<float64, shape=(1, 256, 14, 14)>
         %2 = 0                                # ClearScalar<uint1>
         %3 = add(%1, %2)                      # EncryptedTensor<float64, shape=(1, 256, 14, 14)>
         %4 = [[[[0]]  [ ... ]  [[0]]]]        # ClearTensor<uint1, shape=(1, 256, 1, 1)>
         %5 = subtract(%3, %4)                 # EncryptedTensor<float64, shape=(1, 256, 14, 14)>
         %6 = 0.009472962597726564             # ClearScalar<float64>
         %7 = multiply(%6, %5)                 # EncryptedTensor<float64, shape=(1, 256, 14, 14)>
         %8 = [[[[ 1.125 ... 283232]]]]        # ClearTensor<float32, shape=(1, 256, 1, 1)>
         %9 = subtract(%7, %8)                 # EncryptedTensor<float64, shape=(1, 256, 14, 14)>
        %10 = [[[[1.6942 ... 59953 ]]]]        # ClearTensor<float32, shape=(1, 256, 1, 1)>
        %11 = divide(%9, %10)                  # EncryptedTensor<float64, shape=(1, 256, 14, 14)>
        %12 = [[[[0.9318 ... 438256]]]]        # ClearTensor<float32, shape=(1, 256, 1, 1)>
        %13 = multiply(%11, %12)               # EncryptedTensor<float64, shape=(1, 256, 14, 14)>
        %14 = [[[[-0.010 ... 2615  ]]]]        # ClearTensor<float32, shape=(1, 256, 1, 1)>
        %15 = add(%13, %14)                    # EncryptedTensor<float64, shape=(1, 256, 14, 14)>
        %16 = 0                                # ClearScalar<uint1>
        %17 = maximum(%15, %16)                # EncryptedTensor<float64, shape=(1, 256, 14, 14)>
        %18 = 0.5587404                        # ClearScalar<float32>
        %19 = divide(%17, %18)                 # EncryptedTensor<float64, shape=(1, 256, 14, 14)>
        %20 = 0.0                              # ClearScalar<float32>
        %21 = add(%19, %20)                    # EncryptedTensor<float64, shape=(1, 256, 14, 14)>
        %22 = 0.0                              # ClearScalar<float64>
        %23 = 15.0                             # ClearScalar<float64>
        %24 = clip(%21, %22, %23)              # EncryptedTensor<float64, shape=(1, 256, 14, 14)>
        %25 = rint(%24)                        # EncryptedTensor<float64, shape=(1, 256, 14, 14)>
        %26 = 0.0                              # ClearScalar<float32>
        %27 = subtract(%25, %26)               # EncryptedTensor<float64, shape=(1, 256, 14, 14)>
        %28 = 0.5587404                        # ClearScalar<float32>
        %29 = multiply(%27, %28)               # EncryptedTensor<float64, shape=(1, 256, 14, 14)>
        %30 = 0.5587403774261475               # ClearScalar<float64>
        %31 = divide(%29, %30)                 # EncryptedTensor<float64, shape=(1, 256, 14, 14)>
        %32 = 0                                # ClearScalar<uint1>
        %33 = add(%31, %32)                    # EncryptedTensor<float64, shape=(1, 256, 14, 14)>
        %34 = rint(%33)                        # EncryptedTensor<float64, shape=(1, 256, 14, 14)>
        %35 = astype(%34, dtype=int_)          # EncryptedTensor<uint1, shape=(1, 256, 14, 14)>
        return %35

    %308 = subgraph(%307):

         %0 = input                            # EncryptedTensor<uint1, shape=(1, 1024, 14, 14)>          @ /trunk/trunk.16/C3/Conv.conv_rounding
         %1 = astype(%0, dtype=float64)        # EncryptedTensor<float64, shape=(1, 1024, 14, 14)>
         %2 = 0                                # ClearScalar<uint1>
         %3 = add(%1, %2)                      # EncryptedTensor<float64, shape=(1, 1024, 14, 14)>
         %4 = [[[[0]]  [ ... ]  [[0]]]]        # ClearTensor<uint1, shape=(1, 1024, 1, 1)>
         %5 = subtract(%3, %4)                 # EncryptedTensor<float64, shape=(1, 1024, 14, 14)>
         %6 = 0.015445240874271349             # ClearScalar<float64>
         %7 = multiply(%6, %5)                 # EncryptedTensor<float64, shape=(1, 1024, 14, 14)>
         %8 = [[[[ 0.383 ... 788954]]]]        # ClearTensor<float32, shape=(1, 1024, 1, 1)>
         %9 = subtract(%7, %8)                 # EncryptedTensor<float64, shape=(1, 1024, 14, 14)>
        %10 = [[[[0.6043 ... 462487]]]]        # ClearTensor<float32, shape=(1, 1024, 1, 1)>
        %11 = divide(%9, %10)                  # EncryptedTensor<float64, shape=(1, 1024, 14, 14)>
        %12 = [[[[0.8607 ... 763826]]]]        # ClearTensor<float32, shape=(1, 1024, 1, 1)>
        %13 = multiply(%11, %12)               # EncryptedTensor<float64, shape=(1, 1024, 14, 14)>
        %14 = [[[[-0.001 ... 737424]]]]        # ClearTensor<float32, shape=(1, 1024, 1, 1)>
        %15 = add(%13, %14)                    # EncryptedTensor<float64, shape=(1, 1024, 14, 14)>
        %16 = 1.0734335                        # ClearScalar<float32>
        %17 = divide(%15, %16)                 # EncryptedTensor<float64, shape=(1, 1024, 14, 14)>
        %18 = 0.0                              # ClearScalar<float32>
        %19 = add(%17, %18)                    # EncryptedTensor<float64, shape=(1, 1024, 14, 14)>
        %20 = -8.0                             # ClearScalar<float64>
        %21 = 7.0                              # ClearScalar<float64>
        %22 = clip(%19, %20, %21)              # EncryptedTensor<float64, shape=(1, 1024, 14, 14)>
        %23 = rint(%22)                        # EncryptedTensor<float64, shape=(1, 1024, 14, 14)>
        %24 = 0.0                              # ClearScalar<float32>
        %25 = subtract(%23, %24)               # EncryptedTensor<float64, shape=(1, 1024, 14, 14)>
        %26 = 1.0734335                        # ClearScalar<float32>
        %27 = multiply(%25, %26)               # EncryptedTensor<float64, shape=(1, 1024, 14, 14)>
        %28 = 1.073433518409729                # ClearScalar<float64>
        %29 = divide(%27, %28)                 # EncryptedTensor<float64, shape=(1, 1024, 14, 14)>
        %30 = 0                                # ClearScalar<uint1>
        %31 = add(%29, %30)                    # EncryptedTensor<float64, shape=(1, 1024, 14, 14)>
        %32 = rint(%31)                        # EncryptedTensor<float64, shape=(1, 1024, 14, 14)>
        %33 = astype(%32, dtype=int_)          # EncryptedTensor<uint1, shape=(1, 1024, 14, 14)>
        return %33

    %309 = subgraph(%291):

         %0 = input                          # EncryptedTensor<uint2, shape=(1, 1024, 14, 14)>
         %1 = 0.0                            # ClearScalar<float64>
         %2 = subtract(%0, %1)               # EncryptedTensor<float64, shape=(1, 1024, 14, 14)>
         %3 = 0.8517662094485375             # ClearScalar<float64>
         %4 = multiply(%3, %2)               # EncryptedTensor<float64, shape=(1, 1024, 14, 14)>
         %5 = 0                              # ClearScalar<uint1>
         %6 = maximum(%4, %5)                # EncryptedTensor<float64, shape=(1, 1024, 14, 14)>
         %7 = 2.0987525                      # ClearScalar<float32>
         %8 = divide(%6, %7)                 # EncryptedTensor<float64, shape=(1, 1024, 14, 14)>
         %9 = 0.0                            # ClearScalar<float32>
        %10 = add(%8, %9)                    # EncryptedTensor<float64, shape=(1, 1024, 14, 14)>
        %11 = 0.0                            # ClearScalar<float64>
        %12 = 15.0                           # ClearScalar<float64>
        %13 = clip(%10, %11, %12)            # EncryptedTensor<float64, shape=(1, 1024, 14, 14)>
        %14 = rint(%13)                      # EncryptedTensor<float64, shape=(1, 1024, 14, 14)>
        %15 = 0.0                            # ClearScalar<float32>
        %16 = subtract(%14, %15)             # EncryptedTensor<float64, shape=(1, 1024, 14, 14)>
        %17 = 2.0987525                      # ClearScalar<float32>
        %18 = multiply(%16, %17)             # EncryptedTensor<float64, shape=(1, 1024, 14, 14)>
        %19 = 2.098752498626709              # ClearScalar<float64>
        %20 = divide(%18, %19)               # EncryptedTensor<float64, shape=(1, 1024, 14, 14)>
        %21 = 0                              # ClearScalar<uint1>
        %22 = add(%20, %21)                  # EncryptedTensor<float64, shape=(1, 1024, 14, 14)>
        %23 = rint(%22)                      # EncryptedTensor<float64, shape=(1, 1024, 14, 14)>
        %24 = astype(%23, dtype=int_)        # EncryptedTensor<uint1, shape=(1, 1024, 14, 14)>
        return %24

    %310 = subgraph(%308):

         %0 = input                         # EncryptedTensor<uint1, shape=(1, 1024, 14, 14)>
         %1 = 0.0                           # ClearScalar<float64>
         %2 = subtract(%0, %1)              # EncryptedTensor<float64, shape=(1, 1024, 14, 14)>
         %3 = 1.073433518409729             # ClearScalar<float64>
         %4 = multiply(%3, %2)              # EncryptedTensor<float64, shape=(1, 1024, 14, 14)>
         %5 = 0.9871068423794161            # ClearScalar<float64>
         %6 = divide(%4, %5)                # EncryptedTensor<float64, shape=(1, 1024, 14, 14)>
         %7 = 0                             # ClearScalar<uint1>
         %8 = add(%6, %7)                   # EncryptedTensor<float64, shape=(1, 1024, 14, 14)>
         %9 = rint(%8)                      # EncryptedTensor<float64, shape=(1, 1024, 14, 14)>
        %10 = astype(%9, dtype=int_)        # EncryptedTensor<uint1, shape=(1, 1024, 14, 14)>
        return %10

    %311 = subgraph(%309):

         %0 = input                         # EncryptedTensor<uint1, shape=(1, 1024, 14, 14)>
         %1 = 0.0                           # ClearScalar<float64>
         %2 = subtract(%0, %1)              # EncryptedTensor<float64, shape=(1, 1024, 14, 14)>
         %3 = 2.098752498626709             # ClearScalar<float64>
         %4 = multiply(%3, %2)              # EncryptedTensor<float64, shape=(1, 1024, 14, 14)>
         %5 = 0.9871068423794161            # ClearScalar<float64>
         %6 = divide(%4, %5)                # EncryptedTensor<float64, shape=(1, 1024, 14, 14)>
         %7 = 0                             # ClearScalar<uint1>
         %8 = add(%6, %7)                   # EncryptedTensor<float64, shape=(1, 1024, 14, 14)>
         %9 = rint(%8)                      # EncryptedTensor<float64, shape=(1, 1024, 14, 14)>
        %10 = astype(%9, dtype=int_)        # EncryptedTensor<uint1, shape=(1, 1024, 14, 14)>
        return %10

    %315 = subgraph(%314):

         %0 = input                          # EncryptedTensor<uint2, shape=(1, 1024, 14, 14)>
         %1 = 0.0                            # ClearScalar<float64>
         %2 = subtract(%0, %1)               # EncryptedTensor<float64, shape=(1, 1024, 14, 14)>
         %3 = 0.9871068423794161             # ClearScalar<float64>
         %4 = multiply(%3, %2)               # EncryptedTensor<float64, shape=(1, 1024, 14, 14)>
         %5 = 0                              # ClearScalar<uint1>
         %6 = maximum(%4, %5)                # EncryptedTensor<float64, shape=(1, 1024, 14, 14)>
         %7 = 2.4544873                      # ClearScalar<float32>
         %8 = divide(%6, %7)                 # EncryptedTensor<float64, shape=(1, 1024, 14, 14)>
         %9 = 0.0                            # ClearScalar<float32>
        %10 = add(%8, %9)                    # EncryptedTensor<float64, shape=(1, 1024, 14, 14)>
        %11 = 0.0                            # ClearScalar<float64>
        %12 = 15.0                           # ClearScalar<float64>
        %13 = clip(%10, %11, %12)            # EncryptedTensor<float64, shape=(1, 1024, 14, 14)>
        %14 = rint(%13)                      # EncryptedTensor<float64, shape=(1, 1024, 14, 14)>
        %15 = 0.0                            # ClearScalar<float32>
        %16 = subtract(%14, %15)             # EncryptedTensor<float64, shape=(1, 1024, 14, 14)>
        %17 = 2.4544873                      # ClearScalar<float32>
        %18 = multiply(%16, %17)             # EncryptedTensor<float64, shape=(1, 1024, 14, 14)>
        %19 = 2.4544873237609863             # ClearScalar<float64>
        %20 = divide(%18, %19)               # EncryptedTensor<float64, shape=(1, 1024, 14, 14)>
        %21 = 0                              # ClearScalar<uint1>
        %22 = add(%20, %21)                  # EncryptedTensor<float64, shape=(1, 1024, 14, 14)>
        %23 = rint(%22)                      # EncryptedTensor<float64, shape=(1, 1024, 14, 14)>
        %24 = astype(%23, dtype=int_)        # EncryptedTensor<uint1, shape=(1, 1024, 14, 14)>
        return %24

    %319 = subgraph(%318):

         %0 = input                            # EncryptedTensor<uint1, shape=(1, 512, 14, 14)>          @ /trunk/trunk.17/C1/Conv.conv_rounding
         %1 = astype(%0, dtype=float64)        # EncryptedTensor<float64, shape=(1, 512, 14, 14)>
         %2 = 0                                # ClearScalar<uint1>
         %3 = add(%1, %2)                      # EncryptedTensor<float64, shape=(1, 512, 14, 14)>
         %4 = [[[[0]]  [ ... ]  [[0]]]]        # ClearTensor<uint1, shape=(1, 512, 1, 1)>
         %5 = subtract(%3, %4)                 # EncryptedTensor<float64, shape=(1, 512, 14, 14)>
         %6 = 0.11359235753477215              # ClearScalar<float64>
         %7 = multiply(%6, %5)                 # EncryptedTensor<float64, shape=(1, 512, 14, 14)>
         %8 = [[[[ 9.699 ... 01e+00]]]]        # ClearTensor<float32, shape=(1, 512, 1, 1)>
         %9 = subtract(%7, %8)                 # EncryptedTensor<float64, shape=(1, 512, 14, 14)>
        %10 = [[[[3.4613 ... 33997 ]]]]        # ClearTensor<float32, shape=(1, 512, 1, 1)>
        %11 = divide(%9, %10)                  # EncryptedTensor<float64, shape=(1, 512, 14, 14)>
        %12 = [[[[0.8781 ... 419346]]]]        # ClearTensor<float32, shape=(1, 512, 1, 1)>
        %13 = multiply(%11, %12)               # EncryptedTensor<float64, shape=(1, 512, 14, 14)>
        %14 = [[[[-3.105 ... 53e-03]]]]        # ClearTensor<float32, shape=(1, 512, 1, 1)>
        %15 = add(%13, %14)                    # EncryptedTensor<float64, shape=(1, 512, 14, 14)>
        %16 = 0                                # ClearScalar<uint1>
        %17 = maximum(%15, %16)                # EncryptedTensor<float64, shape=(1, 512, 14, 14)>
        %18 = 0.5541303                        # ClearScalar<float32>
        %19 = divide(%17, %18)                 # EncryptedTensor<float64, shape=(1, 512, 14, 14)>
        %20 = 0.0                              # ClearScalar<float32>
        %21 = add(%19, %20)                    # EncryptedTensor<float64, shape=(1, 512, 14, 14)>
        %22 = 0.0                              # ClearScalar<float64>
        %23 = 15.0                             # ClearScalar<float64>
        %24 = clip(%21, %22, %23)              # EncryptedTensor<float64, shape=(1, 512, 14, 14)>
        %25 = rint(%24)                        # EncryptedTensor<float64, shape=(1, 512, 14, 14)>
        %26 = 0.0                              # ClearScalar<float32>
        %27 = subtract(%25, %26)               # EncryptedTensor<float64, shape=(1, 512, 14, 14)>
        %28 = 0.5541303                        # ClearScalar<float32>
        %29 = multiply(%27, %28)               # EncryptedTensor<float64, shape=(1, 512, 14, 14)>
        %30 = 0.5541303157806396               # ClearScalar<float64>
        %31 = divide(%29, %30)                 # EncryptedTensor<float64, shape=(1, 512, 14, 14)>
        %32 = 0                                # ClearScalar<uint1>
        %33 = add(%31, %32)                    # EncryptedTensor<float64, shape=(1, 512, 14, 14)>
        %34 = rint(%33)                        # EncryptedTensor<float64, shape=(1, 512, 14, 14)>
        %35 = astype(%34, dtype=int_)          # EncryptedTensor<uint1, shape=(1, 512, 14, 14)>
        return %35

    %327 = subgraph(%326):

         %0 = input                            # EncryptedTensor<uint1, shape=(1, 512, 7, 7)>          @ /trunk/trunk.17/C2/Conv.conv_rounding
         %1 = astype(%0, dtype=float64)        # EncryptedTensor<float64, shape=(1, 512, 7, 7)>
         %2 = 0                                # ClearScalar<uint1>
         %3 = add(%1, %2)                      # EncryptedTensor<float64, shape=(1, 512, 7, 7)>
         %4 = [[[[0]]  [ ... ]  [[0]]]]        # ClearTensor<uint1, shape=(1, 512, 1, 1)>
         %5 = subtract(%3, %4)                 # EncryptedTensor<float64, shape=(1, 512, 7, 7)>
         %6 = 0.008159755017649095             # ClearScalar<float64>
         %7 = multiply(%6, %5)                 # EncryptedTensor<float64, shape=(1, 512, 7, 7)>
         %8 = [[[[-1.639 ... 55309 ]]]]        # ClearTensor<float32, shape=(1, 512, 1, 1)>
         %9 = subtract(%7, %8)                 # EncryptedTensor<float64, shape=(1, 512, 7, 7)>
        %10 = [[[[2.1262 ... 861358]]]]        # ClearTensor<float32, shape=(1, 512, 1, 1)>
        %11 = divide(%9, %10)                  # EncryptedTensor<float64, shape=(1, 512, 7, 7)>
        %12 = [[[[0.7726 ... 11563 ]]]]        # ClearTensor<float32, shape=(1, 512, 1, 1)>
        %13 = multiply(%11, %12)               # EncryptedTensor<float64, shape=(1, 512, 7, 7)>
        %14 = [[[[-1.448 ... 73e-03]]]]        # ClearTensor<float32, shape=(1, 512, 1, 1)>
        %15 = add(%13, %14)                    # EncryptedTensor<float64, shape=(1, 512, 7, 7)>
        %16 = 0                                # ClearScalar<uint1>
        %17 = maximum(%15, %16)                # EncryptedTensor<float64, shape=(1, 512, 7, 7)>
        %18 = 0.52235734                       # ClearScalar<float32>
        %19 = divide(%17, %18)                 # EncryptedTensor<float64, shape=(1, 512, 7, 7)>
        %20 = 0.0                              # ClearScalar<float32>
        %21 = add(%19, %20)                    # EncryptedTensor<float64, shape=(1, 512, 7, 7)>
        %22 = 0.0                              # ClearScalar<float64>
        %23 = 15.0                             # ClearScalar<float64>
        %24 = clip(%21, %22, %23)              # EncryptedTensor<float64, shape=(1, 512, 7, 7)>
        %25 = rint(%24)                        # EncryptedTensor<float64, shape=(1, 512, 7, 7)>
        %26 = 0.0                              # ClearScalar<float32>
        %27 = subtract(%25, %26)               # EncryptedTensor<float64, shape=(1, 512, 7, 7)>
        %28 = 0.52235734                       # ClearScalar<float32>
        %29 = multiply(%27, %28)               # EncryptedTensor<float64, shape=(1, 512, 7, 7)>
        %30 = 0.5223573446273804               # ClearScalar<float64>
        %31 = divide(%29, %30)                 # EncryptedTensor<float64, shape=(1, 512, 7, 7)>
        %32 = 0                                # ClearScalar<uint1>
        %33 = add(%31, %32)                    # EncryptedTensor<float64, shape=(1, 512, 7, 7)>
        %34 = rint(%33)                        # EncryptedTensor<float64, shape=(1, 512, 7, 7)>
        %35 = astype(%34, dtype=int_)          # EncryptedTensor<uint1, shape=(1, 512, 7, 7)>
        return %35

    %331 = subgraph(%314):

         %0 = input                          # EncryptedTensor<uint2, shape=(1, 1024, 14, 14)>
         %1 = 0.0                            # ClearScalar<float64>
         %2 = subtract(%0, %1)               # EncryptedTensor<float64, shape=(1, 1024, 14, 14)>
         %3 = 0.9871068423794161             # ClearScalar<float64>
         %4 = multiply(%3, %2)               # EncryptedTensor<float64, shape=(1, 1024, 14, 14)>
         %5 = 0                              # ClearScalar<uint1>
         %6 = maximum(%4, %5)                # EncryptedTensor<float64, shape=(1, 1024, 14, 14)>
         %7 = 2.4544873                      # ClearScalar<float32>
         %8 = divide(%6, %7)                 # EncryptedTensor<float64, shape=(1, 1024, 14, 14)>
         %9 = 0.0                            # ClearScalar<float32>
        %10 = add(%8, %9)                    # EncryptedTensor<float64, shape=(1, 1024, 14, 14)>
        %11 = 0.0                            # ClearScalar<float64>
        %12 = 15.0                           # ClearScalar<float64>
        %13 = clip(%10, %11, %12)            # EncryptedTensor<float64, shape=(1, 1024, 14, 14)>
        %14 = rint(%13)                      # EncryptedTensor<float64, shape=(1, 1024, 14, 14)>
        %15 = 0.0                            # ClearScalar<float32>
        %16 = subtract(%14, %15)             # EncryptedTensor<float64, shape=(1, 1024, 14, 14)>
        %17 = 2.4544873                      # ClearScalar<float32>
        %18 = multiply(%16, %17)             # EncryptedTensor<float64, shape=(1, 1024, 14, 14)>
        %19 = 2.4544873237609863             # ClearScalar<float64>
        %20 = divide(%18, %19)               # EncryptedTensor<float64, shape=(1, 1024, 14, 14)>
        %21 = 0                              # ClearScalar<uint1>
        %22 = add(%20, %21)                  # EncryptedTensor<float64, shape=(1, 1024, 14, 14)>
        %23 = rint(%22)                      # EncryptedTensor<float64, shape=(1, 1024, 14, 14)>
        %24 = astype(%23, dtype=int_)        # EncryptedTensor<uint1, shape=(1, 1024, 14, 14)>
        return %24

    %335 = subgraph(%330):

         %0 = input                            # EncryptedTensor<uint1, shape=(1, 2048, 7, 7)>          @ /trunk/trunk.17/C3/Conv.conv_rounding
         %1 = astype(%0, dtype=float64)        # EncryptedTensor<float64, shape=(1, 2048, 7, 7)>
         %2 = 0                                # ClearScalar<uint1>
         %3 = add(%1, %2)                      # EncryptedTensor<float64, shape=(1, 2048, 7, 7)>
         %4 = [[[[0]]  [ ... ]  [[0]]]]        # ClearTensor<uint1, shape=(1, 2048, 1, 1)>
         %5 = subtract(%3, %4)                 # EncryptedTensor<float64, shape=(1, 2048, 7, 7)>
         %6 = 0.012444121223293525             # ClearScalar<float64>
         %7 = multiply(%6, %5)                 # EncryptedTensor<float64, shape=(1, 2048, 7, 7)>
         %8 = [[[[ 0.188 ... 624211]]]]        # ClearTensor<float32, shape=(1, 2048, 1, 1)>
         %9 = subtract(%7, %8)                 # EncryptedTensor<float64, shape=(1, 2048, 7, 7)>
        %10 = [[[[0.5526 ... 96691 ]]]]        # ClearTensor<float32, shape=(1, 2048, 1, 1)>
        %11 = divide(%9, %10)                  # EncryptedTensor<float64, shape=(1, 2048, 7, 7)>
        %12 = [[[[0.9166 ... 802316]]]]        # ClearTensor<float32, shape=(1, 2048, 1, 1)>
        %13 = multiply(%11, %12)               # EncryptedTensor<float64, shape=(1, 2048, 7, 7)>
        %14 = [[[[-0.015 ... 821408]]]]        # ClearTensor<float32, shape=(1, 2048, 1, 1)>
        %15 = add(%13, %14)                    # EncryptedTensor<float64, shape=(1, 2048, 7, 7)>
        %16 = 1.0581646                        # ClearScalar<float32>
        %17 = divide(%15, %16)                 # EncryptedTensor<float64, shape=(1, 2048, 7, 7)>
        %18 = 0.0                              # ClearScalar<float32>
        %19 = add(%17, %18)                    # EncryptedTensor<float64, shape=(1, 2048, 7, 7)>
        %20 = -8.0                             # ClearScalar<float64>
        %21 = 7.0                              # ClearScalar<float64>
        %22 = clip(%19, %20, %21)              # EncryptedTensor<float64, shape=(1, 2048, 7, 7)>
        %23 = rint(%22)                        # EncryptedTensor<float64, shape=(1, 2048, 7, 7)>
        %24 = 0.0                              # ClearScalar<float32>
        %25 = subtract(%23, %24)               # EncryptedTensor<float64, shape=(1, 2048, 7, 7)>
        %26 = 1.0581646                        # ClearScalar<float32>
        %27 = multiply(%25, %26)               # EncryptedTensor<float64, shape=(1, 2048, 7, 7)>
        %28 = 1.0581645965576172               # ClearScalar<float64>
        %29 = divide(%27, %28)                 # EncryptedTensor<float64, shape=(1, 2048, 7, 7)>
        %30 = 0                                # ClearScalar<uint1>
        %31 = add(%29, %30)                    # EncryptedTensor<float64, shape=(1, 2048, 7, 7)>
        %32 = rint(%31)                        # EncryptedTensor<float64, shape=(1, 2048, 7, 7)>
        %33 = astype(%32, dtype=int_)          # EncryptedTensor<uint1, shape=(1, 2048, 7, 7)>
        return %33

    %336 = subgraph(%334):

         %0 = input                            # EncryptedTensor<uint1, shape=(1, 2048, 7, 7)>          @ /trunk/trunk.17/shortcut/Conv.conv_rounding
         %1 = astype(%0, dtype=float64)        # EncryptedTensor<float64, shape=(1, 2048, 7, 7)>
         %2 = 0                                # ClearScalar<uint1>
         %3 = add(%1, %2)                      # EncryptedTensor<float64, shape=(1, 2048, 7, 7)>
         %4 = [[[[0]]  [ ... ]  [[0]]]]        # ClearTensor<uint1, shape=(1, 2048, 1, 1)>
         %5 = subtract(%3, %4)                 # EncryptedTensor<float64, shape=(1, 2048, 7, 7)>
         %6 = 0.05115163100972264              # ClearScalar<float64>
         %7 = multiply(%6, %5)                 # EncryptedTensor<float64, shape=(1, 2048, 7, 7)>
         %8 = [[[[ 4.462 ... 123765]]]]        # ClearTensor<float32, shape=(1, 2048, 1, 1)>
         %9 = subtract(%7, %8)                 # EncryptedTensor<float64, shape=(1, 2048, 7, 7)>
        %10 = [[[[4.8784 ... 071746]]]]        # ClearTensor<float32, shape=(1, 2048, 1, 1)>
        %11 = divide(%9, %10)                  # EncryptedTensor<float64, shape=(1, 2048, 7, 7)>
        %12 = [[[[0.9399 ... 587325]]]]        # ClearTensor<float32, shape=(1, 2048, 1, 1)>
        %13 = multiply(%11, %12)               # EncryptedTensor<float64, shape=(1, 2048, 7, 7)>
        %14 = [[[[-0.015 ... 770389]]]]        # ClearTensor<float32, shape=(1, 2048, 1, 1)>
        %15 = add(%13, %14)                    # EncryptedTensor<float64, shape=(1, 2048, 7, 7)>
        %16 = 1.0594919                        # ClearScalar<float32>
        %17 = divide(%15, %16)                 # EncryptedTensor<float64, shape=(1, 2048, 7, 7)>
        %18 = 0.0                              # ClearScalar<float32>
        %19 = add(%17, %18)                    # EncryptedTensor<float64, shape=(1, 2048, 7, 7)>
        %20 = -8.0                             # ClearScalar<float64>
        %21 = 7.0                              # ClearScalar<float64>
        %22 = clip(%19, %20, %21)              # EncryptedTensor<float64, shape=(1, 2048, 7, 7)>
        %23 = rint(%22)                        # EncryptedTensor<float64, shape=(1, 2048, 7, 7)>
        %24 = 0.0                              # ClearScalar<float32>
        %25 = subtract(%23, %24)               # EncryptedTensor<float64, shape=(1, 2048, 7, 7)>
        %26 = 1.0594919                        # ClearScalar<float32>
        %27 = multiply(%25, %26)               # EncryptedTensor<float64, shape=(1, 2048, 7, 7)>
        %28 = 1.0594918727874756               # ClearScalar<float64>
        %29 = divide(%27, %28)                 # EncryptedTensor<float64, shape=(1, 2048, 7, 7)>
        %30 = 0                                # ClearScalar<uint1>
        %31 = add(%29, %30)                    # EncryptedTensor<float64, shape=(1, 2048, 7, 7)>
        %32 = rint(%31)                        # EncryptedTensor<float64, shape=(1, 2048, 7, 7)>
        %33 = astype(%32, dtype=int_)          # EncryptedTensor<uint1, shape=(1, 2048, 7, 7)>
        return %33

    %337 = subgraph(%335):

         %0 = input                         # EncryptedTensor<uint1, shape=(1, 2048, 7, 7)>
         %1 = 0.0                           # ClearScalar<float64>
         %2 = subtract(%0, %1)              # EncryptedTensor<float64, shape=(1, 2048, 7, 7)>
         %3 = 1.0581645965576172            # ClearScalar<float64>
         %4 = multiply(%3, %2)              # EncryptedTensor<float64, shape=(1, 2048, 7, 7)>
         %5 = 0.5123148349023634            # ClearScalar<float64>
         %6 = divide(%4, %5)                # EncryptedTensor<float64, shape=(1, 2048, 7, 7)>
         %7 = 0                             # ClearScalar<uint1>
         %8 = add(%6, %7)                   # EncryptedTensor<float64, shape=(1, 2048, 7, 7)>
         %9 = rint(%8)                      # EncryptedTensor<float64, shape=(1, 2048, 7, 7)>
        %10 = astype(%9, dtype=int_)        # EncryptedTensor<uint1, shape=(1, 2048, 7, 7)>
        return %10

    %338 = subgraph(%336):

         %0 = input                         # EncryptedTensor<uint1, shape=(1, 2048, 7, 7)>
         %1 = 0.0                           # ClearScalar<float64>
         %2 = subtract(%0, %1)              # EncryptedTensor<float64, shape=(1, 2048, 7, 7)>
         %3 = 1.0594918727874756            # ClearScalar<float64>
         %4 = multiply(%3, %2)              # EncryptedTensor<float64, shape=(1, 2048, 7, 7)>
         %5 = 0.5123148349023634            # ClearScalar<float64>
         %6 = divide(%4, %5)                # EncryptedTensor<float64, shape=(1, 2048, 7, 7)>
         %7 = 0                             # ClearScalar<uint1>
         %8 = add(%6, %7)                   # EncryptedTensor<float64, shape=(1, 2048, 7, 7)>
         %9 = rint(%8)                      # EncryptedTensor<float64, shape=(1, 2048, 7, 7)>
        %10 = astype(%9, dtype=int_)        # EncryptedTensor<uint1, shape=(1, 2048, 7, 7)>
        return %10

    %342 = subgraph(%341):

         %0 = input                          # EncryptedTensor<uint2, shape=(1, 2048, 7, 7)>
         %1 = 0.0                            # ClearScalar<float64>
         %2 = subtract(%0, %1)               # EncryptedTensor<float64, shape=(1, 2048, 7, 7)>
         %3 = 0.5123148349023634             # ClearScalar<float64>
         %4 = multiply(%3, %2)               # EncryptedTensor<float64, shape=(1, 2048, 7, 7)>
         %5 = 0                              # ClearScalar<uint1>
         %6 = maximum(%4, %5)                # EncryptedTensor<float64, shape=(1, 2048, 7, 7)>
         %7 = 0.9783952                      # ClearScalar<float32>
         %8 = divide(%6, %7)                 # EncryptedTensor<float64, shape=(1, 2048, 7, 7)>
         %9 = 0.0                            # ClearScalar<float32>
        %10 = add(%8, %9)                    # EncryptedTensor<float64, shape=(1, 2048, 7, 7)>
        %11 = 0.0                            # ClearScalar<float64>
        %12 = 15.0                           # ClearScalar<float64>
        %13 = clip(%10, %11, %12)            # EncryptedTensor<float64, shape=(1, 2048, 7, 7)>
        %14 = rint(%13)                      # EncryptedTensor<float64, shape=(1, 2048, 7, 7)>
        %15 = 0.0                            # ClearScalar<float32>
        %16 = subtract(%14, %15)             # EncryptedTensor<float64, shape=(1, 2048, 7, 7)>
        %17 = 0.9783952                      # ClearScalar<float32>
        %18 = multiply(%16, %17)             # EncryptedTensor<float64, shape=(1, 2048, 7, 7)>
        %19 = 0.9783952236175537             # ClearScalar<float64>
        %20 = divide(%18, %19)               # EncryptedTensor<float64, shape=(1, 2048, 7, 7)>
        %21 = 0                              # ClearScalar<uint1>
        %22 = add(%20, %21)                  # EncryptedTensor<float64, shape=(1, 2048, 7, 7)>
        %23 = rint(%22)                      # EncryptedTensor<float64, shape=(1, 2048, 7, 7)>
        %24 = astype(%23, dtype=int_)        # EncryptedTensor<uint1, shape=(1, 2048, 7, 7)>
        return %24

    %346 = subgraph(%345):

         %0 = input                            # EncryptedTensor<uint1, shape=(1, 512, 7, 7)>          @ /trunk/trunk.18/C1/Conv.conv_rounding
         %1 = astype(%0, dtype=float64)        # EncryptedTensor<float64, shape=(1, 512, 7, 7)>
         %2 = 0                                # ClearScalar<uint1>
         %3 = add(%1, %2)                      # EncryptedTensor<float64, shape=(1, 512, 7, 7)>
         %4 = [[[[0]]  [ ... ]  [[0]]]]        # ClearTensor<uint1, shape=(1, 512, 1, 1)>
         %5 = subtract(%3, %4)                 # EncryptedTensor<float64, shape=(1, 512, 7, 7)>
         %6 = 0.04184000644920083              # ClearScalar<float64>
         %7 = multiply(%6, %5)                 # EncryptedTensor<float64, shape=(1, 512, 7, 7)>
         %8 = [[[[ 1.154 ... 532958]]]]        # ClearTensor<float32, shape=(1, 512, 1, 1)>
         %9 = subtract(%7, %8)                 # EncryptedTensor<float64, shape=(1, 512, 7, 7)>
        %10 = [[[[5.6671 ... 33663 ]]]]        # ClearTensor<float32, shape=(1, 512, 1, 1)>
        %11 = divide(%9, %10)                  # EncryptedTensor<float64, shape=(1, 512, 7, 7)>
        %12 = [[[[0.8482 ... 226134]]]]        # ClearTensor<float32, shape=(1, 512, 1, 1)>
        %13 = multiply(%11, %12)               # EncryptedTensor<float64, shape=(1, 512, 7, 7)>
        %14 = [[[[ 2.214 ... 18e-02]]]]        # ClearTensor<float32, shape=(1, 512, 1, 1)>
        %15 = add(%13, %14)                    # EncryptedTensor<float64, shape=(1, 512, 7, 7)>
        %16 = 0                                # ClearScalar<uint1>
        %17 = maximum(%15, %16)                # EncryptedTensor<float64, shape=(1, 512, 7, 7)>
        %18 = 0.5346762                        # ClearScalar<float32>
        %19 = divide(%17, %18)                 # EncryptedTensor<float64, shape=(1, 512, 7, 7)>
        %20 = 0.0                              # ClearScalar<float32>
        %21 = add(%19, %20)                    # EncryptedTensor<float64, shape=(1, 512, 7, 7)>
        %22 = 0.0                              # ClearScalar<float64>
        %23 = 15.0                             # ClearScalar<float64>
        %24 = clip(%21, %22, %23)              # EncryptedTensor<float64, shape=(1, 512, 7, 7)>
        %25 = rint(%24)                        # EncryptedTensor<float64, shape=(1, 512, 7, 7)>
        %26 = 0.0                              # ClearScalar<float32>
        %27 = subtract(%25, %26)               # EncryptedTensor<float64, shape=(1, 512, 7, 7)>
        %28 = 0.5346762                        # ClearScalar<float32>
        %29 = multiply(%27, %28)               # EncryptedTensor<float64, shape=(1, 512, 7, 7)>
        %30 = 0.534676194190979                # ClearScalar<float64>
        %31 = divide(%29, %30)                 # EncryptedTensor<float64, shape=(1, 512, 7, 7)>
        %32 = 0                                # ClearScalar<uint1>
        %33 = add(%31, %32)                    # EncryptedTensor<float64, shape=(1, 512, 7, 7)>
        %34 = rint(%33)                        # EncryptedTensor<float64, shape=(1, 512, 7, 7)>
        %35 = astype(%34, dtype=int_)          # EncryptedTensor<uint1, shape=(1, 512, 7, 7)>
        return %35

    %354 = subgraph(%353):

         %0 = input                            # EncryptedTensor<uint1, shape=(1, 512, 7, 7)>          @ /trunk/trunk.18/C2/Conv.conv_rounding
         %1 = astype(%0, dtype=float64)        # EncryptedTensor<float64, shape=(1, 512, 7, 7)>
         %2 = 0                                # ClearScalar<uint1>
         %3 = add(%1, %2)                      # EncryptedTensor<float64, shape=(1, 512, 7, 7)>
         %4 = [[[[0]]  [ ... ]  [[0]]]]        # ClearTensor<uint1, shape=(1, 512, 1, 1)>
         %5 = subtract(%3, %4)                 # EncryptedTensor<float64, shape=(1, 512, 7, 7)>
         %6 = 0.008546071422208312             # ClearScalar<float64>
         %7 = multiply(%6, %5)                 # EncryptedTensor<float64, shape=(1, 512, 7, 7)>
         %8 = [[[[-2.176 ... 76322 ]]]]        # ClearTensor<float32, shape=(1, 512, 1, 1)>
         %9 = subtract(%7, %8)                 # EncryptedTensor<float64, shape=(1, 512, 7, 7)>
        %10 = [[[[2.6560 ... 88428 ]]]]        # ClearTensor<float32, shape=(1, 512, 1, 1)>
        %11 = divide(%9, %10)                  # EncryptedTensor<float64, shape=(1, 512, 7, 7)>
        %12 = [[[[0.8040 ... 96778 ]]]]        # ClearTensor<float32, shape=(1, 512, 1, 1)>
        %13 = multiply(%11, %12)               # EncryptedTensor<float64, shape=(1, 512, 7, 7)>
        %14 = [[[[-0.032 ... 252455]]]]        # ClearTensor<float32, shape=(1, 512, 1, 1)>
        %15 = add(%13, %14)                    # EncryptedTensor<float64, shape=(1, 512, 7, 7)>
        %16 = 0                                # ClearScalar<uint1>
        %17 = maximum(%15, %16)                # EncryptedTensor<float64, shape=(1, 512, 7, 7)>
        %18 = 0.6050217                        # ClearScalar<float32>
        %19 = divide(%17, %18)                 # EncryptedTensor<float64, shape=(1, 512, 7, 7)>
        %20 = 0.0                              # ClearScalar<float32>
        %21 = add(%19, %20)                    # EncryptedTensor<float64, shape=(1, 512, 7, 7)>
        %22 = 0.0                              # ClearScalar<float64>
        %23 = 15.0                             # ClearScalar<float64>
        %24 = clip(%21, %22, %23)              # EncryptedTensor<float64, shape=(1, 512, 7, 7)>
        %25 = rint(%24)                        # EncryptedTensor<float64, shape=(1, 512, 7, 7)>
        %26 = 0.0                              # ClearScalar<float32>
        %27 = subtract(%25, %26)               # EncryptedTensor<float64, shape=(1, 512, 7, 7)>
        %28 = 0.6050217                        # ClearScalar<float32>
        %29 = multiply(%27, %28)               # EncryptedTensor<float64, shape=(1, 512, 7, 7)>
        %30 = 0.6050217151641846               # ClearScalar<float64>
        %31 = divide(%29, %30)                 # EncryptedTensor<float64, shape=(1, 512, 7, 7)>
        %32 = 0                                # ClearScalar<uint1>
        %33 = add(%31, %32)                    # EncryptedTensor<float64, shape=(1, 512, 7, 7)>
        %34 = rint(%33)                        # EncryptedTensor<float64, shape=(1, 512, 7, 7)>
        %35 = astype(%34, dtype=int_)          # EncryptedTensor<uint1, shape=(1, 512, 7, 7)>
        return %35

    %358 = subgraph(%357):

         %0 = input                            # EncryptedTensor<uint1, shape=(1, 2048, 7, 7)>          @ /trunk/trunk.18/C3/Conv.conv_rounding
         %1 = astype(%0, dtype=float64)        # EncryptedTensor<float64, shape=(1, 2048, 7, 7)>
         %2 = 0                                # ClearScalar<uint1>
         %3 = add(%1, %2)                      # EncryptedTensor<float64, shape=(1, 2048, 7, 7)>
         %4 = [[[[0]]  [ ... ]  [[0]]]]        # ClearTensor<uint1, shape=(1, 2048, 1, 1)>
         %5 = subtract(%3, %4)                 # EncryptedTensor<float64, shape=(1, 2048, 7, 7)>
         %6 = 0.013299750312365521             # ClearScalar<float64>
         %7 = multiply(%6, %5)                 # EncryptedTensor<float64, shape=(1, 2048, 7, 7)>
         %8 = [[[[ 0.335 ... 171775]]]]        # ClearTensor<float32, shape=(1, 2048, 1, 1)>
         %9 = subtract(%7, %8)                 # EncryptedTensor<float64, shape=(1, 2048, 7, 7)>
        %10 = [[[[0.8637 ... 48157 ]]]]        # ClearTensor<float32, shape=(1, 2048, 1, 1)>
        %11 = divide(%9, %10)                  # EncryptedTensor<float64, shape=(1, 2048, 7, 7)>
        %12 = [[[[0.9301 ... 66109 ]]]]        # ClearTensor<float32, shape=(1, 2048, 1, 1)>
        %13 = multiply(%11, %12)               # EncryptedTensor<float64, shape=(1, 2048, 7, 7)>
        %14 = [[[[-0.013 ... 601346]]]]        # ClearTensor<float32, shape=(1, 2048, 1, 1)>
        %15 = add(%13, %14)                    # EncryptedTensor<float64, shape=(1, 2048, 7, 7)>
        %16 = 1.2034023                        # ClearScalar<float32>
        %17 = divide(%15, %16)                 # EncryptedTensor<float64, shape=(1, 2048, 7, 7)>
        %18 = 0.0                              # ClearScalar<float32>
        %19 = add(%17, %18)                    # EncryptedTensor<float64, shape=(1, 2048, 7, 7)>
        %20 = -8.0                             # ClearScalar<float64>
        %21 = 7.0                              # ClearScalar<float64>
        %22 = clip(%19, %20, %21)              # EncryptedTensor<float64, shape=(1, 2048, 7, 7)>
        %23 = rint(%22)                        # EncryptedTensor<float64, shape=(1, 2048, 7, 7)>
        %24 = 0.0                              # ClearScalar<float32>
        %25 = subtract(%23, %24)               # EncryptedTensor<float64, shape=(1, 2048, 7, 7)>
        %26 = 1.2034023                        # ClearScalar<float32>
        %27 = multiply(%25, %26)               # EncryptedTensor<float64, shape=(1, 2048, 7, 7)>
        %28 = 1.2034022808074951               # ClearScalar<float64>
        %29 = divide(%27, %28)                 # EncryptedTensor<float64, shape=(1, 2048, 7, 7)>
        %30 = 0                                # ClearScalar<uint1>
        %31 = add(%29, %30)                    # EncryptedTensor<float64, shape=(1, 2048, 7, 7)>
        %32 = rint(%31)                        # EncryptedTensor<float64, shape=(1, 2048, 7, 7)>
        %33 = astype(%32, dtype=int_)          # EncryptedTensor<uint1, shape=(1, 2048, 7, 7)>
        return %33

    %359 = subgraph(%341):

         %0 = input                          # EncryptedTensor<uint2, shape=(1, 2048, 7, 7)>
         %1 = 0.0                            # ClearScalar<float64>
         %2 = subtract(%0, %1)               # EncryptedTensor<float64, shape=(1, 2048, 7, 7)>
         %3 = 0.5123148349023634             # ClearScalar<float64>
         %4 = multiply(%3, %2)               # EncryptedTensor<float64, shape=(1, 2048, 7, 7)>
         %5 = 0                              # ClearScalar<uint1>
         %6 = maximum(%4, %5)                # EncryptedTensor<float64, shape=(1, 2048, 7, 7)>
         %7 = 0.9783952                      # ClearScalar<float32>
         %8 = divide(%6, %7)                 # EncryptedTensor<float64, shape=(1, 2048, 7, 7)>
         %9 = 0.0                            # ClearScalar<float32>
        %10 = add(%8, %9)                    # EncryptedTensor<float64, shape=(1, 2048, 7, 7)>
        %11 = 0.0                            # ClearScalar<float64>
        %12 = 15.0                           # ClearScalar<float64>
        %13 = clip(%10, %11, %12)            # EncryptedTensor<float64, shape=(1, 2048, 7, 7)>
        %14 = rint(%13)                      # EncryptedTensor<float64, shape=(1, 2048, 7, 7)>
        %15 = 0.0                            # ClearScalar<float32>
        %16 = subtract(%14, %15)             # EncryptedTensor<float64, shape=(1, 2048, 7, 7)>
        %17 = 0.9783952                      # ClearScalar<float32>
        %18 = multiply(%16, %17)             # EncryptedTensor<float64, shape=(1, 2048, 7, 7)>
        %19 = 0.9783952236175537             # ClearScalar<float64>
        %20 = divide(%18, %19)               # EncryptedTensor<float64, shape=(1, 2048, 7, 7)>
        %21 = 0                              # ClearScalar<uint1>
        %22 = add(%20, %21)                  # EncryptedTensor<float64, shape=(1, 2048, 7, 7)>
        %23 = rint(%22)                      # EncryptedTensor<float64, shape=(1, 2048, 7, 7)>
        %24 = astype(%23, dtype=int_)        # EncryptedTensor<uint1, shape=(1, 2048, 7, 7)>
        return %24

    %360 = subgraph(%358):

         %0 = input                         # EncryptedTensor<uint1, shape=(1, 2048, 7, 7)>
         %1 = 0.0                           # ClearScalar<float64>
         %2 = subtract(%0, %1)              # EncryptedTensor<float64, shape=(1, 2048, 7, 7)>
         %3 = 1.2034022808074951            # ClearScalar<float64>
         %4 = multiply(%3, %2)              # EncryptedTensor<float64, shape=(1, 2048, 7, 7)>
         %5 = 0.5169667966904179            # ClearScalar<float64>
         %6 = divide(%4, %5)                # EncryptedTensor<float64, shape=(1, 2048, 7, 7)>
         %7 = 0                             # ClearScalar<uint1>
         %8 = add(%6, %7)                   # EncryptedTensor<float64, shape=(1, 2048, 7, 7)>
         %9 = rint(%8)                      # EncryptedTensor<float64, shape=(1, 2048, 7, 7)>
        %10 = astype(%9, dtype=int_)        # EncryptedTensor<uint1, shape=(1, 2048, 7, 7)>
        return %10

    %361 = subgraph(%359):

         %0 = input                         # EncryptedTensor<uint1, shape=(1, 2048, 7, 7)>
         %1 = 0.0                           # ClearScalar<float64>
         %2 = subtract(%0, %1)              # EncryptedTensor<float64, shape=(1, 2048, 7, 7)>
         %3 = 0.9783952236175537            # ClearScalar<float64>
         %4 = multiply(%3, %2)              # EncryptedTensor<float64, shape=(1, 2048, 7, 7)>
         %5 = 0.5169667966904179            # ClearScalar<float64>
         %6 = divide(%4, %5)                # EncryptedTensor<float64, shape=(1, 2048, 7, 7)>
         %7 = 0                             # ClearScalar<uint1>
         %8 = add(%6, %7)                   # EncryptedTensor<float64, shape=(1, 2048, 7, 7)>
         %9 = rint(%8)                      # EncryptedTensor<float64, shape=(1, 2048, 7, 7)>
        %10 = astype(%9, dtype=int_)        # EncryptedTensor<uint1, shape=(1, 2048, 7, 7)>
        return %10

    %365 = subgraph(%364):

         %0 = input                          # EncryptedTensor<uint2, shape=(1, 2048, 7, 7)>
         %1 = 0.0                            # ClearScalar<float64>
         %2 = subtract(%0, %1)               # EncryptedTensor<float64, shape=(1, 2048, 7, 7)>
         %3 = 0.5169667966904179             # ClearScalar<float64>
         %4 = multiply(%3, %2)               # EncryptedTensor<float64, shape=(1, 2048, 7, 7)>
         %5 = 0                              # ClearScalar<uint1>
         %6 = maximum(%4, %5)                # EncryptedTensor<float64, shape=(1, 2048, 7, 7)>
         %7 = 1.3495085                      # ClearScalar<float32>
         %8 = divide(%6, %7)                 # EncryptedTensor<float64, shape=(1, 2048, 7, 7)>
         %9 = 0.0                            # ClearScalar<float32>
        %10 = add(%8, %9)                    # EncryptedTensor<float64, shape=(1, 2048, 7, 7)>
        %11 = 0.0                            # ClearScalar<float64>
        %12 = 15.0                           # ClearScalar<float64>
        %13 = clip(%10, %11, %12)            # EncryptedTensor<float64, shape=(1, 2048, 7, 7)>
        %14 = rint(%13)                      # EncryptedTensor<float64, shape=(1, 2048, 7, 7)>
        %15 = 0.0                            # ClearScalar<float32>
        %16 = subtract(%14, %15)             # EncryptedTensor<float64, shape=(1, 2048, 7, 7)>
        %17 = 1.3495085                      # ClearScalar<float32>
        %18 = multiply(%16, %17)             # EncryptedTensor<float64, shape=(1, 2048, 7, 7)>
        %19 = 1.34950852394104               # ClearScalar<float64>
        %20 = divide(%18, %19)               # EncryptedTensor<float64, shape=(1, 2048, 7, 7)>
        %21 = 0                              # ClearScalar<uint1>
        %22 = add(%20, %21)                  # EncryptedTensor<float64, shape=(1, 2048, 7, 7)>
        %23 = rint(%22)                      # EncryptedTensor<float64, shape=(1, 2048, 7, 7)>
        %24 = astype(%23, dtype=int_)        # EncryptedTensor<uint1, shape=(1, 2048, 7, 7)>
        return %24

    %369 = subgraph(%368):

         %0 = input                            # EncryptedTensor<uint1, shape=(1, 512, 7, 7)>          @ /trunk/trunk.19/C1/Conv.conv_rounding
         %1 = astype(%0, dtype=float64)        # EncryptedTensor<float64, shape=(1, 512, 7, 7)>
         %2 = 0                                # ClearScalar<uint1>
         %3 = add(%1, %2)                      # EncryptedTensor<float64, shape=(1, 512, 7, 7)>
         %4 = [[[[0]]  [ ... ]  [[0]]]]        # ClearTensor<uint1, shape=(1, 512, 1, 1)>
         %5 = subtract(%3, %4)                 # EncryptedTensor<float64, shape=(1, 512, 7, 7)>
         %6 = 0.059339206951563916             # ClearScalar<float64>
         %7 = multiply(%6, %5)                 # EncryptedTensor<float64, shape=(1, 512, 7, 7)>
         %8 = [[[[ 2.712 ... 13e+00]]]]        # ClearTensor<float32, shape=(1, 512, 1, 1)>
         %9 = subtract(%7, %8)                 # EncryptedTensor<float64, shape=(1, 512, 7, 7)>
        %10 = [[[[3.8930 ... 478924]]]]        # ClearTensor<float32, shape=(1, 512, 1, 1)>
        %11 = divide(%9, %10)                  # EncryptedTensor<float64, shape=(1, 512, 7, 7)>
        %12 = [[[[0.9292 ... 606544]]]]        # ClearTensor<float32, shape=(1, 512, 1, 1)>
        %13 = multiply(%11, %12)               # EncryptedTensor<float64, shape=(1, 512, 7, 7)>
        %14 = [[[[-5.077 ... 52e-03]]]]        # ClearTensor<float32, shape=(1, 512, 1, 1)>
        %15 = add(%13, %14)                    # EncryptedTensor<float64, shape=(1, 512, 7, 7)>
        %16 = 0                                # ClearScalar<uint1>
        %17 = maximum(%15, %16)                # EncryptedTensor<float64, shape=(1, 512, 7, 7)>
        %18 = 0.5391585                        # ClearScalar<float32>
        %19 = divide(%17, %18)                 # EncryptedTensor<float64, shape=(1, 512, 7, 7)>
        %20 = 0.0                              # ClearScalar<float32>
        %21 = add(%19, %20)                    # EncryptedTensor<float64, shape=(1, 512, 7, 7)>
        %22 = 0.0                              # ClearScalar<float64>
        %23 = 15.0                             # ClearScalar<float64>
        %24 = clip(%21, %22, %23)              # EncryptedTensor<float64, shape=(1, 512, 7, 7)>
        %25 = rint(%24)                        # EncryptedTensor<float64, shape=(1, 512, 7, 7)>
        %26 = 0.0                              # ClearScalar<float32>
        %27 = subtract(%25, %26)               # EncryptedTensor<float64, shape=(1, 512, 7, 7)>
        %28 = 0.5391585                        # ClearScalar<float32>
        %29 = multiply(%27, %28)               # EncryptedTensor<float64, shape=(1, 512, 7, 7)>
        %30 = 0.5391585230827332               # ClearScalar<float64>
        %31 = divide(%29, %30)                 # EncryptedTensor<float64, shape=(1, 512, 7, 7)>
        %32 = 0                                # ClearScalar<uint1>
        %33 = add(%31, %32)                    # EncryptedTensor<float64, shape=(1, 512, 7, 7)>
        %34 = rint(%33)                        # EncryptedTensor<float64, shape=(1, 512, 7, 7)>
        %35 = astype(%34, dtype=int_)          # EncryptedTensor<uint1, shape=(1, 512, 7, 7)>
        return %35

    %377 = subgraph(%376):

         %0 = input                            # EncryptedTensor<uint1, shape=(1, 512, 7, 7)>          @ /trunk/trunk.19/C2/Conv.conv_rounding
         %1 = astype(%0, dtype=float64)        # EncryptedTensor<float64, shape=(1, 512, 7, 7)>
         %2 = 0                                # ClearScalar<uint1>
         %3 = add(%1, %2)                      # EncryptedTensor<float64, shape=(1, 512, 7, 7)>
         %4 = [[[[0]]  [ ... ]  [[0]]]]        # ClearTensor<uint1, shape=(1, 512, 1, 1)>
         %5 = subtract(%3, %4)                 # EncryptedTensor<float64, shape=(1, 512, 7, 7)>
         %6 = 0.00805528499858188              # ClearScalar<float64>
         %7 = multiply(%6, %5)                 # EncryptedTensor<float64, shape=(1, 512, 7, 7)>
         %8 = [[[[ 1.384 ... 89e+00]]]]        # ClearTensor<float32, shape=(1, 512, 1, 1)>
         %9 = subtract(%7, %8)                 # EncryptedTensor<float64, shape=(1, 512, 7, 7)>
        %10 = [[[[2.4966 ... 160508]]]]        # ClearTensor<float32, shape=(1, 512, 1, 1)>
        %11 = divide(%9, %10)                  # EncryptedTensor<float64, shape=(1, 512, 7, 7)>
        %12 = [[[[0.9364 ... 60572 ]]]]        # ClearTensor<float32, shape=(1, 512, 1, 1)>
        %13 = multiply(%11, %12)               # EncryptedTensor<float64, shape=(1, 512, 7, 7)>
        %14 = [[[[ 0.007 ... 075407]]]]        # ClearTensor<float32, shape=(1, 512, 1, 1)>
        %15 = add(%13, %14)                    # EncryptedTensor<float64, shape=(1, 512, 7, 7)>
        %16 = 0                                # ClearScalar<uint1>
        %17 = maximum(%15, %16)                # EncryptedTensor<float64, shape=(1, 512, 7, 7)>
        %18 = 0.56910825                       # ClearScalar<float32>
        %19 = divide(%17, %18)                 # EncryptedTensor<float64, shape=(1, 512, 7, 7)>
        %20 = 0.0                              # ClearScalar<float32>
        %21 = add(%19, %20)                    # EncryptedTensor<float64, shape=(1, 512, 7, 7)>
        %22 = 0.0                              # ClearScalar<float64>
        %23 = 15.0                             # ClearScalar<float64>
        %24 = clip(%21, %22, %23)              # EncryptedTensor<float64, shape=(1, 512, 7, 7)>
        %25 = rint(%24)                        # EncryptedTensor<float64, shape=(1, 512, 7, 7)>
        %26 = 0.0                              # ClearScalar<float32>
        %27 = subtract(%25, %26)               # EncryptedTensor<float64, shape=(1, 512, 7, 7)>
        %28 = 0.56910825                       # ClearScalar<float32>
        %29 = multiply(%27, %28)               # EncryptedTensor<float64, shape=(1, 512, 7, 7)>
        %30 = 0.569108247756958                # ClearScalar<float64>
        %31 = divide(%29, %30)                 # EncryptedTensor<float64, shape=(1, 512, 7, 7)>
        %32 = 0                                # ClearScalar<uint1>
        %33 = add(%31, %32)                    # EncryptedTensor<float64, shape=(1, 512, 7, 7)>
        %34 = rint(%33)                        # EncryptedTensor<float64, shape=(1, 512, 7, 7)>
        %35 = astype(%34, dtype=int_)          # EncryptedTensor<uint1, shape=(1, 512, 7, 7)>
        return %35

    %381 = subgraph(%380):

         %0 = input                            # EncryptedTensor<uint1, shape=(1, 2048, 7, 7)>          @ /trunk/trunk.19/C3/Conv.conv_rounding
         %1 = astype(%0, dtype=float64)        # EncryptedTensor<float64, shape=(1, 2048, 7, 7)>
         %2 = 0                                # ClearScalar<uint1>
         %3 = add(%1, %2)                      # EncryptedTensor<float64, shape=(1, 2048, 7, 7)>
         %4 = [[[[0]]  [ ... ]  [[0]]]]        # ClearTensor<uint1, shape=(1, 2048, 1, 1)>
         %5 = subtract(%3, %4)                 # EncryptedTensor<float64, shape=(1, 2048, 7, 7)>
         %6 = 0.01332172899881412              # ClearScalar<float64>
         %7 = multiply(%6, %5)                 # EncryptedTensor<float64, shape=(1, 2048, 7, 7)>
         %8 = [[[[0.4671 ... 89807 ]]]]        # ClearTensor<float32, shape=(1, 2048, 1, 1)>
         %9 = subtract(%7, %8)                 # EncryptedTensor<float64, shape=(1, 2048, 7, 7)>
        %10 = [[[[1.0162 ... 36785 ]]]]        # ClearTensor<float32, shape=(1, 2048, 1, 1)>
        %11 = divide(%9, %10)                  # EncryptedTensor<float64, shape=(1, 2048, 7, 7)>
        %12 = [[[[0.9300 ... 27209 ]]]]        # ClearTensor<float32, shape=(1, 2048, 1, 1)>
        %13 = multiply(%11, %12)               # EncryptedTensor<float64, shape=(1, 2048, 7, 7)>
        %14 = [[[[-0.014 ... 292461]]]]        # ClearTensor<float32, shape=(1, 2048, 1, 1)>
        %15 = add(%13, %14)                    # EncryptedTensor<float64, shape=(1, 2048, 7, 7)>
        %16 = 1.1131154                        # ClearScalar<float32>
        %17 = divide(%15, %16)                 # EncryptedTensor<float64, shape=(1, 2048, 7, 7)>
        %18 = 0.0                              # ClearScalar<float32>
        %19 = add(%17, %18)                    # EncryptedTensor<float64, shape=(1, 2048, 7, 7)>
        %20 = -8.0                             # ClearScalar<float64>
        %21 = 7.0                              # ClearScalar<float64>
        %22 = clip(%19, %20, %21)              # EncryptedTensor<float64, shape=(1, 2048, 7, 7)>
        %23 = rint(%22)                        # EncryptedTensor<float64, shape=(1, 2048, 7, 7)>
        %24 = 0.0                              # ClearScalar<float32>
        %25 = subtract(%23, %24)               # EncryptedTensor<float64, shape=(1, 2048, 7, 7)>
        %26 = 1.1131154                        # ClearScalar<float32>
        %27 = multiply(%25, %26)               # EncryptedTensor<float64, shape=(1, 2048, 7, 7)>
        %28 = 1.1131154298782349               # ClearScalar<float64>
        %29 = divide(%27, %28)                 # EncryptedTensor<float64, shape=(1, 2048, 7, 7)>
        %30 = 0                                # ClearScalar<uint1>
        %31 = add(%29, %30)                    # EncryptedTensor<float64, shape=(1, 2048, 7, 7)>
        %32 = rint(%31)                        # EncryptedTensor<float64, shape=(1, 2048, 7, 7)>
        %33 = astype(%32, dtype=int_)          # EncryptedTensor<uint1, shape=(1, 2048, 7, 7)>
        return %33

    %382 = subgraph(%364):

         %0 = input                          # EncryptedTensor<uint2, shape=(1, 2048, 7, 7)>
         %1 = 0.0                            # ClearScalar<float64>
         %2 = subtract(%0, %1)               # EncryptedTensor<float64, shape=(1, 2048, 7, 7)>
         %3 = 0.5169667966904179             # ClearScalar<float64>
         %4 = multiply(%3, %2)               # EncryptedTensor<float64, shape=(1, 2048, 7, 7)>
         %5 = 0                              # ClearScalar<uint1>
         %6 = maximum(%4, %5)                # EncryptedTensor<float64, shape=(1, 2048, 7, 7)>
         %7 = 1.3495085                      # ClearScalar<float32>
         %8 = divide(%6, %7)                 # EncryptedTensor<float64, shape=(1, 2048, 7, 7)>
         %9 = 0.0                            # ClearScalar<float32>
        %10 = add(%8, %9)                    # EncryptedTensor<float64, shape=(1, 2048, 7, 7)>
        %11 = 0.0                            # ClearScalar<float64>
        %12 = 15.0                           # ClearScalar<float64>
        %13 = clip(%10, %11, %12)            # EncryptedTensor<float64, shape=(1, 2048, 7, 7)>
        %14 = rint(%13)                      # EncryptedTensor<float64, shape=(1, 2048, 7, 7)>
        %15 = 0.0                            # ClearScalar<float32>
        %16 = subtract(%14, %15)             # EncryptedTensor<float64, shape=(1, 2048, 7, 7)>
        %17 = 1.3495085                      # ClearScalar<float32>
        %18 = multiply(%16, %17)             # EncryptedTensor<float64, shape=(1, 2048, 7, 7)>
        %19 = 1.34950852394104               # ClearScalar<float64>
        %20 = divide(%18, %19)               # EncryptedTensor<float64, shape=(1, 2048, 7, 7)>
        %21 = 0                              # ClearScalar<uint1>
        %22 = add(%20, %21)                  # EncryptedTensor<float64, shape=(1, 2048, 7, 7)>
        %23 = rint(%22)                      # EncryptedTensor<float64, shape=(1, 2048, 7, 7)>
        %24 = astype(%23, dtype=int_)        # EncryptedTensor<uint1, shape=(1, 2048, 7, 7)>
        return %24

    %383 = subgraph(%381):

         %0 = input                         # EncryptedTensor<uint1, shape=(1, 2048, 7, 7)>
         %1 = 0.0                           # ClearScalar<float64>
         %2 = subtract(%0, %1)              # EncryptedTensor<float64, shape=(1, 2048, 7, 7)>
         %3 = 1.1131154298782349            # ClearScalar<float64>
         %4 = multiply(%3, %2)              # EncryptedTensor<float64, shape=(1, 2048, 7, 7)>
         %5 = 0.60723449337867              # ClearScalar<float64>
         %6 = divide(%4, %5)                # EncryptedTensor<float64, shape=(1, 2048, 7, 7)>
         %7 = 0                             # ClearScalar<uint1>
         %8 = add(%6, %7)                   # EncryptedTensor<float64, shape=(1, 2048, 7, 7)>
         %9 = rint(%8)                      # EncryptedTensor<float64, shape=(1, 2048, 7, 7)>
        %10 = astype(%9, dtype=int_)        # EncryptedTensor<uint1, shape=(1, 2048, 7, 7)>
        return %10

    %384 = subgraph(%382):

         %0 = input                         # EncryptedTensor<uint1, shape=(1, 2048, 7, 7)>
         %1 = 0.0                           # ClearScalar<float64>
         %2 = subtract(%0, %1)              # EncryptedTensor<float64, shape=(1, 2048, 7, 7)>
         %3 = 1.34950852394104              # ClearScalar<float64>
         %4 = multiply(%3, %2)              # EncryptedTensor<float64, shape=(1, 2048, 7, 7)>
         %5 = 0.60723449337867              # ClearScalar<float64>
         %6 = divide(%4, %5)                # EncryptedTensor<float64, shape=(1, 2048, 7, 7)>
         %7 = 0                             # ClearScalar<uint1>
         %8 = add(%6, %7)                   # EncryptedTensor<float64, shape=(1, 2048, 7, 7)>
         %9 = rint(%8)                      # EncryptedTensor<float64, shape=(1, 2048, 7, 7)>
        %10 = astype(%9, dtype=int_)        # EncryptedTensor<uint1, shape=(1, 2048, 7, 7)>
        return %10

    %388 = subgraph(%387):

         %0 = input                          # EncryptedTensor<uint2, shape=(1, 2048, 7, 7)>
         %1 = 0.0                            # ClearScalar<float64>
         %2 = subtract(%0, %1)               # EncryptedTensor<float64, shape=(1, 2048, 7, 7)>
         %3 = 0.60723449337867               # ClearScalar<float64>
         %4 = multiply(%3, %2)               # EncryptedTensor<float64, shape=(1, 2048, 7, 7)>
         %5 = 0                              # ClearScalar<uint1>
         %6 = maximum(%4, %5)                # EncryptedTensor<float64, shape=(1, 2048, 7, 7)>
         %7 = 1.5128751                      # ClearScalar<float32>
         %8 = divide(%6, %7)                 # EncryptedTensor<float64, shape=(1, 2048, 7, 7)>
         %9 = 0.0                            # ClearScalar<float32>
        %10 = add(%8, %9)                    # EncryptedTensor<float64, shape=(1, 2048, 7, 7)>
        %11 = 0.0                            # ClearScalar<float64>
        %12 = 15.0                           # ClearScalar<float64>
        %13 = clip(%10, %11, %12)            # EncryptedTensor<float64, shape=(1, 2048, 7, 7)>
        %14 = rint(%13)                      # EncryptedTensor<float64, shape=(1, 2048, 7, 7)>
        %15 = 0.0                            # ClearScalar<float32>
        %16 = subtract(%14, %15)             # EncryptedTensor<float64, shape=(1, 2048, 7, 7)>
        %17 = 1.5128751                      # ClearScalar<float32>
        %18 = multiply(%16, %17)             # EncryptedTensor<float64, shape=(1, 2048, 7, 7)>
        %19 = 1.5128750801086426             # ClearScalar<float64>
        %20 = divide(%18, %19)               # EncryptedTensor<float64, shape=(1, 2048, 7, 7)>
        %21 = 0                              # ClearScalar<uint1>
        %22 = add(%20, %21)                  # EncryptedTensor<float64, shape=(1, 2048, 7, 7)>
        %23 = rint(%22)                      # EncryptedTensor<float64, shape=(1, 2048, 7, 7)>
        %24 = astype(%23, dtype=int_)        # EncryptedTensor<uint1, shape=(1, 2048, 7, 7)>
        return %24

    %391 = subgraph(%390):

         %0 = input                            # EncryptedTensor<uint1, shape=(1, 2048, 1, 1)>          @ /trunk/trunk.20/AveragePool.avgpool
         %1 = astype(%0, dtype=float64)        # EncryptedTensor<float64, shape=(1, 2048, 1, 1)>
         %2 = 0.04                             # ClearScalar<float64>
         %3 = multiply(%1, %2)                 # EncryptedTensor<float64, shape=(1, 2048, 1, 1)>
         %4 = 0                                # ClearScalar<uint1>
         %5 = subtract(%3, %4)                 # EncryptedTensor<float64, shape=(1, 2048, 1, 1)>
         %6 = 1.5128750801086426               # ClearScalar<float64>
         %7 = multiply(%5, %6)                 # EncryptedTensor<float64, shape=(1, 2048, 1, 1)>
         %8 = 0.42867228                       # ClearScalar<float32>
         %9 = divide(%7, %8)                   # EncryptedTensor<float64, shape=(1, 2048, 1, 1)>
        %10 = 0.0                              # ClearScalar<float32>
        %11 = add(%9, %10)                     # EncryptedTensor<float64, shape=(1, 2048, 1, 1)>
        %12 = -8.0                             # ClearScalar<float64>
        %13 = 7.0                              # ClearScalar<float64>
        %14 = clip(%11, %12, %13)              # EncryptedTensor<float64, shape=(1, 2048, 1, 1)>
        %15 = rint(%14)                        # EncryptedTensor<float64, shape=(1, 2048, 1, 1)>
        %16 = 0.0                              # ClearScalar<float32>
        %17 = subtract(%15, %16)               # EncryptedTensor<float64, shape=(1, 2048, 1, 1)>
        %18 = 0.42867228                       # ClearScalar<float32>
        %19 = multiply(%17, %18)               # EncryptedTensor<float64, shape=(1, 2048, 1, 1)>
        %20 = 0.42867228388786316              # ClearScalar<float64>
        %21 = divide(%19, %20)                 # EncryptedTensor<float64, shape=(1, 2048, 1, 1)>
        %22 = 0                                # ClearScalar<uint1>
        %23 = add(%21, %22)                    # EncryptedTensor<float64, shape=(1, 2048, 1, 1)>
        %24 = rint(%23)                        # EncryptedTensor<float64, shape=(1, 2048, 1, 1)>
        %25 = astype(%24, dtype=int_)          # EncryptedTensor<uint1, shape=(1, 2048, 1, 1)>
        return %25
--------------------------------------------------------------------------------

Optimizer
--------------------------------------------------------------------------------
### Optimizer display
--- Circuit
  14 bits integers
  7 manp (maxi log2 norm2)
--- User config
  1.000000e-02 error per pbs call
  1.000000e+00 error per circuit call
-- Solution correctness
  For each pbs call:  1/100, p_error (9.998409e-03)
  For the full circuit: 1/1 global_p_error(1.000000e+00)
--- Complexity for the full circuit
  2.500810e+10 Millions Operations
-- Circuit Solution
CircuitSolution {
    circuit_keys: CircuitKeys {
        secret_keys: [
            SecretLweKey {
                identifier: 0,
                polynomial_size: 256,
                glwe_dimension: 6,
                description: "big-secret[#0 : partitions [0]]",
            },
            SecretLweKey {
                identifier: 1,
                polynomial_size: 2048,
                glwe_dimension: 1,
                description: "big-secret[#1 : partitions [1]]",
            },
            SecretLweKey {
                identifier: 2,
                polynomial_size: 8192,
                glwe_dimension: 1,
                description: "big-secret[#2 : partitions [2]]",
            },
            SecretLweKey {
                identifier: 3,
                polynomial_size: 16384,
                glwe_dimension: 1,
                description: "big-secret[#3 : partitions [3]]",
            },
            SecretLweKey {
                identifier: 4,
                polynomial_size: 512,
                glwe_dimension: 1,
                description: "small-secret[#4 : partitions [4]]",
            },
            SecretLweKey {
                identifier: 5,
                polynomial_size: 885,
                glwe_dimension: 1,
                description: "small-secret[#5 : partitions [5]]",
            },
            SecretLweKey {
                identifier: 6,
                polynomial_size: 850,
                glwe_dimension: 1,
                description: "small-secret[#6 : partitions [6]]",
            },
            SecretLweKey {
                identifier: 7,
                polynomial_size: 821,
                glwe_dimension: 1,
                description: "small-secret[#7 : partitions [7]]",
            },
        ],
        keyswitch_keys: [
            KeySwitchKey {
                identifier: 0,
                input_key: SecretLweKey {
                    identifier: 0,
                    polynomial_size: 256,
                    glwe_dimension: 6,
                    description: "big-secret[#0 : partitions [0]]",
                },
                output_key: SecretLweKey {
                    identifier: 4,
                    polynomial_size: 512,
                    glwe_dimension: 1,
                    description: "small-secret[#4 : partitions [4]]",
                },
                ks_decomposition_parameter: KsDecompositionParameters {
                    level: 8,
                    log2_base: 1,
                },
                description: "ks[#0 : partitions [0] -> [4]]",
            },
            KeySwitchKey {
                identifier: 1,
                input_key: SecretLweKey {
                    identifier: 0,
                    polynomial_size: 256,
                    glwe_dimension: 6,
                    description: "big-secret[#0 : partitions [0]]",
                },
                output_key: SecretLweKey {
                    identifier: 6,
                    polynomial_size: 850,
                    glwe_dimension: 1,
                    description: "small-secret[#6 : partitions [6]]",
                },
                ks_decomposition_parameter: KsDecompositionParameters {
                    level: 4,
                    log2_base: 4,
                },
                description: "ks[#1 : partitions [0] -> [6]]",
            },
            KeySwitchKey {
                identifier: 2,
                input_key: SecretLweKey {
                    identifier: 0,
                    polynomial_size: 256,
                    glwe_dimension: 6,
                    description: "big-secret[#0 : partitions [0]]",
                },
                output_key: SecretLweKey {
                    identifier: 7,
                    polynomial_size: 821,
                    glwe_dimension: 1,
                    description: "small-secret[#7 : partitions [7]]",
                },
                ks_decomposition_parameter: KsDecompositionParameters {
                    level: 17,
                    log2_base: 1,
                },
                description: "ks[#2 : partitions [0] -> [7]]",
            },
            KeySwitchKey {
                identifier: 3,
                input_key: SecretLweKey {
                    identifier: 1,
                    polynomial_size: 2048,
                    glwe_dimension: 1,
                    description: "big-secret[#1 : partitions [1]]",
                },
                output_key: SecretLweKey {
                    identifier: 5,
                    polynomial_size: 885,
                    glwe_dimension: 1,
                    description: "small-secret[#5 : partitions [5]]",
                },
                ks_decomposition_parameter: KsDecompositionParameters {
                    level: 6,
                    log2_base: 3,
                },
                description: "ks[#3 : partitions [1] -> [5]]",
            },
            KeySwitchKey {
                identifier: 4,
                input_key: SecretLweKey {
                    identifier: 1,
                    polynomial_size: 2048,
                    glwe_dimension: 1,
                    description: "big-secret[#1 : partitions [1]]",
                },
                output_key: SecretLweKey {
                    identifier: 6,
                    polynomial_size: 850,
                    glwe_dimension: 1,
                    description: "small-secret[#6 : partitions [6]]",
                },
                ks_decomposition_parameter: KsDecompositionParameters {
                    level: 5,
                    log2_base: 3,
                },
                description: "ks[#4 : partitions [1] -> [6]]",
            },
            KeySwitchKey {
                identifier: 5,
                input_key: SecretLweKey {
                    identifier: 2,
                    polynomial_size: 8192,
                    glwe_dimension: 1,
                    description: "big-secret[#2 : partitions [2]]",
                },
                output_key: SecretLweKey {
                    identifier: 5,
                    polynomial_size: 885,
                    glwe_dimension: 1,
                    description: "small-secret[#5 : partitions [5]]",
                },
                ks_decomposition_parameter: KsDecompositionParameters {
                    level: 9,
                    log2_base: 2,
                },
                description: "ks[#5 : partitions [2] -> [5]]",
            },
            KeySwitchKey {
                identifier: 6,
                input_key: SecretLweKey {
                    identifier: 2,
                    polynomial_size: 8192,
                    glwe_dimension: 1,
                    description: "big-secret[#2 : partitions [2]]",
                },
                output_key: SecretLweKey {
                    identifier: 6,
                    polynomial_size: 850,
                    glwe_dimension: 1,
                    description: "small-secret[#6 : partitions [6]]",
                },
                ks_decomposition_parameter: KsDecompositionParameters {
                    level: 8,
                    log2_base: 2,
                },
                description: "ks[#6 : partitions [2] -> [6]]",
            },
            KeySwitchKey {
                identifier: 7,
                input_key: SecretLweKey {
                    identifier: 3,
                    polynomial_size: 16384,
                    glwe_dimension: 1,
                    description: "big-secret[#3 : partitions [3]]",
                },
                output_key: SecretLweKey {
                    identifier: 6,
                    polynomial_size: 850,
                    glwe_dimension: 1,
                    description: "small-secret[#6 : partitions [6]]",
                },
                ks_decomposition_parameter: KsDecompositionParameters {
                    level: 17,
                    log2_base: 1,
                },
                description: "ks[#7 : partitions [3] -> [6]]",
            },
        ],
        bootstrap_keys: [
            BootstrapKey {
                identifier: 0,
                input_key: SecretLweKey {
                    identifier: 4,
                    polynomial_size: 512,
                    glwe_dimension: 1,
                    description: "small-secret[#4 : partitions [4]]",
                },
                output_key: SecretLweKey {
                    identifier: 0,
                    polynomial_size: 256,
                    glwe_dimension: 6,
                    description: "big-secret[#0 : partitions [0]]",
                },
                br_decomposition_parameter: BrDecompositionParameters {
                    level: 3,
                    log2_base: 9,
                },
                description: "pbs[#0 : partitions [4] -> [0]]",
            },
            BootstrapKey {
                identifier: 1,
                input_key: SecretLweKey {
                    identifier: 5,
                    polynomial_size: 885,
                    glwe_dimension: 1,
                    description: "small-secret[#5 : partitions [5]]",
                },
                output_key: SecretLweKey {
                    identifier: 1,
                    polynomial_size: 2048,
                    glwe_dimension: 1,
                    description: "big-secret[#1 : partitions [1]]",
                },
                br_decomposition_parameter: BrDecompositionParameters {
                    level: 2,
                    log2_base: 15,
                },
                description: "pbs[#1 : partitions [5] -> [1]]",
            },
            BootstrapKey {
                identifier: 2,
                input_key: SecretLweKey {
                    identifier: 6,
                    polynomial_size: 850,
                    glwe_dimension: 1,
                    description: "small-secret[#6 : partitions [6]]",
                },
                output_key: SecretLweKey {
                    identifier: 2,
                    polynomial_size: 8192,
                    glwe_dimension: 1,
                    description: "big-secret[#2 : partitions [2]]",
                },
                br_decomposition_parameter: BrDecompositionParameters {
                    level: 4,
                    log2_base: 9,
                },
                description: "pbs[#2 : partitions [6] -> [2]]",
            },
            BootstrapKey {
                identifier: 3,
                input_key: SecretLweKey {
                    identifier: 7,
                    polynomial_size: 821,
                    glwe_dimension: 1,
                    description: "small-secret[#7 : partitions [7]]",
                },
                output_key: SecretLweKey {
                    identifier: 3,
                    polynomial_size: 16384,
                    glwe_dimension: 1,
                    description: "big-secret[#3 : partitions [3]]",
                },
                br_decomposition_parameter: BrDecompositionParameters {
                    level: 4,
                    log2_base: 9,
                },
                description: "pbs[#3 : partitions [7] -> [3]]",
            },
        ],
        conversion_keyswitch_keys: [
            ConversionKeySwitchKey {
                identifier: 0,
                input_key: SecretLweKey {
                    identifier: 1,
                    polynomial_size: 2048,
                    glwe_dimension: 1,
                    description: "big-secret[#1 : partitions [1]]",
                },
                output_key: SecretLweKey {
                    identifier: 0,
                    polynomial_size: 256,
                    glwe_dimension: 6,
                    description: "big-secret[#0 : partitions [0]]",
                },
                ks_decomposition_parameter: KsDecompositionParameters {
                    level: 3,
                    log2_base: 9,
                },
                fast_keyswitch: false,
                description: "fks[#0 : partitions [1] -> [0]]",
            },
            ConversionKeySwitchKey {
                identifier: 1,
                input_key: SecretLweKey {
                    identifier: 2,
                    polynomial_size: 8192,
                    glwe_dimension: 1,
                    description: "big-secret[#2 : partitions [2]]",
                },
                output_key: SecretLweKey {
                    identifier: 0,
                    polynomial_size: 256,
                    glwe_dimension: 6,
                    description: "big-secret[#0 : partitions [0]]",
                },
                ks_decomposition_parameter: KsDecompositionParameters {
                    level: 5,
                    log2_base: 6,
                },
                fast_keyswitch: false,
                description: "fks[#1 : partitions [2] -> [0]]",
            },
            ConversionKeySwitchKey {
                identifier: 2,
                input_key: SecretLweKey {
                    identifier: 2,
                    polynomial_size: 8192,
                    glwe_dimension: 1,
                    description: "big-secret[#2 : partitions [2]]",
                },
                output_key: SecretLweKey {
                    identifier: 1,
                    polynomial_size: 2048,
                    glwe_dimension: 1,
                    description: "big-secret[#1 : partitions [1]]",
                },
                ks_decomposition_parameter: KsDecompositionParameters {
                    level: 1,
                    log2_base: 25,
                },
                fast_keyswitch: false,
                description: "fks[#2 : partitions [2] -> [1]]",
            },
            ConversionKeySwitchKey {
                identifier: 3,
                input_key: SecretLweKey {
                    identifier: 3,
                    polynomial_size: 16384,
                    glwe_dimension: 1,
                    description: "big-secret[#3 : partitions [3]]",
                },
                output_key: SecretLweKey {
                    identifier: 0,
                    polynomial_size: 256,
                    glwe_dimension: 6,
                    description: "big-secret[#0 : partitions [0]]",
                },
                ks_decomposition_parameter: KsDecompositionParameters {
                    level: 7,
                    log2_base: 5,
                },
                fast_keyswitch: false,
                description: "fks[#3 : partitions [3] -> [0]]",
            },
            ConversionKeySwitchKey {
                identifier: 4,
                input_key: SecretLweKey {
                    identifier: 3,
                    polynomial_size: 16384,
                    glwe_dimension: 1,
                    description: "big-secret[#3 : partitions [3]]",
                },
                output_key: SecretLweKey {
                    identifier: 1,
                    polynomial_size: 2048,
                    glwe_dimension: 1,
                    description: "big-secret[#1 : partitions [1]]",
                },
                ks_decomposition_parameter: KsDecompositionParameters {
                    level: 1,
                    log2_base: 25,
                },
                fast_keyswitch: false,
                description: "fks[#4 : partitions [3] -> [1]]",
            },
            ConversionKeySwitchKey {
                identifier: 5,
                input_key: SecretLweKey {
                    identifier: 3,
                    polynomial_size: 16384,
                    glwe_dimension: 1,
                    description: "big-secret[#3 : partitions [3]]",
                },
                output_key: SecretLweKey {
                    identifier: 2,
                    polynomial_size: 8192,
                    glwe_dimension: 1,
                    description: "big-secret[#2 : partitions [2]]",
                },
                ks_decomposition_parameter: KsDecompositionParameters {
                    level: 1,
                    log2_base: 31,
                },
                fast_keyswitch: false,
                description: "fks[#5 : partitions [3] -> [2]]",
            },
        ],
        circuit_bootstrap_keys: [],
        private_functional_packing_keys: [],
    },
    instructions_keys: [],
    crt_decomposition: [],
    complexity: 2.500809868002765e16,
    p_error: 0.009998408980844536,
    global_p_error: 1.0,
    is_feasible: true,
    error_msg: "",
}###
--------------------------------------------------------------------------------

Statistics
--------------------------------------------------------------------------------
size_of_inputs: 1806336
size_of_outputs: 134234112
programmable_bootstrap_count: 55973376
programmable_bootstrap_count_per_parameter: {
    BootstrapKeyParam(polynomial_size=256, glwe_dimension=6, input_lwe_dimension=512, level=3, base_log=9, variance=7.040630965929754e-23): 35725312
    BootstrapKeyParam(polynomial_size=8192, glwe_dimension=1, input_lwe_dimension=850, level=4, base_log=9, variance=4.70197740328915e-38): 10237952
    BootstrapKeyParam(polynomial_size=16384, glwe_dimension=1, input_lwe_dimension=821, level=4, base_log=9, variance=4.70197740328915e-38): 3587584
    BootstrapKeyParam(polynomial_size=2048, glwe_dimension=1, input_lwe_dimension=885, level=2, base_log=15, variance=8.442253112932959e-31): 6422528
}
key_switch_count: 69094400
key_switch_count_per_parameter: {
    KeyswitchKeyParam(level=8, base_log=1, variance=4.896863592478985e-07): 35725312
    KeyswitchKeyParam(level=4, base_log=4, variance=2.88881151125747e-12): 6924288
    KeyswitchKeyParam(level=5, base_log=6, variance=7.040630965929754e-23): 3913728
    KeyswitchKeyParam(level=17, base_log=1, variance=8.116677204338625e-12): 3587584
    KeyswitchKeyParam(level=7, base_log=5, variance=7.040630965929754e-23): 1379840
    KeyswitchKeyParam(level=9, base_log=2, variance=8.302982510100098e-13): 3612672
    KeyswitchKeyParam(level=3, base_log=9, variance=7.040630965929754e-23): 3813376
    KeyswitchKeyParam(level=1, base_log=25, variance=8.442253112932959e-31): 2609152
    KeyswitchKeyParam(level=6, base_log=3, variance=8.302982510100098e-13): 2809856
    KeyswitchKeyParam(level=1, base_log=31, variance=4.70197740328915e-38): 1404928
    KeyswitchKeyParam(level=5, base_log=3, variance=2.88881151125747e-12): 1204224
    KeyswitchKeyParam(level=8, base_log=2, variance=2.88881151125747e-12): 1908736
    KeyswitchKeyParam(level=17, base_log=1, variance=2.88881151125747e-12): 200704
}
packing_key_switch_count: 0
clear_addition_count: 102208512
clear_addition_count_per_parameter: {
    LweSecretKeyParam(dimension=1536): 92474368
    LweSecretKeyParam(dimension=8192): 5519360
    LweSecretKeyParam(dimension=2048): 4014080
    LweSecretKeyParam(dimension=16384): 200704
}
encrypted_addition_count: 4120041472
encrypted_addition_count_per_parameter: {
    LweSecretKeyParam(dimension=1536): 4009664512
    LweSecretKeyParam(dimension=8192): 107667456
    LweSecretKeyParam(dimension=2048): 2609152
    LweSecretKeyParam(dimension=16384): 100352
}
clear_multiplication_count: 4114522112
clear_multiplication_count_per_parameter: {
    LweSecretKeyParam(dimension=1536): 4009664512
    LweSecretKeyParam(dimension=8192): 104857600
}
encrypted_negation_count: 35725312
encrypted_negation_count_per_parameter: {
    LweSecretKeyParam(dimension=1536): 35725312
}
memory_usage_per_location: {
    loc("/home/zhiyong/miniconda3/envs/dct-cryptonets/lib/python3.9/site-packages/concrete/ml/onnx/onnx_impl_utils.py":55:0): 15924598784
    loc("/home/zhiyong/miniconda3/envs/dct-cryptonets/lib/python3.9/site-packages/concrete/ml/onnx/onnx_impl_utils.py":66:0): 50424223744
    loc("/home/zhiyong/miniconda3/envs/dct-cryptonets/lib/python3.9/site-packages/concrete/ml/quantization/quantized_ops.py":1699:0): 134234112
    loc("/home/zhiyong/miniconda3/envs/dct-cryptonets/lib/python3.9/site-packages/concrete/ml/quantization/quantized_ops.py":594:0): 408455774336
    loc("/home/zhiyong/miniconda3/envs/dct-cryptonets/lib/python3.9/site-packages/concrete/ml/quantization/quantizers.py":774:0): 763517112624
    loc("@/trunk/trunk.1/Conv.conv | /home/zhiyong/miniconda3/envs/dct-cryptonets/lib/python3.9/site-packages/concrete/ml/quantization/quantized_ops.py":891:0): 3393316360
    loc("@/trunk/trunk.1/Conv.conv_rounding | /home/zhiyong/miniconda3/envs/dct-cryptonets/lib/python3.9/site-packages/concrete/ml/quantization/base_quantized_op.py":1015:0): 4935804992
    loc("@/trunk/trunk.10/C1/Conv.conv | /home/zhiyong/miniconda3/envs/dct-cryptonets/lib/python3.9/site-packages/concrete/ml/quantization/quantized_ops.py":891:0): 11105431560
    loc("@/trunk/trunk.10/C1/Conv.conv_rounding | /home/zhiyong/miniconda3/envs/dct-cryptonets/lib/python3.9/site-packages/concrete/ml/quantization/base_quantized_op.py":1015:0): 2468188392
    loc("@/trunk/trunk.10/C2/Conv.conv | /home/zhiyong/miniconda3/envs/dct-cryptonets/lib/python3.9/site-packages/concrete/ml/quantization/quantized_ops.py":891:0): 4067086344
    loc("@/trunk/trunk.10/C2/Conv.conv_rounding | /home/zhiyong/miniconda3/envs/dct-cryptonets/lib/python3.9/site-packages/concrete/ml/quantization/base_quantized_op.py":1015:0): 2468268320
    loc("@/trunk/trunk.10/C3/Conv.conv | /home/zhiyong/miniconda3/envs/dct-cryptonets/lib/python3.9/site-packages/concrete/ml/quantization/quantized_ops.py":891:0): 7403646984
    loc("@/trunk/trunk.10/C3/Conv.conv_rounding | /home/zhiyong/miniconda3/envs/dct-cryptonets/lib/python3.9/site-packages/concrete/ml/quantization/base_quantized_op.py":1015:0): 9871677616
    loc("@/trunk/trunk.11/C1/Conv.conv | /home/zhiyong/miniconda3/envs/dct-cryptonets/lib/python3.9/site-packages/concrete/ml/quantization/quantized_ops.py":891:0): 12339425288
    loc("@/trunk/trunk.11/C1/Conv.conv_rounding | /home/zhiyong/miniconda3/envs/dct-cryptonets/lib/python3.9/site-packages/concrete/ml/quantization/base_quantized_op.py":1015:0): 4936044776
    loc("@/trunk/trunk.11/C2/Conv.conv | /home/zhiyong/miniconda3/envs/dct-cryptonets/lib/python3.9/site-packages/concrete/ml/quantization/quantized_ops.py":891:0): 6283563016
    loc("@/trunk/trunk.11/C2/Conv.conv_rounding | /home/zhiyong/miniconda3/envs/dct-cryptonets/lib/python3.9/site-packages/concrete/ml/quantization/base_quantized_op.py":1015:0): 1234340128
    loc("@/trunk/trunk.11/C3/Conv.conv | /home/zhiyong/miniconda3/envs/dct-cryptonets/lib/python3.9/site-packages/concrete/ml/quantization/quantized_ops.py":891:0): 3702059016
    loc("@/trunk/trunk.11/C3/Conv.conv_rounding | /home/zhiyong/miniconda3/envs/dct-cryptonets/lib/python3.9/site-packages/concrete/ml/quantization/base_quantized_op.py":1015:0): 4935964848
    loc("@/trunk/trunk.11/shortcut/Conv.conv | /home/zhiyong/miniconda3/envs/dct-cryptonets/lib/python3.9/site-packages/concrete/ml/quantization/quantized_ops.py":891:0): 7404105736
    loc("@/trunk/trunk.11/shortcut/Conv.conv_rounding | /home/zhiyong/miniconda3/envs/dct-cryptonets/lib/python3.9/site-packages/concrete/ml/quantization/base_quantized_op.py":1015:0): 4936044776
    loc("@/trunk/trunk.12/C1/Conv.conv | /home/zhiyong/miniconda3/envs/dct-cryptonets/lib/python3.9/site-packages/concrete/ml/quantization/quantized_ops.py":891:0): 5552951304
    loc("@/trunk/trunk.12/C1/Conv.conv_rounding | /home/zhiyong/miniconda3/envs/dct-cryptonets/lib/python3.9/site-packages/concrete/ml/quantization/base_quantized_op.py":1015:0): 1234260200
    loc("@/trunk/trunk.12/C2/Conv.conv | /home/zhiyong/miniconda3/envs/dct-cryptonets/lib/python3.9/site-packages/concrete/ml/quantization/quantized_ops.py":891:0): 2229227528
    loc("@/trunk/trunk.12/C2/Conv.conv_rounding | /home/zhiyong/miniconda3/envs/dct-cryptonets/lib/python3.9/site-packages/concrete/ml/quantization/base_quantized_op.py":1015:0): 1234340128
    loc("@/trunk/trunk.12/C3/Conv.conv | /home/zhiyong/miniconda3/envs/dct-cryptonets/lib/python3.9/site-packages/concrete/ml/quantization/quantized_ops.py":891:0): 3702059016
    loc("@/trunk/trunk.12/C3/Conv.conv_rounding | /home/zhiyong/miniconda3/envs/dct-cryptonets/lib/python3.9/site-packages/concrete/ml/quantization/base_quantized_op.py":1015:0): 4935964848
    loc("@/trunk/trunk.13/C1/Conv.conv | /home/zhiyong/miniconda3/envs/dct-cryptonets/lib/python3.9/site-packages/concrete/ml/quantization/quantized_ops.py":891:0): 5552951304
    loc("@/trunk/trunk.13/C1/Conv.conv_rounding | /home/zhiyong/miniconda3/envs/dct-cryptonets/lib/python3.9/site-packages/concrete/ml/quantization/base_quantized_op.py":1015:0): 1234260200
    loc("@/trunk/trunk.13/C2/Conv.conv | /home/zhiyong/miniconda3/envs/dct-cryptonets/lib/python3.9/site-packages/concrete/ml/quantization/quantized_ops.py":891:0): 2229227528
    loc("@/trunk/trunk.13/C2/Conv.conv_rounding | /home/zhiyong/miniconda3/envs/dct-cryptonets/lib/python3.9/site-packages/concrete/ml/quantization/base_quantized_op.py":1015:0): 1234340128
    loc("@/trunk/trunk.13/C3/Conv.conv | /home/zhiyong/miniconda3/envs/dct-cryptonets/lib/python3.9/site-packages/concrete/ml/quantization/quantized_ops.py":891:0): 3702059016
    loc("@/trunk/trunk.13/C3/Conv.conv_rounding | /home/zhiyong/miniconda3/envs/dct-cryptonets/lib/python3.9/site-packages/concrete/ml/quantization/base_quantized_op.py":1015:0): 4935964848
    loc("@/trunk/trunk.14/C1/Conv.conv | /home/zhiyong/miniconda3/envs/dct-cryptonets/lib/python3.9/site-packages/concrete/ml/quantization/quantized_ops.py":891:0): 5552951304
    loc("@/trunk/trunk.14/C1/Conv.conv_rounding | /home/zhiyong/miniconda3/envs/dct-cryptonets/lib/python3.9/site-packages/concrete/ml/quantization/base_quantized_op.py":1015:0): 1234260200
    loc("@/trunk/trunk.14/C2/Conv.conv | /home/zhiyong/miniconda3/envs/dct-cryptonets/lib/python3.9/site-packages/concrete/ml/quantization/quantized_ops.py":891:0): 2229227528
    loc("@/trunk/trunk.14/C2/Conv.conv_rounding | /home/zhiyong/miniconda3/envs/dct-cryptonets/lib/python3.9/site-packages/concrete/ml/quantization/base_quantized_op.py":1015:0): 1234340128
    loc("@/trunk/trunk.14/C3/Conv.conv | /home/zhiyong/miniconda3/envs/dct-cryptonets/lib/python3.9/site-packages/concrete/ml/quantization/quantized_ops.py":891:0): 3702059016
    loc("@/trunk/trunk.14/C3/Conv.conv_rounding | /home/zhiyong/miniconda3/envs/dct-cryptonets/lib/python3.9/site-packages/concrete/ml/quantization/base_quantized_op.py":1015:0): 4935964848
    loc("@/trunk/trunk.15/C1/Conv.conv | /home/zhiyong/miniconda3/envs/dct-cryptonets/lib/python3.9/site-packages/concrete/ml/quantization/quantized_ops.py":891:0): 5552951304
    loc("@/trunk/trunk.15/C1/Conv.conv_rounding | /home/zhiyong/miniconda3/envs/dct-cryptonets/lib/python3.9/site-packages/concrete/ml/quantization/base_quantized_op.py":1015:0): 1234260200
    loc("@/trunk/trunk.15/C2/Conv.conv | /home/zhiyong/miniconda3/envs/dct-cryptonets/lib/python3.9/site-packages/concrete/ml/quantization/quantized_ops.py":891:0): 2229227528
    loc("@/trunk/trunk.15/C2/Conv.conv_rounding | /home/zhiyong/miniconda3/envs/dct-cryptonets/lib/python3.9/site-packages/concrete/ml/quantization/base_quantized_op.py":1015:0): 1234340128
    loc("@/trunk/trunk.15/C3/Conv.conv | /home/zhiyong/miniconda3/envs/dct-cryptonets/lib/python3.9/site-packages/concrete/ml/quantization/quantized_ops.py":891:0): 3702059016
    loc("@/trunk/trunk.15/C3/Conv.conv_rounding | /home/zhiyong/miniconda3/envs/dct-cryptonets/lib/python3.9/site-packages/concrete/ml/quantization/base_quantized_op.py":1015:0): 4935964848
    loc("@/trunk/trunk.16/C1/Conv.conv | /home/zhiyong/miniconda3/envs/dct-cryptonets/lib/python3.9/site-packages/concrete/ml/quantization/quantized_ops.py":891:0): 5552951304
    loc("@/trunk/trunk.16/C1/Conv.conv_rounding | /home/zhiyong/miniconda3/envs/dct-cryptonets/lib/python3.9/site-packages/concrete/ml/quantization/base_quantized_op.py":1015:0): 1234180272
    loc("@/trunk/trunk.16/C2/Conv.conv | /home/zhiyong/miniconda3/envs/dct-cryptonets/lib/python3.9/site-packages/concrete/ml/quantization/quantized_ops.py":891:0): 2229227528
    loc("@/trunk/trunk.16/C2/Conv.conv_rounding | /home/zhiyong/miniconda3/envs/dct-cryptonets/lib/python3.9/site-packages/concrete/ml/quantization/base_quantized_op.py":1015:0): 1234340128
    loc("@/trunk/trunk.16/C3/Conv.conv | /home/zhiyong/miniconda3/envs/dct-cryptonets/lib/python3.9/site-packages/concrete/ml/quantization/quantized_ops.py":891:0): 3702059016
    loc("@/trunk/trunk.16/C3/Conv.conv_rounding | /home/zhiyong/miniconda3/envs/dct-cryptonets/lib/python3.9/site-packages/concrete/ml/quantization/base_quantized_op.py":1015:0): 4935964848
    loc("@/trunk/trunk.17/C1/Conv.conv | /home/zhiyong/miniconda3/envs/dct-cryptonets/lib/python3.9/site-packages/concrete/ml/quantization/quantized_ops.py":891:0): 6170177544
    loc("@/trunk/trunk.17/C1/Conv.conv_rounding | /home/zhiyong/miniconda3/envs/dct-cryptonets/lib/python3.9/site-packages/concrete/ml/quantization/base_quantized_op.py":1015:0): 2468188392
    loc("@/trunk/trunk.17/C2/Conv.conv | /home/zhiyong/miniconda3/envs/dct-cryptonets/lib/python3.9/site-packages/concrete/ml/quantization/quantized_ops.py":891:0): 3534176264
    loc("@/trunk/trunk.17/C2/Conv.conv_rounding | /home/zhiyong/miniconda3/envs/dct-cryptonets/lib/python3.9/site-packages/concrete/ml/quantization/base_quantized_op.py":1015:0): 617455960
    loc("@/trunk/trunk.17/C3/Conv.conv | /home/zhiyong/miniconda3/envs/dct-cryptonets/lib/python3.9/site-packages/concrete/ml/quantization/quantized_ops.py":891:0): 1851953160
    loc("@/trunk/trunk.17/C3/Conv.conv_rounding | /home/zhiyong/miniconda3/envs/dct-cryptonets/lib/python3.9/site-packages/concrete/ml/quantization/base_quantized_op.py":1015:0): 2468268320
    loc("@/trunk/trunk.17/shortcut/Conv.conv | /home/zhiyong/miniconda3/envs/dct-cryptonets/lib/python3.9/site-packages/concrete/ml/quantization/quantized_ops.py":891:0): 6171750408
    loc("@/trunk/trunk.17/shortcut/Conv.conv_rounding | /home/zhiyong/miniconda3/envs/dct-cryptonets/lib/python3.9/site-packages/concrete/ml/quantization/base_quantized_op.py":1015:0): 2468268320
    loc("@/trunk/trunk.18/C1/Conv.conv | /home/zhiyong/miniconda3/envs/dct-cryptonets/lib/python3.9/site-packages/concrete/ml/quantization/quantized_ops.py":891:0): 2777399304
    loc("@/trunk/trunk.18/C1/Conv.conv_rounding | /home/zhiyong/miniconda3/envs/dct-cryptonets/lib/python3.9/site-packages/concrete/ml/quantization/base_quantized_op.py":1015:0): 617296104
    loc("@/trunk/trunk.18/C2/Conv.conv | /home/zhiyong/miniconda3/envs/dct-cryptonets/lib/python3.9/site-packages/concrete/ml/quantization/quantized_ops.py":891:0): 1330733064
    loc("@/trunk/trunk.18/C2/Conv.conv_rounding | /home/zhiyong/miniconda3/envs/dct-cryptonets/lib/python3.9/site-packages/concrete/ml/quantization/base_quantized_op.py":1015:0): 617455960
    loc("@/trunk/trunk.18/C3/Conv.conv | /home/zhiyong/miniconda3/envs/dct-cryptonets/lib/python3.9/site-packages/concrete/ml/quantization/quantized_ops.py":891:0): 1851953160
    loc("@/trunk/trunk.18/C3/Conv.conv_rounding | /home/zhiyong/miniconda3/envs/dct-cryptonets/lib/python3.9/site-packages/concrete/ml/quantization/base_quantized_op.py":1015:0): 2468268320
    loc("@/trunk/trunk.19/C1/Conv.conv | /home/zhiyong/miniconda3/envs/dct-cryptonets/lib/python3.9/site-packages/concrete/ml/quantization/quantized_ops.py":891:0): 2777399304
    loc("@/trunk/trunk.19/C1/Conv.conv_rounding | /home/zhiyong/miniconda3/envs/dct-cryptonets/lib/python3.9/site-packages/concrete/ml/quantization/base_quantized_op.py":1015:0): 617296104
    loc("@/trunk/trunk.19/C2/Conv.conv | /home/zhiyong/miniconda3/envs/dct-cryptonets/lib/python3.9/site-packages/concrete/ml/quantization/quantized_ops.py":891:0): 1330733064
    loc("@/trunk/trunk.19/C2/Conv.conv_rounding | /home/zhiyong/miniconda3/envs/dct-cryptonets/lib/python3.9/site-packages/concrete/ml/quantization/base_quantized_op.py":1015:0): 617455960
    loc("@/trunk/trunk.19/C3/Conv.conv | /home/zhiyong/miniconda3/envs/dct-cryptonets/lib/python3.9/site-packages/concrete/ml/quantization/quantized_ops.py":891:0): 1851953160
    loc("@/trunk/trunk.19/C3/Conv.conv_rounding | /home/zhiyong/miniconda3/envs/dct-cryptonets/lib/python3.9/site-packages/concrete/ml/quantization/base_quantized_op.py":1015:0): 2468188392
    loc("@/trunk/trunk.20/AveragePool.avgpool | /home/zhiyong/miniconda3/envs/dct-cryptonets/lib/python3.9/site-packages/concrete/ml/quantization/quantized_ops.py":1157:0): 6816628744
    loc("@/trunk/trunk.4/C1/Conv.conv | /home/zhiyong/miniconda3/envs/dct-cryptonets/lib/python3.9/site-packages/concrete/ml/quantization/quantized_ops.py":891:0): 4935729160
    loc("@/trunk/trunk.4/C1/Conv.conv_rounding | /home/zhiyong/miniconda3/envs/dct-cryptonets/lib/python3.9/site-packages/concrete/ml/quantization/base_quantized_op.py":1015:0): 4935884920
    loc("@/trunk/trunk.4/C2/Conv.conv | /home/zhiyong/miniconda3/envs/dct-cryptonets/lib/python3.9/site-packages/concrete/ml/quantization/quantized_ops.py":891:0): 7762464776
    loc("@/trunk/trunk.4/C2/Conv.conv_rounding | /home/zhiyong/miniconda3/envs/dct-cryptonets/lib/python3.9/site-packages/concrete/ml/quantization/base_quantized_op.py":1015:0): 4936124704
    loc("@/trunk/trunk.4/C3/Conv.conv | /home/zhiyong/miniconda3/envs/dct-cryptonets/lib/python3.9/site-packages/concrete/ml/quantization/quantized_ops.py":891:0): 14807166984
    loc("@/trunk/trunk.4/C3/Conv.conv_rounding | /home/zhiyong/miniconda3/envs/dct-cryptonets/lib/python3.9/site-packages/concrete/ml/quantization/base_quantized_op.py":1015:0): 19743103152
    loc("@/trunk/trunk.4/shortcut/Conv.conv | /home/zhiyong/miniconda3/envs/dct-cryptonets/lib/python3.9/site-packages/concrete/ml/quantization/quantized_ops.py":891:0): 12339310600
    loc("@/trunk/trunk.4/shortcut/Conv.conv_rounding | /home/zhiyong/miniconda3/envs/dct-cryptonets/lib/python3.9/site-packages/concrete/ml/quantization/base_quantized_op.py":1015:0): 19743103152
    loc("@/trunk/trunk.5/C1/Conv.conv | /home/zhiyong/miniconda3/envs/dct-cryptonets/lib/python3.9/site-packages/concrete/ml/quantization/quantized_ops.py":891:0): 22210736136
    loc("@/trunk/trunk.5/C1/Conv.conv_rounding | /home/zhiyong/miniconda3/envs/dct-cryptonets/lib/python3.9/site-packages/concrete/ml/quantization/base_quantized_op.py":1015:0): 4936044776
    loc("@/trunk/trunk.5/C2/Conv.conv | /home/zhiyong/miniconda3/envs/dct-cryptonets/lib/python3.9/site-packages/concrete/ml/quantization/quantized_ops.py":891:0): 7762464776
    loc("@/trunk/trunk.5/C2/Conv.conv_rounding | /home/zhiyong/miniconda3/envs/dct-cryptonets/lib/python3.9/site-packages/concrete/ml/quantization/base_quantized_op.py":1015:0): 4936044776
    loc("@/trunk/trunk.5/C3/Conv.conv | /home/zhiyong/miniconda3/envs/dct-cryptonets/lib/python3.9/site-packages/concrete/ml/quantization/quantized_ops.py":891:0): 14807166984
    loc("@/trunk/trunk.5/C3/Conv.conv_rounding | /home/zhiyong/miniconda3/envs/dct-cryptonets/lib/python3.9/site-packages/concrete/ml/quantization/base_quantized_op.py":1015:0): 19743103152
    loc("@/trunk/trunk.6/C1/Conv.conv | /home/zhiyong/miniconda3/envs/dct-cryptonets/lib/python3.9/site-packages/concrete/ml/quantization/quantized_ops.py":891:0): 22210736136
    loc("@/trunk/trunk.6/C1/Conv.conv_rounding | /home/zhiyong/miniconda3/envs/dct-cryptonets/lib/python3.9/site-packages/concrete/ml/quantization/base_quantized_op.py":1015:0): 4935964848
    loc("@/trunk/trunk.6/C2/Conv.conv | /home/zhiyong/miniconda3/envs/dct-cryptonets/lib/python3.9/site-packages/concrete/ml/quantization/quantized_ops.py":891:0): 7762464776
    loc("@/trunk/trunk.6/C2/Conv.conv_rounding | /home/zhiyong/miniconda3/envs/dct-cryptonets/lib/python3.9/site-packages/concrete/ml/quantization/base_quantized_op.py":1015:0): 4936044776
    loc("@/trunk/trunk.6/C3/Conv.conv | /home/zhiyong/miniconda3/envs/dct-cryptonets/lib/python3.9/site-packages/concrete/ml/quantization/quantized_ops.py":891:0): 14807166984
    loc("@/trunk/trunk.6/C3/Conv.conv_rounding | /home/zhiyong/miniconda3/envs/dct-cryptonets/lib/python3.9/site-packages/concrete/ml/quantization/base_quantized_op.py":1015:0): 19743103152
    loc("@/trunk/trunk.7/C1/Conv.conv | /home/zhiyong/miniconda3/envs/dct-cryptonets/lib/python3.9/site-packages/concrete/ml/quantization/quantized_ops.py":891:0): 24678608904
    loc("@/trunk/trunk.7/C1/Conv.conv_rounding | /home/zhiyong/miniconda3/envs/dct-cryptonets/lib/python3.9/site-packages/concrete/ml/quantization/base_quantized_op.py":1015:0): 9871757544
    loc("@/trunk/trunk.7/C2/Conv.conv | /home/zhiyong/miniconda3/envs/dct-cryptonets/lib/python3.9/site-packages/concrete/ml/quantization/quantized_ops.py":891:0): 11823206408
    loc("@/trunk/trunk.7/C2/Conv.conv_rounding | /home/zhiyong/miniconda3/envs/dct-cryptonets/lib/python3.9/site-packages/concrete/ml/quantization/base_quantized_op.py":1015:0): 2468268320
    loc("@/trunk/trunk.7/C3/Conv.conv | /home/zhiyong/miniconda3/envs/dct-cryptonets/lib/python3.9/site-packages/concrete/ml/quantization/quantized_ops.py":891:0): 7403646984
    loc("@/trunk/trunk.7/C3/Conv.conv_rounding | /home/zhiyong/miniconda3/envs/dct-cryptonets/lib/python3.9/site-packages/concrete/ml/quantization/base_quantized_op.py":1015:0): 9871677616
    loc("@/trunk/trunk.7/shortcut/Conv.conv | /home/zhiyong/miniconda3/envs/dct-cryptonets/lib/python3.9/site-packages/concrete/ml/quantization/quantized_ops.py":891:0): 14807281672
    loc("@/trunk/trunk.7/shortcut/Conv.conv_rounding | /home/zhiyong/miniconda3/envs/dct-cryptonets/lib/python3.9/site-packages/concrete/ml/quantization/base_quantized_op.py":1015:0): 9871677616
    loc("@/trunk/trunk.8/C1/Conv.conv | /home/zhiyong/miniconda3/envs/dct-cryptonets/lib/python3.9/site-packages/concrete/ml/quantization/quantized_ops.py":891:0): 11105431560
    loc("@/trunk/trunk.8/C1/Conv.conv_rounding | /home/zhiyong/miniconda3/envs/dct-cryptonets/lib/python3.9/site-packages/concrete/ml/quantization/base_quantized_op.py":1015:0): 2468188392
    loc("@/trunk/trunk.8/C2/Conv.conv | /home/zhiyong/miniconda3/envs/dct-cryptonets/lib/python3.9/site-packages/concrete/ml/quantization/quantized_ops.py":891:0): 4067086344
    loc("@/trunk/trunk.8/C2/Conv.conv_rounding | /home/zhiyong/miniconda3/envs/dct-cryptonets/lib/python3.9/site-packages/concrete/ml/quantization/base_quantized_op.py":1015:0): 2468268320
    loc("@/trunk/trunk.8/C3/Conv.conv | /home/zhiyong/miniconda3/envs/dct-cryptonets/lib/python3.9/site-packages/concrete/ml/quantization/quantized_ops.py":891:0): 7403646984
    loc("@/trunk/trunk.8/C3/Conv.conv_rounding | /home/zhiyong/miniconda3/envs/dct-cryptonets/lib/python3.9/site-packages/concrete/ml/quantization/base_quantized_op.py":1015:0): 9871677616
    loc("@/trunk/trunk.9/C1/Conv.conv | /home/zhiyong/miniconda3/envs/dct-cryptonets/lib/python3.9/site-packages/concrete/ml/quantization/quantized_ops.py":891:0): 11105431560
    loc("@/trunk/trunk.9/C1/Conv.conv_rounding | /home/zhiyong/miniconda3/envs/dct-cryptonets/lib/python3.9/site-packages/concrete/ml/quantization/base_quantized_op.py":1015:0): 2468188392
    loc("@/trunk/trunk.9/C2/Conv.conv | /home/zhiyong/miniconda3/envs/dct-cryptonets/lib/python3.9/site-packages/concrete/ml/quantization/quantized_ops.py":891:0): 4067086344
    loc("@/trunk/trunk.9/C2/Conv.conv_rounding | /home/zhiyong/miniconda3/envs/dct-cryptonets/lib/python3.9/site-packages/concrete/ml/quantization/base_quantized_op.py":1015:0): 2468268320
    loc("@/trunk/trunk.9/C3/Conv.conv | /home/zhiyong/miniconda3/envs/dct-cryptonets/lib/python3.9/site-packages/concrete/ml/quantization/quantized_ops.py":891:0): 7403646984
    loc("@/trunk/trunk.9/C3/Conv.conv_rounding | /home/zhiyong/miniconda3/envs/dct-cryptonets/lib/python3.9/site-packages/concrete/ml/quantization/base_quantized_op.py":1015:0): 9871677616
    loc(unknown): 252540734304
}
size_of_secret_keys: 249824
size_of_bootstrap_keys: 3653894144
size_of_keyswitch_keys: 6751870976
p_error: 0.009998408980844536
global_p_error: 1.0
complexity: 2.500809868002765e+16
--------------------------------------------------------------------------------

Time for FHE compilation 851.93
Max bit-width: 14 bits -> it works in FHE!!
Keygen time: 14.32s

Running UNENCRYPTED model on a subset of 200 images...
  0%|          | 0/4 [00:00<?, ?it/s] 25%|██▌       | 1/4 [00:00<00:02,  1.38it/s] 50%|█████     | 2/4 [00:01<00:01,  1.43it/s] 75%|███████▌  | 3/4 [00:02<00:00,  1.44it/s]100%|██████████| 4/4 [00:02<00:00,  1.46it/s]100%|██████████| 4/4 [00:02<00:00,  1.45it/s]
  0%|          | 0/4 [00:00<?, ?it/s] 25%|██▌       | 1/4 [00:00<00:01,  1.51it/s] 50%|█████     | 2/4 [00:01<00:01,  1.45it/s] 75%|███████▌  | 3/4 [00:02<00:00,  1.46it/s]100%|██████████| 4/4 [00:02<00:00,  1.51it/s]100%|██████████| 4/4 [00:02<00:00,  1.50it/s]
[Validation] Top-1 Acc: 100.000% | Top-5 Acc: 0.000% | Avg. Loss: 0.004 | F1: 100.000%
[Test] Top-1 Acc: 100.000% | Top-5 Acc: 0.000% | Avg. Loss: 0.004 | F1: 100.000%

Running ENCRYPTED validation inference in SIMULATE mode on a subset of 200 images...
  0%|          | 0/4 [00:00<?, ?it/s]### Optimizer display
--- Circuit
  14 bits integers
  7 manp (maxi log2 norm2)
--- User config
  1.000000e-02 error per pbs call
  1.000000e+00 error per circuit call
-- Solution correctness
  For each pbs call:  1/100, p_error (9.998409e-03)
  For the full circuit: 1/1 global_p_error(1.000000e+00)
--- Complexity for the full circuit
  2.500810e+10 Millions Operations
-- Circuit Solution
CircuitSolution {
    circuit_keys: CircuitKeys {
        secret_keys: [
            SecretLweKey {
                identifier: 0,
                polynomial_size: 256,
                glwe_dimension: 6,
                description: "big-secret[#0 : partitions [0]]",
            },
            SecretLweKey {
                identifier: 1,
                polynomial_size: 2048,
                glwe_dimension: 1,
                description: "big-secret[#1 : partitions [1]]",
            },
            SecretLweKey {
                identifier: 2,
                polynomial_size: 8192,
                glwe_dimension: 1,
                description: "big-secret[#2 : partitions [2]]",
            },
            SecretLweKey {
                identifier: 3,
                polynomial_size: 16384,
                glwe_dimension: 1,
                description: "big-secret[#3 : partitions [3]]",
            },
            SecretLweKey {
                identifier: 4,
                polynomial_size: 512,
                glwe_dimension: 1,
                description: "small-secret[#4 : partitions [4]]",
            },
            SecretLweKey {
                identifier: 5,
                polynomial_size: 885,
                glwe_dimension: 1,
                description: "small-secret[#5 : partitions [5]]",
            },
            SecretLweKey {
                identifier: 6,
                polynomial_size: 850,
                glwe_dimension: 1,
                description: "small-secret[#6 : partitions [6]]",
            },
            SecretLweKey {
                identifier: 7,
                polynomial_size: 821,
                glwe_dimension: 1,
                description: "small-secret[#7 : partitions [7]]",
            },
        ],
        keyswitch_keys: [
            KeySwitchKey {
                identifier: 0,
                input_key: SecretLweKey {
                    identifier: 0,
                    polynomial_size: 256,
                    glwe_dimension: 6,
                    description: "big-secret[#0 : partitions [0]]",
                },
                output_key: SecretLweKey {
                    identifier: 4,
                    polynomial_size: 512,
                    glwe_dimension: 1,
                    description: "small-secret[#4 : partitions [4]]",
                },
                ks_decomposition_parameter: KsDecompositionParameters {
                    level: 8,
                    log2_base: 1,
                },
                description: "ks[#0 : partitions [0] -> [4]]",
            },
            KeySwitchKey {
                identifier: 1,
                input_key: SecretLweKey {
                    identifier: 0,
                    polynomial_size: 256,
                    glwe_dimension: 6,
                    description: "big-secret[#0 : partitions [0]]",
                },
                output_key: SecretLweKey {
                    identifier: 6,
                    polynomial_size: 850,
                    glwe_dimension: 1,
                    description: "small-secret[#6 : partitions [6]]",
                },
                ks_decomposition_parameter: KsDecompositionParameters {
                    level: 4,
                    log2_base: 4,
                },
                description: "ks[#1 : partitions [0] -> [6]]",
            },
            KeySwitchKey {
                identifier: 2,
                input_key: SecretLweKey {
                    identifier: 0,
                    polynomial_size: 256,
                    glwe_dimension: 6,
                    description: "big-secret[#0 : partitions [0]]",
                },
                output_key: SecretLweKey {
                    identifier: 7,
                    polynomial_size: 821,
                    glwe_dimension: 1,
                    description: "small-secret[#7 : partitions [7]]",
                },
                ks_decomposition_parameter: KsDecompositionParameters {
                    level: 17,
                    log2_base: 1,
                },
                description: "ks[#2 : partitions [0] -> [7]]",
            },
            KeySwitchKey {
                identifier: 3,
                input_key: SecretLweKey {
                    identifier: 1,
                    polynomial_size: 2048,
                    glwe_dimension: 1,
                    description: "big-secret[#1 : partitions [1]]",
                },
                output_key: SecretLweKey {
                    identifier: 5,
                    polynomial_size: 885,
                    glwe_dimension: 1,
                    description: "small-secret[#5 : partitions [5]]",
                },
                ks_decomposition_parameter: KsDecompositionParameters {
                    level: 6,
                    log2_base: 3,
                },
                description: "ks[#3 : partitions [1] -> [5]]",
            },
            KeySwitchKey {
                identifier: 4,
                input_key: SecretLweKey {
                    identifier: 1,
                    polynomial_size: 2048,
                    glwe_dimension: 1,
                    description: "big-secret[#1 : partitions [1]]",
                },
                output_key: SecretLweKey {
                    identifier: 6,
                    polynomial_size: 850,
                    glwe_dimension: 1,
                    description: "small-secret[#6 : partitions [6]]",
                },
                ks_decomposition_parameter: KsDecompositionParameters {
                    level: 5,
                    log2_base: 3,
                },
                description: "ks[#4 : partitions [1] -> [6]]",
            },
            KeySwitchKey {
                identifier: 5,
                input_key: SecretLweKey {
                    identifier: 2,
                    polynomial_size: 8192,
                    glwe_dimension: 1,
                    description: "big-secret[#2 : partitions [2]]",
                },
                output_key: SecretLweKey {
                    identifier: 5,
                    polynomial_size: 885,
                    glwe_dimension: 1,
                    description: "small-secret[#5 : partitions [5]]",
                },
                ks_decomposition_parameter: KsDecompositionParameters {
                    level: 9,
                    log2_base: 2,
                },
                description: "ks[#5 : partitions [2] -> [5]]",
            },
            KeySwitchKey {
                identifier: 6,
                input_key: SecretLweKey {
                    identifier: 2,
                    polynomial_size: 8192,
                    glwe_dimension: 1,
                    description: "big-secret[#2 : partitions [2]]",
                },
                output_key: SecretLweKey {
                    identifier: 6,
                    polynomial_size: 850,
                    glwe_dimension: 1,
                    description: "small-secret[#6 : partitions [6]]",
                },
                ks_decomposition_parameter: KsDecompositionParameters {
                    level: 8,
                    log2_base: 2,
                },
                description: "ks[#6 : partitions [2] -> [6]]",
            },
            KeySwitchKey {
                identifier: 7,
                input_key: SecretLweKey {
                    identifier: 3,
                    polynomial_size: 16384,
                    glwe_dimension: 1,
                    description: "big-secret[#3 : partitions [3]]",
                },
                output_key: SecretLweKey {
                    identifier: 6,
                    polynomial_size: 850,
                    glwe_dimension: 1,
                    description: "small-secret[#6 : partitions [6]]",
                },
                ks_decomposition_parameter: KsDecompositionParameters {
                    level: 17,
                    log2_base: 1,
                },
                description: "ks[#7 : partitions [3] -> [6]]",
            },
        ],
        bootstrap_keys: [
            BootstrapKey {
                identifier: 0,
                input_key: SecretLweKey {
                    identifier: 4,
                    polynomial_size: 512,
                    glwe_dimension: 1,
                    description: "small-secret[#4 : partitions [4]]",
                },
                output_key: SecretLweKey {
                    identifier: 0,
                    polynomial_size: 256,
                    glwe_dimension: 6,
                    description: "big-secret[#0 : partitions [0]]",
                },
                br_decomposition_parameter: BrDecompositionParameters {
                    level: 3,
                    log2_base: 9,
                },
                description: "pbs[#0 : partitions [4] -> [0]]",
            },
            BootstrapKey {
                identifier: 1,
                input_key: SecretLweKey {
                    identifier: 5,
                    polynomial_size: 885,
                    glwe_dimension: 1,
                    description: "small-secret[#5 : partitions [5]]",
                },
                output_key: SecretLweKey {
                    identifier: 1,
                    polynomial_size: 2048,
                    glwe_dimension: 1,
                    description: "big-secret[#1 : partitions [1]]",
                },
                br_decomposition_parameter: BrDecompositionParameters {
                    level: 2,
                    log2_base: 15,
                },
                description: "pbs[#1 : partitions [5] -> [1]]",
            },
            BootstrapKey {
                identifier: 2,
                input_key: SecretLweKey {
                    identifier: 6,
                    polynomial_size: 850,
                    glwe_dimension: 1,
                    description: "small-secret[#6 : partitions [6]]",
                },
                output_key: SecretLweKey {
                    identifier: 2,
                    polynomial_size: 8192,
                    glwe_dimension: 1,
                    description: "big-secret[#2 : partitions [2]]",
                },
                br_decomposition_parameter: BrDecompositionParameters {
                    level: 4,
                    log2_base: 9,
                },
                description: "pbs[#2 : partitions [6] -> [2]]",
            },
            BootstrapKey {
                identifier: 3,
                input_key: SecretLweKey {
                    identifier: 7,
                    polynomial_size: 821,
                    glwe_dimension: 1,
                    description: "small-secret[#7 : partitions [7]]",
                },
                output_key: SecretLweKey {
                    identifier: 3,
                    polynomial_size: 16384,
                    glwe_dimension: 1,
                    description: "big-secret[#3 : partitions [3]]",
                },
                br_decomposition_parameter: BrDecompositionParameters {
                    level: 4,
                    log2_base: 9,
                },
                description: "pbs[#3 : partitions [7] -> [3]]",
            },
        ],
        conversion_keyswitch_keys: [
            ConversionKeySwitchKey {
                identifier: 0,
                input_key: SecretLweKey {
                    identifier: 1,
                    polynomial_size: 2048,
                    glwe_dimension: 1,
                    description: "big-secret[#1 : partitions [1]]",
                },
                output_key: SecretLweKey {
                    identifier: 0,
                    polynomial_size: 256,
                    glwe_dimension: 6,
                    description: "big-secret[#0 : partitions [0]]",
                },
                ks_decomposition_parameter: KsDecompositionParameters {
                    level: 3,
                    log2_base: 9,
                },
                fast_keyswitch: false,
                description: "fks[#0 : partitions [1] -> [0]]",
            },
            ConversionKeySwitchKey {
                identifier: 1,
                input_key: SecretLweKey {
                    identifier: 2,
                    polynomial_size: 8192,
                    glwe_dimension: 1,
                    description: "big-secret[#2 : partitions [2]]",
                },
                output_key: SecretLweKey {
                    identifier: 0,
                    polynomial_size: 256,
                    glwe_dimension: 6,
                    description: "big-secret[#0 : partitions [0]]",
                },
                ks_decomposition_parameter: KsDecompositionParameters {
                    level: 5,
                    log2_base: 6,
                },
                fast_keyswitch: false,
                description: "fks[#1 : partitions [2] -> [0]]",
            },
            ConversionKeySwitchKey {
                identifier: 2,
                input_key: SecretLweKey {
                    identifier: 2,
                    polynomial_size: 8192,
                    glwe_dimension: 1,
                    description: "big-secret[#2 : partitions [2]]",
                },
                output_key: SecretLweKey {
                    identifier: 1,
                    polynomial_size: 2048,
                    glwe_dimension: 1,
                    description: "big-secret[#1 : partitions [1]]",
                },
                ks_decomposition_parameter: KsDecompositionParameters {
                    level: 1,
                    log2_base: 25,
                },
                fast_keyswitch: false,
                description: "fks[#2 : partitions [2] -> [1]]",
            },
            ConversionKeySwitchKey {
                identifier: 3,
                input_key: SecretLweKey {
                    identifier: 3,
                    polynomial_size: 16384,
                    glwe_dimension: 1,
                    description: "big-secret[#3 : partitions [3]]",
                },
                output_key: SecretLweKey {
                    identifier: 0,
                    polynomial_size: 256,
                    glwe_dimension: 6,
                    description: "big-secret[#0 : partitions [0]]",
                },
                ks_decomposition_parameter: KsDecompositionParameters {
                    level: 7,
                    log2_base: 5,
                },
                fast_keyswitch: false,
                description: "fks[#3 : partitions [3] -> [0]]",
            },
            ConversionKeySwitchKey {
                identifier: 4,
                input_key: SecretLweKey {
                    identifier: 3,
                    polynomial_size: 16384,
                    glwe_dimension: 1,
                    description: "big-secret[#3 : partitions [3]]",
                },
                output_key: SecretLweKey {
                    identifier: 1,
                    polynomial_size: 2048,
                    glwe_dimension: 1,
                    description: "big-secret[#1 : partitions [1]]",
                },
                ks_decomposition_parameter: KsDecompositionParameters {
                    level: 1,
                    log2_base: 25,
                },
                fast_keyswitch: false,
                description: "fks[#4 : partitions [3] -> [1]]",
            },
            ConversionKeySwitchKey {
                identifier: 5,
                input_key: SecretLweKey {
                    identifier: 3,
                    polynomial_size: 16384,
                    glwe_dimension: 1,
                    description: "big-secret[#3 : partitions [3]]",
                },
                output_key: SecretLweKey {
                    identifier: 2,
                    polynomial_size: 8192,
                    glwe_dimension: 1,
                    description: "big-secret[#2 : partitions [2]]",
                },
                ks_decomposition_parameter: KsDecompositionParameters {
                    level: 1,
                    log2_base: 31,
                },
                fast_keyswitch: false,
                description: "fks[#5 : partitions [3] -> [2]]",
            },
        ],
        circuit_bootstrap_keys: [],
        private_functional_packing_keys: [],
    },
    instructions_keys: [],
    crt_decomposition: [],
    complexity: 2.500809868002765e16,
    p_error: 0.009998408980844536,
    global_p_error: 1.0,
    is_feasible: true,
    error_msg: "",
}###
 25%|██▌       | 1/4 [03:01<09:05, 181.77s/it] 50%|█████     | 2/4 [04:01<03:40, 110.24s/it] 75%|███████▌  | 3/4 [05:02<01:27, 87.51s/it] 100%|██████████| 4/4 [06:02<00:00, 76.86s/it]100%|██████████| 4/4 [06:02<00:00, 90.73s/it]
[Validation] Top-1 Acc: 91.500% | Top-5 Acc: 0.000% | F1: 90.058% | Time per inference in FHE: 1.81

Running ENCRYPTED test inference in SIMULATE mode on a subset of 200 images...
  0%|          | 0/4 [00:00<?, ?it/s] 25%|██▌       | 1/4 [01:00<03:01, 60.43s/it] 50%|█████     | 2/4 [02:01<02:01, 60.63s/it] 75%|███████▌  | 3/4 [03:02<01:00, 60.88s/it]100%|██████████| 4/4 [04:21<00:00, 67.97s/it]100%|██████████| 4/4 [04:21<00:00, 65.30s/it]
[Test] Top-1 Acc: 91.500% | Top-5 Acc: 0.000% | F1: 90.058% | Time per inference in FHE: 1.31

============ Encrypted Reliability Analysis ============


Running ENCRYPTED test inference on subset of 200 with random state 27...
  0%|          | 0/4 [00:00<?, ?it/s] 25%|██▌       | 1/4 [00:01<00:03,  1.18s/it] 50%|█████     | 2/4 [00:02<00:02,  1.25s/it] 75%|███████▌  | 3/4 [00:03<00:01,  1.27s/it]100%|██████████| 4/4 [00:05<00:00,  1.28s/it]100%|██████████| 4/4 [00:05<00:00,  1.26s/it]
[Test] UNENCRYPTED Top-1 Acc: 99.000% | Top-5 Acc: 0.000% | Avg. Loss: 0.021 | F1: 98.876% | Time per inference: 0.03
  0%|          | 0/4 [00:00<?, ?it/s] 25%|██▌       | 1/4 [01:14<03:43, 74.51s/it] 50%|█████     | 2/4 [02:32<02:33, 76.52s/it] 75%|███████▌  | 3/4 [03:49<01:16, 76.87s/it]100%|██████████| 4/4 [05:13<00:00, 79.49s/it]100%|██████████| 4/4 [05:13<00:00, 78.31s/it]
[Test] ENCRYPTED Top-1 Acc: 93.500% | Top-5 Acc: 0.000% | F1: 93.264% | Time per inference in FHE: 1.57


Running ENCRYPTED test inference on subset of 200 with random state 28...
  0%|          | 0/4 [00:00<?, ?it/s] 25%|██▌       | 1/4 [00:01<00:03,  1.21s/it] 50%|█████     | 2/4 [00:02<00:02,  1.26s/it] 75%|███████▌  | 3/4 [00:03<00:01,  1.29s/it]100%|██████████| 4/4 [00:05<00:00,  1.28s/it]100%|██████████| 4/4 [00:05<00:00,  1.27s/it]
[Test] UNENCRYPTED Top-1 Acc: 100.000% | Top-5 Acc: 0.000% | Avg. Loss: 0.003 | F1: 100.000% | Time per inference: 0.03
  0%|          | 0/4 [00:00<?, ?it/s] 25%|██▌       | 1/4 [01:17<03:53, 77.98s/it] 50%|█████     | 2/4 [02:40<02:40, 80.36s/it] 75%|███████▌  | 3/4 [03:54<01:17, 77.59s/it]100%|██████████| 4/4 [05:10<00:00, 76.89s/it]100%|██████████| 4/4 [05:10<00:00, 77.53s/it]
[Test] ENCRYPTED Top-1 Acc: 93.000% | Top-5 Acc: 0.000% | F1: 91.860% | Time per inference in FHE: 1.55


Running ENCRYPTED test inference on subset of 200 with random state 29...
  0%|          | 0/4 [00:00<?, ?it/s] 25%|██▌       | 1/4 [00:00<00:01,  1.78it/s] 50%|█████     | 2/4 [00:01<00:01,  1.74it/s] 75%|███████▌  | 3/4 [00:01<00:00,  1.70it/s]100%|██████████| 4/4 [00:02<00:00,  1.60it/s]100%|██████████| 4/4 [00:02<00:00,  1.64it/s]
[Test] UNENCRYPTED Top-1 Acc: 100.000% | Top-5 Acc: 0.000% | Avg. Loss: 0.005 | F1: 100.000% | Time per inference: 0.01
  0%|          | 0/4 [00:00<?, ?it/s] 25%|██▌       | 1/4 [01:11<03:35, 71.69s/it] 50%|█████     | 2/4 [02:14<02:12, 66.26s/it] 75%|███████▌  | 3/4 [03:16<01:04, 64.61s/it]100%|██████████| 4/4 [04:19<00:00, 63.82s/it]100%|██████████| 4/4 [04:19<00:00, 64.85s/it]
[Test] ENCRYPTED Top-1 Acc: 94.000% | Top-5 Acc: 0.000% | F1: 93.333% | Time per inference in FHE: 1.30


Running ENCRYPTED test inference on subset of 200 with random state 30...
  0%|          | 0/4 [00:00<?, ?it/s] 25%|██▌       | 1/4 [00:00<00:01,  1.58it/s] 50%|█████     | 2/4 [00:01<00:01,  1.68it/s] 75%|███████▌  | 3/4 [00:01<00:00,  1.72it/s]100%|██████████| 4/4 [00:02<00:00,  1.74it/s]100%|██████████| 4/4 [00:02<00:00,  1.72it/s]
[Test] UNENCRYPTED Top-1 Acc: 100.000% | Top-5 Acc: 0.000% | Avg. Loss: 0.003 | F1: 100.000% | Time per inference: 0.01
  0%|          | 0/4 [00:00<?, ?it/s] 25%|██▌       | 1/4 [01:12<03:37, 72.58s/it] 50%|█████     | 2/4 [02:38<02:40, 80.33s/it] 75%|███████▌  | 3/4 [03:41<01:12, 72.36s/it]100%|██████████| 4/4 [04:43<00:00, 68.55s/it]100%|██████████| 4/4 [04:43<00:00, 70.98s/it]
[Test] ENCRYPTED Top-1 Acc: 87.000% | Top-5 Acc: 0.000% | F1: 84.884% | Time per inference in FHE: 1.42


Running ENCRYPTED test inference on subset of 200 with random state 31...
  0%|          | 0/4 [00:00<?, ?it/s] 25%|██▌       | 1/4 [00:00<00:01,  1.73it/s] 50%|█████     | 2/4 [00:01<00:01,  1.83it/s] 75%|███████▌  | 3/4 [00:01<00:00,  1.72it/s]100%|██████████| 4/4 [00:02<00:00,  1.67it/s]100%|██████████| 4/4 [00:02<00:00,  1.70it/s]
[Test] UNENCRYPTED Top-1 Acc: 100.000% | Top-5 Acc: 0.000% | Avg. Loss: 0.003 | F1: 100.000% | Time per inference: 0.01
  0%|          | 0/4 [00:00<?, ?it/s] 25%|██▌       | 1/4 [01:02<03:07, 62.35s/it] 50%|█████     | 2/4 [02:10<02:11, 65.63s/it] 75%|███████▌  | 3/4 [03:20<01:07, 67.51s/it]100%|██████████| 4/4 [04:22<00:00, 65.54s/it]100%|██████████| 4/4 [04:22<00:00, 65.63s/it]
[Test] ENCRYPTED Top-1 Acc: 91.000% | Top-5 Acc: 0.000% | F1: 90.000% | Time per inference in FHE: 1.31


Running ENCRYPTED test inference on subset of 200 with random state 32...
  0%|          | 0/4 [00:00<?, ?it/s] 25%|██▌       | 1/4 [00:00<00:01,  1.60it/s] 50%|█████     | 2/4 [00:01<00:01,  1.64it/s] 75%|███████▌  | 3/4 [00:01<00:00,  1.73it/s]100%|██████████| 4/4 [00:02<00:00,  1.81it/s]100%|██████████| 4/4 [00:02<00:00,  1.76it/s]
[Test] UNENCRYPTED Top-1 Acc: 100.000% | Top-5 Acc: 0.000% | Avg. Loss: 0.005 | F1: 100.000% | Time per inference: 0.01
  0%|          | 0/4 [00:00<?, ?it/s] 25%|██▌       | 1/4 [01:02<03:06, 62.32s/it] 50%|█████     | 2/4 [02:04<02:04, 62.49s/it] 75%|███████▌  | 3/4 [03:07<01:02, 62.56s/it]100%|██████████| 4/4 [04:10<00:00, 62.65s/it]100%|██████████| 4/4 [04:10<00:00, 62.59s/it]
[Test] ENCRYPTED Top-1 Acc: 84.500% | Top-5 Acc: 0.000% | F1: 83.422% | Time per inference in FHE: 1.25


Running ENCRYPTED test inference on subset of 200 with random state 33...
  0%|          | 0/4 [00:00<?, ?it/s] 25%|██▌       | 1/4 [00:00<00:02,  1.43it/s] 50%|█████     | 2/4 [00:01<00:01,  1.53it/s] 75%|███████▌  | 3/4 [00:01<00:00,  1.55it/s]100%|██████████| 4/4 [00:02<00:00,  1.47it/s]100%|██████████| 4/4 [00:02<00:00,  1.49it/s]
[Test] UNENCRYPTED Top-1 Acc: 100.000% | Top-5 Acc: 0.000% | Avg. Loss: 0.009 | F1: 100.000% | Time per inference: 0.01
  0%|          | 0/4 [00:00<?, ?it/s] 25%|██▌       | 1/4 [01:10<03:31, 70.50s/it] 50%|█████     | 2/4 [02:13<02:11, 65.93s/it] 75%|███████▌  | 3/4 [03:14<01:03, 63.66s/it]100%|██████████| 4/4 [04:15<00:00, 62.62s/it]100%|██████████| 4/4 [04:15<00:00, 63.80s/it]
[Test] ENCRYPTED Top-1 Acc: 91.500% | Top-5 Acc: 0.000% | F1: 90.173% | Time per inference in FHE: 1.28


Running ENCRYPTED test inference on subset of 200 with random state 34...
  0%|          | 0/4 [00:00<?, ?it/s] 25%|██▌       | 1/4 [00:00<00:01,  1.52it/s] 50%|█████     | 2/4 [00:01<00:01,  1.57it/s] 75%|███████▌  | 3/4 [00:01<00:00,  1.55it/s]100%|██████████| 4/4 [00:02<00:00,  1.57it/s]100%|██████████| 4/4 [00:02<00:00,  1.56it/s]
[Test] UNENCRYPTED Top-1 Acc: 99.000% | Top-5 Acc: 0.000% | Avg. Loss: 0.022 | F1: 98.485% | Time per inference: 0.01
  0%|          | 0/4 [00:00<?, ?it/s] 25%|██▌       | 1/4 [01:00<03:02, 60.85s/it] 50%|█████     | 2/4 [02:01<02:01, 60.99s/it] 75%|███████▌  | 3/4 [03:15<01:06, 66.59s/it]100%|██████████| 4/4 [04:28<00:00, 69.08s/it]100%|██████████| 4/4 [04:28<00:00, 67.02s/it]
[Test] ENCRYPTED Top-1 Acc: 90.500% | Top-5 Acc: 0.000% | F1: 87.582% | Time per inference in FHE: 1.34


Running ENCRYPTED test inference on subset of 200 with random state 35...
  0%|          | 0/4 [00:00<?, ?it/s] 25%|██▌       | 1/4 [00:00<00:01,  1.68it/s] 50%|█████     | 2/4 [00:01<00:01,  1.68it/s] 75%|███████▌  | 3/4 [00:01<00:00,  1.73it/s]100%|██████████| 4/4 [00:02<00:00,  1.76it/s]100%|██████████| 4/4 [00:02<00:00,  1.74it/s]
[Test] UNENCRYPTED Top-1 Acc: 100.000% | Top-5 Acc: 0.000% | Avg. Loss: 0.004 | F1: 100.000% | Time per inference: 0.01
  0%|          | 0/4 [00:00<?, ?it/s] 25%|██▌       | 1/4 [01:24<04:14, 84.84s/it] 50%|█████     | 2/4 [02:50<02:50, 85.04s/it] 75%|███████▌  | 3/4 [04:09<01:22, 82.40s/it]100%|██████████| 4/4 [05:32<00:00, 82.70s/it]100%|██████████| 4/4 [05:32<00:00, 83.11s/it]
[Test] ENCRYPTED Top-1 Acc: 91.500% | Top-5 Acc: 0.000% | F1: 90.058% | Time per inference in FHE: 1.66


Running ENCRYPTED test inference on subset of 200 with random state 36...
  0%|          | 0/4 [00:00<?, ?it/s] 25%|██▌       | 1/4 [00:00<00:01,  1.54it/s] 50%|█████     | 2/4 [00:01<00:01,  1.64it/s] 75%|███████▌  | 3/4 [00:01<00:00,  1.73it/s]100%|██████████| 4/4 [00:02<00:00,  1.71it/s]100%|██████████| 4/4 [00:02<00:00,  1.69it/s]
[Test] UNENCRYPTED Top-1 Acc: 99.500% | Top-5 Acc: 0.000% | Avg. Loss: 0.016 | F1: 99.465% | Time per inference: 0.01
  0%|          | 0/4 [00:00<?, ?it/s] 25%|██▌       | 1/4 [01:20<04:00, 80.24s/it] 50%|█████     | 2/4 [02:40<02:40, 80.30s/it] 75%|███████▌  | 3/4 [03:48<01:14, 74.86s/it]100%|██████████| 4/4 [05:14<00:00, 79.15s/it]100%|██████████| 4/4 [05:14<00:00, 78.67s/it]
[Test] ENCRYPTED Top-1 Acc: 93.000% | Top-5 Acc: 0.000% | F1: 93.000% | Time per inference in FHE: 1.57

--------Encrypted Reliability Analysis Results--------
Unencrypted top1 acc: [99.0, 100.0, 100.0, 100.0, 100.0, 100.0, 100.0, 99.0, 100.0, 99.5]
Unencrypted top5 acc: [0.0, 0.0, 0.0, 0.0, 0.0, 0.0, 0.0, 0.0, 0.0, 0.0]
Unencrypted F1:       [98.87640449438202, 100.0, 100.0, 100.0, 100.0, 100.0, 100.0, 98.48484848484848, 100.0, 99.46524064171123]
Encrypted top1 acc:   [93.5, 93.0, 94.0, 87.0, 91.0, 84.5, 91.5, 90.5, 91.5, 93.0]
Encrypted top5 acc:   [0.0, 0.0, 0.0, 0.0, 0.0, 0.0, 0.0, 0.0, 0.0, 0.0]
Encrypted F1:         [93.2642487046632, 91.86046511627907, 93.33333333333333, 84.88372093023256, 90.0, 83.42245989304813, 90.17341040462428, 87.58169934640523, 90.05847953216374, 93.0]
--------------------------------------------------------
Done
