-----General parameters-----
model=ResNet18qat
dataset=FaceForensic
num_classes=2
dataset_path=/home/zhiyong/Git/dct-cryptonets/dct-cryptonets/dataset/FaceForensic
checkpoint_path=/home/zhiyong/Git/dct-cryptonets/dct-cryptonets/checkpoint/faceforensic/non_dct/best.tar
bit_width=4
-----Homomorphic encryption parameters-----
fhe_mode=simulate
calib_batch_size=100
test_batch_size=50
test_subset=200
rounding_threshold_bits=6
n_bits=5
p_error=0.01
reliability_test=True
verbose=True
-----DCT parameters-----
dct_status=N
image_size=224


Using GPU: True

Number Parameters: 11177569

============Model Summary============
=============================================================================================================================
Layer (type:depth-idx)                                                      Output Shape              Param #
=============================================================================================================================
ResNetQDCT                                                                  [1, 512]                  --
├─Sequential: 1-1                                                           [1, 512]                  --
│    └─QuantIdentity: 2-1                                                   [1, 3, 224, 224]          --
│    │    └─ActQuantProxyFromInjector: 3-1                                  [1, 3, 224, 224]          --
│    │    └─ActQuantProxyFromInjector: 3-2                                  [1, 3, 224, 224]          1
│    └─QuantIdentity: 2-73                                                  --                        (recursive)
│    │    └─ActQuantProxyFromInjector: 3-133                                --                        (recursive)
│    └─QuantIdentity: 2-3                                                   --                        (recursive)
│    │    └─ActQuantProxyFromInjector: 3-4                                  --                        (recursive)
│    └─QuantConv2d: 2-4                                                     [1, 64, 112, 112]         --
│    │    └─ActQuantProxyFromInjector: 3-5                                  [1, 3, 224, 224]          --
│    │    └─WeightQuantProxyFromInjector: 3-6                               [64, 3, 7, 7]             9,408
│    │    └─ActQuantProxyFromInjector: 3-7                                  [1, 64, 112, 112]         --
│    └─BatchNorm2d: 2-5                                                     [1, 64, 112, 112]         128
│    └─QuantReLU: 2-6                                                       [1, 64, 112, 112]         --
│    │    └─ActQuantProxyFromInjector: 3-8                                  [1, 64, 112, 112]         --
│    │    └─ActQuantProxyFromInjector: 3-9                                  [1, 64, 112, 112]         1
│    └─QuantIdentity: 2-73                                                  --                        (recursive)
│    │    └─ActQuantProxyFromInjector: 3-133                                --                        (recursive)
│    └─QuantReLU: 2-8                                                       --                        (recursive)
│    │    └─ActQuantProxyFromInjector: 3-11                                 --                        (recursive)
│    └─MaxPool2d: 2-9                                                       [1, 64, 56, 56]           --
│    └─QuantIdentity: 2-10                                                  [1, 64, 56, 56]           --
│    │    └─ActQuantProxyFromInjector: 3-12                                 [1, 64, 56, 56]           --
│    │    └─ActQuantProxyFromInjector: 3-13                                 [1, 64, 56, 56]           1
│    └─QuantIdentity: 2-73                                                  --                        (recursive)
│    │    └─ActQuantProxyFromInjector: 3-133                                --                        (recursive)
│    └─QuantIdentity: 2-12                                                  --                        (recursive)
│    │    └─ActQuantProxyFromInjector: 3-15                                 --                        (recursive)
│    └─SimpleQBlock: 2-13                                                   [1, 64, 56, 56]           36,994
│    │    └─QuantConv2d: 3-16                                               [1, 64, 56, 56]           36,864
│    │    └─BatchNorm2d: 3-17                                               [1, 64, 56, 56]           128
│    │    └─QuantReLU: 3-18                                                 [1, 64, 56, 56]           1
│    └─QuantIdentity: 2-73                                                  --                        (recursive)
│    │    └─ActQuantProxyFromInjector: 3-133                                --                        (recursive)
│    └─SimpleQBlock: 2-19                                                   --                        (recursive)
│    │    └─QuantReLU: 3-20                                                 --                        (recursive)
│    │    └─QuantConv2d: 3-21                                               [1, 64, 56, 56]           36,864
│    │    └─BatchNorm2d: 3-22                                               [1, 64, 56, 56]           128
│    │    └─QuantIdentity: 3-23                                             [1, 64, 56, 56]           1
│    └─QuantIdentity: 2-73                                                  --                        (recursive)
│    │    └─ActQuantProxyFromInjector: 3-133                                --                        (recursive)
│    └─SimpleQBlock: 2-19                                                   --                        (recursive)
│    │    └─QuantIdentity: 3-25                                             --                        (recursive)
│    │    └─QuantReLU: 3-26                                                 [1, 64, 56, 56]           1
│    └─QuantIdentity: 2-73                                                  --                        (recursive)
│    │    └─ActQuantProxyFromInjector: 3-133                                --                        (recursive)
│    └─SimpleQBlock: 2-19                                                   --                        (recursive)
│    │    └─QuantReLU: 3-28                                                 --                        (recursive)
│    └─SimpleQBlock: 2-20                                                   [1, 64, 56, 56]           36,994
│    │    └─QuantConv2d: 3-29                                               [1, 64, 56, 56]           36,864
│    │    └─BatchNorm2d: 3-30                                               [1, 64, 56, 56]           128
│    │    └─QuantReLU: 3-31                                                 [1, 64, 56, 56]           1
│    └─QuantIdentity: 2-73                                                  --                        (recursive)
│    │    └─ActQuantProxyFromInjector: 3-133                                --                        (recursive)
│    └─SimpleQBlock: 2-26                                                   --                        (recursive)
│    │    └─QuantReLU: 3-33                                                 --                        (recursive)
│    │    └─QuantConv2d: 3-34                                               [1, 64, 56, 56]           36,864
│    │    └─BatchNorm2d: 3-35                                               [1, 64, 56, 56]           128
│    │    └─QuantIdentity: 3-36                                             [1, 64, 56, 56]           1
│    └─QuantIdentity: 2-73                                                  --                        (recursive)
│    │    └─ActQuantProxyFromInjector: 3-133                                --                        (recursive)
│    └─SimpleQBlock: 2-26                                                   --                        (recursive)
│    │    └─QuantIdentity: 3-38                                             --                        (recursive)
│    │    └─QuantReLU: 3-39                                                 [1, 64, 56, 56]           1
│    └─QuantIdentity: 2-73                                                  --                        (recursive)
│    │    └─ActQuantProxyFromInjector: 3-133                                --                        (recursive)
│    └─SimpleQBlock: 2-26                                                   --                        (recursive)
│    │    └─QuantReLU: 3-41                                                 --                        (recursive)
│    └─SimpleQBlock: 2-27                                                   [1, 128, 28, 28]          156,163
│    │    └─QuantConv2d: 3-42                                               [1, 128, 28, 28]          73,728
│    │    └─BatchNorm2d: 3-43                                               [1, 128, 28, 28]          256
│    │    └─QuantReLU: 3-44                                                 [1, 128, 28, 28]          1
│    └─QuantIdentity: 2-73                                                  --                        (recursive)
│    │    └─ActQuantProxyFromInjector: 3-133                                --                        (recursive)
│    └─SimpleQBlock: 2-35                                                   --                        (recursive)
│    │    └─QuantReLU: 3-46                                                 --                        (recursive)
│    │    └─QuantConv2d: 3-47                                               [1, 128, 28, 28]          147,456
│    │    └─BatchNorm2d: 3-48                                               [1, 128, 28, 28]          256
│    │    └─QuantIdentity: 3-49                                             [1, 128, 28, 28]          1
│    └─QuantIdentity: 2-73                                                  --                        (recursive)
│    │    └─ActQuantProxyFromInjector: 3-133                                --                        (recursive)
│    └─SimpleQBlock: 2-35                                                   --                        (recursive)
│    │    └─QuantIdentity: 3-51                                             --                        (recursive)
│    │    └─QuantConv2d: 3-52                                               [1, 128, 28, 28]          8,192
│    │    └─BatchNorm2d: 3-53                                               [1, 128, 28, 28]          256
│    │    └─QuantIdentity: 3-54                                             [1, 128, 28, 28]          1
│    └─QuantIdentity: 2-73                                                  --                        (recursive)
│    │    └─ActQuantProxyFromInjector: 3-133                                --                        (recursive)
│    └─SimpleQBlock: 2-35                                                   --                        (recursive)
│    │    └─QuantIdentity: 3-56                                             --                        (recursive)
│    │    └─QuantReLU: 3-57                                                 [1, 128, 28, 28]          1
│    └─QuantIdentity: 2-73                                                  --                        (recursive)
│    │    └─ActQuantProxyFromInjector: 3-133                                --                        (recursive)
│    └─SimpleQBlock: 2-35                                                   --                        (recursive)
│    │    └─QuantReLU: 3-59                                                 --                        (recursive)
│    └─SimpleQBlock: 2-36                                                   [1, 128, 28, 28]          147,714
│    │    └─QuantConv2d: 3-60                                               [1, 128, 28, 28]          147,456
│    │    └─BatchNorm2d: 3-61                                               [1, 128, 28, 28]          256
│    │    └─QuantReLU: 3-62                                                 [1, 128, 28, 28]          1
│    └─QuantIdentity: 2-73                                                  --                        (recursive)
│    │    └─ActQuantProxyFromInjector: 3-133                                --                        (recursive)
│    └─SimpleQBlock: 2-42                                                   --                        (recursive)
│    │    └─QuantReLU: 3-64                                                 --                        (recursive)
│    │    └─QuantConv2d: 3-65                                               [1, 128, 28, 28]          147,456
│    │    └─BatchNorm2d: 3-66                                               [1, 128, 28, 28]          256
│    │    └─QuantIdentity: 3-67                                             [1, 128, 28, 28]          1
│    └─QuantIdentity: 2-73                                                  --                        (recursive)
│    │    └─ActQuantProxyFromInjector: 3-133                                --                        (recursive)
│    └─SimpleQBlock: 2-42                                                   --                        (recursive)
│    │    └─QuantIdentity: 3-69                                             --                        (recursive)
│    │    └─QuantReLU: 3-70                                                 [1, 128, 28, 28]          1
│    └─QuantIdentity: 2-73                                                  --                        (recursive)
│    │    └─ActQuantProxyFromInjector: 3-133                                --                        (recursive)
│    └─SimpleQBlock: 2-42                                                   --                        (recursive)
│    │    └─QuantReLU: 3-72                                                 --                        (recursive)
│    └─SimpleQBlock: 2-43                                                   [1, 256, 14, 14]          623,619
│    │    └─QuantConv2d: 3-73                                               [1, 256, 14, 14]          294,912
│    │    └─BatchNorm2d: 3-74                                               [1, 256, 14, 14]          512
│    │    └─QuantReLU: 3-75                                                 [1, 256, 14, 14]          1
│    └─QuantIdentity: 2-73                                                  --                        (recursive)
│    │    └─ActQuantProxyFromInjector: 3-133                                --                        (recursive)
│    └─SimpleQBlock: 2-51                                                   --                        (recursive)
│    │    └─QuantReLU: 3-77                                                 --                        (recursive)
│    │    └─QuantConv2d: 3-78                                               [1, 256, 14, 14]          589,824
│    │    └─BatchNorm2d: 3-79                                               [1, 256, 14, 14]          512
│    │    └─QuantIdentity: 3-80                                             [1, 256, 14, 14]          1
│    └─QuantIdentity: 2-73                                                  --                        (recursive)
│    │    └─ActQuantProxyFromInjector: 3-133                                --                        (recursive)
│    └─SimpleQBlock: 2-51                                                   --                        (recursive)
│    │    └─QuantIdentity: 3-82                                             --                        (recursive)
│    │    └─QuantConv2d: 3-83                                               [1, 256, 14, 14]          32,768
│    │    └─BatchNorm2d: 3-84                                               [1, 256, 14, 14]          512
│    │    └─QuantIdentity: 3-85                                             [1, 256, 14, 14]          1
│    └─QuantIdentity: 2-73                                                  --                        (recursive)
│    │    └─ActQuantProxyFromInjector: 3-133                                --                        (recursive)
│    └─SimpleQBlock: 2-51                                                   --                        (recursive)
│    │    └─QuantIdentity: 3-87                                             --                        (recursive)
│    │    └─QuantReLU: 3-88                                                 [1, 256, 14, 14]          1
│    └─QuantIdentity: 2-73                                                  --                        (recursive)
│    │    └─ActQuantProxyFromInjector: 3-133                                --                        (recursive)
│    └─SimpleQBlock: 2-51                                                   --                        (recursive)
│    │    └─QuantReLU: 3-90                                                 --                        (recursive)
│    └─SimpleQBlock: 2-52                                                   [1, 256, 14, 14]          590,338
│    │    └─QuantConv2d: 3-91                                               [1, 256, 14, 14]          589,824
│    │    └─BatchNorm2d: 3-92                                               [1, 256, 14, 14]          512
│    │    └─QuantReLU: 3-93                                                 [1, 256, 14, 14]          1
│    └─QuantIdentity: 2-73                                                  --                        (recursive)
│    │    └─ActQuantProxyFromInjector: 3-133                                --                        (recursive)
│    └─SimpleQBlock: 2-58                                                   --                        (recursive)
│    │    └─QuantReLU: 3-95                                                 --                        (recursive)
│    │    └─QuantConv2d: 3-96                                               [1, 256, 14, 14]          589,824
│    │    └─BatchNorm2d: 3-97                                               [1, 256, 14, 14]          512
│    │    └─QuantIdentity: 3-98                                             [1, 256, 14, 14]          1
│    └─QuantIdentity: 2-73                                                  --                        (recursive)
│    │    └─ActQuantProxyFromInjector: 3-133                                --                        (recursive)
│    └─SimpleQBlock: 2-58                                                   --                        (recursive)
│    │    └─QuantIdentity: 3-100                                            --                        (recursive)
│    │    └─QuantReLU: 3-101                                                [1, 256, 14, 14]          1
│    └─QuantIdentity: 2-73                                                  --                        (recursive)
│    │    └─ActQuantProxyFromInjector: 3-133                                --                        (recursive)
│    └─SimpleQBlock: 2-58                                                   --                        (recursive)
│    │    └─QuantReLU: 3-103                                                --                        (recursive)
│    └─SimpleQBlock: 2-59                                                   [1, 512, 7, 7]            2,492,419
│    │    └─QuantConv2d: 3-104                                              [1, 512, 7, 7]            1,179,648
│    │    └─BatchNorm2d: 3-105                                              [1, 512, 7, 7]            1,024
│    │    └─QuantReLU: 3-106                                                [1, 512, 7, 7]            1
│    └─QuantIdentity: 2-73                                                  --                        (recursive)
│    │    └─ActQuantProxyFromInjector: 3-133                                --                        (recursive)
│    └─SimpleQBlock: 2-67                                                   --                        (recursive)
│    │    └─QuantReLU: 3-108                                                --                        (recursive)
│    │    └─QuantConv2d: 3-109                                              [1, 512, 7, 7]            2,359,296
│    │    └─BatchNorm2d: 3-110                                              [1, 512, 7, 7]            1,024
│    │    └─QuantIdentity: 3-111                                            [1, 512, 7, 7]            1
│    └─QuantIdentity: 2-73                                                  --                        (recursive)
│    │    └─ActQuantProxyFromInjector: 3-133                                --                        (recursive)
│    └─SimpleQBlock: 2-67                                                   --                        (recursive)
│    │    └─QuantIdentity: 3-113                                            --                        (recursive)
│    │    └─QuantConv2d: 3-114                                              [1, 512, 7, 7]            131,072
│    │    └─BatchNorm2d: 3-115                                              [1, 512, 7, 7]            1,024
│    │    └─QuantIdentity: 3-116                                            [1, 512, 7, 7]            1
│    └─QuantIdentity: 2-73                                                  --                        (recursive)
│    │    └─ActQuantProxyFromInjector: 3-133                                --                        (recursive)
│    └─SimpleQBlock: 2-67                                                   --                        (recursive)
│    │    └─QuantIdentity: 3-118                                            --                        (recursive)
│    │    └─QuantReLU: 3-119                                                [1, 512, 7, 7]            1
│    └─QuantIdentity: 2-73                                                  --                        (recursive)
│    │    └─ActQuantProxyFromInjector: 3-133                                --                        (recursive)
│    └─SimpleQBlock: 2-67                                                   --                        (recursive)
│    │    └─QuantReLU: 3-121                                                --                        (recursive)
│    └─SimpleQBlock: 2-68                                                   [1, 512, 7, 7]            2,360,322
│    │    └─QuantConv2d: 3-122                                              [1, 512, 7, 7]            2,359,296
│    │    └─BatchNorm2d: 3-123                                              [1, 512, 7, 7]            1,024
│    │    └─QuantReLU: 3-124                                                [1, 512, 7, 7]            1
│    └─QuantIdentity: 2-73                                                  --                        (recursive)
│    │    └─ActQuantProxyFromInjector: 3-133                                --                        (recursive)
│    └─SimpleQBlock: 2-74                                                   --                        (recursive)
│    │    └─QuantReLU: 3-126                                                --                        (recursive)
│    │    └─QuantConv2d: 3-127                                              [1, 512, 7, 7]            2,359,296
│    │    └─BatchNorm2d: 3-128                                              [1, 512, 7, 7]            1,024
│    │    └─QuantIdentity: 3-129                                            [1, 512, 7, 7]            1
│    └─QuantIdentity: 2-73                                                  --                        (recursive)
│    │    └─ActQuantProxyFromInjector: 3-133                                --                        (recursive)
│    └─SimpleQBlock: 2-74                                                   --                        (recursive)
│    │    └─QuantIdentity: 3-131                                            --                        (recursive)
│    │    └─QuantReLU: 3-132                                                [1, 512, 7, 7]            1
│    └─QuantIdentity: 2-73                                                  --                        (recursive)
│    │    └─ActQuantProxyFromInjector: 3-133                                --                        (recursive)
│    └─SimpleQBlock: 2-74                                                   --                        (recursive)
│    │    └─QuantReLU: 3-134                                                --                        (recursive)
│    └─AvgPool2d: 2-75                                                      [1, 512, 1, 1]            --
│    └─QuantIdentity: 2-76                                                  [1, 512, 1, 1]            --
│    │    └─ActQuantProxyFromInjector: 3-135                                [1, 512, 1, 1]            --
│    │    └─ActQuantProxyFromInjector: 3-136                                [1, 512, 1, 1]            1
│    └─Flatten: 2-77                                                        [1, 512]                  --
=============================================================================================================================
Total params: 17,621,106
Trainable params: 17,621,106
Non-trainable params: 0
Total mult-adds (M): 0.01
=============================================================================================================================
Input size (MB): 0.60
Forward/backward pass size (MB): 19.87
Params size (MB): 0.04
Estimated Total Size (MB): 20.51
=============================================================================================================================

Loading checkpoint...
Loaded checkpoint /home/zhiyong/Git/dct-cryptonets/dct-cryptonets/checkpoint/faceforensic/non_dct/best.tar (97.594% Top-1 Acc. @ epoch 2)

Compiling FHE Model (this can take up to 10 minutes for larger networks)...

Computation Graph
--------------------------------------------------------------------------------
  %0 = _inp_1                                                                                                             # EncryptedTensor<int4, shape=(1, 3, 224, 224)>          ∈ [-7, 7]
  %1 = ones()                                                                                                             # EncryptedTensor<uint1, shape=(1, 3, 230, 230)>         ∈ [1, 1]
  %2 = 0                                                                                                                  # ClearScalar<uint1>                                     ∈ [0, 0]
  %3 = multiply(%1, %2)                                                                                                   # EncryptedTensor<uint1, shape=(1, 3, 230, 230)>         ∈ [0, 0]
  %4 = (%3[:, :, 3:227, 3:227] = %0)                                                                                      # EncryptedTensor<int4, shape=(1, 3, 230, 230)>          ∈ [-7, 7]
  %5 = [[[[-2  1  ...  -2 -2]]]]                                                                                          # ClearTensor<int4, shape=(64, 3, 7, 7)>                 ∈ [-7, 5]              @ /trunk/trunk.1/Conv.conv
  %6 = conv2d(%4, %5, [0 0 0 0 0 ... 0 0 0 0 0], pads=[0, 0, 0, 0], strides=(2, 2), dilations=(1, 1), group=1)            # EncryptedTensor<int12, shape=(1, 64, 112, 112)>        ∈ [-1288, 1270]        @ /trunk/trunk.1/Conv.conv
  %7 = round_bit_pattern(%6, lsbs_to_remove=6, overflow_protection=False, exactness=Exactness.EXACT)                      # EncryptedTensor<int12, shape=(1, 64, 112, 112)>        ∈ [-1280, 1280]        @ /trunk/trunk.1/Conv.conv_rounding
  %8 = subgraph(%7)                                                                                                       # EncryptedTensor<uint4, shape=(1, 64, 112, 112)>        ∈ [0, 15]
  %9 = ones()                                                                                                             # EncryptedTensor<uint1, shape=(1, 64, 114, 114)>        ∈ [1, 1]
 %10 = 0                                                                                                                  # ClearScalar<uint1>                                     ∈ [0, 0]
 %11 = multiply(%9, %10)                                                                                                  # EncryptedTensor<uint1, shape=(1, 64, 114, 114)>        ∈ [0, 0]
 %12 = (%11[:, :, 1:113, 1:113] = %8)                                                                                     # EncryptedTensor<uint4, shape=(1, 64, 114, 114)>        ∈ [0, 15]
 %13 = maxpool2d(%12, kernel_shape=(3, 3), strides=(2, 2), pads=(0, 0, 0, 0), dilations=(1, 1), ceil_mode=False)          # EncryptedTensor<uint4, shape=(1, 64, 56, 56)>          ∈ [0, 15]
 %14 = subgraph(%13)                                                                                                      # EncryptedTensor<uint3, shape=(1, 64, 56, 56)>          ∈ [0, 7]
 %15 = ones()                                                                                                             # EncryptedTensor<uint1, shape=(1, 64, 58, 58)>          ∈ [1, 1]
 %16 = 0                                                                                                                  # ClearScalar<uint1>                                     ∈ [0, 0]
 %17 = multiply(%15, %16)                                                                                                 # EncryptedTensor<uint1, shape=(1, 64, 58, 58)>          ∈ [0, 0]
 %18 = (%17[:, :, 1:57, 1:57] = %14)                                                                                      # EncryptedTensor<uint3, shape=(1, 64, 58, 58)>          ∈ [0, 7]
 %19 = [[[[ 0  2  ...  -1 -1]]]]                                                                                          # ClearTensor<int4, shape=(64, 64, 3, 3)>                ∈ [-7, 7]              @ /trunk/trunk.6/C1/Conv.conv
 %20 = conv2d(%18, %19, [0 0 0 0 0 ... 0 0 0 0 0], pads=[0, 0, 0, 0], strides=(1, 1), dilations=(1, 1), group=1)          # EncryptedTensor<int11, shape=(1, 64, 56, 56)>          ∈ [-968, 974]          @ /trunk/trunk.6/C1/Conv.conv
 %21 = round_bit_pattern(%20, lsbs_to_remove=5, overflow_protection=False, exactness=Exactness.EXACT)                     # EncryptedTensor<int11, shape=(1, 64, 56, 56)>          ∈ [-960, 960]          @ /trunk/trunk.6/C1/Conv.conv_rounding
 %22 = subgraph(%21)                                                                                                      # EncryptedTensor<uint4, shape=(1, 64, 56, 56)>          ∈ [0, 15]
 %23 = ones()                                                                                                             # EncryptedTensor<uint1, shape=(1, 64, 58, 58)>          ∈ [1, 1]
 %24 = 0                                                                                                                  # ClearScalar<uint1>                                     ∈ [0, 0]
 %25 = multiply(%23, %24)                                                                                                 # EncryptedTensor<uint1, shape=(1, 64, 58, 58)>          ∈ [0, 0]
 %26 = (%25[:, :, 1:57, 1:57] = %22)                                                                                      # EncryptedTensor<uint4, shape=(1, 64, 58, 58)>          ∈ [0, 15]
 %27 = [[[[-3 -1  ...  -3  1]]]]                                                                                          # ClearTensor<int4, shape=(64, 64, 3, 3)>                ∈ [-6, 7]              @ /trunk/trunk.6/C2/Conv.conv
 %28 = conv2d(%26, %27, [0 0 0 0 0 ... 0 0 0 0 0], pads=[0, 0, 0, 0], strides=(1, 1), dilations=(1, 1), group=1)          # EncryptedTensor<int12, shape=(1, 64, 56, 56)>          ∈ [-1328, 1212]        @ /trunk/trunk.6/C2/Conv.conv
 %29 = round_bit_pattern(%28, lsbs_to_remove=6, overflow_protection=False, exactness=Exactness.EXACT)                     # EncryptedTensor<int12, shape=(1, 64, 56, 56)>          ∈ [-1344, 1216]        @ /trunk/trunk.6/C2/Conv.conv_rounding
 %30 = subgraph(%29)                                                                                                      # EncryptedTensor<int4, shape=(1, 64, 56, 56)>           ∈ [-8, 7]
 %31 = subgraph(%13)                                                                                                      # EncryptedTensor<uint3, shape=(1, 64, 56, 56)>          ∈ [0, 7]
 %32 = subgraph(%30)                                                                                                      # EncryptedTensor<int5, shape=(1, 64, 56, 56)>           ∈ [-15, 13]
 %33 = subgraph(%31)                                                                                                      # EncryptedTensor<uint4, shape=(1, 64, 56, 56)>          ∈ [0, 13]
 %34 = 1                                                                                                                  # ClearScalar<uint1>                                     ∈ [1, 1]
 %35 = multiply(%34, %33)                                                                                                 # EncryptedTensor<uint4, shape=(1, 64, 56, 56)>          ∈ [0, 13]
 %36 = add(%32, %35)                                                                                                      # EncryptedTensor<int6, shape=(1, 64, 56, 56)>           ∈ [-15, 26]
 %37 = subgraph(%36)                                                                                                      # EncryptedTensor<uint4, shape=(1, 64, 56, 56)>          ∈ [0, 15]
 %38 = ones()                                                                                                             # EncryptedTensor<uint1, shape=(1, 64, 58, 58)>          ∈ [1, 1]
 %39 = 0                                                                                                                  # ClearScalar<uint1>                                     ∈ [0, 0]
 %40 = multiply(%38, %39)                                                                                                 # EncryptedTensor<uint1, shape=(1, 64, 58, 58)>          ∈ [0, 0]
 %41 = (%40[:, :, 1:57, 1:57] = %37)                                                                                      # EncryptedTensor<uint4, shape=(1, 64, 58, 58)>          ∈ [0, 15]
 %42 = [[[[ 2  2  ...  -3 -1]]]]                                                                                          # ClearTensor<int4, shape=(64, 64, 3, 3)>                ∈ [-7, 7]              @ /trunk/trunk.7/C1/Conv.conv
 %43 = conv2d(%41, %42, [0 0 0 0 0 ... 0 0 0 0 0], pads=[0, 0, 0, 0], strides=(1, 1), dilations=(1, 1), group=1)          # EncryptedTensor<int12, shape=(1, 64, 56, 56)>          ∈ [-1636, 1141]        @ /trunk/trunk.7/C1/Conv.conv
 %44 = round_bit_pattern(%43, lsbs_to_remove=6, overflow_protection=False, exactness=Exactness.EXACT)                     # EncryptedTensor<int12, shape=(1, 64, 56, 56)>          ∈ [-1664, 1152]        @ /trunk/trunk.7/C1/Conv.conv_rounding
 %45 = subgraph(%44)                                                                                                      # EncryptedTensor<uint4, shape=(1, 64, 56, 56)>          ∈ [0, 15]
 %46 = ones()                                                                                                             # EncryptedTensor<uint1, shape=(1, 64, 58, 58)>          ∈ [1, 1]
 %47 = 0                                                                                                                  # ClearScalar<uint1>                                     ∈ [0, 0]
 %48 = multiply(%46, %47)                                                                                                 # EncryptedTensor<uint1, shape=(1, 64, 58, 58)>          ∈ [0, 0]
 %49 = (%48[:, :, 1:57, 1:57] = %45)                                                                                      # EncryptedTensor<uint4, shape=(1, 64, 58, 58)>          ∈ [0, 15]
 %50 = [[[[-1 -2  ...   0 -1]]]]                                                                                          # ClearTensor<int4, shape=(64, 64, 3, 3)>                ∈ [-6, 7]              @ /trunk/trunk.7/C2/Conv.conv
 %51 = conv2d(%49, %50, [0 0 0 0 0 ... 0 0 0 0 0], pads=[0, 0, 0, 0], strides=(1, 1), dilations=(1, 1), group=1)          # EncryptedTensor<int12, shape=(1, 64, 56, 56)>          ∈ [-1160, 1084]        @ /trunk/trunk.7/C2/Conv.conv
 %52 = round_bit_pattern(%51, lsbs_to_remove=6, overflow_protection=False, exactness=Exactness.EXACT)                     # EncryptedTensor<int12, shape=(1, 64, 56, 56)>          ∈ [-1152, 1088]        @ /trunk/trunk.7/C2/Conv.conv_rounding
 %53 = subgraph(%52)                                                                                                      # EncryptedTensor<int4, shape=(1, 64, 56, 56)>           ∈ [-8, 7]
 %54 = subgraph(%36)                                                                                                      # EncryptedTensor<uint4, shape=(1, 64, 56, 56)>          ∈ [0, 15]
 %55 = subgraph(%53)                                                                                                      # EncryptedTensor<int5, shape=(1, 64, 56, 56)>           ∈ [-13, 11]
 %56 = subgraph(%54)                                                                                                      # EncryptedTensor<uint5, shape=(1, 64, 56, 56)>          ∈ [0, 18]
 %57 = 1                                                                                                                  # ClearScalar<uint1>                                     ∈ [1, 1]
 %58 = multiply(%57, %56)                                                                                                 # EncryptedTensor<uint5, shape=(1, 64, 56, 56)>          ∈ [0, 18]
 %59 = add(%55, %58)                                                                                                      # EncryptedTensor<int6, shape=(1, 64, 56, 56)>           ∈ [-13, 27]
 %60 = subgraph(%59)                                                                                                      # EncryptedTensor<uint4, shape=(1, 64, 56, 56)>          ∈ [0, 15]
 %61 = ones()                                                                                                             # EncryptedTensor<uint1, shape=(1, 64, 58, 58)>          ∈ [1, 1]
 %62 = 0                                                                                                                  # ClearScalar<uint1>                                     ∈ [0, 0]
 %63 = multiply(%61, %62)                                                                                                 # EncryptedTensor<uint1, shape=(1, 64, 58, 58)>          ∈ [0, 0]
 %64 = (%63[:, :, 1:57, 1:57] = %60)                                                                                      # EncryptedTensor<uint4, shape=(1, 64, 58, 58)>          ∈ [0, 15]
 %65 = [[[[ 1 -1  ...   0 -2]]]]                                                                                          # ClearTensor<int4, shape=(128, 64, 3, 3)>               ∈ [-6, 7]              @ /trunk/trunk.8/C1/Conv.conv
 %66 = conv2d(%64, %65, [0 0 0 0 0 ... 0 0 0 0 0], pads=[0, 0, 0, 0], strides=(2, 2), dilations=(1, 1), group=1)          # EncryptedTensor<int12, shape=(1, 128, 28, 28)>         ∈ [-1660, 1590]        @ /trunk/trunk.8/C1/Conv.conv
 %67 = round_bit_pattern(%66, lsbs_to_remove=6, overflow_protection=False, exactness=Exactness.EXACT)                     # EncryptedTensor<int12, shape=(1, 128, 28, 28)>         ∈ [-1664, 1600]        @ /trunk/trunk.8/C1/Conv.conv_rounding
 %68 = subgraph(%67)                                                                                                      # EncryptedTensor<uint4, shape=(1, 128, 28, 28)>         ∈ [0, 15]
 %69 = ones()                                                                                                             # EncryptedTensor<uint1, shape=(1, 128, 30, 30)>         ∈ [1, 1]
 %70 = 0                                                                                                                  # ClearScalar<uint1>                                     ∈ [0, 0]
 %71 = multiply(%69, %70)                                                                                                 # EncryptedTensor<uint1, shape=(1, 128, 30, 30)>         ∈ [0, 0]
 %72 = (%71[:, :, 1:29, 1:29] = %68)                                                                                      # EncryptedTensor<uint4, shape=(1, 128, 30, 30)>         ∈ [0, 15]
 %73 = [[[[ 2 -1  ...  -1  3]]]]                                                                                          # ClearTensor<int4, shape=(128, 128, 3, 3)>              ∈ [-7, 7]              @ /trunk/trunk.8/C2/Conv.conv
 %74 = conv2d(%72, %73, [0 0 0 0 0 ... 0 0 0 0 0], pads=[0, 0, 0, 0], strides=(1, 1), dilations=(1, 1), group=1)          # EncryptedTensor<int13, shape=(1, 128, 28, 28)>         ∈ [-3524, 2464]        @ /trunk/trunk.8/C2/Conv.conv
 %75 = round_bit_pattern(%74, lsbs_to_remove=7, overflow_protection=False, exactness=Exactness.EXACT)                     # EncryptedTensor<int13, shape=(1, 128, 28, 28)>         ∈ [-3584, 2432]        @ /trunk/trunk.8/C2/Conv.conv_rounding
 %76 = subgraph(%59)                                                                                                      # EncryptedTensor<uint4, shape=(1, 64, 56, 56)>          ∈ [0, 15]
 %77 = [[[[ 2]]   ...   [[-1]]]]                                                                                          # ClearTensor<int4, shape=(128, 64, 1, 1)>               ∈ [-7, 7]              @ /trunk/trunk.8/shortcut/Conv.conv
 %78 = conv2d(%76, %77, [0 0 0 0 0 ... 0 0 0 0 0], pads=[0, 0, 0, 0], strides=(2, 2), dilations=(1, 1), group=1)          # EncryptedTensor<int10, shape=(1, 128, 28, 28)>         ∈ [-252, 323]          @ /trunk/trunk.8/shortcut/Conv.conv
 %79 = round_bit_pattern(%78, lsbs_to_remove=4, overflow_protection=False, exactness=Exactness.EXACT)                     # EncryptedTensor<int10, shape=(1, 128, 28, 28)>         ∈ [-256, 320]          @ /trunk/trunk.8/shortcut/Conv.conv_rounding
 %80 = subgraph(%75)                                                                                                      # EncryptedTensor<int4, shape=(1, 128, 28, 28)>          ∈ [-8, 7]
 %81 = subgraph(%79)                                                                                                      # EncryptedTensor<int4, shape=(1, 128, 28, 28)>          ∈ [-8, 7]
 %82 = subgraph(%80)                                                                                                      # EncryptedTensor<int5, shape=(1, 128, 28, 28)>          ∈ [-15, 13]
 %83 = subgraph(%81)                                                                                                      # EncryptedTensor<int5, shape=(1, 128, 28, 28)>          ∈ [-12, 10]
 %84 = 1                                                                                                                  # ClearScalar<uint1>                                     ∈ [1, 1]
 %85 = multiply(%84, %83)                                                                                                 # EncryptedTensor<int5, shape=(1, 128, 28, 28)>          ∈ [-12, 10]
 %86 = add(%82, %85)                                                                                                      # EncryptedTensor<int6, shape=(1, 128, 28, 28)>          ∈ [-27, 23]
 %87 = subgraph(%86)                                                                                                      # EncryptedTensor<uint4, shape=(1, 128, 28, 28)>         ∈ [0, 15]
 %88 = ones()                                                                                                             # EncryptedTensor<uint1, shape=(1, 128, 30, 30)>         ∈ [1, 1]
 %89 = 0                                                                                                                  # ClearScalar<uint1>                                     ∈ [0, 0]
 %90 = multiply(%88, %89)                                                                                                 # EncryptedTensor<uint1, shape=(1, 128, 30, 30)>         ∈ [0, 0]
 %91 = (%90[:, :, 1:29, 1:29] = %87)                                                                                      # EncryptedTensor<uint4, shape=(1, 128, 30, 30)>         ∈ [0, 15]
 %92 = [[[[-1  2  ...  -2 -1]]]]                                                                                          # ClearTensor<int4, shape=(128, 128, 3, 3)>              ∈ [-7, 7]              @ /trunk/trunk.9/C1/Conv.conv
 %93 = conv2d(%91, %92, [0 0 0 0 0 ... 0 0 0 0 0], pads=[0, 0, 0, 0], strides=(1, 1), dilations=(1, 1), group=1)          # EncryptedTensor<int12, shape=(1, 128, 28, 28)>         ∈ [-1761, 1758]        @ /trunk/trunk.9/C1/Conv.conv
 %94 = round_bit_pattern(%93, lsbs_to_remove=6, overflow_protection=False, exactness=Exactness.EXACT)                     # EncryptedTensor<int12, shape=(1, 128, 28, 28)>         ∈ [-1792, 1728]        @ /trunk/trunk.9/C1/Conv.conv_rounding
 %95 = subgraph(%94)                                                                                                      # EncryptedTensor<uint4, shape=(1, 128, 28, 28)>         ∈ [0, 15]
 %96 = ones()                                                                                                             # EncryptedTensor<uint1, shape=(1, 128, 30, 30)>         ∈ [1, 1]
 %97 = 0                                                                                                                  # ClearScalar<uint1>                                     ∈ [0, 0]
 %98 = multiply(%96, %97)                                                                                                 # EncryptedTensor<uint1, shape=(1, 128, 30, 30)>         ∈ [0, 0]
 %99 = (%98[:, :, 1:29, 1:29] = %95)                                                                                      # EncryptedTensor<uint4, shape=(1, 128, 30, 30)>         ∈ [0, 15]
%100 = [[[[ 1 -1  ...   0  1]]]]                                                                                          # ClearTensor<int4, shape=(128, 128, 3, 3)>              ∈ [-7, 6]              @ /trunk/trunk.9/C2/Conv.conv
%101 = conv2d(%99, %100, [0 0 0 0 0 ... 0 0 0 0 0], pads=[0, 0, 0, 0], strides=(1, 1), dilations=(1, 1), group=1)         # EncryptedTensor<int13, shape=(1, 128, 28, 28)>         ∈ [-2481, 2030]        @ /trunk/trunk.9/C2/Conv.conv
%102 = round_bit_pattern(%101, lsbs_to_remove=6, overflow_protection=False, exactness=Exactness.EXACT)                    # EncryptedTensor<int13, shape=(1, 128, 28, 28)>         ∈ [-2496, 2048]        @ /trunk/trunk.9/C2/Conv.conv_rounding
%103 = subgraph(%102)                                                                                                     # EncryptedTensor<int4, shape=(1, 128, 28, 28)>          ∈ [-8, 7]
%104 = subgraph(%86)                                                                                                      # EncryptedTensor<uint4, shape=(1, 128, 28, 28)>         ∈ [0, 15]
%105 = subgraph(%103)                                                                                                     # EncryptedTensor<int5, shape=(1, 128, 28, 28)>          ∈ [-16, 14]
%106 = subgraph(%104)                                                                                                     # EncryptedTensor<uint5, shape=(1, 128, 28, 28)>         ∈ [0, 20]
%107 = 1                                                                                                                  # ClearScalar<uint1>                                     ∈ [1, 1]
%108 = multiply(%107, %106)                                                                                               # EncryptedTensor<uint5, shape=(1, 128, 28, 28)>         ∈ [0, 20]
%109 = add(%105, %108)                                                                                                    # EncryptedTensor<int7, shape=(1, 128, 28, 28)>          ∈ [-16, 34]
%110 = subgraph(%109)                                                                                                     # EncryptedTensor<uint4, shape=(1, 128, 28, 28)>         ∈ [0, 15]
%111 = ones()                                                                                                             # EncryptedTensor<uint1, shape=(1, 128, 30, 30)>         ∈ [1, 1]
%112 = 0                                                                                                                  # ClearScalar<uint1>                                     ∈ [0, 0]
%113 = multiply(%111, %112)                                                                                               # EncryptedTensor<uint1, shape=(1, 128, 30, 30)>         ∈ [0, 0]
%114 = (%113[:, :, 1:29, 1:29] = %110)                                                                                    # EncryptedTensor<uint4, shape=(1, 128, 30, 30)>         ∈ [0, 15]
%115 = [[[[-1 -2  ...  -2  1]]]]                                                                                          # ClearTensor<int4, shape=(256, 128, 3, 3)>              ∈ [-7, 7]              @ /trunk/trunk.10/C1/Conv.conv
%116 = conv2d(%114, %115, [0 0 0 0 0 ... 0 0 0 0 0], pads=[0, 0, 0, 0], strides=(2, 2), dilations=(1, 1), group=1)        # EncryptedTensor<int13, shape=(1, 256, 14, 14)>         ∈ [-2380, 2171]        @ /trunk/trunk.10/C1/Conv.conv
%117 = round_bit_pattern(%116, lsbs_to_remove=6, overflow_protection=False, exactness=Exactness.EXACT)                    # EncryptedTensor<int13, shape=(1, 256, 14, 14)>         ∈ [-2368, 2176]        @ /trunk/trunk.10/C1/Conv.conv_rounding
%118 = subgraph(%117)                                                                                                     # EncryptedTensor<uint4, shape=(1, 256, 14, 14)>         ∈ [0, 15]
%119 = ones()                                                                                                             # EncryptedTensor<uint1, shape=(1, 256, 16, 16)>         ∈ [1, 1]
%120 = 0                                                                                                                  # ClearScalar<uint1>                                     ∈ [0, 0]
%121 = multiply(%119, %120)                                                                                               # EncryptedTensor<uint1, shape=(1, 256, 16, 16)>         ∈ [0, 0]
%122 = (%121[:, :, 1:15, 1:15] = %118)                                                                                    # EncryptedTensor<uint4, shape=(1, 256, 16, 16)>         ∈ [0, 15]
%123 = [[[[ 0  1  ...   1 -1]]]]                                                                                          # ClearTensor<int4, shape=(256, 256, 3, 3)>              ∈ [-7, 7]              @ /trunk/trunk.10/C2/Conv.conv
%124 = conv2d(%122, %123, [0 0 0 0 0 ... 0 0 0 0 0], pads=[0, 0, 0, 0], strides=(1, 1), dilations=(1, 1), group=1)        # EncryptedTensor<int14, shape=(1, 256, 14, 14)>         ∈ [-6290, 4227]        @ /trunk/trunk.10/C2/Conv.conv
%125 = round_bit_pattern(%124, lsbs_to_remove=8, overflow_protection=False, exactness=Exactness.EXACT)                    # EncryptedTensor<int14, shape=(1, 256, 14, 14)>         ∈ [-6400, 4352]        @ /trunk/trunk.10/C2/Conv.conv_rounding
%126 = subgraph(%109)                                                                                                     # EncryptedTensor<uint4, shape=(1, 128, 28, 28)>         ∈ [0, 15]
%127 = [[[[ 2]]   ...   [[ 0]]]]                                                                                          # ClearTensor<int4, shape=(256, 128, 1, 1)>              ∈ [-7, 7]              @ /trunk/trunk.10/shortcut/Conv.conv
%128 = conv2d(%126, %127, [0 0 0 0 0 ... 0 0 0 0 0], pads=[0, 0, 0, 0], strides=(2, 2), dilations=(1, 1), group=1)        # EncryptedTensor<int11, shape=(1, 256, 14, 14)>         ∈ [-418, 522]          @ /trunk/trunk.10/shortcut/Conv.conv
%129 = round_bit_pattern(%128, lsbs_to_remove=4, overflow_protection=False, exactness=Exactness.EXACT)                    # EncryptedTensor<int11, shape=(1, 256, 14, 14)>         ∈ [-416, 528]          @ /trunk/trunk.10/shortcut/Conv.conv_rounding
%130 = subgraph(%125)                                                                                                     # EncryptedTensor<int4, shape=(1, 256, 14, 14)>          ∈ [-8, 7]
%131 = subgraph(%129)                                                                                                     # EncryptedTensor<int4, shape=(1, 256, 14, 14)>          ∈ [-8, 7]
%132 = subgraph(%130)                                                                                                     # EncryptedTensor<int5, shape=(1, 256, 14, 14)>          ∈ [-16, 14]
%133 = subgraph(%131)                                                                                                     # EncryptedTensor<int5, shape=(1, 256, 14, 14)>          ∈ [-14, 12]
%134 = 1                                                                                                                  # ClearScalar<uint1>                                     ∈ [1, 1]
%135 = multiply(%134, %133)                                                                                               # EncryptedTensor<int5, shape=(1, 256, 14, 14)>          ∈ [-14, 12]
%136 = add(%132, %135)                                                                                                    # EncryptedTensor<int6, shape=(1, 256, 14, 14)>          ∈ [-24, 26]
%137 = subgraph(%136)                                                                                                     # EncryptedTensor<uint4, shape=(1, 256, 14, 14)>         ∈ [0, 15]
%138 = ones()                                                                                                             # EncryptedTensor<uint1, shape=(1, 256, 16, 16)>         ∈ [1, 1]
%139 = 0                                                                                                                  # ClearScalar<uint1>                                     ∈ [0, 0]
%140 = multiply(%138, %139)                                                                                               # EncryptedTensor<uint1, shape=(1, 256, 16, 16)>         ∈ [0, 0]
%141 = (%140[:, :, 1:15, 1:15] = %137)                                                                                    # EncryptedTensor<uint4, shape=(1, 256, 16, 16)>         ∈ [0, 15]
%142 = [[[[ 0  1  ...   3 -1]]]]                                                                                          # ClearTensor<int4, shape=(256, 256, 3, 3)>              ∈ [-6, 7]              @ /trunk/trunk.11/C1/Conv.conv
%143 = conv2d(%141, %142, [0 0 0 0 0 ... 0 0 0 0 0], pads=[0, 0, 0, 0], strides=(1, 1), dilations=(1, 1), group=1)        # EncryptedTensor<int13, shape=(1, 256, 14, 14)>         ∈ [-2813, 2493]        @ /trunk/trunk.11/C1/Conv.conv
%144 = round_bit_pattern(%143, lsbs_to_remove=7, overflow_protection=False, exactness=Exactness.EXACT)                    # EncryptedTensor<int13, shape=(1, 256, 14, 14)>         ∈ [-2816, 2432]        @ /trunk/trunk.11/C1/Conv.conv_rounding
%145 = subgraph(%144)                                                                                                     # EncryptedTensor<uint4, shape=(1, 256, 14, 14)>         ∈ [0, 15]
%146 = ones()                                                                                                             # EncryptedTensor<uint1, shape=(1, 256, 16, 16)>         ∈ [1, 1]
%147 = 0                                                                                                                  # ClearScalar<uint1>                                     ∈ [0, 0]
%148 = multiply(%146, %147)                                                                                               # EncryptedTensor<uint1, shape=(1, 256, 16, 16)>         ∈ [0, 0]
%149 = (%148[:, :, 1:15, 1:15] = %145)                                                                                    # EncryptedTensor<uint4, shape=(1, 256, 16, 16)>         ∈ [0, 15]
%150 = [[[[ 0 -3  ...  -1 -1]]]]                                                                                          # ClearTensor<int4, shape=(256, 256, 3, 3)>              ∈ [-7, 7]              @ /trunk/trunk.11/C2/Conv.conv
%151 = conv2d(%149, %150, [0 0 0 0 0 ... 0 0 0 0 0], pads=[0, 0, 0, 0], strides=(1, 1), dilations=(1, 1), group=1)        # EncryptedTensor<int14, shape=(1, 256, 14, 14)>         ∈ [-4682, 3795]        @ /trunk/trunk.11/C2/Conv.conv
%152 = round_bit_pattern(%151, lsbs_to_remove=7, overflow_protection=False, exactness=Exactness.EXACT)                    # EncryptedTensor<int14, shape=(1, 256, 14, 14)>         ∈ [-4736, 3840]        @ /trunk/trunk.11/C2/Conv.conv_rounding
%153 = subgraph(%152)                                                                                                     # EncryptedTensor<int4, shape=(1, 256, 14, 14)>          ∈ [-7, 7]
%154 = subgraph(%136)                                                                                                     # EncryptedTensor<uint4, shape=(1, 256, 14, 14)>         ∈ [0, 15]
%155 = subgraph(%153)                                                                                                     # EncryptedTensor<int5, shape=(1, 256, 14, 14)>          ∈ [-15, 15]
%156 = subgraph(%154)                                                                                                     # EncryptedTensor<uint5, shape=(1, 256, 14, 14)>         ∈ [0, 22]
%157 = 1                                                                                                                  # ClearScalar<uint1>                                     ∈ [1, 1]
%158 = multiply(%157, %156)                                                                                               # EncryptedTensor<uint5, shape=(1, 256, 14, 14)>         ∈ [0, 22]
%159 = add(%155, %158)                                                                                                    # EncryptedTensor<int7, shape=(1, 256, 14, 14)>          ∈ [-15, 34]
%160 = subgraph(%159)                                                                                                     # EncryptedTensor<uint4, shape=(1, 256, 14, 14)>         ∈ [0, 15]
%161 = ones()                                                                                                             # EncryptedTensor<uint1, shape=(1, 256, 16, 16)>         ∈ [1, 1]
%162 = 0                                                                                                                  # ClearScalar<uint1>                                     ∈ [0, 0]
%163 = multiply(%161, %162)                                                                                               # EncryptedTensor<uint1, shape=(1, 256, 16, 16)>         ∈ [0, 0]
%164 = (%163[:, :, 1:15, 1:15] = %160)                                                                                    # EncryptedTensor<uint4, shape=(1, 256, 16, 16)>         ∈ [0, 15]
%165 = [[[[ 2  1  ...   2  1]]]]                                                                                          # ClearTensor<int4, shape=(512, 256, 3, 3)>              ∈ [-7, 7]              @ /trunk/trunk.12/C1/Conv.conv
%166 = conv2d(%164, %165, [0 0 0 0 0 ... 0 0 0 0 0], pads=[0, 0, 0, 0], strides=(2, 2), dilations=(1, 1), group=1)        # EncryptedTensor<int13, shape=(1, 512, 7, 7)>           ∈ [-2657, 3026]        @ /trunk/trunk.12/C1/Conv.conv
%167 = round_bit_pattern(%166, lsbs_to_remove=7, overflow_protection=False, exactness=Exactness.EXACT)                    # EncryptedTensor<int13, shape=(1, 512, 7, 7)>           ∈ [-2688, 3072]        @ /trunk/trunk.12/C1/Conv.conv_rounding
%168 = subgraph(%167)                                                                                                     # EncryptedTensor<uint4, shape=(1, 512, 7, 7)>           ∈ [0, 14]
%169 = ones()                                                                                                             # EncryptedTensor<uint1, shape=(1, 512, 9, 9)>           ∈ [1, 1]
%170 = 0                                                                                                                  # ClearScalar<uint1>                                     ∈ [0, 0]
%171 = multiply(%169, %170)                                                                                               # EncryptedTensor<uint1, shape=(1, 512, 9, 9)>           ∈ [0, 0]
%172 = (%171[:, :, 1:8, 1:8] = %168)                                                                                      # EncryptedTensor<uint4, shape=(1, 512, 9, 9)>           ∈ [0, 14]
%173 = [[[[-1 -2  ...   0 -1]]]]                                                                                          # ClearTensor<int4, shape=(512, 512, 3, 3)>              ∈ [-7, 7]              @ /trunk/trunk.12/C2/Conv.conv
%174 = conv2d(%172, %173, [0 0 0 0 0 ... 0 0 0 0 0], pads=[0, 0, 0, 0], strides=(1, 1), dilations=(1, 1), group=1)        # EncryptedTensor<int14, shape=(1, 512, 7, 7)>           ∈ [-6740, 6591]        @ /trunk/trunk.12/C2/Conv.conv
%175 = round_bit_pattern(%174, lsbs_to_remove=8, overflow_protection=False, exactness=Exactness.EXACT)                    # EncryptedTensor<int14, shape=(1, 512, 7, 7)>           ∈ [-6656, 6656]        @ /trunk/trunk.12/C2/Conv.conv_rounding
%176 = subgraph(%159)                                                                                                     # EncryptedTensor<uint4, shape=(1, 256, 14, 14)>         ∈ [0, 15]
%177 = [[[[-2]]   ...   [[ 0]]]]                                                                                          # ClearTensor<int4, shape=(512, 256, 1, 1)>              ∈ [-7, 7]              @ /trunk/trunk.12/shortcut/Conv.conv
%178 = conv2d(%176, %177, [0 0 0 0 0 ... 0 0 0 0 0], pads=[0, 0, 0, 0], strides=(2, 2), dilations=(1, 1), group=1)        # EncryptedTensor<int11, shape=(1, 512, 7, 7)>           ∈ [-614, 635]          @ /trunk/trunk.12/shortcut/Conv.conv
%179 = round_bit_pattern(%178, lsbs_to_remove=5, overflow_protection=False, exactness=Exactness.EXACT)                    # EncryptedTensor<int11, shape=(1, 512, 7, 7)>           ∈ [-608, 640]          @ /trunk/trunk.12/shortcut/Conv.conv_rounding
%180 = subgraph(%175)                                                                                                     # EncryptedTensor<int4, shape=(1, 512, 7, 7)>            ∈ [-6, 7]
%181 = subgraph(%179)                                                                                                     # EncryptedTensor<int4, shape=(1, 512, 7, 7)>            ∈ [-8, 7]
%182 = subgraph(%180)                                                                                                     # EncryptedTensor<int5, shape=(1, 512, 7, 7)>            ∈ [-12, 14]
%183 = subgraph(%181)                                                                                                     # EncryptedTensor<int6, shape=(1, 512, 7, 7)>            ∈ [-17, 15]
%184 = 1                                                                                                                  # ClearScalar<uint1>                                     ∈ [1, 1]
%185 = multiply(%184, %183)                                                                                               # EncryptedTensor<int6, shape=(1, 512, 7, 7)>            ∈ [-17, 15]
%186 = add(%182, %185)                                                                                                    # EncryptedTensor<int6, shape=(1, 512, 7, 7)>            ∈ [-20, 27]
%187 = subgraph(%186)                                                                                                     # EncryptedTensor<uint4, shape=(1, 512, 7, 7)>           ∈ [0, 15]
%188 = ones()                                                                                                             # EncryptedTensor<uint1, shape=(1, 512, 9, 9)>           ∈ [1, 1]
%189 = 0                                                                                                                  # ClearScalar<uint1>                                     ∈ [0, 0]
%190 = multiply(%188, %189)                                                                                               # EncryptedTensor<uint1, shape=(1, 512, 9, 9)>           ∈ [0, 0]
%191 = (%190[:, :, 1:8, 1:8] = %187)                                                                                      # EncryptedTensor<uint4, shape=(1, 512, 9, 9)>           ∈ [0, 15]
%192 = [[[[-1  1  ...  -2  1]]]]                                                                                          # ClearTensor<int4, shape=(512, 512, 3, 3)>              ∈ [-6, 7]              @ /trunk/trunk.13/C1/Conv.conv
%193 = conv2d(%191, %192, [0 0 0 0 0 ... 0 0 0 0 0], pads=[0, 0, 0, 0], strides=(1, 1), dilations=(1, 1), group=1)        # EncryptedTensor<int13, shape=(1, 512, 7, 7)>           ∈ [-3049, 3912]        @ /trunk/trunk.13/C1/Conv.conv
%194 = round_bit_pattern(%193, lsbs_to_remove=7, overflow_protection=False, exactness=Exactness.EXACT)                    # EncryptedTensor<int13, shape=(1, 512, 7, 7)>           ∈ [-3072, 3968]        @ /trunk/trunk.13/C1/Conv.conv_rounding
%195 = subgraph(%194)                                                                                                     # EncryptedTensor<uint4, shape=(1, 512, 7, 7)>           ∈ [0, 14]
%196 = ones()                                                                                                             # EncryptedTensor<uint1, shape=(1, 512, 9, 9)>           ∈ [1, 1]
%197 = 0                                                                                                                  # ClearScalar<uint1>                                     ∈ [0, 0]
%198 = multiply(%196, %197)                                                                                               # EncryptedTensor<uint1, shape=(1, 512, 9, 9)>           ∈ [0, 0]
%199 = (%198[:, :, 1:8, 1:8] = %195)                                                                                      # EncryptedTensor<uint4, shape=(1, 512, 9, 9)>           ∈ [0, 14]
%200 = [[[[ 1  0  ...  -3 -2]]]]                                                                                          # ClearTensor<int4, shape=(512, 512, 3, 3)>              ∈ [-7, 6]              @ /trunk/trunk.13/C2/Conv.conv
%201 = conv2d(%199, %200, [0 0 0 0 0 ... 0 0 0 0 0], pads=[0, 0, 0, 0], strides=(1, 1), dilations=(1, 1), group=1)        # EncryptedTensor<int15, shape=(1, 512, 7, 7)>           ∈ [-7372, 9907]        @ /trunk/trunk.13/C2/Conv.conv
%202 = round_bit_pattern(%201, lsbs_to_remove=8, overflow_protection=False, exactness=Exactness.EXACT)                    # EncryptedTensor<int15, shape=(1, 512, 7, 7)>           ∈ [-7424, 9984]        @ /trunk/trunk.13/C2/Conv.conv_rounding
%203 = subgraph(%202)                                                                                                     # EncryptedTensor<int4, shape=(1, 512, 7, 7)>            ∈ [-5, 6]
%204 = subgraph(%186)                                                                                                     # EncryptedTensor<uint4, shape=(1, 512, 7, 7)>           ∈ [0, 15]
%205 = subgraph(%203)                                                                                                     # EncryptedTensor<int5, shape=(1, 512, 7, 7)>            ∈ [-11, 13]
%206 = subgraph(%204)                                                                                                     # EncryptedTensor<uint5, shape=(1, 512, 7, 7)>           ∈ [0, 30]
%207 = 1                                                                                                                  # ClearScalar<uint1>                                     ∈ [1, 1]
%208 = multiply(%207, %206)                                                                                               # EncryptedTensor<uint5, shape=(1, 512, 7, 7)>           ∈ [0, 30]
%209 = add(%205, %208)                                                                                                    # EncryptedTensor<int7, shape=(1, 512, 7, 7)>            ∈ [-11, 37]
%210 = subgraph(%209)                                                                                                     # EncryptedTensor<uint4, shape=(1, 512, 7, 7)>           ∈ [0, 14]
%211 = [[[[1 1 1  ...  1 1 1]]]]                                                                                          # ClearTensor<uint1, shape=(512, 512, 7, 7)>             ∈ [0, 1]               @ /trunk/trunk.14/AveragePool.avgpool
%212 = conv2d(%210, %211, [0 0 0 0 0 ... 0 0 0 0 0], pads=[0, 0, 0, 0], strides=(7, 7), dilations=(1, 1), group=1)        # EncryptedTensor<uint8, shape=(1, 512, 1, 1)>           ∈ [0, 133]             @ /trunk/trunk.14/AveragePool.avgpool
%213 = round_bit_pattern(%212, lsbs_to_remove=2, overflow_protection=False, exactness=Exactness.EXACT)                    # EncryptedTensor<uint8, shape=(1, 512, 1, 1)>           ∈ [0, 132]             @ /trunk/trunk.14/AveragePool.avgpool_rounding
%214 = subgraph(%213)                                                                                                     # EncryptedTensor<uint3, shape=(1, 512, 1, 1)>           ∈ [0, 7]
%215 = reshape(%214, newshape=(1, 512))                                                                                   # EncryptedTensor<uint3, shape=(1, 512)>                 ∈ [0, 7]
return %215

Subgraphs:

    %8 = subgraph(%7):

         %0 = input                            # EncryptedTensor<uint1, shape=(1, 64, 112, 112)>          @ /trunk/trunk.1/Conv.conv_rounding
         %1 = astype(%0, dtype=float64)        # EncryptedTensor<float64, shape=(1, 64, 112, 112)>
         %2 = 0                                # ClearScalar<uint1>
         %3 = add(%1, %2)                      # EncryptedTensor<float64, shape=(1, 64, 112, 112)>
         %4 = [[[[0]]  [ ... ]  [[0]]]]        # ClearTensor<uint1, shape=(1, 64, 1, 1)>
         %5 = subtract(%3, %4)                 # EncryptedTensor<float64, shape=(1, 64, 112, 112)>
         %6 = 0.005826968030135937             # ClearScalar<float64>
         %7 = multiply(%6, %5)                 # EncryptedTensor<float64, shape=(1, 64, 112, 112)>
         %8 = [[[[ 0.134 ... 391335]]]]        # ClearTensor<float32, shape=(1, 64, 1, 1)>
         %9 = subtract(%7, %8)                 # EncryptedTensor<float64, shape=(1, 64, 112, 112)>
        %10 = [[[[0.8002 ... 5622  ]]]]        # ClearTensor<float32, shape=(1, 64, 1, 1)>
        %11 = divide(%9, %10)                  # EncryptedTensor<float64, shape=(1, 64, 112, 112)>
        %12 = [[[[0.9834 ... 08003 ]]]]        # ClearTensor<float32, shape=(1, 64, 1, 1)>
        %13 = multiply(%11, %12)               # EncryptedTensor<float64, shape=(1, 64, 112, 112)>
        %14 = [[[[-0.010 ... 604   ]]]]        # ClearTensor<float32, shape=(1, 64, 1, 1)>
        %15 = add(%13, %14)                    # EncryptedTensor<float64, shape=(1, 64, 112, 112)>
        %16 = 0                                # ClearScalar<uint1>
        %17 = maximum(%15, %16)                # EncryptedTensor<float64, shape=(1, 64, 112, 112)>
        %18 = 0.3546128                        # ClearScalar<float32>
        %19 = divide(%17, %18)                 # EncryptedTensor<float64, shape=(1, 64, 112, 112)>
        %20 = 0.0                              # ClearScalar<float32>
        %21 = add(%19, %20)                    # EncryptedTensor<float64, shape=(1, 64, 112, 112)>
        %22 = 0.0                              # ClearScalar<float64>
        %23 = 15.0                             # ClearScalar<float64>
        %24 = clip(%21, %22, %23)              # EncryptedTensor<float64, shape=(1, 64, 112, 112)>
        %25 = rint(%24)                        # EncryptedTensor<float64, shape=(1, 64, 112, 112)>
        %26 = 0.0                              # ClearScalar<float32>
        %27 = subtract(%25, %26)               # EncryptedTensor<float64, shape=(1, 64, 112, 112)>
        %28 = 0.3546128                        # ClearScalar<float32>
        %29 = multiply(%27, %28)               # EncryptedTensor<float64, shape=(1, 64, 112, 112)>
        %30 = 0.354612797498703                # ClearScalar<float64>
        %31 = divide(%29, %30)                 # EncryptedTensor<float64, shape=(1, 64, 112, 112)>
        %32 = 0                                # ClearScalar<uint1>
        %33 = add(%31, %32)                    # EncryptedTensor<float64, shape=(1, 64, 112, 112)>
        %34 = rint(%33)                        # EncryptedTensor<float64, shape=(1, 64, 112, 112)>
        %35 = astype(%34, dtype=int_)          # EncryptedTensor<uint1, shape=(1, 64, 112, 112)>
        return %35

    %14 = subgraph(%13):

         %0 = input                            # EncryptedTensor<uint1, shape=(1, 64, 56, 56)>
         %1 = astype(%0, dtype=float64)        # EncryptedTensor<float64, shape=(1, 64, 56, 56)>
         %2 = 0                                # ClearScalar<uint1>
         %3 = subtract(%1, %2)                 # EncryptedTensor<float64, shape=(1, 64, 56, 56)>
         %4 = 0.354612797498703                # ClearScalar<float64>
         %5 = multiply(%3, %4)                 # EncryptedTensor<float64, shape=(1, 64, 56, 56)>
         %6 = 0.6701578                        # ClearScalar<float32>
         %7 = divide(%5, %6)                   # EncryptedTensor<float64, shape=(1, 64, 56, 56)>
         %8 = 0.0                              # ClearScalar<float32>
         %9 = add(%7, %8)                      # EncryptedTensor<float64, shape=(1, 64, 56, 56)>
        %10 = -8.0                             # ClearScalar<float64>
        %11 = 7.0                              # ClearScalar<float64>
        %12 = clip(%9, %10, %11)               # EncryptedTensor<float64, shape=(1, 64, 56, 56)>
        %13 = rint(%12)                        # EncryptedTensor<float64, shape=(1, 64, 56, 56)>
        %14 = 0.0                              # ClearScalar<float32>
        %15 = subtract(%13, %14)               # EncryptedTensor<float64, shape=(1, 64, 56, 56)>
        %16 = 0.6701578                        # ClearScalar<float32>
        %17 = multiply(%15, %16)               # EncryptedTensor<float64, shape=(1, 64, 56, 56)>
        %18 = 0.670157790184021                # ClearScalar<float64>
        %19 = divide(%17, %18)                 # EncryptedTensor<float64, shape=(1, 64, 56, 56)>
        %20 = 0                                # ClearScalar<uint1>
        %21 = add(%19, %20)                    # EncryptedTensor<float64, shape=(1, 64, 56, 56)>
        %22 = rint(%21)                        # EncryptedTensor<float64, shape=(1, 64, 56, 56)>
        %23 = astype(%22, dtype=int_)          # EncryptedTensor<uint1, shape=(1, 64, 56, 56)>
        return %23

    %22 = subgraph(%21):

         %0 = input                            # EncryptedTensor<uint1, shape=(1, 64, 56, 56)>          @ /trunk/trunk.6/C1/Conv.conv_rounding
         %1 = astype(%0, dtype=float64)        # EncryptedTensor<float64, shape=(1, 64, 56, 56)>
         %2 = 0                                # ClearScalar<uint1>
         %3 = add(%1, %2)                      # EncryptedTensor<float64, shape=(1, 64, 56, 56)>
         %4 = [[[[0]]  [ ... ]  [[0]]]]        # ClearTensor<uint1, shape=(1, 64, 1, 1)>
         %5 = subtract(%3, %4)                 # EncryptedTensor<float64, shape=(1, 64, 56, 56)>
         %6 = 0.024420951774466015             # ClearScalar<float64>
         %7 = multiply(%6, %5)                 # EncryptedTensor<float64, shape=(1, 64, 56, 56)>
         %8 = [[[[-0.766 ... 36002 ]]]]        # ClearTensor<float32, shape=(1, 64, 1, 1)>
         %9 = subtract(%7, %8)                 # EncryptedTensor<float64, shape=(1, 64, 56, 56)>
        %10 = [[[[1.9166 ... 748979]]]]        # ClearTensor<float32, shape=(1, 64, 1, 1)>
        %11 = divide(%9, %10)                  # EncryptedTensor<float64, shape=(1, 64, 56, 56)>
        %12 = [[[[0.9745 ... 36794 ]]]]        # ClearTensor<float32, shape=(1, 64, 1, 1)>
        %13 = multiply(%11, %12)               # EncryptedTensor<float64, shape=(1, 64, 56, 56)>
        %14 = [[[[-0.043 ... 343576]]]]        # ClearTensor<float32, shape=(1, 64, 1, 1)>
        %15 = add(%13, %14)                    # EncryptedTensor<float64, shape=(1, 64, 56, 56)>
        %16 = 0                                # ClearScalar<uint1>
        %17 = maximum(%15, %16)                # EncryptedTensor<float64, shape=(1, 64, 56, 56)>
        %18 = 0.2971043                        # ClearScalar<float32>
        %19 = divide(%17, %18)                 # EncryptedTensor<float64, shape=(1, 64, 56, 56)>
        %20 = 0.0                              # ClearScalar<float32>
        %21 = add(%19, %20)                    # EncryptedTensor<float64, shape=(1, 64, 56, 56)>
        %22 = 0.0                              # ClearScalar<float64>
        %23 = 15.0                             # ClearScalar<float64>
        %24 = clip(%21, %22, %23)              # EncryptedTensor<float64, shape=(1, 64, 56, 56)>
        %25 = rint(%24)                        # EncryptedTensor<float64, shape=(1, 64, 56, 56)>
        %26 = 0.0                              # ClearScalar<float32>
        %27 = subtract(%25, %26)               # EncryptedTensor<float64, shape=(1, 64, 56, 56)>
        %28 = 0.2971043                        # ClearScalar<float32>
        %29 = multiply(%27, %28)               # EncryptedTensor<float64, shape=(1, 64, 56, 56)>
        %30 = 0.2971042990684509               # ClearScalar<float64>
        %31 = divide(%29, %30)                 # EncryptedTensor<float64, shape=(1, 64, 56, 56)>
        %32 = 0                                # ClearScalar<uint1>
        %33 = add(%31, %32)                    # EncryptedTensor<float64, shape=(1, 64, 56, 56)>
        %34 = rint(%33)                        # EncryptedTensor<float64, shape=(1, 64, 56, 56)>
        %35 = astype(%34, dtype=int_)          # EncryptedTensor<uint1, shape=(1, 64, 56, 56)>
        return %35

    %30 = subgraph(%29):

         %0 = input                            # EncryptedTensor<uint1, shape=(1, 64, 56, 56)>          @ /trunk/trunk.6/C2/Conv.conv_rounding
         %1 = astype(%0, dtype=float64)        # EncryptedTensor<float64, shape=(1, 64, 56, 56)>
         %2 = 0                                # ClearScalar<uint1>
         %3 = add(%1, %2)                      # EncryptedTensor<float64, shape=(1, 64, 56, 56)>
         %4 = [[[[0]]  [ ... ]  [[0]]]]        # ClearTensor<uint1, shape=(1, 64, 1, 1)>
         %5 = subtract(%3, %4)                 # EncryptedTensor<float64, shape=(1, 64, 56, 56)>
         %6 = 0.01083880706859719              # ClearScalar<float64>
         %7 = multiply(%6, %5)                 # EncryptedTensor<float64, shape=(1, 64, 56, 56)>
         %8 = [[[[-0.761 ... 44527 ]]]]        # ClearTensor<float32, shape=(1, 64, 1, 1)>
         %9 = subtract(%7, %8)                 # EncryptedTensor<float64, shape=(1, 64, 56, 56)>
        %10 = [[[[1.7073 ... 7222  ]]]]        # ClearTensor<float32, shape=(1, 64, 1, 1)>
        %11 = divide(%9, %10)                  # EncryptedTensor<float64, shape=(1, 64, 56, 56)>
        %12 = [[[[0.9489 ... 692037]]]]        # ClearTensor<float32, shape=(1, 64, 1, 1)>
        %13 = multiply(%11, %12)               # EncryptedTensor<float64, shape=(1, 64, 56, 56)>
        %14 = [[[[-5.501 ... 54e-02]]]]        # ClearTensor<float32, shape=(1, 64, 1, 1)>
        %15 = add(%13, %14)                    # EncryptedTensor<float64, shape=(1, 64, 56, 56)>
        %16 = 0.6700289                        # ClearScalar<float32>
        %17 = divide(%15, %16)                 # EncryptedTensor<float64, shape=(1, 64, 56, 56)>
        %18 = 0.0                              # ClearScalar<float32>
        %19 = add(%17, %18)                    # EncryptedTensor<float64, shape=(1, 64, 56, 56)>
        %20 = -8.0                             # ClearScalar<float64>
        %21 = 7.0                              # ClearScalar<float64>
        %22 = clip(%19, %20, %21)              # EncryptedTensor<float64, shape=(1, 64, 56, 56)>
        %23 = rint(%22)                        # EncryptedTensor<float64, shape=(1, 64, 56, 56)>
        %24 = 0.0                              # ClearScalar<float32>
        %25 = subtract(%23, %24)               # EncryptedTensor<float64, shape=(1, 64, 56, 56)>
        %26 = 0.6700289                        # ClearScalar<float32>
        %27 = multiply(%25, %26)               # EncryptedTensor<float64, shape=(1, 64, 56, 56)>
        %28 = 0.6700289249420166               # ClearScalar<float64>
        %29 = divide(%27, %28)                 # EncryptedTensor<float64, shape=(1, 64, 56, 56)>
        %30 = 0                                # ClearScalar<uint1>
        %31 = add(%29, %30)                    # EncryptedTensor<float64, shape=(1, 64, 56, 56)>
        %32 = rint(%31)                        # EncryptedTensor<float64, shape=(1, 64, 56, 56)>
        %33 = astype(%32, dtype=int_)          # EncryptedTensor<uint1, shape=(1, 64, 56, 56)>
        return %33

    %31 = subgraph(%13):

         %0 = input                            # EncryptedTensor<uint1, shape=(1, 64, 56, 56)>
         %1 = astype(%0, dtype=float64)        # EncryptedTensor<float64, shape=(1, 64, 56, 56)>
         %2 = 0                                # ClearScalar<uint1>
         %3 = subtract(%1, %2)                 # EncryptedTensor<float64, shape=(1, 64, 56, 56)>
         %4 = 0.354612797498703                # ClearScalar<float64>
         %5 = multiply(%3, %4)                 # EncryptedTensor<float64, shape=(1, 64, 56, 56)>
         %6 = 0.6701578                        # ClearScalar<float32>
         %7 = divide(%5, %6)                   # EncryptedTensor<float64, shape=(1, 64, 56, 56)>
         %8 = 0.0                              # ClearScalar<float32>
         %9 = add(%7, %8)                      # EncryptedTensor<float64, shape=(1, 64, 56, 56)>
        %10 = -8.0                             # ClearScalar<float64>
        %11 = 7.0                              # ClearScalar<float64>
        %12 = clip(%9, %10, %11)               # EncryptedTensor<float64, shape=(1, 64, 56, 56)>
        %13 = rint(%12)                        # EncryptedTensor<float64, shape=(1, 64, 56, 56)>
        %14 = 0.0                              # ClearScalar<float32>
        %15 = subtract(%13, %14)               # EncryptedTensor<float64, shape=(1, 64, 56, 56)>
        %16 = 0.6701578                        # ClearScalar<float32>
        %17 = multiply(%15, %16)               # EncryptedTensor<float64, shape=(1, 64, 56, 56)>
        %18 = 0.670157790184021                # ClearScalar<float64>
        %19 = divide(%17, %18)                 # EncryptedTensor<float64, shape=(1, 64, 56, 56)>
        %20 = 0                                # ClearScalar<uint1>
        %21 = add(%19, %20)                    # EncryptedTensor<float64, shape=(1, 64, 56, 56)>
        %22 = rint(%21)                        # EncryptedTensor<float64, shape=(1, 64, 56, 56)>
        %23 = astype(%22, dtype=int_)          # EncryptedTensor<uint1, shape=(1, 64, 56, 56)>
        return %23

    %32 = subgraph(%30):

         %0 = input                         # EncryptedTensor<uint1, shape=(1, 64, 56, 56)>
         %1 = 0.0                           # ClearScalar<float64>
         %2 = subtract(%0, %1)              # EncryptedTensor<float64, shape=(1, 64, 56, 56)>
         %3 = 0.6700289249420166            # ClearScalar<float64>
         %4 = multiply(%3, %2)              # EncryptedTensor<float64, shape=(1, 64, 56, 56)>
         %5 = 0.3674601508725074            # ClearScalar<float64>
         %6 = divide(%4, %5)                # EncryptedTensor<float64, shape=(1, 64, 56, 56)>
         %7 = 0                             # ClearScalar<uint1>
         %8 = add(%6, %7)                   # EncryptedTensor<float64, shape=(1, 64, 56, 56)>
         %9 = rint(%8)                      # EncryptedTensor<float64, shape=(1, 64, 56, 56)>
        %10 = astype(%9, dtype=int_)        # EncryptedTensor<uint1, shape=(1, 64, 56, 56)>
        return %10

    %33 = subgraph(%31):

         %0 = input                         # EncryptedTensor<uint1, shape=(1, 64, 56, 56)>
         %1 = 0.0                           # ClearScalar<float64>
         %2 = subtract(%0, %1)              # EncryptedTensor<float64, shape=(1, 64, 56, 56)>
         %3 = 0.670157790184021             # ClearScalar<float64>
         %4 = multiply(%3, %2)              # EncryptedTensor<float64, shape=(1, 64, 56, 56)>
         %5 = 0.3674601508725074            # ClearScalar<float64>
         %6 = divide(%4, %5)                # EncryptedTensor<float64, shape=(1, 64, 56, 56)>
         %7 = 0                             # ClearScalar<uint1>
         %8 = add(%6, %7)                   # EncryptedTensor<float64, shape=(1, 64, 56, 56)>
         %9 = rint(%8)                      # EncryptedTensor<float64, shape=(1, 64, 56, 56)>
        %10 = astype(%9, dtype=int_)        # EncryptedTensor<uint1, shape=(1, 64, 56, 56)>
        return %10

    %37 = subgraph(%36):

         %0 = input                          # EncryptedTensor<uint2, shape=(1, 64, 56, 56)>
         %1 = 0.0                            # ClearScalar<float64>
         %2 = subtract(%0, %1)               # EncryptedTensor<float64, shape=(1, 64, 56, 56)>
         %3 = 0.3674601508725074             # ClearScalar<float64>
         %4 = multiply(%3, %2)               # EncryptedTensor<float64, shape=(1, 64, 56, 56)>
         %5 = 0                              # ClearScalar<uint1>
         %6 = maximum(%4, %5)                # EncryptedTensor<float64, shape=(1, 64, 56, 56)>
         %7 = 0.563747                       # ClearScalar<float32>
         %8 = divide(%6, %7)                 # EncryptedTensor<float64, shape=(1, 64, 56, 56)>
         %9 = 0.0                            # ClearScalar<float32>
        %10 = add(%8, %9)                    # EncryptedTensor<float64, shape=(1, 64, 56, 56)>
        %11 = 0.0                            # ClearScalar<float64>
        %12 = 15.0                           # ClearScalar<float64>
        %13 = clip(%10, %11, %12)            # EncryptedTensor<float64, shape=(1, 64, 56, 56)>
        %14 = rint(%13)                      # EncryptedTensor<float64, shape=(1, 64, 56, 56)>
        %15 = 0.0                            # ClearScalar<float32>
        %16 = subtract(%14, %15)             # EncryptedTensor<float64, shape=(1, 64, 56, 56)>
        %17 = 0.563747                       # ClearScalar<float32>
        %18 = multiply(%16, %17)             # EncryptedTensor<float64, shape=(1, 64, 56, 56)>
        %19 = 0.563746988773346              # ClearScalar<float64>
        %20 = divide(%18, %19)               # EncryptedTensor<float64, shape=(1, 64, 56, 56)>
        %21 = 0                              # ClearScalar<uint1>
        %22 = add(%20, %21)                  # EncryptedTensor<float64, shape=(1, 64, 56, 56)>
        %23 = rint(%22)                      # EncryptedTensor<float64, shape=(1, 64, 56, 56)>
        %24 = astype(%23, dtype=int_)        # EncryptedTensor<uint1, shape=(1, 64, 56, 56)>
        return %24

    %45 = subgraph(%44):

         %0 = input                            # EncryptedTensor<uint1, shape=(1, 64, 56, 56)>          @ /trunk/trunk.7/C1/Conv.conv_rounding
         %1 = astype(%0, dtype=float64)        # EncryptedTensor<float64, shape=(1, 64, 56, 56)>
         %2 = 0                                # ClearScalar<uint1>
         %3 = add(%1, %2)                      # EncryptedTensor<float64, shape=(1, 64, 56, 56)>
         %4 = [[[[0]]  [ ... ]  [[0]]]]        # ClearTensor<uint1, shape=(1, 64, 1, 1)>
         %5 = subtract(%3, %4)                 # EncryptedTensor<float64, shape=(1, 64, 56, 56)>
         %6 = 0.02003625029727396              # ClearScalar<float64>
         %7 = multiply(%6, %5)                 # EncryptedTensor<float64, shape=(1, 64, 56, 56)>
         %8 = [[[[-1.129 ... 07184 ]]]]        # ClearTensor<float32, shape=(1, 64, 1, 1)>
         %9 = subtract(%7, %8)                 # EncryptedTensor<float64, shape=(1, 64, 56, 56)>
        %10 = [[[[2.4646 ... 977883]]]]        # ClearTensor<float32, shape=(1, 64, 1, 1)>
        %11 = divide(%9, %10)                  # EncryptedTensor<float64, shape=(1, 64, 56, 56)>
        %12 = [[[[0.9713 ... 804027]]]]        # ClearTensor<float32, shape=(1, 64, 1, 1)>
        %13 = multiply(%11, %12)               # EncryptedTensor<float64, shape=(1, 64, 56, 56)>
        %14 = [[[[-1.028 ... 63e-03]]]]        # ClearTensor<float32, shape=(1, 64, 1, 1)>
        %15 = add(%13, %14)                    # EncryptedTensor<float64, shape=(1, 64, 56, 56)>
        %16 = 0                                # ClearScalar<uint1>
        %17 = maximum(%15, %16)                # EncryptedTensor<float64, shape=(1, 64, 56, 56)>
        %18 = 0.34997424                       # ClearScalar<float32>
        %19 = divide(%17, %18)                 # EncryptedTensor<float64, shape=(1, 64, 56, 56)>
        %20 = 0.0                              # ClearScalar<float32>
        %21 = add(%19, %20)                    # EncryptedTensor<float64, shape=(1, 64, 56, 56)>
        %22 = 0.0                              # ClearScalar<float64>
        %23 = 15.0                             # ClearScalar<float64>
        %24 = clip(%21, %22, %23)              # EncryptedTensor<float64, shape=(1, 64, 56, 56)>
        %25 = rint(%24)                        # EncryptedTensor<float64, shape=(1, 64, 56, 56)>
        %26 = 0.0                              # ClearScalar<float32>
        %27 = subtract(%25, %26)               # EncryptedTensor<float64, shape=(1, 64, 56, 56)>
        %28 = 0.34997424                       # ClearScalar<float32>
        %29 = multiply(%27, %28)               # EncryptedTensor<float64, shape=(1, 64, 56, 56)>
        %30 = 0.34997424483299255              # ClearScalar<float64>
        %31 = divide(%29, %30)                 # EncryptedTensor<float64, shape=(1, 64, 56, 56)>
        %32 = 0                                # ClearScalar<uint1>
        %33 = add(%31, %32)                    # EncryptedTensor<float64, shape=(1, 64, 56, 56)>
        %34 = rint(%33)                        # EncryptedTensor<float64, shape=(1, 64, 56, 56)>
        %35 = astype(%34, dtype=int_)          # EncryptedTensor<uint1, shape=(1, 64, 56, 56)>
        return %35

    %53 = subgraph(%52):

         %0 = input                            # EncryptedTensor<uint1, shape=(1, 64, 56, 56)>          @ /trunk/trunk.7/C2/Conv.conv_rounding
         %1 = astype(%0, dtype=float64)        # EncryptedTensor<float64, shape=(1, 64, 56, 56)>
         %2 = 0                                # ClearScalar<uint1>
         %3 = add(%1, %2)                      # EncryptedTensor<float64, shape=(1, 64, 56, 56)>
         %4 = [[[[0]]  [ ... ]  [[0]]]]        # ClearTensor<uint1, shape=(1, 64, 1, 1)>
         %5 = subtract(%3, %4)                 # EncryptedTensor<float64, shape=(1, 64, 56, 56)>
         %6 = 0.013478708392210548             # ClearScalar<float64>
         %7 = multiply(%6, %5)                 # EncryptedTensor<float64, shape=(1, 64, 56, 56)>
         %8 = [[[[-3.174 ... 61852 ]]]]        # ClearTensor<float32, shape=(1, 64, 1, 1)>
         %9 = subtract(%7, %8)                 # EncryptedTensor<float64, shape=(1, 64, 56, 56)>
        %10 = [[[[1.4940 ... 115692]]]]        # ClearTensor<float32, shape=(1, 64, 1, 1)>
        %11 = divide(%9, %10)                  # EncryptedTensor<float64, shape=(1, 64, 56, 56)>
        %12 = [[[[0.9158 ... 43926 ]]]]        # ClearTensor<float32, shape=(1, 64, 1, 1)>
        %13 = multiply(%11, %12)               # EncryptedTensor<float64, shape=(1, 64, 56, 56)>
        %14 = [[[[-0.029 ... 888563]]]]        # ClearTensor<float32, shape=(1, 64, 1, 1)>
        %15 = add(%13, %14)                    # EncryptedTensor<float64, shape=(1, 64, 56, 56)>
        %16 = 0.743285                         # ClearScalar<float32>
        %17 = divide(%15, %16)                 # EncryptedTensor<float64, shape=(1, 64, 56, 56)>
        %18 = 0.0                              # ClearScalar<float32>
        %19 = add(%17, %18)                    # EncryptedTensor<float64, shape=(1, 64, 56, 56)>
        %20 = -8.0                             # ClearScalar<float64>
        %21 = 7.0                              # ClearScalar<float64>
        %22 = clip(%19, %20, %21)              # EncryptedTensor<float64, shape=(1, 64, 56, 56)>
        %23 = rint(%22)                        # EncryptedTensor<float64, shape=(1, 64, 56, 56)>
        %24 = 0.0                              # ClearScalar<float32>
        %25 = subtract(%23, %24)               # EncryptedTensor<float64, shape=(1, 64, 56, 56)>
        %26 = 0.743285                         # ClearScalar<float32>
        %27 = multiply(%25, %26)               # EncryptedTensor<float64, shape=(1, 64, 56, 56)>
        %28 = 0.7432850003242493               # ClearScalar<float64>
        %29 = divide(%27, %28)                 # EncryptedTensor<float64, shape=(1, 64, 56, 56)>
        %30 = 0                                # ClearScalar<uint1>
        %31 = add(%29, %30)                    # EncryptedTensor<float64, shape=(1, 64, 56, 56)>
        %32 = rint(%31)                        # EncryptedTensor<float64, shape=(1, 64, 56, 56)>
        %33 = astype(%32, dtype=int_)          # EncryptedTensor<uint1, shape=(1, 64, 56, 56)>
        return %33

    %54 = subgraph(%36):

         %0 = input                          # EncryptedTensor<uint2, shape=(1, 64, 56, 56)>
         %1 = 0.0                            # ClearScalar<float64>
         %2 = subtract(%0, %1)               # EncryptedTensor<float64, shape=(1, 64, 56, 56)>
         %3 = 0.3674601508725074             # ClearScalar<float64>
         %4 = multiply(%3, %2)               # EncryptedTensor<float64, shape=(1, 64, 56, 56)>
         %5 = 0                              # ClearScalar<uint1>
         %6 = maximum(%4, %5)                # EncryptedTensor<float64, shape=(1, 64, 56, 56)>
         %7 = 0.563747                       # ClearScalar<float32>
         %8 = divide(%6, %7)                 # EncryptedTensor<float64, shape=(1, 64, 56, 56)>
         %9 = 0.0                            # ClearScalar<float32>
        %10 = add(%8, %9)                    # EncryptedTensor<float64, shape=(1, 64, 56, 56)>
        %11 = 0.0                            # ClearScalar<float64>
        %12 = 15.0                           # ClearScalar<float64>
        %13 = clip(%10, %11, %12)            # EncryptedTensor<float64, shape=(1, 64, 56, 56)>
        %14 = rint(%13)                      # EncryptedTensor<float64, shape=(1, 64, 56, 56)>
        %15 = 0.0                            # ClearScalar<float32>
        %16 = subtract(%14, %15)             # EncryptedTensor<float64, shape=(1, 64, 56, 56)>
        %17 = 0.563747                       # ClearScalar<float32>
        %18 = multiply(%16, %17)             # EncryptedTensor<float64, shape=(1, 64, 56, 56)>
        %19 = 0.563746988773346              # ClearScalar<float64>
        %20 = divide(%18, %19)               # EncryptedTensor<float64, shape=(1, 64, 56, 56)>
        %21 = 0                              # ClearScalar<uint1>
        %22 = add(%20, %21)                  # EncryptedTensor<float64, shape=(1, 64, 56, 56)>
        %23 = rint(%22)                      # EncryptedTensor<float64, shape=(1, 64, 56, 56)>
        %24 = astype(%23, dtype=int_)        # EncryptedTensor<uint1, shape=(1, 64, 56, 56)>
        return %24

    %55 = subgraph(%53):

         %0 = input                         # EncryptedTensor<uint1, shape=(1, 64, 56, 56)>
         %1 = 0.0                           # ClearScalar<float64>
         %2 = subtract(%0, %1)              # EncryptedTensor<float64, shape=(1, 64, 56, 56)>
         %3 = 0.7432850003242493            # ClearScalar<float64>
         %4 = multiply(%3, %2)              # EncryptedTensor<float64, shape=(1, 64, 56, 56)>
         %5 = 0.47038783373371246           # ClearScalar<float64>
         %6 = divide(%4, %5)                # EncryptedTensor<float64, shape=(1, 64, 56, 56)>
         %7 = 0                             # ClearScalar<uint1>
         %8 = add(%6, %7)                   # EncryptedTensor<float64, shape=(1, 64, 56, 56)>
         %9 = rint(%8)                      # EncryptedTensor<float64, shape=(1, 64, 56, 56)>
        %10 = astype(%9, dtype=int_)        # EncryptedTensor<uint1, shape=(1, 64, 56, 56)>
        return %10

    %56 = subgraph(%54):

         %0 = input                         # EncryptedTensor<uint1, shape=(1, 64, 56, 56)>
         %1 = 0.0                           # ClearScalar<float64>
         %2 = subtract(%0, %1)              # EncryptedTensor<float64, shape=(1, 64, 56, 56)>
         %3 = 0.563746988773346             # ClearScalar<float64>
         %4 = multiply(%3, %2)              # EncryptedTensor<float64, shape=(1, 64, 56, 56)>
         %5 = 0.47038783373371246           # ClearScalar<float64>
         %6 = divide(%4, %5)                # EncryptedTensor<float64, shape=(1, 64, 56, 56)>
         %7 = 0                             # ClearScalar<uint1>
         %8 = add(%6, %7)                   # EncryptedTensor<float64, shape=(1, 64, 56, 56)>
         %9 = rint(%8)                      # EncryptedTensor<float64, shape=(1, 64, 56, 56)>
        %10 = astype(%9, dtype=int_)        # EncryptedTensor<uint1, shape=(1, 64, 56, 56)>
        return %10

    %60 = subgraph(%59):

         %0 = input                          # EncryptedTensor<uint2, shape=(1, 64, 56, 56)>
         %1 = 0.0                            # ClearScalar<float64>
         %2 = subtract(%0, %1)               # EncryptedTensor<float64, shape=(1, 64, 56, 56)>
         %3 = 0.47038783373371246            # ClearScalar<float64>
         %4 = multiply(%3, %2)               # EncryptedTensor<float64, shape=(1, 64, 56, 56)>
         %5 = 0                              # ClearScalar<uint1>
         %6 = maximum(%4, %5)                # EncryptedTensor<float64, shape=(1, 64, 56, 56)>
         %7 = 0.7174779                      # ClearScalar<float32>
         %8 = divide(%6, %7)                 # EncryptedTensor<float64, shape=(1, 64, 56, 56)>
         %9 = 0.0                            # ClearScalar<float32>
        %10 = add(%8, %9)                    # EncryptedTensor<float64, shape=(1, 64, 56, 56)>
        %11 = 0.0                            # ClearScalar<float64>
        %12 = 15.0                           # ClearScalar<float64>
        %13 = clip(%10, %11, %12)            # EncryptedTensor<float64, shape=(1, 64, 56, 56)>
        %14 = rint(%13)                      # EncryptedTensor<float64, shape=(1, 64, 56, 56)>
        %15 = 0.0                            # ClearScalar<float32>
        %16 = subtract(%14, %15)             # EncryptedTensor<float64, shape=(1, 64, 56, 56)>
        %17 = 0.7174779                      # ClearScalar<float32>
        %18 = multiply(%16, %17)             # EncryptedTensor<float64, shape=(1, 64, 56, 56)>
        %19 = 0.7174779176712036             # ClearScalar<float64>
        %20 = divide(%18, %19)               # EncryptedTensor<float64, shape=(1, 64, 56, 56)>
        %21 = 0                              # ClearScalar<uint1>
        %22 = add(%20, %21)                  # EncryptedTensor<float64, shape=(1, 64, 56, 56)>
        %23 = rint(%22)                      # EncryptedTensor<float64, shape=(1, 64, 56, 56)>
        %24 = astype(%23, dtype=int_)        # EncryptedTensor<uint1, shape=(1, 64, 56, 56)>
        return %24

    %68 = subgraph(%67):

         %0 = input                            # EncryptedTensor<uint1, shape=(1, 128, 28, 28)>          @ /trunk/trunk.8/C1/Conv.conv_rounding
         %1 = astype(%0, dtype=float64)        # EncryptedTensor<float64, shape=(1, 128, 28, 28)>
         %2 = 0                                # ClearScalar<uint1>
         %3 = add(%1, %2)                      # EncryptedTensor<float64, shape=(1, 128, 28, 28)>
         %4 = [[[[0]]  [ ... ]  [[0]]]]        # ClearTensor<uint1, shape=(1, 128, 1, 1)>
         %5 = subtract(%3, %4)                 # EncryptedTensor<float64, shape=(1, 128, 28, 28)>
         %6 = 0.01992935428704734              # ClearScalar<float64>
         %7 = multiply(%6, %5)                 # EncryptedTensor<float64, shape=(1, 128, 28, 28)>
         %8 = [[[[ 1.196 ... 37047 ]]]]        # ClearTensor<float32, shape=(1, 128, 1, 1)>
         %9 = subtract(%7, %8)                 # EncryptedTensor<float64, shape=(1, 128, 28, 28)>
        %10 = [[[[3.6261 ... 674033]]]]        # ClearTensor<float32, shape=(1, 128, 1, 1)>
        %11 = divide(%9, %10)                  # EncryptedTensor<float64, shape=(1, 128, 28, 28)>
        %12 = [[[[0.9414 ... 93865 ]]]]        # ClearTensor<float32, shape=(1, 128, 1, 1)>
        %13 = multiply(%11, %12)               # EncryptedTensor<float64, shape=(1, 128, 28, 28)>
        %14 = [[[[-3.095 ... 75e-02]]]]        # ClearTensor<float32, shape=(1, 128, 1, 1)>
        %15 = add(%13, %14)                    # EncryptedTensor<float64, shape=(1, 128, 28, 28)>
        %16 = 0                                # ClearScalar<uint1>
        %17 = maximum(%15, %16)                # EncryptedTensor<float64, shape=(1, 128, 28, 28)>
        %18 = 0.3812556                        # ClearScalar<float32>
        %19 = divide(%17, %18)                 # EncryptedTensor<float64, shape=(1, 128, 28, 28)>
        %20 = 0.0                              # ClearScalar<float32>
        %21 = add(%19, %20)                    # EncryptedTensor<float64, shape=(1, 128, 28, 28)>
        %22 = 0.0                              # ClearScalar<float64>
        %23 = 15.0                             # ClearScalar<float64>
        %24 = clip(%21, %22, %23)              # EncryptedTensor<float64, shape=(1, 128, 28, 28)>
        %25 = rint(%24)                        # EncryptedTensor<float64, shape=(1, 128, 28, 28)>
        %26 = 0.0                              # ClearScalar<float32>
        %27 = subtract(%25, %26)               # EncryptedTensor<float64, shape=(1, 128, 28, 28)>
        %28 = 0.3812556                        # ClearScalar<float32>
        %29 = multiply(%27, %28)               # EncryptedTensor<float64, shape=(1, 128, 28, 28)>
        %30 = 0.3812555968761444               # ClearScalar<float64>
        %31 = divide(%29, %30)                 # EncryptedTensor<float64, shape=(1, 128, 28, 28)>
        %32 = 0                                # ClearScalar<uint1>
        %33 = add(%31, %32)                    # EncryptedTensor<float64, shape=(1, 128, 28, 28)>
        %34 = rint(%33)                        # EncryptedTensor<float64, shape=(1, 128, 28, 28)>
        %35 = astype(%34, dtype=int_)          # EncryptedTensor<uint1, shape=(1, 128, 28, 28)>
        return %35

    %76 = subgraph(%59):

         %0 = input                          # EncryptedTensor<uint2, shape=(1, 64, 56, 56)>
         %1 = 0.0                            # ClearScalar<float64>
         %2 = subtract(%0, %1)               # EncryptedTensor<float64, shape=(1, 64, 56, 56)>
         %3 = 0.47038783373371246            # ClearScalar<float64>
         %4 = multiply(%3, %2)               # EncryptedTensor<float64, shape=(1, 64, 56, 56)>
         %5 = 0                              # ClearScalar<uint1>
         %6 = maximum(%4, %5)                # EncryptedTensor<float64, shape=(1, 64, 56, 56)>
         %7 = 0.7174779                      # ClearScalar<float32>
         %8 = divide(%6, %7)                 # EncryptedTensor<float64, shape=(1, 64, 56, 56)>
         %9 = 0.0                            # ClearScalar<float32>
        %10 = add(%8, %9)                    # EncryptedTensor<float64, shape=(1, 64, 56, 56)>
        %11 = 0.0                            # ClearScalar<float64>
        %12 = 15.0                           # ClearScalar<float64>
        %13 = clip(%10, %11, %12)            # EncryptedTensor<float64, shape=(1, 64, 56, 56)>
        %14 = rint(%13)                      # EncryptedTensor<float64, shape=(1, 64, 56, 56)>
        %15 = 0.0                            # ClearScalar<float32>
        %16 = subtract(%14, %15)             # EncryptedTensor<float64, shape=(1, 64, 56, 56)>
        %17 = 0.7174779                      # ClearScalar<float32>
        %18 = multiply(%16, %17)             # EncryptedTensor<float64, shape=(1, 64, 56, 56)>
        %19 = 0.7174779176712036             # ClearScalar<float64>
        %20 = divide(%18, %19)               # EncryptedTensor<float64, shape=(1, 64, 56, 56)>
        %21 = 0                              # ClearScalar<uint1>
        %22 = add(%20, %21)                  # EncryptedTensor<float64, shape=(1, 64, 56, 56)>
        %23 = rint(%22)                      # EncryptedTensor<float64, shape=(1, 64, 56, 56)>
        %24 = astype(%23, dtype=int_)        # EncryptedTensor<uint1, shape=(1, 64, 56, 56)>
        return %24

    %80 = subgraph(%75):

         %0 = input                            # EncryptedTensor<uint1, shape=(1, 128, 28, 28)>          @ /trunk/trunk.8/C2/Conv.conv_rounding
         %1 = astype(%0, dtype=float64)        # EncryptedTensor<float64, shape=(1, 128, 28, 28)>
         %2 = 0                                # ClearScalar<uint1>
         %3 = add(%1, %2)                      # EncryptedTensor<float64, shape=(1, 128, 28, 28)>
         %4 = [[[[0]]  [ ... ]  [[0]]]]        # ClearTensor<uint1, shape=(1, 128, 1, 1)>
         %5 = subtract(%3, %4)                 # EncryptedTensor<float64, shape=(1, 128, 28, 28)>
         %6 = 0.010202221096567432             # ClearScalar<float64>
         %7 = multiply(%6, %5)                 # EncryptedTensor<float64, shape=(1, 128, 28, 28)>
         %8 = [[[[ 1.859 ... 71971 ]]]]        # ClearTensor<float32, shape=(1, 128, 1, 1)>
         %9 = subtract(%7, %8)                 # EncryptedTensor<float64, shape=(1, 128, 28, 28)>
        %10 = [[[[2.3407 ... 292214]]]]        # ClearTensor<float32, shape=(1, 128, 1, 1)>
        %11 = divide(%9, %10)                  # EncryptedTensor<float64, shape=(1, 128, 28, 28)>
        %12 = [[[[0.9722 ... 313504]]]]        # ClearTensor<float32, shape=(1, 128, 1, 1)>
        %13 = multiply(%11, %12)               # EncryptedTensor<float64, shape=(1, 128, 28, 28)>
        %14 = [[[[ 1.268 ... 60e-03]]]]        # ClearTensor<float32, shape=(1, 128, 1, 1)>
        %15 = add(%13, %14)                    # EncryptedTensor<float64, shape=(1, 128, 28, 28)>
        %16 = 0.8843362                        # ClearScalar<float32>
        %17 = divide(%15, %16)                 # EncryptedTensor<float64, shape=(1, 128, 28, 28)>
        %18 = 0.0                              # ClearScalar<float32>
        %19 = add(%17, %18)                    # EncryptedTensor<float64, shape=(1, 128, 28, 28)>
        %20 = -8.0                             # ClearScalar<float64>
        %21 = 7.0                              # ClearScalar<float64>
        %22 = clip(%19, %20, %21)              # EncryptedTensor<float64, shape=(1, 128, 28, 28)>
        %23 = rint(%22)                        # EncryptedTensor<float64, shape=(1, 128, 28, 28)>
        %24 = 0.0                              # ClearScalar<float32>
        %25 = subtract(%23, %24)               # EncryptedTensor<float64, shape=(1, 128, 28, 28)>
        %26 = 0.8843362                        # ClearScalar<float32>
        %27 = multiply(%25, %26)               # EncryptedTensor<float64, shape=(1, 128, 28, 28)>
        %28 = 0.8843361735343933               # ClearScalar<float64>
        %29 = divide(%27, %28)                 # EncryptedTensor<float64, shape=(1, 128, 28, 28)>
        %30 = 0                                # ClearScalar<uint1>
        %31 = add(%29, %30)                    # EncryptedTensor<float64, shape=(1, 128, 28, 28)>
        %32 = rint(%31)                        # EncryptedTensor<float64, shape=(1, 128, 28, 28)>
        %33 = astype(%32, dtype=int_)          # EncryptedTensor<uint1, shape=(1, 128, 28, 28)>
        return %33

    %81 = subgraph(%79):

         %0 = input                            # EncryptedTensor<uint1, shape=(1, 128, 28, 28)>          @ /trunk/trunk.8/shortcut/Conv.conv_rounding
         %1 = astype(%0, dtype=float64)        # EncryptedTensor<float64, shape=(1, 128, 28, 28)>
         %2 = 0                                # ClearScalar<uint1>
         %3 = add(%1, %2)                      # EncryptedTensor<float64, shape=(1, 128, 28, 28)>
         %4 = [[[[0]]  [ ... ]  [[0]]]]        # ClearTensor<uint1, shape=(1, 128, 1, 1)>
         %5 = subtract(%3, %4)                 # EncryptedTensor<float64, shape=(1, 128, 28, 28)>
         %6 = 0.04517408739554263              # ClearScalar<float64>
         %7 = multiply(%6, %5)                 # EncryptedTensor<float64, shape=(1, 128, 28, 28)>
         %8 = [[[[ 0.825 ... 476902]]]]        # ClearTensor<float32, shape=(1, 128, 1, 1)>
         %9 = subtract(%7, %8)                 # EncryptedTensor<float64, shape=(1, 128, 28, 28)>
        %10 = [[[[1.5131 ... 90615 ]]]]        # ClearTensor<float32, shape=(1, 128, 1, 1)>
        %11 = divide(%9, %10)                  # EncryptedTensor<float64, shape=(1, 128, 28, 28)>
        %12 = [[[[0.9979 ... 54412 ]]]]        # ClearTensor<float32, shape=(1, 128, 1, 1)>
        %13 = multiply(%11, %12)               # EncryptedTensor<float64, shape=(1, 128, 28, 28)>
        %14 = [[[[ 1.185 ... 38e-03]]]]        # ClearTensor<float32, shape=(1, 128, 1, 1)>
        %15 = add(%13, %14)                    # EncryptedTensor<float64, shape=(1, 128, 28, 28)>
        %16 = 0.69129694                       # ClearScalar<float32>
        %17 = divide(%15, %16)                 # EncryptedTensor<float64, shape=(1, 128, 28, 28)>
        %18 = 0.0                              # ClearScalar<float32>
        %19 = add(%17, %18)                    # EncryptedTensor<float64, shape=(1, 128, 28, 28)>
        %20 = -8.0                             # ClearScalar<float64>
        %21 = 7.0                              # ClearScalar<float64>
        %22 = clip(%19, %20, %21)              # EncryptedTensor<float64, shape=(1, 128, 28, 28)>
        %23 = rint(%22)                        # EncryptedTensor<float64, shape=(1, 128, 28, 28)>
        %24 = 0.0                              # ClearScalar<float32>
        %25 = subtract(%23, %24)               # EncryptedTensor<float64, shape=(1, 128, 28, 28)>
        %26 = 0.69129694                       # ClearScalar<float32>
        %27 = multiply(%25, %26)               # EncryptedTensor<float64, shape=(1, 128, 28, 28)>
        %28 = 0.6912969350814819               # ClearScalar<float64>
        %29 = divide(%27, %28)                 # EncryptedTensor<float64, shape=(1, 128, 28, 28)>
        %30 = 0                                # ClearScalar<uint1>
        %31 = add(%29, %30)                    # EncryptedTensor<float64, shape=(1, 128, 28, 28)>
        %32 = rint(%31)                        # EncryptedTensor<float64, shape=(1, 128, 28, 28)>
        %33 = astype(%32, dtype=int_)          # EncryptedTensor<uint1, shape=(1, 128, 28, 28)>
        return %33

    %82 = subgraph(%80):

         %0 = input                         # EncryptedTensor<uint1, shape=(1, 128, 28, 28)>
         %1 = 0.0                           # ClearScalar<float64>
         %2 = subtract(%0, %1)              # EncryptedTensor<float64, shape=(1, 128, 28, 28)>
         %3 = 0.8843361735343933            # ClearScalar<float64>
         %4 = multiply(%3, %2)              # EncryptedTensor<float64, shape=(1, 128, 28, 28)>
         %5 = 0.4735146991668209            # ClearScalar<float64>
         %6 = divide(%4, %5)                # EncryptedTensor<float64, shape=(1, 128, 28, 28)>
         %7 = 0                             # ClearScalar<uint1>
         %8 = add(%6, %7)                   # EncryptedTensor<float64, shape=(1, 128, 28, 28)>
         %9 = rint(%8)                      # EncryptedTensor<float64, shape=(1, 128, 28, 28)>
        %10 = astype(%9, dtype=int_)        # EncryptedTensor<uint1, shape=(1, 128, 28, 28)>
        return %10

    %83 = subgraph(%81):

         %0 = input                         # EncryptedTensor<uint1, shape=(1, 128, 28, 28)>
         %1 = 0.0                           # ClearScalar<float64>
         %2 = subtract(%0, %1)              # EncryptedTensor<float64, shape=(1, 128, 28, 28)>
         %3 = 0.6912969350814819            # ClearScalar<float64>
         %4 = multiply(%3, %2)              # EncryptedTensor<float64, shape=(1, 128, 28, 28)>
         %5 = 0.4735146991668209            # ClearScalar<float64>
         %6 = divide(%4, %5)                # EncryptedTensor<float64, shape=(1, 128, 28, 28)>
         %7 = 0                             # ClearScalar<uint1>
         %8 = add(%6, %7)                   # EncryptedTensor<float64, shape=(1, 128, 28, 28)>
         %9 = rint(%8)                      # EncryptedTensor<float64, shape=(1, 128, 28, 28)>
        %10 = astype(%9, dtype=int_)        # EncryptedTensor<uint1, shape=(1, 128, 28, 28)>
        return %10

    %87 = subgraph(%86):

         %0 = input                          # EncryptedTensor<uint2, shape=(1, 128, 28, 28)>
         %1 = 0.0                            # ClearScalar<float64>
         %2 = subtract(%0, %1)               # EncryptedTensor<float64, shape=(1, 128, 28, 28)>
         %3 = 0.4735146991668209             # ClearScalar<float64>
         %4 = multiply(%3, %2)               # EncryptedTensor<float64, shape=(1, 128, 28, 28)>
         %5 = 0                              # ClearScalar<uint1>
         %6 = maximum(%4, %5)                # EncryptedTensor<float64, shape=(1, 128, 28, 28)>
         %7 = 0.6887313                      # ClearScalar<float32>
         %8 = divide(%6, %7)                 # EncryptedTensor<float64, shape=(1, 128, 28, 28)>
         %9 = 0.0                            # ClearScalar<float32>
        %10 = add(%8, %9)                    # EncryptedTensor<float64, shape=(1, 128, 28, 28)>
        %11 = 0.0                            # ClearScalar<float64>
        %12 = 15.0                           # ClearScalar<float64>
        %13 = clip(%10, %11, %12)            # EncryptedTensor<float64, shape=(1, 128, 28, 28)>
        %14 = rint(%13)                      # EncryptedTensor<float64, shape=(1, 128, 28, 28)>
        %15 = 0.0                            # ClearScalar<float32>
        %16 = subtract(%14, %15)             # EncryptedTensor<float64, shape=(1, 128, 28, 28)>
        %17 = 0.6887313                      # ClearScalar<float32>
        %18 = multiply(%16, %17)             # EncryptedTensor<float64, shape=(1, 128, 28, 28)>
        %19 = 0.68873131275177               # ClearScalar<float64>
        %20 = divide(%18, %19)               # EncryptedTensor<float64, shape=(1, 128, 28, 28)>
        %21 = 0                              # ClearScalar<uint1>
        %22 = add(%20, %21)                  # EncryptedTensor<float64, shape=(1, 128, 28, 28)>
        %23 = rint(%22)                      # EncryptedTensor<float64, shape=(1, 128, 28, 28)>
        %24 = astype(%23, dtype=int_)        # EncryptedTensor<uint1, shape=(1, 128, 28, 28)>
        return %24

    %95 = subgraph(%94):

         %0 = input                            # EncryptedTensor<uint1, shape=(1, 128, 28, 28)>          @ /trunk/trunk.9/C1/Conv.conv_rounding
         %1 = astype(%0, dtype=float64)        # EncryptedTensor<float64, shape=(1, 128, 28, 28)>
         %2 = 0                                # ClearScalar<uint1>
         %3 = add(%1, %2)                      # EncryptedTensor<float64, shape=(1, 128, 28, 28)>
         %4 = [[[[0]]  [ ... ]  [[0]]]]        # ClearTensor<uint1, shape=(1, 128, 1, 1)>
         %5 = subtract(%3, %4)                 # EncryptedTensor<float64, shape=(1, 128, 28, 28)>
         %6 = 0.021960055472046935             # ClearScalar<float64>
         %7 = multiply(%6, %5)                 # EncryptedTensor<float64, shape=(1, 128, 28, 28)>
         %8 = [[[[-1.694 ... 62e-01]]]]        # ClearTensor<float32, shape=(1, 128, 1, 1)>
         %9 = subtract(%7, %8)                 # EncryptedTensor<float64, shape=(1, 128, 28, 28)>
        %10 = [[[[3.7333 ... 233105]]]]        # ClearTensor<float32, shape=(1, 128, 1, 1)>
        %11 = divide(%9, %10)                  # EncryptedTensor<float64, shape=(1, 128, 28, 28)>
        %12 = [[[[0.9321 ... 744734]]]]        # ClearTensor<float32, shape=(1, 128, 1, 1)>
        %13 = multiply(%11, %12)               # EncryptedTensor<float64, shape=(1, 128, 28, 28)>
        %14 = [[[[-0.031 ... 447552]]]]        # ClearTensor<float32, shape=(1, 128, 1, 1)>
        %15 = add(%13, %14)                    # EncryptedTensor<float64, shape=(1, 128, 28, 28)>
        %16 = 0                                # ClearScalar<uint1>
        %17 = maximum(%15, %16)                # EncryptedTensor<float64, shape=(1, 128, 28, 28)>
        %18 = 0.46349254                       # ClearScalar<float32>
        %19 = divide(%17, %18)                 # EncryptedTensor<float64, shape=(1, 128, 28, 28)>
        %20 = 0.0                              # ClearScalar<float32>
        %21 = add(%19, %20)                    # EncryptedTensor<float64, shape=(1, 128, 28, 28)>
        %22 = 0.0                              # ClearScalar<float64>
        %23 = 15.0                             # ClearScalar<float64>
        %24 = clip(%21, %22, %23)              # EncryptedTensor<float64, shape=(1, 128, 28, 28)>
        %25 = rint(%24)                        # EncryptedTensor<float64, shape=(1, 128, 28, 28)>
        %26 = 0.0                              # ClearScalar<float32>
        %27 = subtract(%25, %26)               # EncryptedTensor<float64, shape=(1, 128, 28, 28)>
        %28 = 0.46349254                       # ClearScalar<float32>
        %29 = multiply(%27, %28)               # EncryptedTensor<float64, shape=(1, 128, 28, 28)>
        %30 = 0.4634925425052643               # ClearScalar<float64>
        %31 = divide(%29, %30)                 # EncryptedTensor<float64, shape=(1, 128, 28, 28)>
        %32 = 0                                # ClearScalar<uint1>
        %33 = add(%31, %32)                    # EncryptedTensor<float64, shape=(1, 128, 28, 28)>
        %34 = rint(%33)                        # EncryptedTensor<float64, shape=(1, 128, 28, 28)>
        %35 = astype(%34, dtype=int_)          # EncryptedTensor<uint1, shape=(1, 128, 28, 28)>
        return %35

    %103 = subgraph(%102):

         %0 = input                            # EncryptedTensor<uint1, shape=(1, 128, 28, 28)>          @ /trunk/trunk.9/C2/Conv.conv_rounding
         %1 = astype(%0, dtype=float64)        # EncryptedTensor<float64, shape=(1, 128, 28, 28)>
         %2 = 0                                # ClearScalar<uint1>
         %3 = add(%1, %2)                      # EncryptedTensor<float64, shape=(1, 128, 28, 28)>
         %4 = [[[[0]]  [ ... ]  [[0]]]]        # ClearTensor<uint1, shape=(1, 128, 1, 1)>
         %5 = subtract(%3, %4)                 # EncryptedTensor<float64, shape=(1, 128, 28, 28)>
         %6 = 0.014178603616136987             # ClearScalar<float64>
         %7 = multiply(%6, %5)                 # EncryptedTensor<float64, shape=(1, 128, 28, 28)>
         %8 = [[[[ 0.795 ... 98906 ]]]]        # ClearTensor<float32, shape=(1, 128, 1, 1)>
         %9 = subtract(%7, %8)                 # EncryptedTensor<float64, shape=(1, 128, 28, 28)>
        %10 = [[[[2.2918 ... 187323]]]]        # ClearTensor<float32, shape=(1, 128, 1, 1)>
        %11 = divide(%9, %10)                  # EncryptedTensor<float64, shape=(1, 128, 28, 28)>
        %12 = [[[[0.9797 ... 34966 ]]]]        # ClearTensor<float32, shape=(1, 128, 1, 1)>
        %13 = multiply(%11, %12)               # EncryptedTensor<float64, shape=(1, 128, 28, 28)>
        %14 = [[[[ 0.009 ... 849876]]]]        # ClearTensor<float32, shape=(1, 128, 1, 1)>
        %15 = add(%13, %14)                    # EncryptedTensor<float64, shape=(1, 128, 28, 28)>
        %16 = 1.0304811                        # ClearScalar<float32>
        %17 = divide(%15, %16)                 # EncryptedTensor<float64, shape=(1, 128, 28, 28)>
        %18 = 0.0                              # ClearScalar<float32>
        %19 = add(%17, %18)                    # EncryptedTensor<float64, shape=(1, 128, 28, 28)>
        %20 = -8.0                             # ClearScalar<float64>
        %21 = 7.0                              # ClearScalar<float64>
        %22 = clip(%19, %20, %21)              # EncryptedTensor<float64, shape=(1, 128, 28, 28)>
        %23 = rint(%22)                        # EncryptedTensor<float64, shape=(1, 128, 28, 28)>
        %24 = 0.0                              # ClearScalar<float32>
        %25 = subtract(%23, %24)               # EncryptedTensor<float64, shape=(1, 128, 28, 28)>
        %26 = 1.0304811                        # ClearScalar<float32>
        %27 = multiply(%25, %26)               # EncryptedTensor<float64, shape=(1, 128, 28, 28)>
        %28 = 1.0304811000823975               # ClearScalar<float64>
        %29 = divide(%27, %28)                 # EncryptedTensor<float64, shape=(1, 128, 28, 28)>
        %30 = 0                                # ClearScalar<uint1>
        %31 = add(%29, %30)                    # EncryptedTensor<float64, shape=(1, 128, 28, 28)>
        %32 = rint(%31)                        # EncryptedTensor<float64, shape=(1, 128, 28, 28)>
        %33 = astype(%32, dtype=int_)          # EncryptedTensor<uint1, shape=(1, 128, 28, 28)>
        return %33

    %104 = subgraph(%86):

         %0 = input                          # EncryptedTensor<uint2, shape=(1, 128, 28, 28)>
         %1 = 0.0                            # ClearScalar<float64>
         %2 = subtract(%0, %1)               # EncryptedTensor<float64, shape=(1, 128, 28, 28)>
         %3 = 0.4735146991668209             # ClearScalar<float64>
         %4 = multiply(%3, %2)               # EncryptedTensor<float64, shape=(1, 128, 28, 28)>
         %5 = 0                              # ClearScalar<uint1>
         %6 = maximum(%4, %5)                # EncryptedTensor<float64, shape=(1, 128, 28, 28)>
         %7 = 0.6887313                      # ClearScalar<float32>
         %8 = divide(%6, %7)                 # EncryptedTensor<float64, shape=(1, 128, 28, 28)>
         %9 = 0.0                            # ClearScalar<float32>
        %10 = add(%8, %9)                    # EncryptedTensor<float64, shape=(1, 128, 28, 28)>
        %11 = 0.0                            # ClearScalar<float64>
        %12 = 15.0                           # ClearScalar<float64>
        %13 = clip(%10, %11, %12)            # EncryptedTensor<float64, shape=(1, 128, 28, 28)>
        %14 = rint(%13)                      # EncryptedTensor<float64, shape=(1, 128, 28, 28)>
        %15 = 0.0                            # ClearScalar<float32>
        %16 = subtract(%14, %15)             # EncryptedTensor<float64, shape=(1, 128, 28, 28)>
        %17 = 0.6887313                      # ClearScalar<float32>
        %18 = multiply(%16, %17)             # EncryptedTensor<float64, shape=(1, 128, 28, 28)>
        %19 = 0.68873131275177               # ClearScalar<float64>
        %20 = divide(%18, %19)               # EncryptedTensor<float64, shape=(1, 128, 28, 28)>
        %21 = 0                              # ClearScalar<uint1>
        %22 = add(%20, %21)                  # EncryptedTensor<float64, shape=(1, 128, 28, 28)>
        %23 = rint(%22)                      # EncryptedTensor<float64, shape=(1, 128, 28, 28)>
        %24 = astype(%23, dtype=int_)        # EncryptedTensor<uint1, shape=(1, 128, 28, 28)>
        return %24

    %105 = subgraph(%103):

         %0 = input                         # EncryptedTensor<uint1, shape=(1, 128, 28, 28)>
         %1 = 0.0                           # ClearScalar<float64>
         %2 = subtract(%0, %1)              # EncryptedTensor<float64, shape=(1, 128, 28, 28)>
         %3 = 1.0304811000823975            # ClearScalar<float64>
         %4 = multiply(%3, %2)              # EncryptedTensor<float64, shape=(1, 128, 28, 28)>
         %5 = 0.51031913680415              # ClearScalar<float64>
         %6 = divide(%4, %5)                # EncryptedTensor<float64, shape=(1, 128, 28, 28)>
         %7 = 0                             # ClearScalar<uint1>
         %8 = add(%6, %7)                   # EncryptedTensor<float64, shape=(1, 128, 28, 28)>
         %9 = rint(%8)                      # EncryptedTensor<float64, shape=(1, 128, 28, 28)>
        %10 = astype(%9, dtype=int_)        # EncryptedTensor<uint1, shape=(1, 128, 28, 28)>
        return %10

    %106 = subgraph(%104):

         %0 = input                         # EncryptedTensor<uint1, shape=(1, 128, 28, 28)>
         %1 = 0.0                           # ClearScalar<float64>
         %2 = subtract(%0, %1)              # EncryptedTensor<float64, shape=(1, 128, 28, 28)>
         %3 = 0.68873131275177              # ClearScalar<float64>
         %4 = multiply(%3, %2)              # EncryptedTensor<float64, shape=(1, 128, 28, 28)>
         %5 = 0.51031913680415              # ClearScalar<float64>
         %6 = divide(%4, %5)                # EncryptedTensor<float64, shape=(1, 128, 28, 28)>
         %7 = 0                             # ClearScalar<uint1>
         %8 = add(%6, %7)                   # EncryptedTensor<float64, shape=(1, 128, 28, 28)>
         %9 = rint(%8)                      # EncryptedTensor<float64, shape=(1, 128, 28, 28)>
        %10 = astype(%9, dtype=int_)        # EncryptedTensor<uint1, shape=(1, 128, 28, 28)>
        return %10

    %110 = subgraph(%109):

         %0 = input                          # EncryptedTensor<uint2, shape=(1, 128, 28, 28)>
         %1 = 0.0                            # ClearScalar<float64>
         %2 = subtract(%0, %1)               # EncryptedTensor<float64, shape=(1, 128, 28, 28)>
         %3 = 0.51031913680415               # ClearScalar<float64>
         %4 = multiply(%3, %2)               # EncryptedTensor<float64, shape=(1, 128, 28, 28)>
         %5 = 0                              # ClearScalar<uint1>
         %6 = maximum(%4, %5)                # EncryptedTensor<float64, shape=(1, 128, 28, 28)>
         %7 = 0.95776254                     # ClearScalar<float32>
         %8 = divide(%6, %7)                 # EncryptedTensor<float64, shape=(1, 128, 28, 28)>
         %9 = 0.0                            # ClearScalar<float32>
        %10 = add(%8, %9)                    # EncryptedTensor<float64, shape=(1, 128, 28, 28)>
        %11 = 0.0                            # ClearScalar<float64>
        %12 = 15.0                           # ClearScalar<float64>
        %13 = clip(%10, %11, %12)            # EncryptedTensor<float64, shape=(1, 128, 28, 28)>
        %14 = rint(%13)                      # EncryptedTensor<float64, shape=(1, 128, 28, 28)>
        %15 = 0.0                            # ClearScalar<float32>
        %16 = subtract(%14, %15)             # EncryptedTensor<float64, shape=(1, 128, 28, 28)>
        %17 = 0.95776254                     # ClearScalar<float32>
        %18 = multiply(%16, %17)             # EncryptedTensor<float64, shape=(1, 128, 28, 28)>
        %19 = 0.9577625393867493             # ClearScalar<float64>
        %20 = divide(%18, %19)               # EncryptedTensor<float64, shape=(1, 128, 28, 28)>
        %21 = 0                              # ClearScalar<uint1>
        %22 = add(%20, %21)                  # EncryptedTensor<float64, shape=(1, 128, 28, 28)>
        %23 = rint(%22)                      # EncryptedTensor<float64, shape=(1, 128, 28, 28)>
        %24 = astype(%23, dtype=int_)        # EncryptedTensor<uint1, shape=(1, 128, 28, 28)>
        return %24

    %118 = subgraph(%117):

         %0 = input                            # EncryptedTensor<uint1, shape=(1, 256, 14, 14)>          @ /trunk/trunk.10/C1/Conv.conv_rounding
         %1 = astype(%0, dtype=float64)        # EncryptedTensor<float64, shape=(1, 256, 14, 14)>
         %2 = 0                                # ClearScalar<uint1>
         %3 = add(%1, %2)                      # EncryptedTensor<float64, shape=(1, 256, 14, 14)>
         %4 = [[[[0]]  [ ... ]  [[0]]]]        # ClearTensor<uint1, shape=(1, 256, 1, 1)>
         %5 = subtract(%3, %4)                 # EncryptedTensor<float64, shape=(1, 256, 14, 14)>
         %6 = 0.019472527951010288             # ClearScalar<float64>
         %7 = multiply(%6, %5)                 # EncryptedTensor<float64, shape=(1, 256, 14, 14)>
         %8 = [[[[ 1.591 ... 31678 ]]]]        # ClearTensor<float32, shape=(1, 256, 1, 1)>
         %9 = subtract(%7, %8)                 # EncryptedTensor<float64, shape=(1, 256, 14, 14)>
        %10 = [[[[2.9127 ... 281384]]]]        # ClearTensor<float32, shape=(1, 256, 1, 1)>
        %11 = divide(%9, %10)                  # EncryptedTensor<float64, shape=(1, 256, 14, 14)>
        %12 = [[[[0.9659 ... 405876]]]]        # ClearTensor<float32, shape=(1, 256, 1, 1)>
        %13 = multiply(%11, %12)               # EncryptedTensor<float64, shape=(1, 256, 14, 14)>
        %14 = [[[[ 5.630 ... 67e-02]]]]        # ClearTensor<float32, shape=(1, 256, 1, 1)>
        %15 = add(%13, %14)                    # EncryptedTensor<float64, shape=(1, 256, 14, 14)>
        %16 = 0                                # ClearScalar<uint1>
        %17 = maximum(%15, %16)                # EncryptedTensor<float64, shape=(1, 256, 14, 14)>
        %18 = 0.500098                         # ClearScalar<float32>
        %19 = divide(%17, %18)                 # EncryptedTensor<float64, shape=(1, 256, 14, 14)>
        %20 = 0.0                              # ClearScalar<float32>
        %21 = add(%19, %20)                    # EncryptedTensor<float64, shape=(1, 256, 14, 14)>
        %22 = 0.0                              # ClearScalar<float64>
        %23 = 15.0                             # ClearScalar<float64>
        %24 = clip(%21, %22, %23)              # EncryptedTensor<float64, shape=(1, 256, 14, 14)>
        %25 = rint(%24)                        # EncryptedTensor<float64, shape=(1, 256, 14, 14)>
        %26 = 0.0                              # ClearScalar<float32>
        %27 = subtract(%25, %26)               # EncryptedTensor<float64, shape=(1, 256, 14, 14)>
        %28 = 0.500098                         # ClearScalar<float32>
        %29 = multiply(%27, %28)               # EncryptedTensor<float64, shape=(1, 256, 14, 14)>
        %30 = 0.5000979900360107               # ClearScalar<float64>
        %31 = divide(%29, %30)                 # EncryptedTensor<float64, shape=(1, 256, 14, 14)>
        %32 = 0                                # ClearScalar<uint1>
        %33 = add(%31, %32)                    # EncryptedTensor<float64, shape=(1, 256, 14, 14)>
        %34 = rint(%33)                        # EncryptedTensor<float64, shape=(1, 256, 14, 14)>
        %35 = astype(%34, dtype=int_)          # EncryptedTensor<uint1, shape=(1, 256, 14, 14)>
        return %35

    %126 = subgraph(%109):

         %0 = input                          # EncryptedTensor<uint2, shape=(1, 128, 28, 28)>
         %1 = 0.0                            # ClearScalar<float64>
         %2 = subtract(%0, %1)               # EncryptedTensor<float64, shape=(1, 128, 28, 28)>
         %3 = 0.51031913680415               # ClearScalar<float64>
         %4 = multiply(%3, %2)               # EncryptedTensor<float64, shape=(1, 128, 28, 28)>
         %5 = 0                              # ClearScalar<uint1>
         %6 = maximum(%4, %5)                # EncryptedTensor<float64, shape=(1, 128, 28, 28)>
         %7 = 0.95776254                     # ClearScalar<float32>
         %8 = divide(%6, %7)                 # EncryptedTensor<float64, shape=(1, 128, 28, 28)>
         %9 = 0.0                            # ClearScalar<float32>
        %10 = add(%8, %9)                    # EncryptedTensor<float64, shape=(1, 128, 28, 28)>
        %11 = 0.0                            # ClearScalar<float64>
        %12 = 15.0                           # ClearScalar<float64>
        %13 = clip(%10, %11, %12)            # EncryptedTensor<float64, shape=(1, 128, 28, 28)>
        %14 = rint(%13)                      # EncryptedTensor<float64, shape=(1, 128, 28, 28)>
        %15 = 0.0                            # ClearScalar<float32>
        %16 = subtract(%14, %15)             # EncryptedTensor<float64, shape=(1, 128, 28, 28)>
        %17 = 0.95776254                     # ClearScalar<float32>
        %18 = multiply(%16, %17)             # EncryptedTensor<float64, shape=(1, 128, 28, 28)>
        %19 = 0.9577625393867493             # ClearScalar<float64>
        %20 = divide(%18, %19)               # EncryptedTensor<float64, shape=(1, 128, 28, 28)>
        %21 = 0                              # ClearScalar<uint1>
        %22 = add(%20, %21)                  # EncryptedTensor<float64, shape=(1, 128, 28, 28)>
        %23 = rint(%22)                      # EncryptedTensor<float64, shape=(1, 128, 28, 28)>
        %24 = astype(%23, dtype=int_)        # EncryptedTensor<uint1, shape=(1, 128, 28, 28)>
        return %24

    %130 = subgraph(%125):

         %0 = input                            # EncryptedTensor<uint1, shape=(1, 256, 14, 14)>          @ /trunk/trunk.10/C2/Conv.conv_rounding
         %1 = astype(%0, dtype=float64)        # EncryptedTensor<float64, shape=(1, 256, 14, 14)>
         %2 = 0                                # ClearScalar<uint1>
         %3 = add(%1, %2)                      # EncryptedTensor<float64, shape=(1, 256, 14, 14)>
         %4 = [[[[0]]  [ ... ]  [[0]]]]        # ClearTensor<uint1, shape=(1, 256, 1, 1)>
         %5 = subtract(%3, %4)                 # EncryptedTensor<float64, shape=(1, 256, 14, 14)>
         %6 = 0.009545681367842729             # ClearScalar<float64>
         %7 = multiply(%6, %5)                 # EncryptedTensor<float64, shape=(1, 256, 14, 14)>
         %8 = [[[[ 7.138 ... 12e+00]]]]        # ClearTensor<float32, shape=(1, 256, 1, 1)>
         %9 = subtract(%7, %8)                 # EncryptedTensor<float64, shape=(1, 256, 14, 14)>
        %10 = [[[[3.5809 ... 040976]]]]        # ClearTensor<float32, shape=(1, 256, 1, 1)>
        %11 = divide(%9, %10)                  # EncryptedTensor<float64, shape=(1, 256, 14, 14)>
        %12 = [[[[0.9771 ... 09931 ]]]]        # ClearTensor<float32, shape=(1, 256, 1, 1)>
        %13 = multiply(%11, %12)               # EncryptedTensor<float64, shape=(1, 256, 14, 14)>
        %14 = [[[[ 3.943 ... 13e-03]]]]        # ClearTensor<float32, shape=(1, 256, 1, 1)>
        %15 = add(%13, %14)                    # EncryptedTensor<float64, shape=(1, 256, 14, 14)>
        %16 = 1.0970302                        # ClearScalar<float32>
        %17 = divide(%15, %16)                 # EncryptedTensor<float64, shape=(1, 256, 14, 14)>
        %18 = 0.0                              # ClearScalar<float32>
        %19 = add(%17, %18)                    # EncryptedTensor<float64, shape=(1, 256, 14, 14)>
        %20 = -8.0                             # ClearScalar<float64>
        %21 = 7.0                              # ClearScalar<float64>
        %22 = clip(%19, %20, %21)              # EncryptedTensor<float64, shape=(1, 256, 14, 14)>
        %23 = rint(%22)                        # EncryptedTensor<float64, shape=(1, 256, 14, 14)>
        %24 = 0.0                              # ClearScalar<float32>
        %25 = subtract(%23, %24)               # EncryptedTensor<float64, shape=(1, 256, 14, 14)>
        %26 = 1.0970302                        # ClearScalar<float32>
        %27 = multiply(%25, %26)               # EncryptedTensor<float64, shape=(1, 256, 14, 14)>
        %28 = 1.0970301628112793               # ClearScalar<float64>
        %29 = divide(%27, %28)                 # EncryptedTensor<float64, shape=(1, 256, 14, 14)>
        %30 = 0                                # ClearScalar<uint1>
        %31 = add(%29, %30)                    # EncryptedTensor<float64, shape=(1, 256, 14, 14)>
        %32 = rint(%31)                        # EncryptedTensor<float64, shape=(1, 256, 14, 14)>
        %33 = astype(%32, dtype=int_)          # EncryptedTensor<uint1, shape=(1, 256, 14, 14)>
        return %33

    %131 = subgraph(%129):

         %0 = input                            # EncryptedTensor<uint1, shape=(1, 256, 14, 14)>          @ /trunk/trunk.10/shortcut/Conv.conv_rounding
         %1 = astype(%0, dtype=float64)        # EncryptedTensor<float64, shape=(1, 256, 14, 14)>
         %2 = 0                                # ClearScalar<uint1>
         %3 = add(%1, %2)                      # EncryptedTensor<float64, shape=(1, 256, 14, 14)>
         %4 = [[[[0]]  [ ... ]  [[0]]]]        # ClearTensor<uint1, shape=(1, 256, 1, 1)>
         %5 = subtract(%3, %4)                 # EncryptedTensor<float64, shape=(1, 256, 14, 14)>
         %6 = 0.044057651336324                # ClearScalar<float64>
         %7 = multiply(%6, %5)                 # EncryptedTensor<float64, shape=(1, 256, 14, 14)>
         %8 = [[[[ 1.720 ... 22e-01]]]]        # ClearTensor<float32, shape=(1, 256, 1, 1)>
         %9 = subtract(%7, %8)                 # EncryptedTensor<float64, shape=(1, 256, 14, 14)>
        %10 = [[[[1.9729 ... 49768 ]]]]        # ClearTensor<float32, shape=(1, 256, 1, 1)>
        %11 = divide(%9, %10)                  # EncryptedTensor<float64, shape=(1, 256, 14, 14)>
        %12 = [[[[1.0035 ... 40127 ]]]]        # ClearTensor<float32, shape=(1, 256, 1, 1)>
        %13 = multiply(%11, %12)               # EncryptedTensor<float64, shape=(1, 256, 14, 14)>
        %14 = [[[[ 4.291 ... 23e-02]]]]        # ClearTensor<float32, shape=(1, 256, 1, 1)>
        %15 = add(%13, %14)                    # EncryptedTensor<float64, shape=(1, 256, 14, 14)>
        %16 = 0.96159863                       # ClearScalar<float32>
        %17 = divide(%15, %16)                 # EncryptedTensor<float64, shape=(1, 256, 14, 14)>
        %18 = 0.0                              # ClearScalar<float32>
        %19 = add(%17, %18)                    # EncryptedTensor<float64, shape=(1, 256, 14, 14)>
        %20 = -8.0                             # ClearScalar<float64>
        %21 = 7.0                              # ClearScalar<float64>
        %22 = clip(%19, %20, %21)              # EncryptedTensor<float64, shape=(1, 256, 14, 14)>
        %23 = rint(%22)                        # EncryptedTensor<float64, shape=(1, 256, 14, 14)>
        %24 = 0.0                              # ClearScalar<float32>
        %25 = subtract(%23, %24)               # EncryptedTensor<float64, shape=(1, 256, 14, 14)>
        %26 = 0.96159863                       # ClearScalar<float32>
        %27 = multiply(%25, %26)               # EncryptedTensor<float64, shape=(1, 256, 14, 14)>
        %28 = 0.9615986347198486               # ClearScalar<float64>
        %29 = divide(%27, %28)                 # EncryptedTensor<float64, shape=(1, 256, 14, 14)>
        %30 = 0                                # ClearScalar<uint1>
        %31 = add(%29, %30)                    # EncryptedTensor<float64, shape=(1, 256, 14, 14)>
        %32 = rint(%31)                        # EncryptedTensor<float64, shape=(1, 256, 14, 14)>
        %33 = astype(%32, dtype=int_)          # EncryptedTensor<uint1, shape=(1, 256, 14, 14)>
        return %33

    %132 = subgraph(%130):

         %0 = input                         # EncryptedTensor<uint1, shape=(1, 256, 14, 14)>
         %1 = 0.0                           # ClearScalar<float64>
         %2 = subtract(%0, %1)              # EncryptedTensor<float64, shape=(1, 256, 14, 14)>
         %3 = 1.0970301628112793            # ClearScalar<float64>
         %4 = multiply(%3, %2)              # EncryptedTensor<float64, shape=(1, 256, 14, 14)>
         %5 = 0.5579095963508852            # ClearScalar<float64>
         %6 = divide(%4, %5)                # EncryptedTensor<float64, shape=(1, 256, 14, 14)>
         %7 = 0                             # ClearScalar<uint1>
         %8 = add(%6, %7)                   # EncryptedTensor<float64, shape=(1, 256, 14, 14)>
         %9 = rint(%8)                      # EncryptedTensor<float64, shape=(1, 256, 14, 14)>
        %10 = astype(%9, dtype=int_)        # EncryptedTensor<uint1, shape=(1, 256, 14, 14)>
        return %10

    %133 = subgraph(%131):

         %0 = input                         # EncryptedTensor<uint1, shape=(1, 256, 14, 14)>
         %1 = 0.0                           # ClearScalar<float64>
         %2 = subtract(%0, %1)              # EncryptedTensor<float64, shape=(1, 256, 14, 14)>
         %3 = 0.9615986347198486            # ClearScalar<float64>
         %4 = multiply(%3, %2)              # EncryptedTensor<float64, shape=(1, 256, 14, 14)>
         %5 = 0.5579095963508852            # ClearScalar<float64>
         %6 = divide(%4, %5)                # EncryptedTensor<float64, shape=(1, 256, 14, 14)>
         %7 = 0                             # ClearScalar<uint1>
         %8 = add(%6, %7)                   # EncryptedTensor<float64, shape=(1, 256, 14, 14)>
         %9 = rint(%8)                      # EncryptedTensor<float64, shape=(1, 256, 14, 14)>
        %10 = astype(%9, dtype=int_)        # EncryptedTensor<uint1, shape=(1, 256, 14, 14)>
        return %10

    %137 = subgraph(%136):

         %0 = input                          # EncryptedTensor<uint2, shape=(1, 256, 14, 14)>
         %1 = 0.0                            # ClearScalar<float64>
         %2 = subtract(%0, %1)               # EncryptedTensor<float64, shape=(1, 256, 14, 14)>
         %3 = 0.5579095963508852             # ClearScalar<float64>
         %4 = multiply(%3, %2)               # EncryptedTensor<float64, shape=(1, 256, 14, 14)>
         %5 = 0                              # ClearScalar<uint1>
         %6 = maximum(%4, %5)                # EncryptedTensor<float64, shape=(1, 256, 14, 14)>
         %7 = 0.9296673                      # ClearScalar<float32>
         %8 = divide(%6, %7)                 # EncryptedTensor<float64, shape=(1, 256, 14, 14)>
         %9 = 0.0                            # ClearScalar<float32>
        %10 = add(%8, %9)                    # EncryptedTensor<float64, shape=(1, 256, 14, 14)>
        %11 = 0.0                            # ClearScalar<float64>
        %12 = 15.0                           # ClearScalar<float64>
        %13 = clip(%10, %11, %12)            # EncryptedTensor<float64, shape=(1, 256, 14, 14)>
        %14 = rint(%13)                      # EncryptedTensor<float64, shape=(1, 256, 14, 14)>
        %15 = 0.0                            # ClearScalar<float32>
        %16 = subtract(%14, %15)             # EncryptedTensor<float64, shape=(1, 256, 14, 14)>
        %17 = 0.9296673                      # ClearScalar<float32>
        %18 = multiply(%16, %17)             # EncryptedTensor<float64, shape=(1, 256, 14, 14)>
        %19 = 0.9296672940254211             # ClearScalar<float64>
        %20 = divide(%18, %19)               # EncryptedTensor<float64, shape=(1, 256, 14, 14)>
        %21 = 0                              # ClearScalar<uint1>
        %22 = add(%20, %21)                  # EncryptedTensor<float64, shape=(1, 256, 14, 14)>
        %23 = rint(%22)                      # EncryptedTensor<float64, shape=(1, 256, 14, 14)>
        %24 = astype(%23, dtype=int_)        # EncryptedTensor<uint1, shape=(1, 256, 14, 14)>
        return %24

    %145 = subgraph(%144):

         %0 = input                            # EncryptedTensor<uint1, shape=(1, 256, 14, 14)>          @ /trunk/trunk.11/C1/Conv.conv_rounding
         %1 = astype(%0, dtype=float64)        # EncryptedTensor<float64, shape=(1, 256, 14, 14)>
         %2 = 0                                # ClearScalar<uint1>
         %3 = add(%1, %2)                      # EncryptedTensor<float64, shape=(1, 256, 14, 14)>
         %4 = [[[[0]]  [ ... ]  [[0]]]]        # ClearTensor<uint1, shape=(1, 256, 1, 1)>
         %5 = subtract(%3, %4)                 # EncryptedTensor<float64, shape=(1, 256, 14, 14)>
         %6 = 0.019877093519961475             # ClearScalar<float64>
         %7 = multiply(%6, %5)                 # EncryptedTensor<float64, shape=(1, 256, 14, 14)>
         %8 = [[[[-0.102 ... 26529 ]]]]        # ClearTensor<float32, shape=(1, 256, 1, 1)>
         %9 = subtract(%7, %8)                 # EncryptedTensor<float64, shape=(1, 256, 14, 14)>
        %10 = [[[[4.7742 ... 366368]]]]        # ClearTensor<float32, shape=(1, 256, 1, 1)>
        %11 = divide(%9, %10)                  # EncryptedTensor<float64, shape=(1, 256, 14, 14)>
        %12 = [[[[0.9150 ... 24143 ]]]]        # ClearTensor<float32, shape=(1, 256, 1, 1)>
        %13 = multiply(%11, %12)               # EncryptedTensor<float64, shape=(1, 256, 14, 14)>
        %14 = [[[[-0.006 ... 213942]]]]        # ClearTensor<float32, shape=(1, 256, 1, 1)>
        %15 = add(%13, %14)                    # EncryptedTensor<float64, shape=(1, 256, 14, 14)>
        %16 = 0                                # ClearScalar<uint1>
        %17 = maximum(%15, %16)                # EncryptedTensor<float64, shape=(1, 256, 14, 14)>
        %18 = 0.5799033                        # ClearScalar<float32>
        %19 = divide(%17, %18)                 # EncryptedTensor<float64, shape=(1, 256, 14, 14)>
        %20 = 0.0                              # ClearScalar<float32>
        %21 = add(%19, %20)                    # EncryptedTensor<float64, shape=(1, 256, 14, 14)>
        %22 = 0.0                              # ClearScalar<float64>
        %23 = 15.0                             # ClearScalar<float64>
        %24 = clip(%21, %22, %23)              # EncryptedTensor<float64, shape=(1, 256, 14, 14)>
        %25 = rint(%24)                        # EncryptedTensor<float64, shape=(1, 256, 14, 14)>
        %26 = 0.0                              # ClearScalar<float32>
        %27 = subtract(%25, %26)               # EncryptedTensor<float64, shape=(1, 256, 14, 14)>
        %28 = 0.5799033                        # ClearScalar<float32>
        %29 = multiply(%27, %28)               # EncryptedTensor<float64, shape=(1, 256, 14, 14)>
        %30 = 0.5799033045768738               # ClearScalar<float64>
        %31 = divide(%29, %30)                 # EncryptedTensor<float64, shape=(1, 256, 14, 14)>
        %32 = 0                                # ClearScalar<uint1>
        %33 = add(%31, %32)                    # EncryptedTensor<float64, shape=(1, 256, 14, 14)>
        %34 = rint(%33)                        # EncryptedTensor<float64, shape=(1, 256, 14, 14)>
        %35 = astype(%34, dtype=int_)          # EncryptedTensor<uint1, shape=(1, 256, 14, 14)>
        return %35

    %153 = subgraph(%152):

         %0 = input                            # EncryptedTensor<uint1, shape=(1, 256, 14, 14)>          @ /trunk/trunk.11/C2/Conv.conv_rounding
         %1 = astype(%0, dtype=float64)        # EncryptedTensor<float64, shape=(1, 256, 14, 14)>
         %2 = 0                                # ClearScalar<uint1>
         %3 = add(%1, %2)                      # EncryptedTensor<float64, shape=(1, 256, 14, 14)>
         %4 = [[[[0]]  [ ... ]  [[0]]]]        # ClearTensor<uint1, shape=(1, 256, 1, 1)>
         %5 = subtract(%3, %4)                 # EncryptedTensor<float64, shape=(1, 256, 14, 14)>
         %6 = 0.011123832825897573             # ClearScalar<float64>
         %7 = multiply(%6, %5)                 # EncryptedTensor<float64, shape=(1, 256, 14, 14)>
         %8 = [[[[-0.904 ... 230528]]]]        # ClearTensor<float32, shape=(1, 256, 1, 1)>
         %9 = subtract(%7, %8)                 # EncryptedTensor<float64, shape=(1, 256, 14, 14)>
        %10 = [[[[2.6776 ... 91197 ]]]]        # ClearTensor<float32, shape=(1, 256, 1, 1)>
        %11 = divide(%9, %10)                  # EncryptedTensor<float64, shape=(1, 256, 14, 14)>
        %12 = [[[[0.9626 ... 22929 ]]]]        # ClearTensor<float32, shape=(1, 256, 1, 1)>
        %13 = multiply(%11, %12)               # EncryptedTensor<float64, shape=(1, 256, 14, 14)>
        %14 = [[[[-1.350 ... 43e-02]]]]        # ClearTensor<float32, shape=(1, 256, 1, 1)>
        %15 = add(%13, %14)                    # EncryptedTensor<float64, shape=(1, 256, 14, 14)>
        %16 = 1.2848943                        # ClearScalar<float32>
        %17 = divide(%15, %16)                 # EncryptedTensor<float64, shape=(1, 256, 14, 14)>
        %18 = 0.0                              # ClearScalar<float32>
        %19 = add(%17, %18)                    # EncryptedTensor<float64, shape=(1, 256, 14, 14)>
        %20 = -8.0                             # ClearScalar<float64>
        %21 = 7.0                              # ClearScalar<float64>
        %22 = clip(%19, %20, %21)              # EncryptedTensor<float64, shape=(1, 256, 14, 14)>
        %23 = rint(%22)                        # EncryptedTensor<float64, shape=(1, 256, 14, 14)>
        %24 = 0.0                              # ClearScalar<float32>
        %25 = subtract(%23, %24)               # EncryptedTensor<float64, shape=(1, 256, 14, 14)>
        %26 = 1.2848943                        # ClearScalar<float32>
        %27 = multiply(%25, %26)               # EncryptedTensor<float64, shape=(1, 256, 14, 14)>
        %28 = 1.284894347190857                # ClearScalar<float64>
        %29 = divide(%27, %28)                 # EncryptedTensor<float64, shape=(1, 256, 14, 14)>
        %30 = 0                                # ClearScalar<uint1>
        %31 = add(%29, %30)                    # EncryptedTensor<float64, shape=(1, 256, 14, 14)>
        %32 = rint(%31)                        # EncryptedTensor<float64, shape=(1, 256, 14, 14)>
        %33 = astype(%32, dtype=int_)          # EncryptedTensor<uint1, shape=(1, 256, 14, 14)>
        return %33

    %154 = subgraph(%136):

         %0 = input                          # EncryptedTensor<uint2, shape=(1, 256, 14, 14)>
         %1 = 0.0                            # ClearScalar<float64>
         %2 = subtract(%0, %1)               # EncryptedTensor<float64, shape=(1, 256, 14, 14)>
         %3 = 0.5579095963508852             # ClearScalar<float64>
         %4 = multiply(%3, %2)               # EncryptedTensor<float64, shape=(1, 256, 14, 14)>
         %5 = 0                              # ClearScalar<uint1>
         %6 = maximum(%4, %5)                # EncryptedTensor<float64, shape=(1, 256, 14, 14)>
         %7 = 0.9296673                      # ClearScalar<float32>
         %8 = divide(%6, %7)                 # EncryptedTensor<float64, shape=(1, 256, 14, 14)>
         %9 = 0.0                            # ClearScalar<float32>
        %10 = add(%8, %9)                    # EncryptedTensor<float64, shape=(1, 256, 14, 14)>
        %11 = 0.0                            # ClearScalar<float64>
        %12 = 15.0                           # ClearScalar<float64>
        %13 = clip(%10, %11, %12)            # EncryptedTensor<float64, shape=(1, 256, 14, 14)>
        %14 = rint(%13)                      # EncryptedTensor<float64, shape=(1, 256, 14, 14)>
        %15 = 0.0                            # ClearScalar<float32>
        %16 = subtract(%14, %15)             # EncryptedTensor<float64, shape=(1, 256, 14, 14)>
        %17 = 0.9296673                      # ClearScalar<float32>
        %18 = multiply(%16, %17)             # EncryptedTensor<float64, shape=(1, 256, 14, 14)>
        %19 = 0.9296672940254211             # ClearScalar<float64>
        %20 = divide(%18, %19)               # EncryptedTensor<float64, shape=(1, 256, 14, 14)>
        %21 = 0                              # ClearScalar<uint1>
        %22 = add(%20, %21)                  # EncryptedTensor<float64, shape=(1, 256, 14, 14)>
        %23 = rint(%22)                      # EncryptedTensor<float64, shape=(1, 256, 14, 14)>
        %24 = astype(%23, dtype=int_)        # EncryptedTensor<uint1, shape=(1, 256, 14, 14)>
        return %24

    %155 = subgraph(%153):

         %0 = input                         # EncryptedTensor<uint1, shape=(1, 256, 14, 14)>
         %1 = 0.0                           # ClearScalar<float64>
         %2 = subtract(%0, %1)              # EncryptedTensor<float64, shape=(1, 256, 14, 14)>
         %3 = 1.284894347190857             # ClearScalar<float64>
         %4 = multiply(%3, %2)              # EncryptedTensor<float64, shape=(1, 256, 14, 14)>
         %5 = 0.6200193762779236            # ClearScalar<float64>
         %6 = divide(%4, %5)                # EncryptedTensor<float64, shape=(1, 256, 14, 14)>
         %7 = 0                             # ClearScalar<uint1>
         %8 = add(%6, %7)                   # EncryptedTensor<float64, shape=(1, 256, 14, 14)>
         %9 = rint(%8)                      # EncryptedTensor<float64, shape=(1, 256, 14, 14)>
        %10 = astype(%9, dtype=int_)        # EncryptedTensor<uint1, shape=(1, 256, 14, 14)>
        return %10

    %156 = subgraph(%154):

         %0 = input                         # EncryptedTensor<uint1, shape=(1, 256, 14, 14)>
         %1 = 0.0                           # ClearScalar<float64>
         %2 = subtract(%0, %1)              # EncryptedTensor<float64, shape=(1, 256, 14, 14)>
         %3 = 0.9296672940254211            # ClearScalar<float64>
         %4 = multiply(%3, %2)              # EncryptedTensor<float64, shape=(1, 256, 14, 14)>
         %5 = 0.6200193762779236            # ClearScalar<float64>
         %6 = divide(%4, %5)                # EncryptedTensor<float64, shape=(1, 256, 14, 14)>
         %7 = 0                             # ClearScalar<uint1>
         %8 = add(%6, %7)                   # EncryptedTensor<float64, shape=(1, 256, 14, 14)>
         %9 = rint(%8)                      # EncryptedTensor<float64, shape=(1, 256, 14, 14)>
        %10 = astype(%9, dtype=int_)        # EncryptedTensor<uint1, shape=(1, 256, 14, 14)>
        return %10

    %160 = subgraph(%159):

         %0 = input                          # EncryptedTensor<uint2, shape=(1, 256, 14, 14)>
         %1 = 0.0                            # ClearScalar<float64>
         %2 = subtract(%0, %1)               # EncryptedTensor<float64, shape=(1, 256, 14, 14)>
         %3 = 0.6200193762779236             # ClearScalar<float64>
         %4 = multiply(%3, %2)               # EncryptedTensor<float64, shape=(1, 256, 14, 14)>
         %5 = 0                              # ClearScalar<uint1>
         %6 = maximum(%4, %5)                # EncryptedTensor<float64, shape=(1, 256, 14, 14)>
         %7 = 1.3328563                      # ClearScalar<float32>
         %8 = divide(%6, %7)                 # EncryptedTensor<float64, shape=(1, 256, 14, 14)>
         %9 = 0.0                            # ClearScalar<float32>
        %10 = add(%8, %9)                    # EncryptedTensor<float64, shape=(1, 256, 14, 14)>
        %11 = 0.0                            # ClearScalar<float64>
        %12 = 15.0                           # ClearScalar<float64>
        %13 = clip(%10, %11, %12)            # EncryptedTensor<float64, shape=(1, 256, 14, 14)>
        %14 = rint(%13)                      # EncryptedTensor<float64, shape=(1, 256, 14, 14)>
        %15 = 0.0                            # ClearScalar<float32>
        %16 = subtract(%14, %15)             # EncryptedTensor<float64, shape=(1, 256, 14, 14)>
        %17 = 1.3328563                      # ClearScalar<float32>
        %18 = multiply(%16, %17)             # EncryptedTensor<float64, shape=(1, 256, 14, 14)>
        %19 = 1.332856297492981              # ClearScalar<float64>
        %20 = divide(%18, %19)               # EncryptedTensor<float64, shape=(1, 256, 14, 14)>
        %21 = 0                              # ClearScalar<uint1>
        %22 = add(%20, %21)                  # EncryptedTensor<float64, shape=(1, 256, 14, 14)>
        %23 = rint(%22)                      # EncryptedTensor<float64, shape=(1, 256, 14, 14)>
        %24 = astype(%23, dtype=int_)        # EncryptedTensor<uint1, shape=(1, 256, 14, 14)>
        return %24

    %168 = subgraph(%167):

         %0 = input                            # EncryptedTensor<uint1, shape=(1, 512, 7, 7)>          @ /trunk/trunk.12/C1/Conv.conv_rounding
         %1 = astype(%0, dtype=float64)        # EncryptedTensor<float64, shape=(1, 512, 7, 7)>
         %2 = 0                                # ClearScalar<uint1>
         %3 = add(%1, %2)                      # EncryptedTensor<float64, shape=(1, 512, 7, 7)>
         %4 = [[[[0]]  [ ... ]  [[0]]]]        # ClearTensor<uint1, shape=(1, 512, 1, 1)>
         %5 = subtract(%3, %4)                 # EncryptedTensor<float64, shape=(1, 512, 7, 7)>
         %6 = 0.021633444653321066             # ClearScalar<float64>
         %7 = multiply(%6, %5)                 # EncryptedTensor<float64, shape=(1, 512, 7, 7)>
         %8 = [[[[ 2.438 ... 00e+00]]]]        # ClearTensor<float32, shape=(1, 512, 1, 1)>
         %9 = subtract(%7, %8)                 # EncryptedTensor<float64, shape=(1, 512, 7, 7)>
        %10 = [[[[4.5677 ... 81838 ]]]]        # ClearTensor<float32, shape=(1, 512, 1, 1)>
        %11 = divide(%9, %10)                  # EncryptedTensor<float64, shape=(1, 512, 7, 7)>
        %12 = [[[[0.9471 ... 711736]]]]        # ClearTensor<float32, shape=(1, 512, 1, 1)>
        %13 = multiply(%11, %12)               # EncryptedTensor<float64, shape=(1, 512, 7, 7)>
        %14 = [[[[ 4.818 ... 33e-02]]]]        # ClearTensor<float32, shape=(1, 512, 1, 1)>
        %15 = add(%13, %14)                    # EncryptedTensor<float64, shape=(1, 512, 7, 7)>
        %16 = 0                                # ClearScalar<uint1>
        %17 = maximum(%15, %16)                # EncryptedTensor<float64, shape=(1, 512, 7, 7)>
        %18 = 0.60691136                       # ClearScalar<float32>
        %19 = divide(%17, %18)                 # EncryptedTensor<float64, shape=(1, 512, 7, 7)>
        %20 = 0.0                              # ClearScalar<float32>
        %21 = add(%19, %20)                    # EncryptedTensor<float64, shape=(1, 512, 7, 7)>
        %22 = 0.0                              # ClearScalar<float64>
        %23 = 15.0                             # ClearScalar<float64>
        %24 = clip(%21, %22, %23)              # EncryptedTensor<float64, shape=(1, 512, 7, 7)>
        %25 = rint(%24)                        # EncryptedTensor<float64, shape=(1, 512, 7, 7)>
        %26 = 0.0                              # ClearScalar<float32>
        %27 = subtract(%25, %26)               # EncryptedTensor<float64, shape=(1, 512, 7, 7)>
        %28 = 0.60691136                       # ClearScalar<float32>
        %29 = multiply(%27, %28)               # EncryptedTensor<float64, shape=(1, 512, 7, 7)>
        %30 = 0.6069113612174988               # ClearScalar<float64>
        %31 = divide(%29, %30)                 # EncryptedTensor<float64, shape=(1, 512, 7, 7)>
        %32 = 0                                # ClearScalar<uint1>
        %33 = add(%31, %32)                    # EncryptedTensor<float64, shape=(1, 512, 7, 7)>
        %34 = rint(%33)                        # EncryptedTensor<float64, shape=(1, 512, 7, 7)>
        %35 = astype(%34, dtype=int_)          # EncryptedTensor<uint1, shape=(1, 512, 7, 7)>
        return %35

    %176 = subgraph(%159):

         %0 = input                          # EncryptedTensor<uint2, shape=(1, 256, 14, 14)>
         %1 = 0.0                            # ClearScalar<float64>
         %2 = subtract(%0, %1)               # EncryptedTensor<float64, shape=(1, 256, 14, 14)>
         %3 = 0.6200193762779236             # ClearScalar<float64>
         %4 = multiply(%3, %2)               # EncryptedTensor<float64, shape=(1, 256, 14, 14)>
         %5 = 0                              # ClearScalar<uint1>
         %6 = maximum(%4, %5)                # EncryptedTensor<float64, shape=(1, 256, 14, 14)>
         %7 = 1.3328563                      # ClearScalar<float32>
         %8 = divide(%6, %7)                 # EncryptedTensor<float64, shape=(1, 256, 14, 14)>
         %9 = 0.0                            # ClearScalar<float32>
        %10 = add(%8, %9)                    # EncryptedTensor<float64, shape=(1, 256, 14, 14)>
        %11 = 0.0                            # ClearScalar<float64>
        %12 = 15.0                           # ClearScalar<float64>
        %13 = clip(%10, %11, %12)            # EncryptedTensor<float64, shape=(1, 256, 14, 14)>
        %14 = rint(%13)                      # EncryptedTensor<float64, shape=(1, 256, 14, 14)>
        %15 = 0.0                            # ClearScalar<float32>
        %16 = subtract(%14, %15)             # EncryptedTensor<float64, shape=(1, 256, 14, 14)>
        %17 = 1.3328563                      # ClearScalar<float32>
        %18 = multiply(%16, %17)             # EncryptedTensor<float64, shape=(1, 256, 14, 14)>
        %19 = 1.332856297492981              # ClearScalar<float64>
        %20 = divide(%18, %19)               # EncryptedTensor<float64, shape=(1, 256, 14, 14)>
        %21 = 0                              # ClearScalar<uint1>
        %22 = add(%20, %21)                  # EncryptedTensor<float64, shape=(1, 256, 14, 14)>
        %23 = rint(%22)                      # EncryptedTensor<float64, shape=(1, 256, 14, 14)>
        %24 = astype(%23, dtype=int_)        # EncryptedTensor<uint1, shape=(1, 256, 14, 14)>
        return %24

    %180 = subgraph(%175):

         %0 = input                            # EncryptedTensor<uint1, shape=(1, 512, 7, 7)>          @ /trunk/trunk.12/C2/Conv.conv_rounding
         %1 = astype(%0, dtype=float64)        # EncryptedTensor<float64, shape=(1, 512, 7, 7)>
         %2 = 0                                # ClearScalar<uint1>
         %3 = add(%1, %2)                      # EncryptedTensor<float64, shape=(1, 512, 7, 7)>
         %4 = [[[[0]]  [ ... ]  [[0]]]]        # ClearTensor<uint1, shape=(1, 512, 1, 1)>
         %5 = subtract(%3, %4)                 # EncryptedTensor<float64, shape=(1, 512, 7, 7)>
         %6 = 0.009677549054350143             # ClearScalar<float64>
         %7 = multiply(%6, %5)                 # EncryptedTensor<float64, shape=(1, 512, 7, 7)>
         %8 = [[[[-0.554 ... 24774 ]]]]        # ClearTensor<float32, shape=(1, 512, 1, 1)>
         %9 = subtract(%7, %8)                 # EncryptedTensor<float64, shape=(1, 512, 7, 7)>
        %10 = [[[[5.2927 ... 771707]]]]        # ClearTensor<float32, shape=(1, 512, 1, 1)>
        %11 = divide(%9, %10)                  # EncryptedTensor<float64, shape=(1, 512, 7, 7)>
        %12 = [[[[0.9823 ... 16011 ]]]]        # ClearTensor<float32, shape=(1, 512, 1, 1)>
        %13 = multiply(%11, %12)               # EncryptedTensor<float64, shape=(1, 512, 7, 7)>
        %14 = [[[[ 1.618 ... 84e-02]]]]        # ClearTensor<float32, shape=(1, 512, 1, 1)>
        %15 = add(%13, %14)                    # EncryptedTensor<float64, shape=(1, 512, 7, 7)>
        %16 = 1.2460314                        # ClearScalar<float32>
        %17 = divide(%15, %16)                 # EncryptedTensor<float64, shape=(1, 512, 7, 7)>
        %18 = 0.0                              # ClearScalar<float32>
        %19 = add(%17, %18)                    # EncryptedTensor<float64, shape=(1, 512, 7, 7)>
        %20 = -8.0                             # ClearScalar<float64>
        %21 = 7.0                              # ClearScalar<float64>
        %22 = clip(%19, %20, %21)              # EncryptedTensor<float64, shape=(1, 512, 7, 7)>
        %23 = rint(%22)                        # EncryptedTensor<float64, shape=(1, 512, 7, 7)>
        %24 = 0.0                              # ClearScalar<float32>
        %25 = subtract(%23, %24)               # EncryptedTensor<float64, shape=(1, 512, 7, 7)>
        %26 = 1.2460314                        # ClearScalar<float32>
        %27 = multiply(%25, %26)               # EncryptedTensor<float64, shape=(1, 512, 7, 7)>
        %28 = 1.246031403541565                # ClearScalar<float64>
        %29 = divide(%27, %28)                 # EncryptedTensor<float64, shape=(1, 512, 7, 7)>
        %30 = 0                                # ClearScalar<uint1>
        %31 = add(%29, %30)                    # EncryptedTensor<float64, shape=(1, 512, 7, 7)>
        %32 = rint(%31)                        # EncryptedTensor<float64, shape=(1, 512, 7, 7)>
        %33 = astype(%32, dtype=int_)          # EncryptedTensor<uint1, shape=(1, 512, 7, 7)>
        return %33

    %181 = subgraph(%179):

         %0 = input                            # EncryptedTensor<uint1, shape=(1, 512, 7, 7)>          @ /trunk/trunk.12/shortcut/Conv.conv_rounding
         %1 = astype(%0, dtype=float64)        # EncryptedTensor<float64, shape=(1, 512, 7, 7)>
         %2 = 0                                # ClearScalar<uint1>
         %3 = add(%1, %2)                      # EncryptedTensor<float64, shape=(1, 512, 7, 7)>
         %4 = [[[[0]]  [ ... ]  [[0]]]]        # ClearTensor<uint1, shape=(1, 512, 1, 1)>
         %5 = subtract(%3, %4)                 # EncryptedTensor<float64, shape=(1, 512, 7, 7)>
         %6 = 0.052581356015724445             # ClearScalar<float64>
         %7 = multiply(%6, %5)                 # EncryptedTensor<float64, shape=(1, 512, 7, 7)>
         %8 = [[[[ 1.263 ... 770914]]]]        # ClearTensor<float32, shape=(1, 512, 1, 1)>
         %9 = subtract(%7, %8)                 # EncryptedTensor<float64, shape=(1, 512, 7, 7)>
        %10 = [[[[2.4629 ... 555978]]]]        # ClearTensor<float32, shape=(1, 512, 1, 1)>
        %11 = divide(%9, %10)                  # EncryptedTensor<float64, shape=(1, 512, 7, 7)>
        %12 = [[[[1.0086 ... 01383 ]]]]        # ClearTensor<float32, shape=(1, 512, 1, 1)>
        %13 = multiply(%11, %12)               # EncryptedTensor<float64, shape=(1, 512, 7, 7)>
        %14 = [[[[ 1.495 ... 04e-02]]]]        # ClearTensor<float32, shape=(1, 512, 1, 1)>
        %15 = add(%13, %14)                    # EncryptedTensor<float64, shape=(1, 512, 7, 7)>
        %16 = 1.2723175                        # ClearScalar<float32>
        %17 = divide(%15, %16)                 # EncryptedTensor<float64, shape=(1, 512, 7, 7)>
        %18 = 0.0                              # ClearScalar<float32>
        %19 = add(%17, %18)                    # EncryptedTensor<float64, shape=(1, 512, 7, 7)>
        %20 = -8.0                             # ClearScalar<float64>
        %21 = 7.0                              # ClearScalar<float64>
        %22 = clip(%19, %20, %21)              # EncryptedTensor<float64, shape=(1, 512, 7, 7)>
        %23 = rint(%22)                        # EncryptedTensor<float64, shape=(1, 512, 7, 7)>
        %24 = 0.0                              # ClearScalar<float32>
        %25 = subtract(%23, %24)               # EncryptedTensor<float64, shape=(1, 512, 7, 7)>
        %26 = 1.2723175                        # ClearScalar<float32>
        %27 = multiply(%25, %26)               # EncryptedTensor<float64, shape=(1, 512, 7, 7)>
        %28 = 1.2723175287246704               # ClearScalar<float64>
        %29 = divide(%27, %28)                 # EncryptedTensor<float64, shape=(1, 512, 7, 7)>
        %30 = 0                                # ClearScalar<uint1>
        %31 = add(%29, %30)                    # EncryptedTensor<float64, shape=(1, 512, 7, 7)>
        %32 = rint(%31)                        # EncryptedTensor<float64, shape=(1, 512, 7, 7)>
        %33 = astype(%32, dtype=int_)          # EncryptedTensor<uint1, shape=(1, 512, 7, 7)>
        return %33

    %182 = subgraph(%180):

         %0 = input                         # EncryptedTensor<uint1, shape=(1, 512, 7, 7)>
         %1 = 0.0                           # ClearScalar<float64>
         %2 = subtract(%0, %1)              # EncryptedTensor<float64, shape=(1, 512, 7, 7)>
         %3 = 1.246031403541565             # ClearScalar<float64>
         %4 = multiply(%3, %2)              # EncryptedTensor<float64, shape=(1, 512, 7, 7)>
         %5 = 0.6105498767668202            # ClearScalar<float64>
         %6 = divide(%4, %5)                # EncryptedTensor<float64, shape=(1, 512, 7, 7)>
         %7 = 0                             # ClearScalar<uint1>
         %8 = add(%6, %7)                   # EncryptedTensor<float64, shape=(1, 512, 7, 7)>
         %9 = rint(%8)                      # EncryptedTensor<float64, shape=(1, 512, 7, 7)>
        %10 = astype(%9, dtype=int_)        # EncryptedTensor<uint1, shape=(1, 512, 7, 7)>
        return %10

    %183 = subgraph(%181):

         %0 = input                         # EncryptedTensor<uint1, shape=(1, 512, 7, 7)>
         %1 = 0.0                           # ClearScalar<float64>
         %2 = subtract(%0, %1)              # EncryptedTensor<float64, shape=(1, 512, 7, 7)>
         %3 = 1.2723175287246704            # ClearScalar<float64>
         %4 = multiply(%3, %2)              # EncryptedTensor<float64, shape=(1, 512, 7, 7)>
         %5 = 0.6105498767668202            # ClearScalar<float64>
         %6 = divide(%4, %5)                # EncryptedTensor<float64, shape=(1, 512, 7, 7)>
         %7 = 0                             # ClearScalar<uint1>
         %8 = add(%6, %7)                   # EncryptedTensor<float64, shape=(1, 512, 7, 7)>
         %9 = rint(%8)                      # EncryptedTensor<float64, shape=(1, 512, 7, 7)>
        %10 = astype(%9, dtype=int_)        # EncryptedTensor<uint1, shape=(1, 512, 7, 7)>
        return %10

    %187 = subgraph(%186):

         %0 = input                          # EncryptedTensor<uint2, shape=(1, 512, 7, 7)>
         %1 = 0.0                            # ClearScalar<float64>
         %2 = subtract(%0, %1)               # EncryptedTensor<float64, shape=(1, 512, 7, 7)>
         %3 = 0.6105498767668202             # ClearScalar<float64>
         %4 = multiply(%3, %2)               # EncryptedTensor<float64, shape=(1, 512, 7, 7)>
         %5 = 0                              # ClearScalar<uint1>
         %6 = maximum(%4, %5)                # EncryptedTensor<float64, shape=(1, 512, 7, 7)>
         %7 = 1.1337788                      # ClearScalar<float32>
         %8 = divide(%6, %7)                 # EncryptedTensor<float64, shape=(1, 512, 7, 7)>
         %9 = 0.0                            # ClearScalar<float32>
        %10 = add(%8, %9)                    # EncryptedTensor<float64, shape=(1, 512, 7, 7)>
        %11 = 0.0                            # ClearScalar<float64>
        %12 = 15.0                           # ClearScalar<float64>
        %13 = clip(%10, %11, %12)            # EncryptedTensor<float64, shape=(1, 512, 7, 7)>
        %14 = rint(%13)                      # EncryptedTensor<float64, shape=(1, 512, 7, 7)>
        %15 = 0.0                            # ClearScalar<float32>
        %16 = subtract(%14, %15)             # EncryptedTensor<float64, shape=(1, 512, 7, 7)>
        %17 = 1.1337788                      # ClearScalar<float32>
        %18 = multiply(%16, %17)             # EncryptedTensor<float64, shape=(1, 512, 7, 7)>
        %19 = 1.1337788105010986             # ClearScalar<float64>
        %20 = divide(%18, %19)               # EncryptedTensor<float64, shape=(1, 512, 7, 7)>
        %21 = 0                              # ClearScalar<uint1>
        %22 = add(%20, %21)                  # EncryptedTensor<float64, shape=(1, 512, 7, 7)>
        %23 = rint(%22)                      # EncryptedTensor<float64, shape=(1, 512, 7, 7)>
        %24 = astype(%23, dtype=int_)        # EncryptedTensor<uint1, shape=(1, 512, 7, 7)>
        return %24

    %195 = subgraph(%194):

         %0 = input                            # EncryptedTensor<uint1, shape=(1, 512, 7, 7)>          @ /trunk/trunk.13/C1/Conv.conv_rounding
         %1 = astype(%0, dtype=float64)        # EncryptedTensor<float64, shape=(1, 512, 7, 7)>
         %2 = 0                                # ClearScalar<uint1>
         %3 = add(%1, %2)                      # EncryptedTensor<float64, shape=(1, 512, 7, 7)>
         %4 = [[[[0]]  [ ... ]  [[0]]]]        # ClearTensor<uint1, shape=(1, 512, 1, 1)>
         %5 = subtract(%3, %4)                 # EncryptedTensor<float64, shape=(1, 512, 7, 7)>
         %6 = 0.017544131342877245             # ClearScalar<float64>
         %7 = multiply(%6, %5)                 # EncryptedTensor<float64, shape=(1, 512, 7, 7)>
         %8 = [[[[ 7.493 ... 76e-01]]]]        # ClearTensor<float32, shape=(1, 512, 1, 1)>
         %9 = subtract(%7, %8)                 # EncryptedTensor<float64, shape=(1, 512, 7, 7)>
        %10 = [[[[7.8741 ... 746835]]]]        # ClearTensor<float32, shape=(1, 512, 1, 1)>
        %11 = divide(%9, %10)                  # EncryptedTensor<float64, shape=(1, 512, 7, 7)>
        %12 = [[[[0.9251 ... 77848 ]]]]        # ClearTensor<float32, shape=(1, 512, 1, 1)>
        %13 = multiply(%11, %12)               # EncryptedTensor<float64, shape=(1, 512, 7, 7)>
        %14 = [[[[-3.640 ... 80e-03]]]]        # ClearTensor<float32, shape=(1, 512, 1, 1)>
        %15 = add(%13, %14)                    # EncryptedTensor<float64, shape=(1, 512, 7, 7)>
        %16 = 0                                # ClearScalar<uint1>
        %17 = maximum(%15, %16)                # EncryptedTensor<float64, shape=(1, 512, 7, 7)>
        %18 = 0.61908334                       # ClearScalar<float32>
        %19 = divide(%17, %18)                 # EncryptedTensor<float64, shape=(1, 512, 7, 7)>
        %20 = 0.0                              # ClearScalar<float32>
        %21 = add(%19, %20)                    # EncryptedTensor<float64, shape=(1, 512, 7, 7)>
        %22 = 0.0                              # ClearScalar<float64>
        %23 = 15.0                             # ClearScalar<float64>
        %24 = clip(%21, %22, %23)              # EncryptedTensor<float64, shape=(1, 512, 7, 7)>
        %25 = rint(%24)                        # EncryptedTensor<float64, shape=(1, 512, 7, 7)>
        %26 = 0.0                              # ClearScalar<float32>
        %27 = subtract(%25, %26)               # EncryptedTensor<float64, shape=(1, 512, 7, 7)>
        %28 = 0.61908334                       # ClearScalar<float32>
        %29 = multiply(%27, %28)               # EncryptedTensor<float64, shape=(1, 512, 7, 7)>
        %30 = 0.6190833449363708               # ClearScalar<float64>
        %31 = divide(%29, %30)                 # EncryptedTensor<float64, shape=(1, 512, 7, 7)>
        %32 = 0                                # ClearScalar<uint1>
        %33 = add(%31, %32)                    # EncryptedTensor<float64, shape=(1, 512, 7, 7)>
        %34 = rint(%33)                        # EncryptedTensor<float64, shape=(1, 512, 7, 7)>
        %35 = astype(%34, dtype=int_)          # EncryptedTensor<uint1, shape=(1, 512, 7, 7)>
        return %35

    %203 = subgraph(%202):

         %0 = input                            # EncryptedTensor<uint1, shape=(1, 512, 7, 7)>          @ /trunk/trunk.13/C2/Conv.conv_rounding
         %1 = astype(%0, dtype=float64)        # EncryptedTensor<float64, shape=(1, 512, 7, 7)>
         %2 = 0                                # ClearScalar<uint1>
         %3 = add(%1, %2)                      # EncryptedTensor<float64, shape=(1, 512, 7, 7)>
         %4 = [[[[0]]  [ ... ]  [[0]]]]        # ClearTensor<uint1, shape=(1, 512, 1, 1)>
         %5 = subtract(%3, %4)                 # EncryptedTensor<float64, shape=(1, 512, 7, 7)>
         %6 = 0.009998362961111118             # ClearScalar<float64>
         %7 = multiply(%6, %5)                 # EncryptedTensor<float64, shape=(1, 512, 7, 7)>
         %8 = [[[[-4.543 ... 8366  ]]]]        # ClearTensor<float32, shape=(1, 512, 1, 1)>
         %9 = subtract(%7, %8)                 # EncryptedTensor<float64, shape=(1, 512, 7, 7)>
        %10 = [[[[ 6.660 ... 649242]]]]        # ClearTensor<float32, shape=(1, 512, 1, 1)>
        %11 = divide(%9, %10)                  # EncryptedTensor<float64, shape=(1, 512, 7, 7)>
        %12 = [[[[0.9647 ... 583103]]]]        # ClearTensor<float32, shape=(1, 512, 1, 1)>
        %13 = multiply(%11, %12)               # EncryptedTensor<float64, shape=(1, 512, 7, 7)>
        %14 = [[[[ 8.810 ... 88e-02]]]]        # ClearTensor<float32, shape=(1, 512, 1, 1)>
        %15 = add(%13, %14)                    # EncryptedTensor<float64, shape=(1, 512, 7, 7)>
        %16 = 1.2291467                        # ClearScalar<float32>
        %17 = divide(%15, %16)                 # EncryptedTensor<float64, shape=(1, 512, 7, 7)>
        %18 = 0.0                              # ClearScalar<float32>
        %19 = add(%17, %18)                    # EncryptedTensor<float64, shape=(1, 512, 7, 7)>
        %20 = -8.0                             # ClearScalar<float64>
        %21 = 7.0                              # ClearScalar<float64>
        %22 = clip(%19, %20, %21)              # EncryptedTensor<float64, shape=(1, 512, 7, 7)>
        %23 = rint(%22)                        # EncryptedTensor<float64, shape=(1, 512, 7, 7)>
        %24 = 0.0                              # ClearScalar<float32>
        %25 = subtract(%23, %24)               # EncryptedTensor<float64, shape=(1, 512, 7, 7)>
        %26 = 1.2291467                        # ClearScalar<float32>
        %27 = multiply(%25, %26)               # EncryptedTensor<float64, shape=(1, 512, 7, 7)>
        %28 = 1.2291467189788818               # ClearScalar<float64>
        %29 = divide(%27, %28)                 # EncryptedTensor<float64, shape=(1, 512, 7, 7)>
        %30 = 0                                # ClearScalar<uint1>
        %31 = add(%29, %30)                    # EncryptedTensor<float64, shape=(1, 512, 7, 7)>
        %32 = rint(%31)                        # EncryptedTensor<float64, shape=(1, 512, 7, 7)>
        %33 = astype(%32, dtype=int_)          # EncryptedTensor<uint1, shape=(1, 512, 7, 7)>
        return %33

    %204 = subgraph(%186):

         %0 = input                          # EncryptedTensor<uint2, shape=(1, 512, 7, 7)>
         %1 = 0.0                            # ClearScalar<float64>
         %2 = subtract(%0, %1)               # EncryptedTensor<float64, shape=(1, 512, 7, 7)>
         %3 = 0.6105498767668202             # ClearScalar<float64>
         %4 = multiply(%3, %2)               # EncryptedTensor<float64, shape=(1, 512, 7, 7)>
         %5 = 0                              # ClearScalar<uint1>
         %6 = maximum(%4, %5)                # EncryptedTensor<float64, shape=(1, 512, 7, 7)>
         %7 = 1.1337788                      # ClearScalar<float32>
         %8 = divide(%6, %7)                 # EncryptedTensor<float64, shape=(1, 512, 7, 7)>
         %9 = 0.0                            # ClearScalar<float32>
        %10 = add(%8, %9)                    # EncryptedTensor<float64, shape=(1, 512, 7, 7)>
        %11 = 0.0                            # ClearScalar<float64>
        %12 = 15.0                           # ClearScalar<float64>
        %13 = clip(%10, %11, %12)            # EncryptedTensor<float64, shape=(1, 512, 7, 7)>
        %14 = rint(%13)                      # EncryptedTensor<float64, shape=(1, 512, 7, 7)>
        %15 = 0.0                            # ClearScalar<float32>
        %16 = subtract(%14, %15)             # EncryptedTensor<float64, shape=(1, 512, 7, 7)>
        %17 = 1.1337788                      # ClearScalar<float32>
        %18 = multiply(%16, %17)             # EncryptedTensor<float64, shape=(1, 512, 7, 7)>
        %19 = 1.1337788105010986             # ClearScalar<float64>
        %20 = divide(%18, %19)               # EncryptedTensor<float64, shape=(1, 512, 7, 7)>
        %21 = 0                              # ClearScalar<uint1>
        %22 = add(%20, %21)                  # EncryptedTensor<float64, shape=(1, 512, 7, 7)>
        %23 = rint(%22)                      # EncryptedTensor<float64, shape=(1, 512, 7, 7)>
        %24 = astype(%23, dtype=int_)        # EncryptedTensor<uint1, shape=(1, 512, 7, 7)>
        return %24

    %205 = subgraph(%203):

         %0 = input                         # EncryptedTensor<uint1, shape=(1, 512, 7, 7)>
         %1 = 0.0                           # ClearScalar<float64>
         %2 = subtract(%0, %1)              # EncryptedTensor<float64, shape=(1, 512, 7, 7)>
         %3 = 1.2291467189788818            # ClearScalar<float64>
         %4 = multiply(%3, %2)              # EncryptedTensor<float64, shape=(1, 512, 7, 7)>
         %5 = 0.5639845709646901            # ClearScalar<float64>
         %6 = divide(%4, %5)                # EncryptedTensor<float64, shape=(1, 512, 7, 7)>
         %7 = 0                             # ClearScalar<uint1>
         %8 = add(%6, %7)                   # EncryptedTensor<float64, shape=(1, 512, 7, 7)>
         %9 = rint(%8)                      # EncryptedTensor<float64, shape=(1, 512, 7, 7)>
        %10 = astype(%9, dtype=int_)        # EncryptedTensor<uint1, shape=(1, 512, 7, 7)>
        return %10

    %206 = subgraph(%204):

         %0 = input                         # EncryptedTensor<uint1, shape=(1, 512, 7, 7)>
         %1 = 0.0                           # ClearScalar<float64>
         %2 = subtract(%0, %1)              # EncryptedTensor<float64, shape=(1, 512, 7, 7)>
         %3 = 1.1337788105010986            # ClearScalar<float64>
         %4 = multiply(%3, %2)              # EncryptedTensor<float64, shape=(1, 512, 7, 7)>
         %5 = 0.5639845709646901            # ClearScalar<float64>
         %6 = divide(%4, %5)                # EncryptedTensor<float64, shape=(1, 512, 7, 7)>
         %7 = 0                             # ClearScalar<uint1>
         %8 = add(%6, %7)                   # EncryptedTensor<float64, shape=(1, 512, 7, 7)>
         %9 = rint(%8)                      # EncryptedTensor<float64, shape=(1, 512, 7, 7)>
        %10 = astype(%9, dtype=int_)        # EncryptedTensor<uint1, shape=(1, 512, 7, 7)>
        return %10

    %210 = subgraph(%209):

         %0 = input                          # EncryptedTensor<uint2, shape=(1, 512, 7, 7)>
         %1 = 0.0                            # ClearScalar<float64>
         %2 = subtract(%0, %1)               # EncryptedTensor<float64, shape=(1, 512, 7, 7)>
         %3 = 0.5639845709646901             # ClearScalar<float64>
         %4 = multiply(%3, %2)               # EncryptedTensor<float64, shape=(1, 512, 7, 7)>
         %5 = 0                              # ClearScalar<uint1>
         %6 = maximum(%4, %5)                # EncryptedTensor<float64, shape=(1, 512, 7, 7)>
         %7 = 1.5226682                      # ClearScalar<float32>
         %8 = divide(%6, %7)                 # EncryptedTensor<float64, shape=(1, 512, 7, 7)>
         %9 = 0.0                            # ClearScalar<float32>
        %10 = add(%8, %9)                    # EncryptedTensor<float64, shape=(1, 512, 7, 7)>
        %11 = 0.0                            # ClearScalar<float64>
        %12 = 15.0                           # ClearScalar<float64>
        %13 = clip(%10, %11, %12)            # EncryptedTensor<float64, shape=(1, 512, 7, 7)>
        %14 = rint(%13)                      # EncryptedTensor<float64, shape=(1, 512, 7, 7)>
        %15 = 0.0                            # ClearScalar<float32>
        %16 = subtract(%14, %15)             # EncryptedTensor<float64, shape=(1, 512, 7, 7)>
        %17 = 1.5226682                      # ClearScalar<float32>
        %18 = multiply(%16, %17)             # EncryptedTensor<float64, shape=(1, 512, 7, 7)>
        %19 = 1.5226682424545288             # ClearScalar<float64>
        %20 = divide(%18, %19)               # EncryptedTensor<float64, shape=(1, 512, 7, 7)>
        %21 = 0                              # ClearScalar<uint1>
        %22 = add(%20, %21)                  # EncryptedTensor<float64, shape=(1, 512, 7, 7)>
        %23 = rint(%22)                      # EncryptedTensor<float64, shape=(1, 512, 7, 7)>
        %24 = astype(%23, dtype=int_)        # EncryptedTensor<uint1, shape=(1, 512, 7, 7)>
        return %24

    %214 = subgraph(%213):

         %0 = input                            # EncryptedTensor<uint1, shape=(1, 512, 1, 1)>          @ /trunk/trunk.14/AveragePool.avgpool_rounding
         %1 = astype(%0, dtype=float64)        # EncryptedTensor<float64, shape=(1, 512, 1, 1)>
         %2 = 0.02040816326530612              # ClearScalar<float64>
         %3 = multiply(%1, %2)                 # EncryptedTensor<float64, shape=(1, 512, 1, 1)>
         %4 = 0                                # ClearScalar<uint1>
         %5 = subtract(%3, %4)                 # EncryptedTensor<float64, shape=(1, 512, 1, 1)>
         %6 = 1.5226682424545288               # ClearScalar<float64>
         %7 = multiply(%5, %6)                 # EncryptedTensor<float64, shape=(1, 512, 1, 1)>
         %8 = 0.37973347                       # ClearScalar<float32>
         %9 = divide(%7, %8)                   # EncryptedTensor<float64, shape=(1, 512, 1, 1)>
        %10 = 0.0                              # ClearScalar<float32>
        %11 = add(%9, %10)                     # EncryptedTensor<float64, shape=(1, 512, 1, 1)>
        %12 = -8.0                             # ClearScalar<float64>
        %13 = 7.0                              # ClearScalar<float64>
        %14 = clip(%11, %12, %13)              # EncryptedTensor<float64, shape=(1, 512, 1, 1)>
        %15 = rint(%14)                        # EncryptedTensor<float64, shape=(1, 512, 1, 1)>
        %16 = 0.0                              # ClearScalar<float32>
        %17 = subtract(%15, %16)               # EncryptedTensor<float64, shape=(1, 512, 1, 1)>
        %18 = 0.37973347                       # ClearScalar<float32>
        %19 = multiply(%17, %18)               # EncryptedTensor<float64, shape=(1, 512, 1, 1)>
        %20 = 0.37973347306251526              # ClearScalar<float64>
        %21 = divide(%19, %20)                 # EncryptedTensor<float64, shape=(1, 512, 1, 1)>
        %22 = 0                                # ClearScalar<uint1>
        %23 = add(%21, %22)                    # EncryptedTensor<float64, shape=(1, 512, 1, 1)>
        %24 = rint(%23)                        # EncryptedTensor<float64, shape=(1, 512, 1, 1)>
        %25 = astype(%24, dtype=int_)          # EncryptedTensor<uint1, shape=(1, 512, 1, 1)>
        return %25
--------------------------------------------------------------------------------

Bit-Width Constraints
--------------------------------------------------------------------------------
%0:
    main.%0 >= 4
%1:
    main.%1 >= 1
%2:
    main.%2 >= 1
%3:
    main.%3 >= 1
    main.%1 == main.%2
    main.%2 == main.%3
%4:
    main.%4 >= 4
    main.%3 == main.%0
    main.%0 == main.%4
%5:
    main.%5 >= 4
%6:
    main.%6 >= 12
    main.%4 == main.%5
    main.%5 == main.%6
%7:
    main.%7 >= 12
%8:
    main.%8 >= 4
%9:
    main.%9 >= 1
%10:
    main.%10 >= 1
%11:
    main.%11 >= 1
    main.%9 == main.%10
    main.%10 == main.%11
%12:
    main.%12 >= 4
    main.%11 == main.%8
    main.%8 == main.%12
%13:
    main.%13 >= 4
    main.%12 == main.%13
    main.%12 >= 5
%14:
    main.%14 >= 3
%15:
    main.%15 >= 1
%16:
    main.%16 >= 1
%17:
    main.%17 >= 1
    main.%15 == main.%16
    main.%16 == main.%17
%18:
    main.%18 >= 3
    main.%17 == main.%14
    main.%14 == main.%18
%19:
    main.%19 >= 4
%20:
    main.%20 >= 11
    main.%18 == main.%19
    main.%19 == main.%20
%21:
    main.%21 >= 11
%22:
    main.%22 >= 4
%23:
    main.%23 >= 1
%24:
    main.%24 >= 1
%25:
    main.%25 >= 1
    main.%23 == main.%24
    main.%24 == main.%25
%26:
    main.%26 >= 4
    main.%25 == main.%22
    main.%22 == main.%26
%27:
    main.%27 >= 4
%28:
    main.%28 >= 12
    main.%26 == main.%27
    main.%27 == main.%28
%29:
    main.%29 >= 12
%30:
    main.%30 >= 4
%31:
    main.%31 >= 3
%32:
    main.%32 >= 5
%33:
    main.%33 >= 4
%34:
    main.%34 >= 1
%35:
    main.%35 >= 4
    main.%34 == main.%33
    main.%33 == main.%35
%36:
    main.%36 >= 6
    main.%32 == main.%35
    main.%35 == main.%36
%37:
    main.%37 >= 4
%38:
    main.%38 >= 1
%39:
    main.%39 >= 1
%40:
    main.%40 >= 1
    main.%38 == main.%39
    main.%39 == main.%40
%41:
    main.%41 >= 4
    main.%40 == main.%37
    main.%37 == main.%41
%42:
    main.%42 >= 4
%43:
    main.%43 >= 12
    main.%41 == main.%42
    main.%42 == main.%43
%44:
    main.%44 >= 12
%45:
    main.%45 >= 4
%46:
    main.%46 >= 1
%47:
    main.%47 >= 1
%48:
    main.%48 >= 1
    main.%46 == main.%47
    main.%47 == main.%48
%49:
    main.%49 >= 4
    main.%48 == main.%45
    main.%45 == main.%49
%50:
    main.%50 >= 4
%51:
    main.%51 >= 12
    main.%49 == main.%50
    main.%50 == main.%51
%52:
    main.%52 >= 12
%53:
    main.%53 >= 4
%54:
    main.%54 >= 4
%55:
    main.%55 >= 5
%56:
    main.%56 >= 5
%57:
    main.%57 >= 1
%58:
    main.%58 >= 5
    main.%57 == main.%56
    main.%56 == main.%58
%59:
    main.%59 >= 6
    main.%55 == main.%58
    main.%58 == main.%59
%60:
    main.%60 >= 4
%61:
    main.%61 >= 1
%62:
    main.%62 >= 1
%63:
    main.%63 >= 1
    main.%61 == main.%62
    main.%62 == main.%63
%64:
    main.%64 >= 4
    main.%63 == main.%60
    main.%60 == main.%64
%65:
    main.%65 >= 4
%66:
    main.%66 >= 12
    main.%64 == main.%65
    main.%65 == main.%66
%67:
    main.%67 >= 12
%68:
    main.%68 >= 4
%69:
    main.%69 >= 1
%70:
    main.%70 >= 1
%71:
    main.%71 >= 1
    main.%69 == main.%70
    main.%70 == main.%71
%72:
    main.%72 >= 4
    main.%71 == main.%68
    main.%68 == main.%72
%73:
    main.%73 >= 4
%74:
    main.%74 >= 13
    main.%72 == main.%73
    main.%73 == main.%74
%75:
    main.%75 >= 13
%76:
    main.%76 >= 4
%77:
    main.%77 >= 4
%78:
    main.%78 >= 10
    main.%76 == main.%77
    main.%77 == main.%78
%79:
    main.%79 >= 10
%80:
    main.%80 >= 4
%81:
    main.%81 >= 4
%82:
    main.%82 >= 5
%83:
    main.%83 >= 5
%84:
    main.%84 >= 1
%85:
    main.%85 >= 5
    main.%84 == main.%83
    main.%83 == main.%85
%86:
    main.%86 >= 6
    main.%82 == main.%85
    main.%85 == main.%86
%87:
    main.%87 >= 4
%88:
    main.%88 >= 1
%89:
    main.%89 >= 1
%90:
    main.%90 >= 1
    main.%88 == main.%89
    main.%89 == main.%90
%91:
    main.%91 >= 4
    main.%90 == main.%87
    main.%87 == main.%91
%92:
    main.%92 >= 4
%93:
    main.%93 >= 12
    main.%91 == main.%92
    main.%92 == main.%93
%94:
    main.%94 >= 12
%95:
    main.%95 >= 4
%96:
    main.%96 >= 1
%97:
    main.%97 >= 1
%98:
    main.%98 >= 1
    main.%96 == main.%97
    main.%97 == main.%98
%99:
    main.%99 >= 4
    main.%98 == main.%95
    main.%95 == main.%99
%100:
    main.%100 >= 4
%101:
    main.%101 >= 13
    main.%99 == main.%100
    main.%100 == main.%101
%102:
    main.%102 >= 13
%103:
    main.%103 >= 4
%104:
    main.%104 >= 4
%105:
    main.%105 >= 5
%106:
    main.%106 >= 5
%107:
    main.%107 >= 1
%108:
    main.%108 >= 5
    main.%107 == main.%106
    main.%106 == main.%108
%109:
    main.%109 >= 7
    main.%105 == main.%108
    main.%108 == main.%109
%110:
    main.%110 >= 4
%111:
    main.%111 >= 1
%112:
    main.%112 >= 1
%113:
    main.%113 >= 1
    main.%111 == main.%112
    main.%112 == main.%113
%114:
    main.%114 >= 4
    main.%113 == main.%110
    main.%110 == main.%114
%115:
    main.%115 >= 4
%116:
    main.%116 >= 13
    main.%114 == main.%115
    main.%115 == main.%116
%117:
    main.%117 >= 13
%118:
    main.%118 >= 4
%119:
    main.%119 >= 1
%120:
    main.%120 >= 1
%121:
    main.%121 >= 1
    main.%119 == main.%120
    main.%120 == main.%121
%122:
    main.%122 >= 4
    main.%121 == main.%118
    main.%118 == main.%122
%123:
    main.%123 >= 4
%124:
    main.%124 >= 14
    main.%122 == main.%123
    main.%123 == main.%124
%125:
    main.%125 >= 14
%126:
    main.%126 >= 4
%127:
    main.%127 >= 4
%128:
    main.%128 >= 11
    main.%126 == main.%127
    main.%127 == main.%128
%129:
    main.%129 >= 11
%130:
    main.%130 >= 4
%131:
    main.%131 >= 4
%132:
    main.%132 >= 5
%133:
    main.%133 >= 5
%134:
    main.%134 >= 1
%135:
    main.%135 >= 5
    main.%134 == main.%133
    main.%133 == main.%135
%136:
    main.%136 >= 6
    main.%132 == main.%135
    main.%135 == main.%136
%137:
    main.%137 >= 4
%138:
    main.%138 >= 1
%139:
    main.%139 >= 1
%140:
    main.%140 >= 1
    main.%138 == main.%139
    main.%139 == main.%140
%141:
    main.%141 >= 4
    main.%140 == main.%137
    main.%137 == main.%141
%142:
    main.%142 >= 4
%143:
    main.%143 >= 13
    main.%141 == main.%142
    main.%142 == main.%143
%144:
    main.%144 >= 13
%145:
    main.%145 >= 4
%146:
    main.%146 >= 1
%147:
    main.%147 >= 1
%148:
    main.%148 >= 1
    main.%146 == main.%147
    main.%147 == main.%148
%149:
    main.%149 >= 4
    main.%148 == main.%145
    main.%145 == main.%149
%150:
    main.%150 >= 4
%151:
    main.%151 >= 14
    main.%149 == main.%150
    main.%150 == main.%151
%152:
    main.%152 >= 14
%153:
    main.%153 >= 4
%154:
    main.%154 >= 4
%155:
    main.%155 >= 5
%156:
    main.%156 >= 5
%157:
    main.%157 >= 1
%158:
    main.%158 >= 5
    main.%157 == main.%156
    main.%156 == main.%158
%159:
    main.%159 >= 7
    main.%155 == main.%158
    main.%158 == main.%159
%160:
    main.%160 >= 4
%161:
    main.%161 >= 1
%162:
    main.%162 >= 1
%163:
    main.%163 >= 1
    main.%161 == main.%162
    main.%162 == main.%163
%164:
    main.%164 >= 4
    main.%163 == main.%160
    main.%160 == main.%164
%165:
    main.%165 >= 4
%166:
    main.%166 >= 13
    main.%164 == main.%165
    main.%165 == main.%166
%167:
    main.%167 >= 13
%168:
    main.%168 >= 4
%169:
    main.%169 >= 1
%170:
    main.%170 >= 1
%171:
    main.%171 >= 1
    main.%169 == main.%170
    main.%170 == main.%171
%172:
    main.%172 >= 4
    main.%171 == main.%168
    main.%168 == main.%172
%173:
    main.%173 >= 4
%174:
    main.%174 >= 14
    main.%172 == main.%173
    main.%173 == main.%174
%175:
    main.%175 >= 14
%176:
    main.%176 >= 4
%177:
    main.%177 >= 4
%178:
    main.%178 >= 11
    main.%176 == main.%177
    main.%177 == main.%178
%179:
    main.%179 >= 11
%180:
    main.%180 >= 4
%181:
    main.%181 >= 4
%182:
    main.%182 >= 5
%183:
    main.%183 >= 6
%184:
    main.%184 >= 1
%185:
    main.%185 >= 6
    main.%184 == main.%183
    main.%183 == main.%185
%186:
    main.%186 >= 6
    main.%182 == main.%185
    main.%185 == main.%186
%187:
    main.%187 >= 4
%188:
    main.%188 >= 1
%189:
    main.%189 >= 1
%190:
    main.%190 >= 1
    main.%188 == main.%189
    main.%189 == main.%190
%191:
    main.%191 >= 4
    main.%190 == main.%187
    main.%187 == main.%191
%192:
    main.%192 >= 4
%193:
    main.%193 >= 13
    main.%191 == main.%192
    main.%192 == main.%193
%194:
    main.%194 >= 13
%195:
    main.%195 >= 4
%196:
    main.%196 >= 1
%197:
    main.%197 >= 1
%198:
    main.%198 >= 1
    main.%196 == main.%197
    main.%197 == main.%198
%199:
    main.%199 >= 4
    main.%198 == main.%195
    main.%195 == main.%199
%200:
    main.%200 >= 4
%201:
    main.%201 >= 15
    main.%199 == main.%200
    main.%200 == main.%201
%202:
    main.%202 >= 15
%203:
    main.%203 >= 4
%204:
    main.%204 >= 4
%205:
    main.%205 >= 5
%206:
    main.%206 >= 5
%207:
    main.%207 >= 1
%208:
    main.%208 >= 5
    main.%207 == main.%206
    main.%206 == main.%208
%209:
    main.%209 >= 7
    main.%205 == main.%208
    main.%208 == main.%209
%210:
    main.%210 >= 4
%211:
    main.%211 >= 1
%212:
    main.%212 >= 8
    main.%210 == main.%211
    main.%211 == main.%212
%213:
    main.%213 >= 8
%214:
    main.%214 >= 3
%215:
    main.%215 >= 3
    main.%214 == main.%215
--------------------------------------------------------------------------------

Bit-Width Assignments
--------------------------------------------------------------------------------
  main.%0 = 12
  main.%1 = 12
  main.%2 = 12
  main.%3 = 12
  main.%4 = 12
  main.%5 = 12
  main.%6 = 12
  main.%7 = 12
  main.%8 = 5
  main.%9 = 5
 main.%10 = 5
 main.%11 = 5
 main.%12 = 5
 main.%13 = 5
 main.%14 = 11
 main.%15 = 11
 main.%16 = 11
 main.%17 = 11
 main.%18 = 11
 main.%19 = 11
 main.%20 = 11
 main.%21 = 11
 main.%22 = 12
 main.%23 = 12
 main.%24 = 12
 main.%25 = 12
 main.%26 = 12
 main.%27 = 12
 main.%28 = 12
 main.%29 = 12
 main.%30 = 4
 main.%31 = 3
 main.%32 = 6
 main.%33 = 6
 main.%34 = 6
 main.%35 = 6
 main.%36 = 6
 main.%37 = 12
 main.%38 = 12
 main.%39 = 12
 main.%40 = 12
 main.%41 = 12
 main.%42 = 12
 main.%43 = 12
 main.%44 = 12
 main.%45 = 12
 main.%46 = 12
 main.%47 = 12
 main.%48 = 12
 main.%49 = 12
 main.%50 = 12
 main.%51 = 12
 main.%52 = 12
 main.%53 = 4
 main.%54 = 4
 main.%55 = 6
 main.%56 = 6
 main.%57 = 6
 main.%58 = 6
 main.%59 = 6
 main.%60 = 12
 main.%61 = 12
 main.%62 = 12
 main.%63 = 12
 main.%64 = 12
 main.%65 = 12
 main.%66 = 12
 main.%67 = 12
 main.%68 = 13
 main.%69 = 13
 main.%70 = 13
 main.%71 = 13
 main.%72 = 13
 main.%73 = 13
 main.%74 = 13
 main.%75 = 13
 main.%76 = 10
 main.%77 = 10
 main.%78 = 10
 main.%79 = 10
 main.%80 = 4
 main.%81 = 4
 main.%82 = 6
 main.%83 = 6
 main.%84 = 6
 main.%85 = 6
 main.%86 = 6
 main.%87 = 12
 main.%88 = 12
 main.%89 = 12
 main.%90 = 12
 main.%91 = 12
 main.%92 = 12
 main.%93 = 12
 main.%94 = 12
 main.%95 = 13
 main.%96 = 13
 main.%97 = 13
 main.%98 = 13
 main.%99 = 13
main.%100 = 13
main.%101 = 13
main.%102 = 13
main.%103 = 4
main.%104 = 4
main.%105 = 7
main.%106 = 7
main.%107 = 7
main.%108 = 7
main.%109 = 7
main.%110 = 13
main.%111 = 13
main.%112 = 13
main.%113 = 13
main.%114 = 13
main.%115 = 13
main.%116 = 13
main.%117 = 13
main.%118 = 14
main.%119 = 14
main.%120 = 14
main.%121 = 14
main.%122 = 14
main.%123 = 14
main.%124 = 14
main.%125 = 14
main.%126 = 11
main.%127 = 11
main.%128 = 11
main.%129 = 11
main.%130 = 4
main.%131 = 4
main.%132 = 6
main.%133 = 6
main.%134 = 6
main.%135 = 6
main.%136 = 6
main.%137 = 13
main.%138 = 13
main.%139 = 13
main.%140 = 13
main.%141 = 13
main.%142 = 13
main.%143 = 13
main.%144 = 13
main.%145 = 14
main.%146 = 14
main.%147 = 14
main.%148 = 14
main.%149 = 14
main.%150 = 14
main.%151 = 14
main.%152 = 14
main.%153 = 4
main.%154 = 4
main.%155 = 7
main.%156 = 7
main.%157 = 7
main.%158 = 7
main.%159 = 7
main.%160 = 13
main.%161 = 13
main.%162 = 13
main.%163 = 13
main.%164 = 13
main.%165 = 13
main.%166 = 13
main.%167 = 13
main.%168 = 14
main.%169 = 14
main.%170 = 14
main.%171 = 14
main.%172 = 14
main.%173 = 14
main.%174 = 14
main.%175 = 14
main.%176 = 11
main.%177 = 11
main.%178 = 11
main.%179 = 11
main.%180 = 4
main.%181 = 4
main.%182 = 6
main.%183 = 6
main.%184 = 6
main.%185 = 6
main.%186 = 6
main.%187 = 13
main.%188 = 13
main.%189 = 13
main.%190 = 13
main.%191 = 13
main.%192 = 13
main.%193 = 13
main.%194 = 13
main.%195 = 15
main.%196 = 15
main.%197 = 15
main.%198 = 15
main.%199 = 15
main.%200 = 15
main.%201 = 15
main.%202 = 15
main.%203 = 4
main.%204 = 4
main.%205 = 7
main.%206 = 7
main.%207 = 7
main.%208 = 7
main.%209 = 7
main.%210 = 8
main.%211 = 8
main.%212 = 8
main.%213 = 8
main.%214 = 3
main.%215 = 3
 main.max = 15
--------------------------------------------------------------------------------

Bit-Width Assigned Computation Graph
--------------------------------------------------------------------------------
  %0 = _inp_1                                                                                                             # EncryptedTensor<int12, shape=(1, 3, 224, 224)>         ∈ [-7, 7]
  %1 = ones()                                                                                                             # EncryptedTensor<uint12, shape=(1, 3, 230, 230)>        ∈ [1, 1]
  %2 = 0                                                                                                                  # ClearScalar<uint2>                                     ∈ [0, 0]
  %3 = multiply(%1, %2)                                                                                                   # EncryptedTensor<uint12, shape=(1, 3, 230, 230)>        ∈ [0, 0]
  %4 = (%3[:, :, 3:227, 3:227] = %0)                                                                                      # EncryptedTensor<int12, shape=(1, 3, 230, 230)>         ∈ [-7, 7]
  %5 = [[[[-2  1  ...  -2 -2]]]]                                                                                          # ClearTensor<int5, shape=(64, 3, 7, 7)>                 ∈ [-7, 5]              @ /trunk/trunk.1/Conv.conv
  %6 = conv2d(%4, %5, [0 0 0 0 0 ... 0 0 0 0 0], pads=[0, 0, 0, 0], strides=(2, 2), dilations=(1, 1), group=1)            # EncryptedTensor<int12, shape=(1, 64, 112, 112)>        ∈ [-1288, 1270]        @ /trunk/trunk.1/Conv.conv
  %7 = round_bit_pattern(%6, lsbs_to_remove=6, overflow_protection=False, exactness=Exactness.EXACT)                      # EncryptedTensor<int12, shape=(1, 64, 112, 112)>        ∈ [-1280, 1280]        @ /trunk/trunk.1/Conv.conv_rounding
  %8 = subgraph(%7)                                                                                                       # EncryptedTensor<uint5, shape=(1, 64, 112, 112)>        ∈ [0, 15]
  %9 = ones()                                                                                                             # EncryptedTensor<uint5, shape=(1, 64, 114, 114)>        ∈ [1, 1]
 %10 = 0                                                                                                                  # ClearScalar<uint2>                                     ∈ [0, 0]
 %11 = multiply(%9, %10)                                                                                                  # EncryptedTensor<uint5, shape=(1, 64, 114, 114)>        ∈ [0, 0]
 %12 = (%11[:, :, 1:113, 1:113] = %8)                                                                                     # EncryptedTensor<uint5, shape=(1, 64, 114, 114)>        ∈ [0, 15]
 %13 = maxpool2d(%12, kernel_shape=(3, 3), strides=(2, 2), pads=(0, 0, 0, 0), dilations=(1, 1), ceil_mode=False)          # EncryptedTensor<uint5, shape=(1, 64, 56, 56)>          ∈ [0, 15]
 %14 = subgraph(%13)                                                                                                      # EncryptedTensor<uint11, shape=(1, 64, 56, 56)>         ∈ [0, 7]
 %15 = ones()                                                                                                             # EncryptedTensor<uint11, shape=(1, 64, 58, 58)>         ∈ [1, 1]
 %16 = 0                                                                                                                  # ClearScalar<uint2>                                     ∈ [0, 0]
 %17 = multiply(%15, %16)                                                                                                 # EncryptedTensor<uint11, shape=(1, 64, 58, 58)>         ∈ [0, 0]
 %18 = (%17[:, :, 1:57, 1:57] = %14)                                                                                      # EncryptedTensor<uint11, shape=(1, 64, 58, 58)>         ∈ [0, 7]
 %19 = [[[[ 0  2  ...  -1 -1]]]]                                                                                          # ClearTensor<int5, shape=(64, 64, 3, 3)>                ∈ [-7, 7]              @ /trunk/trunk.6/C1/Conv.conv
 %20 = conv2d(%18, %19, [0 0 0 0 0 ... 0 0 0 0 0], pads=[0, 0, 0, 0], strides=(1, 1), dilations=(1, 1), group=1)          # EncryptedTensor<int11, shape=(1, 64, 56, 56)>          ∈ [-968, 974]          @ /trunk/trunk.6/C1/Conv.conv
 %21 = round_bit_pattern(%20, lsbs_to_remove=5, overflow_protection=False, exactness=Exactness.EXACT)                     # EncryptedTensor<int11, shape=(1, 64, 56, 56)>          ∈ [-960, 960]          @ /trunk/trunk.6/C1/Conv.conv_rounding
 %22 = subgraph(%21)                                                                                                      # EncryptedTensor<uint12, shape=(1, 64, 56, 56)>         ∈ [0, 15]
 %23 = ones()                                                                                                             # EncryptedTensor<uint12, shape=(1, 64, 58, 58)>         ∈ [1, 1]
 %24 = 0                                                                                                                  # ClearScalar<uint2>                                     ∈ [0, 0]
 %25 = multiply(%23, %24)                                                                                                 # EncryptedTensor<uint12, shape=(1, 64, 58, 58)>         ∈ [0, 0]
 %26 = (%25[:, :, 1:57, 1:57] = %22)                                                                                      # EncryptedTensor<uint12, shape=(1, 64, 58, 58)>         ∈ [0, 15]
 %27 = [[[[-3 -1  ...  -3  1]]]]                                                                                          # ClearTensor<int5, shape=(64, 64, 3, 3)>                ∈ [-6, 7]              @ /trunk/trunk.6/C2/Conv.conv
 %28 = conv2d(%26, %27, [0 0 0 0 0 ... 0 0 0 0 0], pads=[0, 0, 0, 0], strides=(1, 1), dilations=(1, 1), group=1)          # EncryptedTensor<int12, shape=(1, 64, 56, 56)>          ∈ [-1328, 1212]        @ /trunk/trunk.6/C2/Conv.conv
 %29 = round_bit_pattern(%28, lsbs_to_remove=6, overflow_protection=False, exactness=Exactness.EXACT)                     # EncryptedTensor<int12, shape=(1, 64, 56, 56)>          ∈ [-1344, 1216]        @ /trunk/trunk.6/C2/Conv.conv_rounding
 %30 = subgraph(%29)                                                                                                      # EncryptedTensor<int4, shape=(1, 64, 56, 56)>           ∈ [-8, 7]
 %31 = subgraph(%13)                                                                                                      # EncryptedTensor<uint3, shape=(1, 64, 56, 56)>          ∈ [0, 7]
 %32 = subgraph(%30)                                                                                                      # EncryptedTensor<int6, shape=(1, 64, 56, 56)>           ∈ [-15, 13]
 %33 = subgraph(%31)                                                                                                      # EncryptedTensor<uint6, shape=(1, 64, 56, 56)>          ∈ [0, 13]
 %34 = 1                                                                                                                  # ClearScalar<uint2>                                     ∈ [1, 1]
 %35 = multiply(%34, %33)                                                                                                 # EncryptedTensor<uint6, shape=(1, 64, 56, 56)>          ∈ [0, 13]
 %36 = add(%32, %35)                                                                                                      # EncryptedTensor<int6, shape=(1, 64, 56, 56)>           ∈ [-15, 26]
 %37 = subgraph(%36)                                                                                                      # EncryptedTensor<uint12, shape=(1, 64, 56, 56)>         ∈ [0, 15]
 %38 = ones()                                                                                                             # EncryptedTensor<uint12, shape=(1, 64, 58, 58)>         ∈ [1, 1]
 %39 = 0                                                                                                                  # ClearScalar<uint2>                                     ∈ [0, 0]
 %40 = multiply(%38, %39)                                                                                                 # EncryptedTensor<uint12, shape=(1, 64, 58, 58)>         ∈ [0, 0]
 %41 = (%40[:, :, 1:57, 1:57] = %37)                                                                                      # EncryptedTensor<uint12, shape=(1, 64, 58, 58)>         ∈ [0, 15]
 %42 = [[[[ 2  2  ...  -3 -1]]]]                                                                                          # ClearTensor<int5, shape=(64, 64, 3, 3)>                ∈ [-7, 7]              @ /trunk/trunk.7/C1/Conv.conv
 %43 = conv2d(%41, %42, [0 0 0 0 0 ... 0 0 0 0 0], pads=[0, 0, 0, 0], strides=(1, 1), dilations=(1, 1), group=1)          # EncryptedTensor<int12, shape=(1, 64, 56, 56)>          ∈ [-1636, 1141]        @ /trunk/trunk.7/C1/Conv.conv
 %44 = round_bit_pattern(%43, lsbs_to_remove=6, overflow_protection=False, exactness=Exactness.EXACT)                     # EncryptedTensor<int12, shape=(1, 64, 56, 56)>          ∈ [-1664, 1152]        @ /trunk/trunk.7/C1/Conv.conv_rounding
 %45 = subgraph(%44)                                                                                                      # EncryptedTensor<uint12, shape=(1, 64, 56, 56)>         ∈ [0, 15]
 %46 = ones()                                                                                                             # EncryptedTensor<uint12, shape=(1, 64, 58, 58)>         ∈ [1, 1]
 %47 = 0                                                                                                                  # ClearScalar<uint2>                                     ∈ [0, 0]
 %48 = multiply(%46, %47)                                                                                                 # EncryptedTensor<uint12, shape=(1, 64, 58, 58)>         ∈ [0, 0]
 %49 = (%48[:, :, 1:57, 1:57] = %45)                                                                                      # EncryptedTensor<uint12, shape=(1, 64, 58, 58)>         ∈ [0, 15]
 %50 = [[[[-1 -2  ...   0 -1]]]]                                                                                          # ClearTensor<int5, shape=(64, 64, 3, 3)>                ∈ [-6, 7]              @ /trunk/trunk.7/C2/Conv.conv
 %51 = conv2d(%49, %50, [0 0 0 0 0 ... 0 0 0 0 0], pads=[0, 0, 0, 0], strides=(1, 1), dilations=(1, 1), group=1)          # EncryptedTensor<int12, shape=(1, 64, 56, 56)>          ∈ [-1160, 1084]        @ /trunk/trunk.7/C2/Conv.conv
 %52 = round_bit_pattern(%51, lsbs_to_remove=6, overflow_protection=False, exactness=Exactness.EXACT)                     # EncryptedTensor<int12, shape=(1, 64, 56, 56)>          ∈ [-1152, 1088]        @ /trunk/trunk.7/C2/Conv.conv_rounding
 %53 = subgraph(%52)                                                                                                      # EncryptedTensor<int4, shape=(1, 64, 56, 56)>           ∈ [-8, 7]
 %54 = subgraph(%36)                                                                                                      # EncryptedTensor<uint4, shape=(1, 64, 56, 56)>          ∈ [0, 15]
 %55 = subgraph(%53)                                                                                                      # EncryptedTensor<int6, shape=(1, 64, 56, 56)>           ∈ [-13, 11]
 %56 = subgraph(%54)                                                                                                      # EncryptedTensor<uint6, shape=(1, 64, 56, 56)>          ∈ [0, 18]
 %57 = 1                                                                                                                  # ClearScalar<uint2>                                     ∈ [1, 1]
 %58 = multiply(%57, %56)                                                                                                 # EncryptedTensor<uint6, shape=(1, 64, 56, 56)>          ∈ [0, 18]
 %59 = add(%55, %58)                                                                                                      # EncryptedTensor<int6, shape=(1, 64, 56, 56)>           ∈ [-13, 27]
 %60 = subgraph(%59)                                                                                                      # EncryptedTensor<uint12, shape=(1, 64, 56, 56)>         ∈ [0, 15]
 %61 = ones()                                                                                                             # EncryptedTensor<uint12, shape=(1, 64, 58, 58)>         ∈ [1, 1]
 %62 = 0                                                                                                                  # ClearScalar<uint2>                                     ∈ [0, 0]
 %63 = multiply(%61, %62)                                                                                                 # EncryptedTensor<uint12, shape=(1, 64, 58, 58)>         ∈ [0, 0]
 %64 = (%63[:, :, 1:57, 1:57] = %60)                                                                                      # EncryptedTensor<uint12, shape=(1, 64, 58, 58)>         ∈ [0, 15]
 %65 = [[[[ 1 -1  ...   0 -2]]]]                                                                                          # ClearTensor<int5, shape=(128, 64, 3, 3)>               ∈ [-6, 7]              @ /trunk/trunk.8/C1/Conv.conv
 %66 = conv2d(%64, %65, [0 0 0 0 0 ... 0 0 0 0 0], pads=[0, 0, 0, 0], strides=(2, 2), dilations=(1, 1), group=1)          # EncryptedTensor<int12, shape=(1, 128, 28, 28)>         ∈ [-1660, 1590]        @ /trunk/trunk.8/C1/Conv.conv
 %67 = round_bit_pattern(%66, lsbs_to_remove=6, overflow_protection=False, exactness=Exactness.EXACT)                     # EncryptedTensor<int12, shape=(1, 128, 28, 28)>         ∈ [-1664, 1600]        @ /trunk/trunk.8/C1/Conv.conv_rounding
 %68 = subgraph(%67)                                                                                                      # EncryptedTensor<uint13, shape=(1, 128, 28, 28)>        ∈ [0, 15]
 %69 = ones()                                                                                                             # EncryptedTensor<uint13, shape=(1, 128, 30, 30)>        ∈ [1, 1]
 %70 = 0                                                                                                                  # ClearScalar<uint2>                                     ∈ [0, 0]
 %71 = multiply(%69, %70)                                                                                                 # EncryptedTensor<uint13, shape=(1, 128, 30, 30)>        ∈ [0, 0]
 %72 = (%71[:, :, 1:29, 1:29] = %68)                                                                                      # EncryptedTensor<uint13, shape=(1, 128, 30, 30)>        ∈ [0, 15]
 %73 = [[[[ 2 -1  ...  -1  3]]]]                                                                                          # ClearTensor<int5, shape=(128, 128, 3, 3)>              ∈ [-7, 7]              @ /trunk/trunk.8/C2/Conv.conv
 %74 = conv2d(%72, %73, [0 0 0 0 0 ... 0 0 0 0 0], pads=[0, 0, 0, 0], strides=(1, 1), dilations=(1, 1), group=1)          # EncryptedTensor<int13, shape=(1, 128, 28, 28)>         ∈ [-3524, 2464]        @ /trunk/trunk.8/C2/Conv.conv
 %75 = round_bit_pattern(%74, lsbs_to_remove=7, overflow_protection=False, exactness=Exactness.EXACT)                     # EncryptedTensor<int13, shape=(1, 128, 28, 28)>         ∈ [-3584, 2432]        @ /trunk/trunk.8/C2/Conv.conv_rounding
 %76 = subgraph(%59)                                                                                                      # EncryptedTensor<uint10, shape=(1, 64, 56, 56)>         ∈ [0, 15]
 %77 = [[[[ 2]]   ...   [[-1]]]]                                                                                          # ClearTensor<int5, shape=(128, 64, 1, 1)>               ∈ [-7, 7]              @ /trunk/trunk.8/shortcut/Conv.conv
 %78 = conv2d(%76, %77, [0 0 0 0 0 ... 0 0 0 0 0], pads=[0, 0, 0, 0], strides=(2, 2), dilations=(1, 1), group=1)          # EncryptedTensor<int10, shape=(1, 128, 28, 28)>         ∈ [-252, 323]          @ /trunk/trunk.8/shortcut/Conv.conv
 %79 = round_bit_pattern(%78, lsbs_to_remove=4, overflow_protection=False, exactness=Exactness.EXACT)                     # EncryptedTensor<int10, shape=(1, 128, 28, 28)>         ∈ [-256, 320]          @ /trunk/trunk.8/shortcut/Conv.conv_rounding
 %80 = subgraph(%75)                                                                                                      # EncryptedTensor<int4, shape=(1, 128, 28, 28)>          ∈ [-8, 7]
 %81 = subgraph(%79)                                                                                                      # EncryptedTensor<int4, shape=(1, 128, 28, 28)>          ∈ [-8, 7]
 %82 = subgraph(%80)                                                                                                      # EncryptedTensor<int6, shape=(1, 128, 28, 28)>          ∈ [-15, 13]
 %83 = subgraph(%81)                                                                                                      # EncryptedTensor<int6, shape=(1, 128, 28, 28)>          ∈ [-12, 10]
 %84 = 1                                                                                                                  # ClearScalar<uint2>                                     ∈ [1, 1]
 %85 = multiply(%84, %83)                                                                                                 # EncryptedTensor<int6, shape=(1, 128, 28, 28)>          ∈ [-12, 10]
 %86 = add(%82, %85)                                                                                                      # EncryptedTensor<int6, shape=(1, 128, 28, 28)>          ∈ [-27, 23]
 %87 = subgraph(%86)                                                                                                      # EncryptedTensor<uint12, shape=(1, 128, 28, 28)>        ∈ [0, 15]
 %88 = ones()                                                                                                             # EncryptedTensor<uint12, shape=(1, 128, 30, 30)>        ∈ [1, 1]
 %89 = 0                                                                                                                  # ClearScalar<uint2>                                     ∈ [0, 0]
 %90 = multiply(%88, %89)                                                                                                 # EncryptedTensor<uint12, shape=(1, 128, 30, 30)>        ∈ [0, 0]
 %91 = (%90[:, :, 1:29, 1:29] = %87)                                                                                      # EncryptedTensor<uint12, shape=(1, 128, 30, 30)>        ∈ [0, 15]
 %92 = [[[[-1  2  ...  -2 -1]]]]                                                                                          # ClearTensor<int5, shape=(128, 128, 3, 3)>              ∈ [-7, 7]              @ /trunk/trunk.9/C1/Conv.conv
 %93 = conv2d(%91, %92, [0 0 0 0 0 ... 0 0 0 0 0], pads=[0, 0, 0, 0], strides=(1, 1), dilations=(1, 1), group=1)          # EncryptedTensor<int12, shape=(1, 128, 28, 28)>         ∈ [-1761, 1758]        @ /trunk/trunk.9/C1/Conv.conv
 %94 = round_bit_pattern(%93, lsbs_to_remove=6, overflow_protection=False, exactness=Exactness.EXACT)                     # EncryptedTensor<int12, shape=(1, 128, 28, 28)>         ∈ [-1792, 1728]        @ /trunk/trunk.9/C1/Conv.conv_rounding
 %95 = subgraph(%94)                                                                                                      # EncryptedTensor<uint13, shape=(1, 128, 28, 28)>        ∈ [0, 15]
 %96 = ones()                                                                                                             # EncryptedTensor<uint13, shape=(1, 128, 30, 30)>        ∈ [1, 1]
 %97 = 0                                                                                                                  # ClearScalar<uint2>                                     ∈ [0, 0]
 %98 = multiply(%96, %97)                                                                                                 # EncryptedTensor<uint13, shape=(1, 128, 30, 30)>        ∈ [0, 0]
 %99 = (%98[:, :, 1:29, 1:29] = %95)                                                                                      # EncryptedTensor<uint13, shape=(1, 128, 30, 30)>        ∈ [0, 15]
%100 = [[[[ 1 -1  ...   0  1]]]]                                                                                          # ClearTensor<int5, shape=(128, 128, 3, 3)>              ∈ [-7, 6]              @ /trunk/trunk.9/C2/Conv.conv
%101 = conv2d(%99, %100, [0 0 0 0 0 ... 0 0 0 0 0], pads=[0, 0, 0, 0], strides=(1, 1), dilations=(1, 1), group=1)         # EncryptedTensor<int13, shape=(1, 128, 28, 28)>         ∈ [-2481, 2030]        @ /trunk/trunk.9/C2/Conv.conv
%102 = round_bit_pattern(%101, lsbs_to_remove=6, overflow_protection=False, exactness=Exactness.EXACT)                    # EncryptedTensor<int13, shape=(1, 128, 28, 28)>         ∈ [-2496, 2048]        @ /trunk/trunk.9/C2/Conv.conv_rounding
%103 = subgraph(%102)                                                                                                     # EncryptedTensor<int4, shape=(1, 128, 28, 28)>          ∈ [-8, 7]
%104 = subgraph(%86)                                                                                                      # EncryptedTensor<uint4, shape=(1, 128, 28, 28)>         ∈ [0, 15]
%105 = subgraph(%103)                                                                                                     # EncryptedTensor<int7, shape=(1, 128, 28, 28)>          ∈ [-16, 14]
%106 = subgraph(%104)                                                                                                     # EncryptedTensor<uint7, shape=(1, 128, 28, 28)>         ∈ [0, 20]
%107 = 1                                                                                                                  # ClearScalar<uint2>                                     ∈ [1, 1]
%108 = multiply(%107, %106)                                                                                               # EncryptedTensor<uint7, shape=(1, 128, 28, 28)>         ∈ [0, 20]
%109 = add(%105, %108)                                                                                                    # EncryptedTensor<int7, shape=(1, 128, 28, 28)>          ∈ [-16, 34]
%110 = subgraph(%109)                                                                                                     # EncryptedTensor<uint13, shape=(1, 128, 28, 28)>        ∈ [0, 15]
%111 = ones()                                                                                                             # EncryptedTensor<uint13, shape=(1, 128, 30, 30)>        ∈ [1, 1]
%112 = 0                                                                                                                  # ClearScalar<uint2>                                     ∈ [0, 0]
%113 = multiply(%111, %112)                                                                                               # EncryptedTensor<uint13, shape=(1, 128, 30, 30)>        ∈ [0, 0]
%114 = (%113[:, :, 1:29, 1:29] = %110)                                                                                    # EncryptedTensor<uint13, shape=(1, 128, 30, 30)>        ∈ [0, 15]
%115 = [[[[-1 -2  ...  -2  1]]]]                                                                                          # ClearTensor<int5, shape=(256, 128, 3, 3)>              ∈ [-7, 7]              @ /trunk/trunk.10/C1/Conv.conv
%116 = conv2d(%114, %115, [0 0 0 0 0 ... 0 0 0 0 0], pads=[0, 0, 0, 0], strides=(2, 2), dilations=(1, 1), group=1)        # EncryptedTensor<int13, shape=(1, 256, 14, 14)>         ∈ [-2380, 2171]        @ /trunk/trunk.10/C1/Conv.conv
%117 = round_bit_pattern(%116, lsbs_to_remove=6, overflow_protection=False, exactness=Exactness.EXACT)                    # EncryptedTensor<int13, shape=(1, 256, 14, 14)>         ∈ [-2368, 2176]        @ /trunk/trunk.10/C1/Conv.conv_rounding
%118 = subgraph(%117)                                                                                                     # EncryptedTensor<uint14, shape=(1, 256, 14, 14)>        ∈ [0, 15]
%119 = ones()                                                                                                             # EncryptedTensor<uint14, shape=(1, 256, 16, 16)>        ∈ [1, 1]
%120 = 0                                                                                                                  # ClearScalar<uint2>                                     ∈ [0, 0]
%121 = multiply(%119, %120)                                                                                               # EncryptedTensor<uint14, shape=(1, 256, 16, 16)>        ∈ [0, 0]
%122 = (%121[:, :, 1:15, 1:15] = %118)                                                                                    # EncryptedTensor<uint14, shape=(1, 256, 16, 16)>        ∈ [0, 15]
%123 = [[[[ 0  1  ...   1 -1]]]]                                                                                          # ClearTensor<int5, shape=(256, 256, 3, 3)>              ∈ [-7, 7]              @ /trunk/trunk.10/C2/Conv.conv
%124 = conv2d(%122, %123, [0 0 0 0 0 ... 0 0 0 0 0], pads=[0, 0, 0, 0], strides=(1, 1), dilations=(1, 1), group=1)        # EncryptedTensor<int14, shape=(1, 256, 14, 14)>         ∈ [-6290, 4227]        @ /trunk/trunk.10/C2/Conv.conv
%125 = round_bit_pattern(%124, lsbs_to_remove=8, overflow_protection=False, exactness=Exactness.EXACT)                    # EncryptedTensor<int14, shape=(1, 256, 14, 14)>         ∈ [-6400, 4352]        @ /trunk/trunk.10/C2/Conv.conv_rounding
%126 = subgraph(%109)                                                                                                     # EncryptedTensor<uint11, shape=(1, 128, 28, 28)>        ∈ [0, 15]
%127 = [[[[ 2]]   ...   [[ 0]]]]                                                                                          # ClearTensor<int5, shape=(256, 128, 1, 1)>              ∈ [-7, 7]              @ /trunk/trunk.10/shortcut/Conv.conv
%128 = conv2d(%126, %127, [0 0 0 0 0 ... 0 0 0 0 0], pads=[0, 0, 0, 0], strides=(2, 2), dilations=(1, 1), group=1)        # EncryptedTensor<int11, shape=(1, 256, 14, 14)>         ∈ [-418, 522]          @ /trunk/trunk.10/shortcut/Conv.conv
%129 = round_bit_pattern(%128, lsbs_to_remove=4, overflow_protection=False, exactness=Exactness.EXACT)                    # EncryptedTensor<int11, shape=(1, 256, 14, 14)>         ∈ [-416, 528]          @ /trunk/trunk.10/shortcut/Conv.conv_rounding
%130 = subgraph(%125)                                                                                                     # EncryptedTensor<int4, shape=(1, 256, 14, 14)>          ∈ [-8, 7]
%131 = subgraph(%129)                                                                                                     # EncryptedTensor<int4, shape=(1, 256, 14, 14)>          ∈ [-8, 7]
%132 = subgraph(%130)                                                                                                     # EncryptedTensor<int6, shape=(1, 256, 14, 14)>          ∈ [-16, 14]
%133 = subgraph(%131)                                                                                                     # EncryptedTensor<int6, shape=(1, 256, 14, 14)>          ∈ [-14, 12]
%134 = 1                                                                                                                  # ClearScalar<uint2>                                     ∈ [1, 1]
%135 = multiply(%134, %133)                                                                                               # EncryptedTensor<int6, shape=(1, 256, 14, 14)>          ∈ [-14, 12]
%136 = add(%132, %135)                                                                                                    # EncryptedTensor<int6, shape=(1, 256, 14, 14)>          ∈ [-24, 26]
%137 = subgraph(%136)                                                                                                     # EncryptedTensor<uint13, shape=(1, 256, 14, 14)>        ∈ [0, 15]
%138 = ones()                                                                                                             # EncryptedTensor<uint13, shape=(1, 256, 16, 16)>        ∈ [1, 1]
%139 = 0                                                                                                                  # ClearScalar<uint2>                                     ∈ [0, 0]
%140 = multiply(%138, %139)                                                                                               # EncryptedTensor<uint13, shape=(1, 256, 16, 16)>        ∈ [0, 0]
%141 = (%140[:, :, 1:15, 1:15] = %137)                                                                                    # EncryptedTensor<uint13, shape=(1, 256, 16, 16)>        ∈ [0, 15]
%142 = [[[[ 0  1  ...   3 -1]]]]                                                                                          # ClearTensor<int5, shape=(256, 256, 3, 3)>              ∈ [-6, 7]              @ /trunk/trunk.11/C1/Conv.conv
%143 = conv2d(%141, %142, [0 0 0 0 0 ... 0 0 0 0 0], pads=[0, 0, 0, 0], strides=(1, 1), dilations=(1, 1), group=1)        # EncryptedTensor<int13, shape=(1, 256, 14, 14)>         ∈ [-2813, 2493]        @ /trunk/trunk.11/C1/Conv.conv
%144 = round_bit_pattern(%143, lsbs_to_remove=7, overflow_protection=False, exactness=Exactness.EXACT)                    # EncryptedTensor<int13, shape=(1, 256, 14, 14)>         ∈ [-2816, 2432]        @ /trunk/trunk.11/C1/Conv.conv_rounding
%145 = subgraph(%144)                                                                                                     # EncryptedTensor<uint14, shape=(1, 256, 14, 14)>        ∈ [0, 15]
%146 = ones()                                                                                                             # EncryptedTensor<uint14, shape=(1, 256, 16, 16)>        ∈ [1, 1]
%147 = 0                                                                                                                  # ClearScalar<uint2>                                     ∈ [0, 0]
%148 = multiply(%146, %147)                                                                                               # EncryptedTensor<uint14, shape=(1, 256, 16, 16)>        ∈ [0, 0]
%149 = (%148[:, :, 1:15, 1:15] = %145)                                                                                    # EncryptedTensor<uint14, shape=(1, 256, 16, 16)>        ∈ [0, 15]
%150 = [[[[ 0 -3  ...  -1 -1]]]]                                                                                          # ClearTensor<int5, shape=(256, 256, 3, 3)>              ∈ [-7, 7]              @ /trunk/trunk.11/C2/Conv.conv
%151 = conv2d(%149, %150, [0 0 0 0 0 ... 0 0 0 0 0], pads=[0, 0, 0, 0], strides=(1, 1), dilations=(1, 1), group=1)        # EncryptedTensor<int14, shape=(1, 256, 14, 14)>         ∈ [-4682, 3795]        @ /trunk/trunk.11/C2/Conv.conv
%152 = round_bit_pattern(%151, lsbs_to_remove=7, overflow_protection=False, exactness=Exactness.EXACT)                    # EncryptedTensor<int14, shape=(1, 256, 14, 14)>         ∈ [-4736, 3840]        @ /trunk/trunk.11/C2/Conv.conv_rounding
%153 = subgraph(%152)                                                                                                     # EncryptedTensor<int4, shape=(1, 256, 14, 14)>          ∈ [-7, 7]
%154 = subgraph(%136)                                                                                                     # EncryptedTensor<uint4, shape=(1, 256, 14, 14)>         ∈ [0, 15]
%155 = subgraph(%153)                                                                                                     # EncryptedTensor<int7, shape=(1, 256, 14, 14)>          ∈ [-15, 15]
%156 = subgraph(%154)                                                                                                     # EncryptedTensor<uint7, shape=(1, 256, 14, 14)>         ∈ [0, 22]
%157 = 1                                                                                                                  # ClearScalar<uint2>                                     ∈ [1, 1]
%158 = multiply(%157, %156)                                                                                               # EncryptedTensor<uint7, shape=(1, 256, 14, 14)>         ∈ [0, 22]
%159 = add(%155, %158)                                                                                                    # EncryptedTensor<int7, shape=(1, 256, 14, 14)>          ∈ [-15, 34]
%160 = subgraph(%159)                                                                                                     # EncryptedTensor<uint13, shape=(1, 256, 14, 14)>        ∈ [0, 15]
%161 = ones()                                                                                                             # EncryptedTensor<uint13, shape=(1, 256, 16, 16)>        ∈ [1, 1]
%162 = 0                                                                                                                  # ClearScalar<uint2>                                     ∈ [0, 0]
%163 = multiply(%161, %162)                                                                                               # EncryptedTensor<uint13, shape=(1, 256, 16, 16)>        ∈ [0, 0]
%164 = (%163[:, :, 1:15, 1:15] = %160)                                                                                    # EncryptedTensor<uint13, shape=(1, 256, 16, 16)>        ∈ [0, 15]
%165 = [[[[ 2  1  ...   2  1]]]]                                                                                          # ClearTensor<int5, shape=(512, 256, 3, 3)>              ∈ [-7, 7]              @ /trunk/trunk.12/C1/Conv.conv
%166 = conv2d(%164, %165, [0 0 0 0 0 ... 0 0 0 0 0], pads=[0, 0, 0, 0], strides=(2, 2), dilations=(1, 1), group=1)        # EncryptedTensor<int13, shape=(1, 512, 7, 7)>           ∈ [-2657, 3026]        @ /trunk/trunk.12/C1/Conv.conv
%167 = round_bit_pattern(%166, lsbs_to_remove=7, overflow_protection=False, exactness=Exactness.EXACT)                    # EncryptedTensor<int13, shape=(1, 512, 7, 7)>           ∈ [-2688, 3072]        @ /trunk/trunk.12/C1/Conv.conv_rounding
%168 = subgraph(%167)                                                                                                     # EncryptedTensor<uint14, shape=(1, 512, 7, 7)>          ∈ [0, 14]
%169 = ones()                                                                                                             # EncryptedTensor<uint14, shape=(1, 512, 9, 9)>          ∈ [1, 1]
%170 = 0                                                                                                                  # ClearScalar<uint2>                                     ∈ [0, 0]
%171 = multiply(%169, %170)                                                                                               # EncryptedTensor<uint14, shape=(1, 512, 9, 9)>          ∈ [0, 0]
%172 = (%171[:, :, 1:8, 1:8] = %168)                                                                                      # EncryptedTensor<uint14, shape=(1, 512, 9, 9)>          ∈ [0, 14]
%173 = [[[[-1 -2  ...   0 -1]]]]                                                                                          # ClearTensor<int5, shape=(512, 512, 3, 3)>              ∈ [-7, 7]              @ /trunk/trunk.12/C2/Conv.conv
%174 = conv2d(%172, %173, [0 0 0 0 0 ... 0 0 0 0 0], pads=[0, 0, 0, 0], strides=(1, 1), dilations=(1, 1), group=1)        # EncryptedTensor<int14, shape=(1, 512, 7, 7)>           ∈ [-6740, 6591]        @ /trunk/trunk.12/C2/Conv.conv
%175 = round_bit_pattern(%174, lsbs_to_remove=8, overflow_protection=False, exactness=Exactness.EXACT)                    # EncryptedTensor<int14, shape=(1, 512, 7, 7)>           ∈ [-6656, 6656]        @ /trunk/trunk.12/C2/Conv.conv_rounding
%176 = subgraph(%159)                                                                                                     # EncryptedTensor<uint11, shape=(1, 256, 14, 14)>        ∈ [0, 15]
%177 = [[[[-2]]   ...   [[ 0]]]]                                                                                          # ClearTensor<int5, shape=(512, 256, 1, 1)>              ∈ [-7, 7]              @ /trunk/trunk.12/shortcut/Conv.conv
%178 = conv2d(%176, %177, [0 0 0 0 0 ... 0 0 0 0 0], pads=[0, 0, 0, 0], strides=(2, 2), dilations=(1, 1), group=1)        # EncryptedTensor<int11, shape=(1, 512, 7, 7)>           ∈ [-614, 635]          @ /trunk/trunk.12/shortcut/Conv.conv
%179 = round_bit_pattern(%178, lsbs_to_remove=5, overflow_protection=False, exactness=Exactness.EXACT)                    # EncryptedTensor<int11, shape=(1, 512, 7, 7)>           ∈ [-608, 640]          @ /trunk/trunk.12/shortcut/Conv.conv_rounding
%180 = subgraph(%175)                                                                                                     # EncryptedTensor<int4, shape=(1, 512, 7, 7)>            ∈ [-6, 7]
%181 = subgraph(%179)                                                                                                     # EncryptedTensor<int4, shape=(1, 512, 7, 7)>            ∈ [-8, 7]
%182 = subgraph(%180)                                                                                                     # EncryptedTensor<int6, shape=(1, 512, 7, 7)>            ∈ [-12, 14]
%183 = subgraph(%181)                                                                                                     # EncryptedTensor<int6, shape=(1, 512, 7, 7)>            ∈ [-17, 15]
%184 = 1                                                                                                                  # ClearScalar<uint2>                                     ∈ [1, 1]
%185 = multiply(%184, %183)                                                                                               # EncryptedTensor<int6, shape=(1, 512, 7, 7)>            ∈ [-17, 15]
%186 = add(%182, %185)                                                                                                    # EncryptedTensor<int6, shape=(1, 512, 7, 7)>            ∈ [-20, 27]
%187 = subgraph(%186)                                                                                                     # EncryptedTensor<uint13, shape=(1, 512, 7, 7)>          ∈ [0, 15]
%188 = ones()                                                                                                             # EncryptedTensor<uint13, shape=(1, 512, 9, 9)>          ∈ [1, 1]
%189 = 0                                                                                                                  # ClearScalar<uint2>                                     ∈ [0, 0]
%190 = multiply(%188, %189)                                                                                               # EncryptedTensor<uint13, shape=(1, 512, 9, 9)>          ∈ [0, 0]
%191 = (%190[:, :, 1:8, 1:8] = %187)                                                                                      # EncryptedTensor<uint13, shape=(1, 512, 9, 9)>          ∈ [0, 15]
%192 = [[[[-1  1  ...  -2  1]]]]                                                                                          # ClearTensor<int5, shape=(512, 512, 3, 3)>              ∈ [-6, 7]              @ /trunk/trunk.13/C1/Conv.conv
%193 = conv2d(%191, %192, [0 0 0 0 0 ... 0 0 0 0 0], pads=[0, 0, 0, 0], strides=(1, 1), dilations=(1, 1), group=1)        # EncryptedTensor<int13, shape=(1, 512, 7, 7)>           ∈ [-3049, 3912]        @ /trunk/trunk.13/C1/Conv.conv
%194 = round_bit_pattern(%193, lsbs_to_remove=7, overflow_protection=False, exactness=Exactness.EXACT)                    # EncryptedTensor<int13, shape=(1, 512, 7, 7)>           ∈ [-3072, 3968]        @ /trunk/trunk.13/C1/Conv.conv_rounding
%195 = subgraph(%194)                                                                                                     # EncryptedTensor<uint15, shape=(1, 512, 7, 7)>          ∈ [0, 14]
%196 = ones()                                                                                                             # EncryptedTensor<uint15, shape=(1, 512, 9, 9)>          ∈ [1, 1]
%197 = 0                                                                                                                  # ClearScalar<uint2>                                     ∈ [0, 0]
%198 = multiply(%196, %197)                                                                                               # EncryptedTensor<uint15, shape=(1, 512, 9, 9)>          ∈ [0, 0]
%199 = (%198[:, :, 1:8, 1:8] = %195)                                                                                      # EncryptedTensor<uint15, shape=(1, 512, 9, 9)>          ∈ [0, 14]
%200 = [[[[ 1  0  ...  -3 -2]]]]                                                                                          # ClearTensor<int5, shape=(512, 512, 3, 3)>              ∈ [-7, 6]              @ /trunk/trunk.13/C2/Conv.conv
%201 = conv2d(%199, %200, [0 0 0 0 0 ... 0 0 0 0 0], pads=[0, 0, 0, 0], strides=(1, 1), dilations=(1, 1), group=1)        # EncryptedTensor<int15, shape=(1, 512, 7, 7)>           ∈ [-7372, 9907]        @ /trunk/trunk.13/C2/Conv.conv
%202 = round_bit_pattern(%201, lsbs_to_remove=8, overflow_protection=False, exactness=Exactness.EXACT)                    # EncryptedTensor<int15, shape=(1, 512, 7, 7)>           ∈ [-7424, 9984]        @ /trunk/trunk.13/C2/Conv.conv_rounding
%203 = subgraph(%202)                                                                                                     # EncryptedTensor<int4, shape=(1, 512, 7, 7)>            ∈ [-5, 6]
%204 = subgraph(%186)                                                                                                     # EncryptedTensor<uint4, shape=(1, 512, 7, 7)>           ∈ [0, 15]
%205 = subgraph(%203)                                                                                                     # EncryptedTensor<int7, shape=(1, 512, 7, 7)>            ∈ [-11, 13]
%206 = subgraph(%204)                                                                                                     # EncryptedTensor<uint7, shape=(1, 512, 7, 7)>           ∈ [0, 30]
%207 = 1                                                                                                                  # ClearScalar<uint2>                                     ∈ [1, 1]
%208 = multiply(%207, %206)                                                                                               # EncryptedTensor<uint7, shape=(1, 512, 7, 7)>           ∈ [0, 30]
%209 = add(%205, %208)                                                                                                    # EncryptedTensor<int7, shape=(1, 512, 7, 7)>            ∈ [-11, 37]
%210 = subgraph(%209)                                                                                                     # EncryptedTensor<uint8, shape=(1, 512, 7, 7)>           ∈ [0, 14]
%211 = [[[[1 1 1  ...  1 1 1]]]]                                                                                          # ClearTensor<uint2, shape=(512, 512, 7, 7)>             ∈ [0, 1]               @ /trunk/trunk.14/AveragePool.avgpool
%212 = conv2d(%210, %211, [0 0 0 0 0 ... 0 0 0 0 0], pads=[0, 0, 0, 0], strides=(7, 7), dilations=(1, 1), group=1)        # EncryptedTensor<uint8, shape=(1, 512, 1, 1)>           ∈ [0, 133]             @ /trunk/trunk.14/AveragePool.avgpool
%213 = round_bit_pattern(%212, lsbs_to_remove=2, overflow_protection=False, exactness=Exactness.EXACT)                    # EncryptedTensor<uint8, shape=(1, 512, 1, 1)>           ∈ [0, 132]             @ /trunk/trunk.14/AveragePool.avgpool_rounding
%214 = subgraph(%213)                                                                                                     # EncryptedTensor<uint3, shape=(1, 512, 1, 1)>           ∈ [0, 7]
%215 = reshape(%214, newshape=(1, 512))                                                                                   # EncryptedTensor<uint3, shape=(1, 512)>                 ∈ [0, 7]
return %215

Subgraphs:

    %8 = subgraph(%7):

         %0 = input                            # EncryptedTensor<uint1, shape=(1, 64, 112, 112)>          @ /trunk/trunk.1/Conv.conv_rounding
         %1 = astype(%0, dtype=float64)        # EncryptedTensor<float64, shape=(1, 64, 112, 112)>
         %2 = 0                                # ClearScalar<uint1>
         %3 = add(%1, %2)                      # EncryptedTensor<float64, shape=(1, 64, 112, 112)>
         %4 = [[[[0]]  [ ... ]  [[0]]]]        # ClearTensor<uint1, shape=(1, 64, 1, 1)>
         %5 = subtract(%3, %4)                 # EncryptedTensor<float64, shape=(1, 64, 112, 112)>
         %6 = 0.005826968030135937             # ClearScalar<float64>
         %7 = multiply(%6, %5)                 # EncryptedTensor<float64, shape=(1, 64, 112, 112)>
         %8 = [[[[ 0.134 ... 391335]]]]        # ClearTensor<float32, shape=(1, 64, 1, 1)>
         %9 = subtract(%7, %8)                 # EncryptedTensor<float64, shape=(1, 64, 112, 112)>
        %10 = [[[[0.8002 ... 5622  ]]]]        # ClearTensor<float32, shape=(1, 64, 1, 1)>
        %11 = divide(%9, %10)                  # EncryptedTensor<float64, shape=(1, 64, 112, 112)>
        %12 = [[[[0.9834 ... 08003 ]]]]        # ClearTensor<float32, shape=(1, 64, 1, 1)>
        %13 = multiply(%11, %12)               # EncryptedTensor<float64, shape=(1, 64, 112, 112)>
        %14 = [[[[-0.010 ... 604   ]]]]        # ClearTensor<float32, shape=(1, 64, 1, 1)>
        %15 = add(%13, %14)                    # EncryptedTensor<float64, shape=(1, 64, 112, 112)>
        %16 = 0                                # ClearScalar<uint1>
        %17 = maximum(%15, %16)                # EncryptedTensor<float64, shape=(1, 64, 112, 112)>
        %18 = 0.3546128                        # ClearScalar<float32>
        %19 = divide(%17, %18)                 # EncryptedTensor<float64, shape=(1, 64, 112, 112)>
        %20 = 0.0                              # ClearScalar<float32>
        %21 = add(%19, %20)                    # EncryptedTensor<float64, shape=(1, 64, 112, 112)>
        %22 = 0.0                              # ClearScalar<float64>
        %23 = 15.0                             # ClearScalar<float64>
        %24 = clip(%21, %22, %23)              # EncryptedTensor<float64, shape=(1, 64, 112, 112)>
        %25 = rint(%24)                        # EncryptedTensor<float64, shape=(1, 64, 112, 112)>
        %26 = 0.0                              # ClearScalar<float32>
        %27 = subtract(%25, %26)               # EncryptedTensor<float64, shape=(1, 64, 112, 112)>
        %28 = 0.3546128                        # ClearScalar<float32>
        %29 = multiply(%27, %28)               # EncryptedTensor<float64, shape=(1, 64, 112, 112)>
        %30 = 0.354612797498703                # ClearScalar<float64>
        %31 = divide(%29, %30)                 # EncryptedTensor<float64, shape=(1, 64, 112, 112)>
        %32 = 0                                # ClearScalar<uint1>
        %33 = add(%31, %32)                    # EncryptedTensor<float64, shape=(1, 64, 112, 112)>
        %34 = rint(%33)                        # EncryptedTensor<float64, shape=(1, 64, 112, 112)>
        %35 = astype(%34, dtype=int_)          # EncryptedTensor<uint1, shape=(1, 64, 112, 112)>
        return %35

    %14 = subgraph(%13):

         %0 = input                            # EncryptedTensor<uint1, shape=(1, 64, 56, 56)>
         %1 = astype(%0, dtype=float64)        # EncryptedTensor<float64, shape=(1, 64, 56, 56)>
         %2 = 0                                # ClearScalar<uint1>
         %3 = subtract(%1, %2)                 # EncryptedTensor<float64, shape=(1, 64, 56, 56)>
         %4 = 0.354612797498703                # ClearScalar<float64>
         %5 = multiply(%3, %4)                 # EncryptedTensor<float64, shape=(1, 64, 56, 56)>
         %6 = 0.6701578                        # ClearScalar<float32>
         %7 = divide(%5, %6)                   # EncryptedTensor<float64, shape=(1, 64, 56, 56)>
         %8 = 0.0                              # ClearScalar<float32>
         %9 = add(%7, %8)                      # EncryptedTensor<float64, shape=(1, 64, 56, 56)>
        %10 = -8.0                             # ClearScalar<float64>
        %11 = 7.0                              # ClearScalar<float64>
        %12 = clip(%9, %10, %11)               # EncryptedTensor<float64, shape=(1, 64, 56, 56)>
        %13 = rint(%12)                        # EncryptedTensor<float64, shape=(1, 64, 56, 56)>
        %14 = 0.0                              # ClearScalar<float32>
        %15 = subtract(%13, %14)               # EncryptedTensor<float64, shape=(1, 64, 56, 56)>
        %16 = 0.6701578                        # ClearScalar<float32>
        %17 = multiply(%15, %16)               # EncryptedTensor<float64, shape=(1, 64, 56, 56)>
        %18 = 0.670157790184021                # ClearScalar<float64>
        %19 = divide(%17, %18)                 # EncryptedTensor<float64, shape=(1, 64, 56, 56)>
        %20 = 0                                # ClearScalar<uint1>
        %21 = add(%19, %20)                    # EncryptedTensor<float64, shape=(1, 64, 56, 56)>
        %22 = rint(%21)                        # EncryptedTensor<float64, shape=(1, 64, 56, 56)>
        %23 = astype(%22, dtype=int_)          # EncryptedTensor<uint1, shape=(1, 64, 56, 56)>
        return %23

    %22 = subgraph(%21):

         %0 = input                            # EncryptedTensor<uint1, shape=(1, 64, 56, 56)>          @ /trunk/trunk.6/C1/Conv.conv_rounding
         %1 = astype(%0, dtype=float64)        # EncryptedTensor<float64, shape=(1, 64, 56, 56)>
         %2 = 0                                # ClearScalar<uint1>
         %3 = add(%1, %2)                      # EncryptedTensor<float64, shape=(1, 64, 56, 56)>
         %4 = [[[[0]]  [ ... ]  [[0]]]]        # ClearTensor<uint1, shape=(1, 64, 1, 1)>
         %5 = subtract(%3, %4)                 # EncryptedTensor<float64, shape=(1, 64, 56, 56)>
         %6 = 0.024420951774466015             # ClearScalar<float64>
         %7 = multiply(%6, %5)                 # EncryptedTensor<float64, shape=(1, 64, 56, 56)>
         %8 = [[[[-0.766 ... 36002 ]]]]        # ClearTensor<float32, shape=(1, 64, 1, 1)>
         %9 = subtract(%7, %8)                 # EncryptedTensor<float64, shape=(1, 64, 56, 56)>
        %10 = [[[[1.9166 ... 748979]]]]        # ClearTensor<float32, shape=(1, 64, 1, 1)>
        %11 = divide(%9, %10)                  # EncryptedTensor<float64, shape=(1, 64, 56, 56)>
        %12 = [[[[0.9745 ... 36794 ]]]]        # ClearTensor<float32, shape=(1, 64, 1, 1)>
        %13 = multiply(%11, %12)               # EncryptedTensor<float64, shape=(1, 64, 56, 56)>
        %14 = [[[[-0.043 ... 343576]]]]        # ClearTensor<float32, shape=(1, 64, 1, 1)>
        %15 = add(%13, %14)                    # EncryptedTensor<float64, shape=(1, 64, 56, 56)>
        %16 = 0                                # ClearScalar<uint1>
        %17 = maximum(%15, %16)                # EncryptedTensor<float64, shape=(1, 64, 56, 56)>
        %18 = 0.2971043                        # ClearScalar<float32>
        %19 = divide(%17, %18)                 # EncryptedTensor<float64, shape=(1, 64, 56, 56)>
        %20 = 0.0                              # ClearScalar<float32>
        %21 = add(%19, %20)                    # EncryptedTensor<float64, shape=(1, 64, 56, 56)>
        %22 = 0.0                              # ClearScalar<float64>
        %23 = 15.0                             # ClearScalar<float64>
        %24 = clip(%21, %22, %23)              # EncryptedTensor<float64, shape=(1, 64, 56, 56)>
        %25 = rint(%24)                        # EncryptedTensor<float64, shape=(1, 64, 56, 56)>
        %26 = 0.0                              # ClearScalar<float32>
        %27 = subtract(%25, %26)               # EncryptedTensor<float64, shape=(1, 64, 56, 56)>
        %28 = 0.2971043                        # ClearScalar<float32>
        %29 = multiply(%27, %28)               # EncryptedTensor<float64, shape=(1, 64, 56, 56)>
        %30 = 0.2971042990684509               # ClearScalar<float64>
        %31 = divide(%29, %30)                 # EncryptedTensor<float64, shape=(1, 64, 56, 56)>
        %32 = 0                                # ClearScalar<uint1>
        %33 = add(%31, %32)                    # EncryptedTensor<float64, shape=(1, 64, 56, 56)>
        %34 = rint(%33)                        # EncryptedTensor<float64, shape=(1, 64, 56, 56)>
        %35 = astype(%34, dtype=int_)          # EncryptedTensor<uint1, shape=(1, 64, 56, 56)>
        return %35

    %30 = subgraph(%29):

         %0 = input                            # EncryptedTensor<uint1, shape=(1, 64, 56, 56)>          @ /trunk/trunk.6/C2/Conv.conv_rounding
         %1 = astype(%0, dtype=float64)        # EncryptedTensor<float64, shape=(1, 64, 56, 56)>
         %2 = 0                                # ClearScalar<uint1>
         %3 = add(%1, %2)                      # EncryptedTensor<float64, shape=(1, 64, 56, 56)>
         %4 = [[[[0]]  [ ... ]  [[0]]]]        # ClearTensor<uint1, shape=(1, 64, 1, 1)>
         %5 = subtract(%3, %4)                 # EncryptedTensor<float64, shape=(1, 64, 56, 56)>
         %6 = 0.01083880706859719              # ClearScalar<float64>
         %7 = multiply(%6, %5)                 # EncryptedTensor<float64, shape=(1, 64, 56, 56)>
         %8 = [[[[-0.761 ... 44527 ]]]]        # ClearTensor<float32, shape=(1, 64, 1, 1)>
         %9 = subtract(%7, %8)                 # EncryptedTensor<float64, shape=(1, 64, 56, 56)>
        %10 = [[[[1.7073 ... 7222  ]]]]        # ClearTensor<float32, shape=(1, 64, 1, 1)>
        %11 = divide(%9, %10)                  # EncryptedTensor<float64, shape=(1, 64, 56, 56)>
        %12 = [[[[0.9489 ... 692037]]]]        # ClearTensor<float32, shape=(1, 64, 1, 1)>
        %13 = multiply(%11, %12)               # EncryptedTensor<float64, shape=(1, 64, 56, 56)>
        %14 = [[[[-5.501 ... 54e-02]]]]        # ClearTensor<float32, shape=(1, 64, 1, 1)>
        %15 = add(%13, %14)                    # EncryptedTensor<float64, shape=(1, 64, 56, 56)>
        %16 = 0.6700289                        # ClearScalar<float32>
        %17 = divide(%15, %16)                 # EncryptedTensor<float64, shape=(1, 64, 56, 56)>
        %18 = 0.0                              # ClearScalar<float32>
        %19 = add(%17, %18)                    # EncryptedTensor<float64, shape=(1, 64, 56, 56)>
        %20 = -8.0                             # ClearScalar<float64>
        %21 = 7.0                              # ClearScalar<float64>
        %22 = clip(%19, %20, %21)              # EncryptedTensor<float64, shape=(1, 64, 56, 56)>
        %23 = rint(%22)                        # EncryptedTensor<float64, shape=(1, 64, 56, 56)>
        %24 = 0.0                              # ClearScalar<float32>
        %25 = subtract(%23, %24)               # EncryptedTensor<float64, shape=(1, 64, 56, 56)>
        %26 = 0.6700289                        # ClearScalar<float32>
        %27 = multiply(%25, %26)               # EncryptedTensor<float64, shape=(1, 64, 56, 56)>
        %28 = 0.6700289249420166               # ClearScalar<float64>
        %29 = divide(%27, %28)                 # EncryptedTensor<float64, shape=(1, 64, 56, 56)>
        %30 = 0                                # ClearScalar<uint1>
        %31 = add(%29, %30)                    # EncryptedTensor<float64, shape=(1, 64, 56, 56)>
        %32 = rint(%31)                        # EncryptedTensor<float64, shape=(1, 64, 56, 56)>
        %33 = astype(%32, dtype=int_)          # EncryptedTensor<uint1, shape=(1, 64, 56, 56)>
        return %33

    %31 = subgraph(%13):

         %0 = input                            # EncryptedTensor<uint1, shape=(1, 64, 56, 56)>
         %1 = astype(%0, dtype=float64)        # EncryptedTensor<float64, shape=(1, 64, 56, 56)>
         %2 = 0                                # ClearScalar<uint1>
         %3 = subtract(%1, %2)                 # EncryptedTensor<float64, shape=(1, 64, 56, 56)>
         %4 = 0.354612797498703                # ClearScalar<float64>
         %5 = multiply(%3, %4)                 # EncryptedTensor<float64, shape=(1, 64, 56, 56)>
         %6 = 0.6701578                        # ClearScalar<float32>
         %7 = divide(%5, %6)                   # EncryptedTensor<float64, shape=(1, 64, 56, 56)>
         %8 = 0.0                              # ClearScalar<float32>
         %9 = add(%7, %8)                      # EncryptedTensor<float64, shape=(1, 64, 56, 56)>
        %10 = -8.0                             # ClearScalar<float64>
        %11 = 7.0                              # ClearScalar<float64>
        %12 = clip(%9, %10, %11)               # EncryptedTensor<float64, shape=(1, 64, 56, 56)>
        %13 = rint(%12)                        # EncryptedTensor<float64, shape=(1, 64, 56, 56)>
        %14 = 0.0                              # ClearScalar<float32>
        %15 = subtract(%13, %14)               # EncryptedTensor<float64, shape=(1, 64, 56, 56)>
        %16 = 0.6701578                        # ClearScalar<float32>
        %17 = multiply(%15, %16)               # EncryptedTensor<float64, shape=(1, 64, 56, 56)>
        %18 = 0.670157790184021                # ClearScalar<float64>
        %19 = divide(%17, %18)                 # EncryptedTensor<float64, shape=(1, 64, 56, 56)>
        %20 = 0                                # ClearScalar<uint1>
        %21 = add(%19, %20)                    # EncryptedTensor<float64, shape=(1, 64, 56, 56)>
        %22 = rint(%21)                        # EncryptedTensor<float64, shape=(1, 64, 56, 56)>
        %23 = astype(%22, dtype=int_)          # EncryptedTensor<uint1, shape=(1, 64, 56, 56)>
        return %23

    %32 = subgraph(%30):

         %0 = input                         # EncryptedTensor<uint1, shape=(1, 64, 56, 56)>
         %1 = 0.0                           # ClearScalar<float64>
         %2 = subtract(%0, %1)              # EncryptedTensor<float64, shape=(1, 64, 56, 56)>
         %3 = 0.6700289249420166            # ClearScalar<float64>
         %4 = multiply(%3, %2)              # EncryptedTensor<float64, shape=(1, 64, 56, 56)>
         %5 = 0.3674601508725074            # ClearScalar<float64>
         %6 = divide(%4, %5)                # EncryptedTensor<float64, shape=(1, 64, 56, 56)>
         %7 = 0                             # ClearScalar<uint1>
         %8 = add(%6, %7)                   # EncryptedTensor<float64, shape=(1, 64, 56, 56)>
         %9 = rint(%8)                      # EncryptedTensor<float64, shape=(1, 64, 56, 56)>
        %10 = astype(%9, dtype=int_)        # EncryptedTensor<uint1, shape=(1, 64, 56, 56)>
        return %10

    %33 = subgraph(%31):

         %0 = input                         # EncryptedTensor<uint1, shape=(1, 64, 56, 56)>
         %1 = 0.0                           # ClearScalar<float64>
         %2 = subtract(%0, %1)              # EncryptedTensor<float64, shape=(1, 64, 56, 56)>
         %3 = 0.670157790184021             # ClearScalar<float64>
         %4 = multiply(%3, %2)              # EncryptedTensor<float64, shape=(1, 64, 56, 56)>
         %5 = 0.3674601508725074            # ClearScalar<float64>
         %6 = divide(%4, %5)                # EncryptedTensor<float64, shape=(1, 64, 56, 56)>
         %7 = 0                             # ClearScalar<uint1>
         %8 = add(%6, %7)                   # EncryptedTensor<float64, shape=(1, 64, 56, 56)>
         %9 = rint(%8)                      # EncryptedTensor<float64, shape=(1, 64, 56, 56)>
        %10 = astype(%9, dtype=int_)        # EncryptedTensor<uint1, shape=(1, 64, 56, 56)>
        return %10

    %37 = subgraph(%36):

         %0 = input                          # EncryptedTensor<uint2, shape=(1, 64, 56, 56)>
         %1 = 0.0                            # ClearScalar<float64>
         %2 = subtract(%0, %1)               # EncryptedTensor<float64, shape=(1, 64, 56, 56)>
         %3 = 0.3674601508725074             # ClearScalar<float64>
         %4 = multiply(%3, %2)               # EncryptedTensor<float64, shape=(1, 64, 56, 56)>
         %5 = 0                              # ClearScalar<uint1>
         %6 = maximum(%4, %5)                # EncryptedTensor<float64, shape=(1, 64, 56, 56)>
         %7 = 0.563747                       # ClearScalar<float32>
         %8 = divide(%6, %7)                 # EncryptedTensor<float64, shape=(1, 64, 56, 56)>
         %9 = 0.0                            # ClearScalar<float32>
        %10 = add(%8, %9)                    # EncryptedTensor<float64, shape=(1, 64, 56, 56)>
        %11 = 0.0                            # ClearScalar<float64>
        %12 = 15.0                           # ClearScalar<float64>
        %13 = clip(%10, %11, %12)            # EncryptedTensor<float64, shape=(1, 64, 56, 56)>
        %14 = rint(%13)                      # EncryptedTensor<float64, shape=(1, 64, 56, 56)>
        %15 = 0.0                            # ClearScalar<float32>
        %16 = subtract(%14, %15)             # EncryptedTensor<float64, shape=(1, 64, 56, 56)>
        %17 = 0.563747                       # ClearScalar<float32>
        %18 = multiply(%16, %17)             # EncryptedTensor<float64, shape=(1, 64, 56, 56)>
        %19 = 0.563746988773346              # ClearScalar<float64>
        %20 = divide(%18, %19)               # EncryptedTensor<float64, shape=(1, 64, 56, 56)>
        %21 = 0                              # ClearScalar<uint1>
        %22 = add(%20, %21)                  # EncryptedTensor<float64, shape=(1, 64, 56, 56)>
        %23 = rint(%22)                      # EncryptedTensor<float64, shape=(1, 64, 56, 56)>
        %24 = astype(%23, dtype=int_)        # EncryptedTensor<uint1, shape=(1, 64, 56, 56)>
        return %24

    %45 = subgraph(%44):

         %0 = input                            # EncryptedTensor<uint1, shape=(1, 64, 56, 56)>          @ /trunk/trunk.7/C1/Conv.conv_rounding
         %1 = astype(%0, dtype=float64)        # EncryptedTensor<float64, shape=(1, 64, 56, 56)>
         %2 = 0                                # ClearScalar<uint1>
         %3 = add(%1, %2)                      # EncryptedTensor<float64, shape=(1, 64, 56, 56)>
         %4 = [[[[0]]  [ ... ]  [[0]]]]        # ClearTensor<uint1, shape=(1, 64, 1, 1)>
         %5 = subtract(%3, %4)                 # EncryptedTensor<float64, shape=(1, 64, 56, 56)>
         %6 = 0.02003625029727396              # ClearScalar<float64>
         %7 = multiply(%6, %5)                 # EncryptedTensor<float64, shape=(1, 64, 56, 56)>
         %8 = [[[[-1.129 ... 07184 ]]]]        # ClearTensor<float32, shape=(1, 64, 1, 1)>
         %9 = subtract(%7, %8)                 # EncryptedTensor<float64, shape=(1, 64, 56, 56)>
        %10 = [[[[2.4646 ... 977883]]]]        # ClearTensor<float32, shape=(1, 64, 1, 1)>
        %11 = divide(%9, %10)                  # EncryptedTensor<float64, shape=(1, 64, 56, 56)>
        %12 = [[[[0.9713 ... 804027]]]]        # ClearTensor<float32, shape=(1, 64, 1, 1)>
        %13 = multiply(%11, %12)               # EncryptedTensor<float64, shape=(1, 64, 56, 56)>
        %14 = [[[[-1.028 ... 63e-03]]]]        # ClearTensor<float32, shape=(1, 64, 1, 1)>
        %15 = add(%13, %14)                    # EncryptedTensor<float64, shape=(1, 64, 56, 56)>
        %16 = 0                                # ClearScalar<uint1>
        %17 = maximum(%15, %16)                # EncryptedTensor<float64, shape=(1, 64, 56, 56)>
        %18 = 0.34997424                       # ClearScalar<float32>
        %19 = divide(%17, %18)                 # EncryptedTensor<float64, shape=(1, 64, 56, 56)>
        %20 = 0.0                              # ClearScalar<float32>
        %21 = add(%19, %20)                    # EncryptedTensor<float64, shape=(1, 64, 56, 56)>
        %22 = 0.0                              # ClearScalar<float64>
        %23 = 15.0                             # ClearScalar<float64>
        %24 = clip(%21, %22, %23)              # EncryptedTensor<float64, shape=(1, 64, 56, 56)>
        %25 = rint(%24)                        # EncryptedTensor<float64, shape=(1, 64, 56, 56)>
        %26 = 0.0                              # ClearScalar<float32>
        %27 = subtract(%25, %26)               # EncryptedTensor<float64, shape=(1, 64, 56, 56)>
        %28 = 0.34997424                       # ClearScalar<float32>
        %29 = multiply(%27, %28)               # EncryptedTensor<float64, shape=(1, 64, 56, 56)>
        %30 = 0.34997424483299255              # ClearScalar<float64>
        %31 = divide(%29, %30)                 # EncryptedTensor<float64, shape=(1, 64, 56, 56)>
        %32 = 0                                # ClearScalar<uint1>
        %33 = add(%31, %32)                    # EncryptedTensor<float64, shape=(1, 64, 56, 56)>
        %34 = rint(%33)                        # EncryptedTensor<float64, shape=(1, 64, 56, 56)>
        %35 = astype(%34, dtype=int_)          # EncryptedTensor<uint1, shape=(1, 64, 56, 56)>
        return %35

    %53 = subgraph(%52):

         %0 = input                            # EncryptedTensor<uint1, shape=(1, 64, 56, 56)>          @ /trunk/trunk.7/C2/Conv.conv_rounding
         %1 = astype(%0, dtype=float64)        # EncryptedTensor<float64, shape=(1, 64, 56, 56)>
         %2 = 0                                # ClearScalar<uint1>
         %3 = add(%1, %2)                      # EncryptedTensor<float64, shape=(1, 64, 56, 56)>
         %4 = [[[[0]]  [ ... ]  [[0]]]]        # ClearTensor<uint1, shape=(1, 64, 1, 1)>
         %5 = subtract(%3, %4)                 # EncryptedTensor<float64, shape=(1, 64, 56, 56)>
         %6 = 0.013478708392210548             # ClearScalar<float64>
         %7 = multiply(%6, %5)                 # EncryptedTensor<float64, shape=(1, 64, 56, 56)>
         %8 = [[[[-3.174 ... 61852 ]]]]        # ClearTensor<float32, shape=(1, 64, 1, 1)>
         %9 = subtract(%7, %8)                 # EncryptedTensor<float64, shape=(1, 64, 56, 56)>
        %10 = [[[[1.4940 ... 115692]]]]        # ClearTensor<float32, shape=(1, 64, 1, 1)>
        %11 = divide(%9, %10)                  # EncryptedTensor<float64, shape=(1, 64, 56, 56)>
        %12 = [[[[0.9158 ... 43926 ]]]]        # ClearTensor<float32, shape=(1, 64, 1, 1)>
        %13 = multiply(%11, %12)               # EncryptedTensor<float64, shape=(1, 64, 56, 56)>
        %14 = [[[[-0.029 ... 888563]]]]        # ClearTensor<float32, shape=(1, 64, 1, 1)>
        %15 = add(%13, %14)                    # EncryptedTensor<float64, shape=(1, 64, 56, 56)>
        %16 = 0.743285                         # ClearScalar<float32>
        %17 = divide(%15, %16)                 # EncryptedTensor<float64, shape=(1, 64, 56, 56)>
        %18 = 0.0                              # ClearScalar<float32>
        %19 = add(%17, %18)                    # EncryptedTensor<float64, shape=(1, 64, 56, 56)>
        %20 = -8.0                             # ClearScalar<float64>
        %21 = 7.0                              # ClearScalar<float64>
        %22 = clip(%19, %20, %21)              # EncryptedTensor<float64, shape=(1, 64, 56, 56)>
        %23 = rint(%22)                        # EncryptedTensor<float64, shape=(1, 64, 56, 56)>
        %24 = 0.0                              # ClearScalar<float32>
        %25 = subtract(%23, %24)               # EncryptedTensor<float64, shape=(1, 64, 56, 56)>
        %26 = 0.743285                         # ClearScalar<float32>
        %27 = multiply(%25, %26)               # EncryptedTensor<float64, shape=(1, 64, 56, 56)>
        %28 = 0.7432850003242493               # ClearScalar<float64>
        %29 = divide(%27, %28)                 # EncryptedTensor<float64, shape=(1, 64, 56, 56)>
        %30 = 0                                # ClearScalar<uint1>
        %31 = add(%29, %30)                    # EncryptedTensor<float64, shape=(1, 64, 56, 56)>
        %32 = rint(%31)                        # EncryptedTensor<float64, shape=(1, 64, 56, 56)>
        %33 = astype(%32, dtype=int_)          # EncryptedTensor<uint1, shape=(1, 64, 56, 56)>
        return %33

    %54 = subgraph(%36):

         %0 = input                          # EncryptedTensor<uint2, shape=(1, 64, 56, 56)>
         %1 = 0.0                            # ClearScalar<float64>
         %2 = subtract(%0, %1)               # EncryptedTensor<float64, shape=(1, 64, 56, 56)>
         %3 = 0.3674601508725074             # ClearScalar<float64>
         %4 = multiply(%3, %2)               # EncryptedTensor<float64, shape=(1, 64, 56, 56)>
         %5 = 0                              # ClearScalar<uint1>
         %6 = maximum(%4, %5)                # EncryptedTensor<float64, shape=(1, 64, 56, 56)>
         %7 = 0.563747                       # ClearScalar<float32>
         %8 = divide(%6, %7)                 # EncryptedTensor<float64, shape=(1, 64, 56, 56)>
         %9 = 0.0                            # ClearScalar<float32>
        %10 = add(%8, %9)                    # EncryptedTensor<float64, shape=(1, 64, 56, 56)>
        %11 = 0.0                            # ClearScalar<float64>
        %12 = 15.0                           # ClearScalar<float64>
        %13 = clip(%10, %11, %12)            # EncryptedTensor<float64, shape=(1, 64, 56, 56)>
        %14 = rint(%13)                      # EncryptedTensor<float64, shape=(1, 64, 56, 56)>
        %15 = 0.0                            # ClearScalar<float32>
        %16 = subtract(%14, %15)             # EncryptedTensor<float64, shape=(1, 64, 56, 56)>
        %17 = 0.563747                       # ClearScalar<float32>
        %18 = multiply(%16, %17)             # EncryptedTensor<float64, shape=(1, 64, 56, 56)>
        %19 = 0.563746988773346              # ClearScalar<float64>
        %20 = divide(%18, %19)               # EncryptedTensor<float64, shape=(1, 64, 56, 56)>
        %21 = 0                              # ClearScalar<uint1>
        %22 = add(%20, %21)                  # EncryptedTensor<float64, shape=(1, 64, 56, 56)>
        %23 = rint(%22)                      # EncryptedTensor<float64, shape=(1, 64, 56, 56)>
        %24 = astype(%23, dtype=int_)        # EncryptedTensor<uint1, shape=(1, 64, 56, 56)>
        return %24

    %55 = subgraph(%53):

         %0 = input                         # EncryptedTensor<uint1, shape=(1, 64, 56, 56)>
         %1 = 0.0                           # ClearScalar<float64>
         %2 = subtract(%0, %1)              # EncryptedTensor<float64, shape=(1, 64, 56, 56)>
         %3 = 0.7432850003242493            # ClearScalar<float64>
         %4 = multiply(%3, %2)              # EncryptedTensor<float64, shape=(1, 64, 56, 56)>
         %5 = 0.47038783373371246           # ClearScalar<float64>
         %6 = divide(%4, %5)                # EncryptedTensor<float64, shape=(1, 64, 56, 56)>
         %7 = 0                             # ClearScalar<uint1>
         %8 = add(%6, %7)                   # EncryptedTensor<float64, shape=(1, 64, 56, 56)>
         %9 = rint(%8)                      # EncryptedTensor<float64, shape=(1, 64, 56, 56)>
        %10 = astype(%9, dtype=int_)        # EncryptedTensor<uint1, shape=(1, 64, 56, 56)>
        return %10

    %56 = subgraph(%54):

         %0 = input                         # EncryptedTensor<uint1, shape=(1, 64, 56, 56)>
         %1 = 0.0                           # ClearScalar<float64>
         %2 = subtract(%0, %1)              # EncryptedTensor<float64, shape=(1, 64, 56, 56)>
         %3 = 0.563746988773346             # ClearScalar<float64>
         %4 = multiply(%3, %2)              # EncryptedTensor<float64, shape=(1, 64, 56, 56)>
         %5 = 0.47038783373371246           # ClearScalar<float64>
         %6 = divide(%4, %5)                # EncryptedTensor<float64, shape=(1, 64, 56, 56)>
         %7 = 0                             # ClearScalar<uint1>
         %8 = add(%6, %7)                   # EncryptedTensor<float64, shape=(1, 64, 56, 56)>
         %9 = rint(%8)                      # EncryptedTensor<float64, shape=(1, 64, 56, 56)>
        %10 = astype(%9, dtype=int_)        # EncryptedTensor<uint1, shape=(1, 64, 56, 56)>
        return %10

    %60 = subgraph(%59):

         %0 = input                          # EncryptedTensor<uint2, shape=(1, 64, 56, 56)>
         %1 = 0.0                            # ClearScalar<float64>
         %2 = subtract(%0, %1)               # EncryptedTensor<float64, shape=(1, 64, 56, 56)>
         %3 = 0.47038783373371246            # ClearScalar<float64>
         %4 = multiply(%3, %2)               # EncryptedTensor<float64, shape=(1, 64, 56, 56)>
         %5 = 0                              # ClearScalar<uint1>
         %6 = maximum(%4, %5)                # EncryptedTensor<float64, shape=(1, 64, 56, 56)>
         %7 = 0.7174779                      # ClearScalar<float32>
         %8 = divide(%6, %7)                 # EncryptedTensor<float64, shape=(1, 64, 56, 56)>
         %9 = 0.0                            # ClearScalar<float32>
        %10 = add(%8, %9)                    # EncryptedTensor<float64, shape=(1, 64, 56, 56)>
        %11 = 0.0                            # ClearScalar<float64>
        %12 = 15.0                           # ClearScalar<float64>
        %13 = clip(%10, %11, %12)            # EncryptedTensor<float64, shape=(1, 64, 56, 56)>
        %14 = rint(%13)                      # EncryptedTensor<float64, shape=(1, 64, 56, 56)>
        %15 = 0.0                            # ClearScalar<float32>
        %16 = subtract(%14, %15)             # EncryptedTensor<float64, shape=(1, 64, 56, 56)>
        %17 = 0.7174779                      # ClearScalar<float32>
        %18 = multiply(%16, %17)             # EncryptedTensor<float64, shape=(1, 64, 56, 56)>
        %19 = 0.7174779176712036             # ClearScalar<float64>
        %20 = divide(%18, %19)               # EncryptedTensor<float64, shape=(1, 64, 56, 56)>
        %21 = 0                              # ClearScalar<uint1>
        %22 = add(%20, %21)                  # EncryptedTensor<float64, shape=(1, 64, 56, 56)>
        %23 = rint(%22)                      # EncryptedTensor<float64, shape=(1, 64, 56, 56)>
        %24 = astype(%23, dtype=int_)        # EncryptedTensor<uint1, shape=(1, 64, 56, 56)>
        return %24

    %68 = subgraph(%67):

         %0 = input                            # EncryptedTensor<uint1, shape=(1, 128, 28, 28)>          @ /trunk/trunk.8/C1/Conv.conv_rounding
         %1 = astype(%0, dtype=float64)        # EncryptedTensor<float64, shape=(1, 128, 28, 28)>
         %2 = 0                                # ClearScalar<uint1>
         %3 = add(%1, %2)                      # EncryptedTensor<float64, shape=(1, 128, 28, 28)>
         %4 = [[[[0]]  [ ... ]  [[0]]]]        # ClearTensor<uint1, shape=(1, 128, 1, 1)>
         %5 = subtract(%3, %4)                 # EncryptedTensor<float64, shape=(1, 128, 28, 28)>
         %6 = 0.01992935428704734              # ClearScalar<float64>
         %7 = multiply(%6, %5)                 # EncryptedTensor<float64, shape=(1, 128, 28, 28)>
         %8 = [[[[ 1.196 ... 37047 ]]]]        # ClearTensor<float32, shape=(1, 128, 1, 1)>
         %9 = subtract(%7, %8)                 # EncryptedTensor<float64, shape=(1, 128, 28, 28)>
        %10 = [[[[3.6261 ... 674033]]]]        # ClearTensor<float32, shape=(1, 128, 1, 1)>
        %11 = divide(%9, %10)                  # EncryptedTensor<float64, shape=(1, 128, 28, 28)>
        %12 = [[[[0.9414 ... 93865 ]]]]        # ClearTensor<float32, shape=(1, 128, 1, 1)>
        %13 = multiply(%11, %12)               # EncryptedTensor<float64, shape=(1, 128, 28, 28)>
        %14 = [[[[-3.095 ... 75e-02]]]]        # ClearTensor<float32, shape=(1, 128, 1, 1)>
        %15 = add(%13, %14)                    # EncryptedTensor<float64, shape=(1, 128, 28, 28)>
        %16 = 0                                # ClearScalar<uint1>
        %17 = maximum(%15, %16)                # EncryptedTensor<float64, shape=(1, 128, 28, 28)>
        %18 = 0.3812556                        # ClearScalar<float32>
        %19 = divide(%17, %18)                 # EncryptedTensor<float64, shape=(1, 128, 28, 28)>
        %20 = 0.0                              # ClearScalar<float32>
        %21 = add(%19, %20)                    # EncryptedTensor<float64, shape=(1, 128, 28, 28)>
        %22 = 0.0                              # ClearScalar<float64>
        %23 = 15.0                             # ClearScalar<float64>
        %24 = clip(%21, %22, %23)              # EncryptedTensor<float64, shape=(1, 128, 28, 28)>
        %25 = rint(%24)                        # EncryptedTensor<float64, shape=(1, 128, 28, 28)>
        %26 = 0.0                              # ClearScalar<float32>
        %27 = subtract(%25, %26)               # EncryptedTensor<float64, shape=(1, 128, 28, 28)>
        %28 = 0.3812556                        # ClearScalar<float32>
        %29 = multiply(%27, %28)               # EncryptedTensor<float64, shape=(1, 128, 28, 28)>
        %30 = 0.3812555968761444               # ClearScalar<float64>
        %31 = divide(%29, %30)                 # EncryptedTensor<float64, shape=(1, 128, 28, 28)>
        %32 = 0                                # ClearScalar<uint1>
        %33 = add(%31, %32)                    # EncryptedTensor<float64, shape=(1, 128, 28, 28)>
        %34 = rint(%33)                        # EncryptedTensor<float64, shape=(1, 128, 28, 28)>
        %35 = astype(%34, dtype=int_)          # EncryptedTensor<uint1, shape=(1, 128, 28, 28)>
        return %35

    %76 = subgraph(%59):

         %0 = input                          # EncryptedTensor<uint2, shape=(1, 64, 56, 56)>
         %1 = 0.0                            # ClearScalar<float64>
         %2 = subtract(%0, %1)               # EncryptedTensor<float64, shape=(1, 64, 56, 56)>
         %3 = 0.47038783373371246            # ClearScalar<float64>
         %4 = multiply(%3, %2)               # EncryptedTensor<float64, shape=(1, 64, 56, 56)>
         %5 = 0                              # ClearScalar<uint1>
         %6 = maximum(%4, %5)                # EncryptedTensor<float64, shape=(1, 64, 56, 56)>
         %7 = 0.7174779                      # ClearScalar<float32>
         %8 = divide(%6, %7)                 # EncryptedTensor<float64, shape=(1, 64, 56, 56)>
         %9 = 0.0                            # ClearScalar<float32>
        %10 = add(%8, %9)                    # EncryptedTensor<float64, shape=(1, 64, 56, 56)>
        %11 = 0.0                            # ClearScalar<float64>
        %12 = 15.0                           # ClearScalar<float64>
        %13 = clip(%10, %11, %12)            # EncryptedTensor<float64, shape=(1, 64, 56, 56)>
        %14 = rint(%13)                      # EncryptedTensor<float64, shape=(1, 64, 56, 56)>
        %15 = 0.0                            # ClearScalar<float32>
        %16 = subtract(%14, %15)             # EncryptedTensor<float64, shape=(1, 64, 56, 56)>
        %17 = 0.7174779                      # ClearScalar<float32>
        %18 = multiply(%16, %17)             # EncryptedTensor<float64, shape=(1, 64, 56, 56)>
        %19 = 0.7174779176712036             # ClearScalar<float64>
        %20 = divide(%18, %19)               # EncryptedTensor<float64, shape=(1, 64, 56, 56)>
        %21 = 0                              # ClearScalar<uint1>
        %22 = add(%20, %21)                  # EncryptedTensor<float64, shape=(1, 64, 56, 56)>
        %23 = rint(%22)                      # EncryptedTensor<float64, shape=(1, 64, 56, 56)>
        %24 = astype(%23, dtype=int_)        # EncryptedTensor<uint1, shape=(1, 64, 56, 56)>
        return %24

    %80 = subgraph(%75):

         %0 = input                            # EncryptedTensor<uint1, shape=(1, 128, 28, 28)>          @ /trunk/trunk.8/C2/Conv.conv_rounding
         %1 = astype(%0, dtype=float64)        # EncryptedTensor<float64, shape=(1, 128, 28, 28)>
         %2 = 0                                # ClearScalar<uint1>
         %3 = add(%1, %2)                      # EncryptedTensor<float64, shape=(1, 128, 28, 28)>
         %4 = [[[[0]]  [ ... ]  [[0]]]]        # ClearTensor<uint1, shape=(1, 128, 1, 1)>
         %5 = subtract(%3, %4)                 # EncryptedTensor<float64, shape=(1, 128, 28, 28)>
         %6 = 0.010202221096567432             # ClearScalar<float64>
         %7 = multiply(%6, %5)                 # EncryptedTensor<float64, shape=(1, 128, 28, 28)>
         %8 = [[[[ 1.859 ... 71971 ]]]]        # ClearTensor<float32, shape=(1, 128, 1, 1)>
         %9 = subtract(%7, %8)                 # EncryptedTensor<float64, shape=(1, 128, 28, 28)>
        %10 = [[[[2.3407 ... 292214]]]]        # ClearTensor<float32, shape=(1, 128, 1, 1)>
        %11 = divide(%9, %10)                  # EncryptedTensor<float64, shape=(1, 128, 28, 28)>
        %12 = [[[[0.9722 ... 313504]]]]        # ClearTensor<float32, shape=(1, 128, 1, 1)>
        %13 = multiply(%11, %12)               # EncryptedTensor<float64, shape=(1, 128, 28, 28)>
        %14 = [[[[ 1.268 ... 60e-03]]]]        # ClearTensor<float32, shape=(1, 128, 1, 1)>
        %15 = add(%13, %14)                    # EncryptedTensor<float64, shape=(1, 128, 28, 28)>
        %16 = 0.8843362                        # ClearScalar<float32>
        %17 = divide(%15, %16)                 # EncryptedTensor<float64, shape=(1, 128, 28, 28)>
        %18 = 0.0                              # ClearScalar<float32>
        %19 = add(%17, %18)                    # EncryptedTensor<float64, shape=(1, 128, 28, 28)>
        %20 = -8.0                             # ClearScalar<float64>
        %21 = 7.0                              # ClearScalar<float64>
        %22 = clip(%19, %20, %21)              # EncryptedTensor<float64, shape=(1, 128, 28, 28)>
        %23 = rint(%22)                        # EncryptedTensor<float64, shape=(1, 128, 28, 28)>
        %24 = 0.0                              # ClearScalar<float32>
        %25 = subtract(%23, %24)               # EncryptedTensor<float64, shape=(1, 128, 28, 28)>
        %26 = 0.8843362                        # ClearScalar<float32>
        %27 = multiply(%25, %26)               # EncryptedTensor<float64, shape=(1, 128, 28, 28)>
        %28 = 0.8843361735343933               # ClearScalar<float64>
        %29 = divide(%27, %28)                 # EncryptedTensor<float64, shape=(1, 128, 28, 28)>
        %30 = 0                                # ClearScalar<uint1>
        %31 = add(%29, %30)                    # EncryptedTensor<float64, shape=(1, 128, 28, 28)>
        %32 = rint(%31)                        # EncryptedTensor<float64, shape=(1, 128, 28, 28)>
        %33 = astype(%32, dtype=int_)          # EncryptedTensor<uint1, shape=(1, 128, 28, 28)>
        return %33

    %81 = subgraph(%79):

         %0 = input                            # EncryptedTensor<uint1, shape=(1, 128, 28, 28)>          @ /trunk/trunk.8/shortcut/Conv.conv_rounding
         %1 = astype(%0, dtype=float64)        # EncryptedTensor<float64, shape=(1, 128, 28, 28)>
         %2 = 0                                # ClearScalar<uint1>
         %3 = add(%1, %2)                      # EncryptedTensor<float64, shape=(1, 128, 28, 28)>
         %4 = [[[[0]]  [ ... ]  [[0]]]]        # ClearTensor<uint1, shape=(1, 128, 1, 1)>
         %5 = subtract(%3, %4)                 # EncryptedTensor<float64, shape=(1, 128, 28, 28)>
         %6 = 0.04517408739554263              # ClearScalar<float64>
         %7 = multiply(%6, %5)                 # EncryptedTensor<float64, shape=(1, 128, 28, 28)>
         %8 = [[[[ 0.825 ... 476902]]]]        # ClearTensor<float32, shape=(1, 128, 1, 1)>
         %9 = subtract(%7, %8)                 # EncryptedTensor<float64, shape=(1, 128, 28, 28)>
        %10 = [[[[1.5131 ... 90615 ]]]]        # ClearTensor<float32, shape=(1, 128, 1, 1)>
        %11 = divide(%9, %10)                  # EncryptedTensor<float64, shape=(1, 128, 28, 28)>
        %12 = [[[[0.9979 ... 54412 ]]]]        # ClearTensor<float32, shape=(1, 128, 1, 1)>
        %13 = multiply(%11, %12)               # EncryptedTensor<float64, shape=(1, 128, 28, 28)>
        %14 = [[[[ 1.185 ... 38e-03]]]]        # ClearTensor<float32, shape=(1, 128, 1, 1)>
        %15 = add(%13, %14)                    # EncryptedTensor<float64, shape=(1, 128, 28, 28)>
        %16 = 0.69129694                       # ClearScalar<float32>
        %17 = divide(%15, %16)                 # EncryptedTensor<float64, shape=(1, 128, 28, 28)>
        %18 = 0.0                              # ClearScalar<float32>
        %19 = add(%17, %18)                    # EncryptedTensor<float64, shape=(1, 128, 28, 28)>
        %20 = -8.0                             # ClearScalar<float64>
        %21 = 7.0                              # ClearScalar<float64>
        %22 = clip(%19, %20, %21)              # EncryptedTensor<float64, shape=(1, 128, 28, 28)>
        %23 = rint(%22)                        # EncryptedTensor<float64, shape=(1, 128, 28, 28)>
        %24 = 0.0                              # ClearScalar<float32>
        %25 = subtract(%23, %24)               # EncryptedTensor<float64, shape=(1, 128, 28, 28)>
        %26 = 0.69129694                       # ClearScalar<float32>
        %27 = multiply(%25, %26)               # EncryptedTensor<float64, shape=(1, 128, 28, 28)>
        %28 = 0.6912969350814819               # ClearScalar<float64>
        %29 = divide(%27, %28)                 # EncryptedTensor<float64, shape=(1, 128, 28, 28)>
        %30 = 0                                # ClearScalar<uint1>
        %31 = add(%29, %30)                    # EncryptedTensor<float64, shape=(1, 128, 28, 28)>
        %32 = rint(%31)                        # EncryptedTensor<float64, shape=(1, 128, 28, 28)>
        %33 = astype(%32, dtype=int_)          # EncryptedTensor<uint1, shape=(1, 128, 28, 28)>
        return %33

    %82 = subgraph(%80):

         %0 = input                         # EncryptedTensor<uint1, shape=(1, 128, 28, 28)>
         %1 = 0.0                           # ClearScalar<float64>
         %2 = subtract(%0, %1)              # EncryptedTensor<float64, shape=(1, 128, 28, 28)>
         %3 = 0.8843361735343933            # ClearScalar<float64>
         %4 = multiply(%3, %2)              # EncryptedTensor<float64, shape=(1, 128, 28, 28)>
         %5 = 0.4735146991668209            # ClearScalar<float64>
         %6 = divide(%4, %5)                # EncryptedTensor<float64, shape=(1, 128, 28, 28)>
         %7 = 0                             # ClearScalar<uint1>
         %8 = add(%6, %7)                   # EncryptedTensor<float64, shape=(1, 128, 28, 28)>
         %9 = rint(%8)                      # EncryptedTensor<float64, shape=(1, 128, 28, 28)>
        %10 = astype(%9, dtype=int_)        # EncryptedTensor<uint1, shape=(1, 128, 28, 28)>
        return %10

    %83 = subgraph(%81):

         %0 = input                         # EncryptedTensor<uint1, shape=(1, 128, 28, 28)>
         %1 = 0.0                           # ClearScalar<float64>
         %2 = subtract(%0, %1)              # EncryptedTensor<float64, shape=(1, 128, 28, 28)>
         %3 = 0.6912969350814819            # ClearScalar<float64>
         %4 = multiply(%3, %2)              # EncryptedTensor<float64, shape=(1, 128, 28, 28)>
         %5 = 0.4735146991668209            # ClearScalar<float64>
         %6 = divide(%4, %5)                # EncryptedTensor<float64, shape=(1, 128, 28, 28)>
         %7 = 0                             # ClearScalar<uint1>
         %8 = add(%6, %7)                   # EncryptedTensor<float64, shape=(1, 128, 28, 28)>
         %9 = rint(%8)                      # EncryptedTensor<float64, shape=(1, 128, 28, 28)>
        %10 = astype(%9, dtype=int_)        # EncryptedTensor<uint1, shape=(1, 128, 28, 28)>
        return %10

    %87 = subgraph(%86):

         %0 = input                          # EncryptedTensor<uint2, shape=(1, 128, 28, 28)>
         %1 = 0.0                            # ClearScalar<float64>
         %2 = subtract(%0, %1)               # EncryptedTensor<float64, shape=(1, 128, 28, 28)>
         %3 = 0.4735146991668209             # ClearScalar<float64>
         %4 = multiply(%3, %2)               # EncryptedTensor<float64, shape=(1, 128, 28, 28)>
         %5 = 0                              # ClearScalar<uint1>
         %6 = maximum(%4, %5)                # EncryptedTensor<float64, shape=(1, 128, 28, 28)>
         %7 = 0.6887313                      # ClearScalar<float32>
         %8 = divide(%6, %7)                 # EncryptedTensor<float64, shape=(1, 128, 28, 28)>
         %9 = 0.0                            # ClearScalar<float32>
        %10 = add(%8, %9)                    # EncryptedTensor<float64, shape=(1, 128, 28, 28)>
        %11 = 0.0                            # ClearScalar<float64>
        %12 = 15.0                           # ClearScalar<float64>
        %13 = clip(%10, %11, %12)            # EncryptedTensor<float64, shape=(1, 128, 28, 28)>
        %14 = rint(%13)                      # EncryptedTensor<float64, shape=(1, 128, 28, 28)>
        %15 = 0.0                            # ClearScalar<float32>
        %16 = subtract(%14, %15)             # EncryptedTensor<float64, shape=(1, 128, 28, 28)>
        %17 = 0.6887313                      # ClearScalar<float32>
        %18 = multiply(%16, %17)             # EncryptedTensor<float64, shape=(1, 128, 28, 28)>
        %19 = 0.68873131275177               # ClearScalar<float64>
        %20 = divide(%18, %19)               # EncryptedTensor<float64, shape=(1, 128, 28, 28)>
        %21 = 0                              # ClearScalar<uint1>
        %22 = add(%20, %21)                  # EncryptedTensor<float64, shape=(1, 128, 28, 28)>
        %23 = rint(%22)                      # EncryptedTensor<float64, shape=(1, 128, 28, 28)>
        %24 = astype(%23, dtype=int_)        # EncryptedTensor<uint1, shape=(1, 128, 28, 28)>
        return %24

    %95 = subgraph(%94):

         %0 = input                            # EncryptedTensor<uint1, shape=(1, 128, 28, 28)>          @ /trunk/trunk.9/C1/Conv.conv_rounding
         %1 = astype(%0, dtype=float64)        # EncryptedTensor<float64, shape=(1, 128, 28, 28)>
         %2 = 0                                # ClearScalar<uint1>
         %3 = add(%1, %2)                      # EncryptedTensor<float64, shape=(1, 128, 28, 28)>
         %4 = [[[[0]]  [ ... ]  [[0]]]]        # ClearTensor<uint1, shape=(1, 128, 1, 1)>
         %5 = subtract(%3, %4)                 # EncryptedTensor<float64, shape=(1, 128, 28, 28)>
         %6 = 0.021960055472046935             # ClearScalar<float64>
         %7 = multiply(%6, %5)                 # EncryptedTensor<float64, shape=(1, 128, 28, 28)>
         %8 = [[[[-1.694 ... 62e-01]]]]        # ClearTensor<float32, shape=(1, 128, 1, 1)>
         %9 = subtract(%7, %8)                 # EncryptedTensor<float64, shape=(1, 128, 28, 28)>
        %10 = [[[[3.7333 ... 233105]]]]        # ClearTensor<float32, shape=(1, 128, 1, 1)>
        %11 = divide(%9, %10)                  # EncryptedTensor<float64, shape=(1, 128, 28, 28)>
        %12 = [[[[0.9321 ... 744734]]]]        # ClearTensor<float32, shape=(1, 128, 1, 1)>
        %13 = multiply(%11, %12)               # EncryptedTensor<float64, shape=(1, 128, 28, 28)>
        %14 = [[[[-0.031 ... 447552]]]]        # ClearTensor<float32, shape=(1, 128, 1, 1)>
        %15 = add(%13, %14)                    # EncryptedTensor<float64, shape=(1, 128, 28, 28)>
        %16 = 0                                # ClearScalar<uint1>
        %17 = maximum(%15, %16)                # EncryptedTensor<float64, shape=(1, 128, 28, 28)>
        %18 = 0.46349254                       # ClearScalar<float32>
        %19 = divide(%17, %18)                 # EncryptedTensor<float64, shape=(1, 128, 28, 28)>
        %20 = 0.0                              # ClearScalar<float32>
        %21 = add(%19, %20)                    # EncryptedTensor<float64, shape=(1, 128, 28, 28)>
        %22 = 0.0                              # ClearScalar<float64>
        %23 = 15.0                             # ClearScalar<float64>
        %24 = clip(%21, %22, %23)              # EncryptedTensor<float64, shape=(1, 128, 28, 28)>
        %25 = rint(%24)                        # EncryptedTensor<float64, shape=(1, 128, 28, 28)>
        %26 = 0.0                              # ClearScalar<float32>
        %27 = subtract(%25, %26)               # EncryptedTensor<float64, shape=(1, 128, 28, 28)>
        %28 = 0.46349254                       # ClearScalar<float32>
        %29 = multiply(%27, %28)               # EncryptedTensor<float64, shape=(1, 128, 28, 28)>
        %30 = 0.4634925425052643               # ClearScalar<float64>
        %31 = divide(%29, %30)                 # EncryptedTensor<float64, shape=(1, 128, 28, 28)>
        %32 = 0                                # ClearScalar<uint1>
        %33 = add(%31, %32)                    # EncryptedTensor<float64, shape=(1, 128, 28, 28)>
        %34 = rint(%33)                        # EncryptedTensor<float64, shape=(1, 128, 28, 28)>
        %35 = astype(%34, dtype=int_)          # EncryptedTensor<uint1, shape=(1, 128, 28, 28)>
        return %35

    %103 = subgraph(%102):

         %0 = input                            # EncryptedTensor<uint1, shape=(1, 128, 28, 28)>          @ /trunk/trunk.9/C2/Conv.conv_rounding
         %1 = astype(%0, dtype=float64)        # EncryptedTensor<float64, shape=(1, 128, 28, 28)>
         %2 = 0                                # ClearScalar<uint1>
         %3 = add(%1, %2)                      # EncryptedTensor<float64, shape=(1, 128, 28, 28)>
         %4 = [[[[0]]  [ ... ]  [[0]]]]        # ClearTensor<uint1, shape=(1, 128, 1, 1)>
         %5 = subtract(%3, %4)                 # EncryptedTensor<float64, shape=(1, 128, 28, 28)>
         %6 = 0.014178603616136987             # ClearScalar<float64>
         %7 = multiply(%6, %5)                 # EncryptedTensor<float64, shape=(1, 128, 28, 28)>
         %8 = [[[[ 0.795 ... 98906 ]]]]        # ClearTensor<float32, shape=(1, 128, 1, 1)>
         %9 = subtract(%7, %8)                 # EncryptedTensor<float64, shape=(1, 128, 28, 28)>
        %10 = [[[[2.2918 ... 187323]]]]        # ClearTensor<float32, shape=(1, 128, 1, 1)>
        %11 = divide(%9, %10)                  # EncryptedTensor<float64, shape=(1, 128, 28, 28)>
        %12 = [[[[0.9797 ... 34966 ]]]]        # ClearTensor<float32, shape=(1, 128, 1, 1)>
        %13 = multiply(%11, %12)               # EncryptedTensor<float64, shape=(1, 128, 28, 28)>
        %14 = [[[[ 0.009 ... 849876]]]]        # ClearTensor<float32, shape=(1, 128, 1, 1)>
        %15 = add(%13, %14)                    # EncryptedTensor<float64, shape=(1, 128, 28, 28)>
        %16 = 1.0304811                        # ClearScalar<float32>
        %17 = divide(%15, %16)                 # EncryptedTensor<float64, shape=(1, 128, 28, 28)>
        %18 = 0.0                              # ClearScalar<float32>
        %19 = add(%17, %18)                    # EncryptedTensor<float64, shape=(1, 128, 28, 28)>
        %20 = -8.0                             # ClearScalar<float64>
        %21 = 7.0                              # ClearScalar<float64>
        %22 = clip(%19, %20, %21)              # EncryptedTensor<float64, shape=(1, 128, 28, 28)>
        %23 = rint(%22)                        # EncryptedTensor<float64, shape=(1, 128, 28, 28)>
        %24 = 0.0                              # ClearScalar<float32>
        %25 = subtract(%23, %24)               # EncryptedTensor<float64, shape=(1, 128, 28, 28)>
        %26 = 1.0304811                        # ClearScalar<float32>
        %27 = multiply(%25, %26)               # EncryptedTensor<float64, shape=(1, 128, 28, 28)>
        %28 = 1.0304811000823975               # ClearScalar<float64>
        %29 = divide(%27, %28)                 # EncryptedTensor<float64, shape=(1, 128, 28, 28)>
        %30 = 0                                # ClearScalar<uint1>
        %31 = add(%29, %30)                    # EncryptedTensor<float64, shape=(1, 128, 28, 28)>
        %32 = rint(%31)                        # EncryptedTensor<float64, shape=(1, 128, 28, 28)>
        %33 = astype(%32, dtype=int_)          # EncryptedTensor<uint1, shape=(1, 128, 28, 28)>
        return %33

    %104 = subgraph(%86):

         %0 = input                          # EncryptedTensor<uint2, shape=(1, 128, 28, 28)>
         %1 = 0.0                            # ClearScalar<float64>
         %2 = subtract(%0, %1)               # EncryptedTensor<float64, shape=(1, 128, 28, 28)>
         %3 = 0.4735146991668209             # ClearScalar<float64>
         %4 = multiply(%3, %2)               # EncryptedTensor<float64, shape=(1, 128, 28, 28)>
         %5 = 0                              # ClearScalar<uint1>
         %6 = maximum(%4, %5)                # EncryptedTensor<float64, shape=(1, 128, 28, 28)>
         %7 = 0.6887313                      # ClearScalar<float32>
         %8 = divide(%6, %7)                 # EncryptedTensor<float64, shape=(1, 128, 28, 28)>
         %9 = 0.0                            # ClearScalar<float32>
        %10 = add(%8, %9)                    # EncryptedTensor<float64, shape=(1, 128, 28, 28)>
        %11 = 0.0                            # ClearScalar<float64>
        %12 = 15.0                           # ClearScalar<float64>
        %13 = clip(%10, %11, %12)            # EncryptedTensor<float64, shape=(1, 128, 28, 28)>
        %14 = rint(%13)                      # EncryptedTensor<float64, shape=(1, 128, 28, 28)>
        %15 = 0.0                            # ClearScalar<float32>
        %16 = subtract(%14, %15)             # EncryptedTensor<float64, shape=(1, 128, 28, 28)>
        %17 = 0.6887313                      # ClearScalar<float32>
        %18 = multiply(%16, %17)             # EncryptedTensor<float64, shape=(1, 128, 28, 28)>
        %19 = 0.68873131275177               # ClearScalar<float64>
        %20 = divide(%18, %19)               # EncryptedTensor<float64, shape=(1, 128, 28, 28)>
        %21 = 0                              # ClearScalar<uint1>
        %22 = add(%20, %21)                  # EncryptedTensor<float64, shape=(1, 128, 28, 28)>
        %23 = rint(%22)                      # EncryptedTensor<float64, shape=(1, 128, 28, 28)>
        %24 = astype(%23, dtype=int_)        # EncryptedTensor<uint1, shape=(1, 128, 28, 28)>
        return %24

    %105 = subgraph(%103):

         %0 = input                         # EncryptedTensor<uint1, shape=(1, 128, 28, 28)>
         %1 = 0.0                           # ClearScalar<float64>
         %2 = subtract(%0, %1)              # EncryptedTensor<float64, shape=(1, 128, 28, 28)>
         %3 = 1.0304811000823975            # ClearScalar<float64>
         %4 = multiply(%3, %2)              # EncryptedTensor<float64, shape=(1, 128, 28, 28)>
         %5 = 0.51031913680415              # ClearScalar<float64>
         %6 = divide(%4, %5)                # EncryptedTensor<float64, shape=(1, 128, 28, 28)>
         %7 = 0                             # ClearScalar<uint1>
         %8 = add(%6, %7)                   # EncryptedTensor<float64, shape=(1, 128, 28, 28)>
         %9 = rint(%8)                      # EncryptedTensor<float64, shape=(1, 128, 28, 28)>
        %10 = astype(%9, dtype=int_)        # EncryptedTensor<uint1, shape=(1, 128, 28, 28)>
        return %10

    %106 = subgraph(%104):

         %0 = input                         # EncryptedTensor<uint1, shape=(1, 128, 28, 28)>
         %1 = 0.0                           # ClearScalar<float64>
         %2 = subtract(%0, %1)              # EncryptedTensor<float64, shape=(1, 128, 28, 28)>
         %3 = 0.68873131275177              # ClearScalar<float64>
         %4 = multiply(%3, %2)              # EncryptedTensor<float64, shape=(1, 128, 28, 28)>
         %5 = 0.51031913680415              # ClearScalar<float64>
         %6 = divide(%4, %5)                # EncryptedTensor<float64, shape=(1, 128, 28, 28)>
         %7 = 0                             # ClearScalar<uint1>
         %8 = add(%6, %7)                   # EncryptedTensor<float64, shape=(1, 128, 28, 28)>
         %9 = rint(%8)                      # EncryptedTensor<float64, shape=(1, 128, 28, 28)>
        %10 = astype(%9, dtype=int_)        # EncryptedTensor<uint1, shape=(1, 128, 28, 28)>
        return %10

    %110 = subgraph(%109):

         %0 = input                          # EncryptedTensor<uint2, shape=(1, 128, 28, 28)>
         %1 = 0.0                            # ClearScalar<float64>
         %2 = subtract(%0, %1)               # EncryptedTensor<float64, shape=(1, 128, 28, 28)>
         %3 = 0.51031913680415               # ClearScalar<float64>
         %4 = multiply(%3, %2)               # EncryptedTensor<float64, shape=(1, 128, 28, 28)>
         %5 = 0                              # ClearScalar<uint1>
         %6 = maximum(%4, %5)                # EncryptedTensor<float64, shape=(1, 128, 28, 28)>
         %7 = 0.95776254                     # ClearScalar<float32>
         %8 = divide(%6, %7)                 # EncryptedTensor<float64, shape=(1, 128, 28, 28)>
         %9 = 0.0                            # ClearScalar<float32>
        %10 = add(%8, %9)                    # EncryptedTensor<float64, shape=(1, 128, 28, 28)>
        %11 = 0.0                            # ClearScalar<float64>
        %12 = 15.0                           # ClearScalar<float64>
        %13 = clip(%10, %11, %12)            # EncryptedTensor<float64, shape=(1, 128, 28, 28)>
        %14 = rint(%13)                      # EncryptedTensor<float64, shape=(1, 128, 28, 28)>
        %15 = 0.0                            # ClearScalar<float32>
        %16 = subtract(%14, %15)             # EncryptedTensor<float64, shape=(1, 128, 28, 28)>
        %17 = 0.95776254                     # ClearScalar<float32>
        %18 = multiply(%16, %17)             # EncryptedTensor<float64, shape=(1, 128, 28, 28)>
        %19 = 0.9577625393867493             # ClearScalar<float64>
        %20 = divide(%18, %19)               # EncryptedTensor<float64, shape=(1, 128, 28, 28)>
        %21 = 0                              # ClearScalar<uint1>
        %22 = add(%20, %21)                  # EncryptedTensor<float64, shape=(1, 128, 28, 28)>
        %23 = rint(%22)                      # EncryptedTensor<float64, shape=(1, 128, 28, 28)>
        %24 = astype(%23, dtype=int_)        # EncryptedTensor<uint1, shape=(1, 128, 28, 28)>
        return %24

    %118 = subgraph(%117):

         %0 = input                            # EncryptedTensor<uint1, shape=(1, 256, 14, 14)>          @ /trunk/trunk.10/C1/Conv.conv_rounding
         %1 = astype(%0, dtype=float64)        # EncryptedTensor<float64, shape=(1, 256, 14, 14)>
         %2 = 0                                # ClearScalar<uint1>
         %3 = add(%1, %2)                      # EncryptedTensor<float64, shape=(1, 256, 14, 14)>
         %4 = [[[[0]]  [ ... ]  [[0]]]]        # ClearTensor<uint1, shape=(1, 256, 1, 1)>
         %5 = subtract(%3, %4)                 # EncryptedTensor<float64, shape=(1, 256, 14, 14)>
         %6 = 0.019472527951010288             # ClearScalar<float64>
         %7 = multiply(%6, %5)                 # EncryptedTensor<float64, shape=(1, 256, 14, 14)>
         %8 = [[[[ 1.591 ... 31678 ]]]]        # ClearTensor<float32, shape=(1, 256, 1, 1)>
         %9 = subtract(%7, %8)                 # EncryptedTensor<float64, shape=(1, 256, 14, 14)>
        %10 = [[[[2.9127 ... 281384]]]]        # ClearTensor<float32, shape=(1, 256, 1, 1)>
        %11 = divide(%9, %10)                  # EncryptedTensor<float64, shape=(1, 256, 14, 14)>
        %12 = [[[[0.9659 ... 405876]]]]        # ClearTensor<float32, shape=(1, 256, 1, 1)>
        %13 = multiply(%11, %12)               # EncryptedTensor<float64, shape=(1, 256, 14, 14)>
        %14 = [[[[ 5.630 ... 67e-02]]]]        # ClearTensor<float32, shape=(1, 256, 1, 1)>
        %15 = add(%13, %14)                    # EncryptedTensor<float64, shape=(1, 256, 14, 14)>
        %16 = 0                                # ClearScalar<uint1>
        %17 = maximum(%15, %16)                # EncryptedTensor<float64, shape=(1, 256, 14, 14)>
        %18 = 0.500098                         # ClearScalar<float32>
        %19 = divide(%17, %18)                 # EncryptedTensor<float64, shape=(1, 256, 14, 14)>
        %20 = 0.0                              # ClearScalar<float32>
        %21 = add(%19, %20)                    # EncryptedTensor<float64, shape=(1, 256, 14, 14)>
        %22 = 0.0                              # ClearScalar<float64>
        %23 = 15.0                             # ClearScalar<float64>
        %24 = clip(%21, %22, %23)              # EncryptedTensor<float64, shape=(1, 256, 14, 14)>
        %25 = rint(%24)                        # EncryptedTensor<float64, shape=(1, 256, 14, 14)>
        %26 = 0.0                              # ClearScalar<float32>
        %27 = subtract(%25, %26)               # EncryptedTensor<float64, shape=(1, 256, 14, 14)>
        %28 = 0.500098                         # ClearScalar<float32>
        %29 = multiply(%27, %28)               # EncryptedTensor<float64, shape=(1, 256, 14, 14)>
        %30 = 0.5000979900360107               # ClearScalar<float64>
        %31 = divide(%29, %30)                 # EncryptedTensor<float64, shape=(1, 256, 14, 14)>
        %32 = 0                                # ClearScalar<uint1>
        %33 = add(%31, %32)                    # EncryptedTensor<float64, shape=(1, 256, 14, 14)>
        %34 = rint(%33)                        # EncryptedTensor<float64, shape=(1, 256, 14, 14)>
        %35 = astype(%34, dtype=int_)          # EncryptedTensor<uint1, shape=(1, 256, 14, 14)>
        return %35

    %126 = subgraph(%109):

         %0 = input                          # EncryptedTensor<uint2, shape=(1, 128, 28, 28)>
         %1 = 0.0                            # ClearScalar<float64>
         %2 = subtract(%0, %1)               # EncryptedTensor<float64, shape=(1, 128, 28, 28)>
         %3 = 0.51031913680415               # ClearScalar<float64>
         %4 = multiply(%3, %2)               # EncryptedTensor<float64, shape=(1, 128, 28, 28)>
         %5 = 0                              # ClearScalar<uint1>
         %6 = maximum(%4, %5)                # EncryptedTensor<float64, shape=(1, 128, 28, 28)>
         %7 = 0.95776254                     # ClearScalar<float32>
         %8 = divide(%6, %7)                 # EncryptedTensor<float64, shape=(1, 128, 28, 28)>
         %9 = 0.0                            # ClearScalar<float32>
        %10 = add(%8, %9)                    # EncryptedTensor<float64, shape=(1, 128, 28, 28)>
        %11 = 0.0                            # ClearScalar<float64>
        %12 = 15.0                           # ClearScalar<float64>
        %13 = clip(%10, %11, %12)            # EncryptedTensor<float64, shape=(1, 128, 28, 28)>
        %14 = rint(%13)                      # EncryptedTensor<float64, shape=(1, 128, 28, 28)>
        %15 = 0.0                            # ClearScalar<float32>
        %16 = subtract(%14, %15)             # EncryptedTensor<float64, shape=(1, 128, 28, 28)>
        %17 = 0.95776254                     # ClearScalar<float32>
        %18 = multiply(%16, %17)             # EncryptedTensor<float64, shape=(1, 128, 28, 28)>
        %19 = 0.9577625393867493             # ClearScalar<float64>
        %20 = divide(%18, %19)               # EncryptedTensor<float64, shape=(1, 128, 28, 28)>
        %21 = 0                              # ClearScalar<uint1>
        %22 = add(%20, %21)                  # EncryptedTensor<float64, shape=(1, 128, 28, 28)>
        %23 = rint(%22)                      # EncryptedTensor<float64, shape=(1, 128, 28, 28)>
        %24 = astype(%23, dtype=int_)        # EncryptedTensor<uint1, shape=(1, 128, 28, 28)>
        return %24

    %130 = subgraph(%125):

         %0 = input                            # EncryptedTensor<uint1, shape=(1, 256, 14, 14)>          @ /trunk/trunk.10/C2/Conv.conv_rounding
         %1 = astype(%0, dtype=float64)        # EncryptedTensor<float64, shape=(1, 256, 14, 14)>
         %2 = 0                                # ClearScalar<uint1>
         %3 = add(%1, %2)                      # EncryptedTensor<float64, shape=(1, 256, 14, 14)>
         %4 = [[[[0]]  [ ... ]  [[0]]]]        # ClearTensor<uint1, shape=(1, 256, 1, 1)>
         %5 = subtract(%3, %4)                 # EncryptedTensor<float64, shape=(1, 256, 14, 14)>
         %6 = 0.009545681367842729             # ClearScalar<float64>
         %7 = multiply(%6, %5)                 # EncryptedTensor<float64, shape=(1, 256, 14, 14)>
         %8 = [[[[ 7.138 ... 12e+00]]]]        # ClearTensor<float32, shape=(1, 256, 1, 1)>
         %9 = subtract(%7, %8)                 # EncryptedTensor<float64, shape=(1, 256, 14, 14)>
        %10 = [[[[3.5809 ... 040976]]]]        # ClearTensor<float32, shape=(1, 256, 1, 1)>
        %11 = divide(%9, %10)                  # EncryptedTensor<float64, shape=(1, 256, 14, 14)>
        %12 = [[[[0.9771 ... 09931 ]]]]        # ClearTensor<float32, shape=(1, 256, 1, 1)>
        %13 = multiply(%11, %12)               # EncryptedTensor<float64, shape=(1, 256, 14, 14)>
        %14 = [[[[ 3.943 ... 13e-03]]]]        # ClearTensor<float32, shape=(1, 256, 1, 1)>
        %15 = add(%13, %14)                    # EncryptedTensor<float64, shape=(1, 256, 14, 14)>
        %16 = 1.0970302                        # ClearScalar<float32>
        %17 = divide(%15, %16)                 # EncryptedTensor<float64, shape=(1, 256, 14, 14)>
        %18 = 0.0                              # ClearScalar<float32>
        %19 = add(%17, %18)                    # EncryptedTensor<float64, shape=(1, 256, 14, 14)>
        %20 = -8.0                             # ClearScalar<float64>
        %21 = 7.0                              # ClearScalar<float64>
        %22 = clip(%19, %20, %21)              # EncryptedTensor<float64, shape=(1, 256, 14, 14)>
        %23 = rint(%22)                        # EncryptedTensor<float64, shape=(1, 256, 14, 14)>
        %24 = 0.0                              # ClearScalar<float32>
        %25 = subtract(%23, %24)               # EncryptedTensor<float64, shape=(1, 256, 14, 14)>
        %26 = 1.0970302                        # ClearScalar<float32>
        %27 = multiply(%25, %26)               # EncryptedTensor<float64, shape=(1, 256, 14, 14)>
        %28 = 1.0970301628112793               # ClearScalar<float64>
        %29 = divide(%27, %28)                 # EncryptedTensor<float64, shape=(1, 256, 14, 14)>
        %30 = 0                                # ClearScalar<uint1>
        %31 = add(%29, %30)                    # EncryptedTensor<float64, shape=(1, 256, 14, 14)>
        %32 = rint(%31)                        # EncryptedTensor<float64, shape=(1, 256, 14, 14)>
        %33 = astype(%32, dtype=int_)          # EncryptedTensor<uint1, shape=(1, 256, 14, 14)>
        return %33

    %131 = subgraph(%129):

         %0 = input                            # EncryptedTensor<uint1, shape=(1, 256, 14, 14)>          @ /trunk/trunk.10/shortcut/Conv.conv_rounding
         %1 = astype(%0, dtype=float64)        # EncryptedTensor<float64, shape=(1, 256, 14, 14)>
         %2 = 0                                # ClearScalar<uint1>
         %3 = add(%1, %2)                      # EncryptedTensor<float64, shape=(1, 256, 14, 14)>
         %4 = [[[[0]]  [ ... ]  [[0]]]]        # ClearTensor<uint1, shape=(1, 256, 1, 1)>
         %5 = subtract(%3, %4)                 # EncryptedTensor<float64, shape=(1, 256, 14, 14)>
         %6 = 0.044057651336324                # ClearScalar<float64>
         %7 = multiply(%6, %5)                 # EncryptedTensor<float64, shape=(1, 256, 14, 14)>
         %8 = [[[[ 1.720 ... 22e-01]]]]        # ClearTensor<float32, shape=(1, 256, 1, 1)>
         %9 = subtract(%7, %8)                 # EncryptedTensor<float64, shape=(1, 256, 14, 14)>
        %10 = [[[[1.9729 ... 49768 ]]]]        # ClearTensor<float32, shape=(1, 256, 1, 1)>
        %11 = divide(%9, %10)                  # EncryptedTensor<float64, shape=(1, 256, 14, 14)>
        %12 = [[[[1.0035 ... 40127 ]]]]        # ClearTensor<float32, shape=(1, 256, 1, 1)>
        %13 = multiply(%11, %12)               # EncryptedTensor<float64, shape=(1, 256, 14, 14)>
        %14 = [[[[ 4.291 ... 23e-02]]]]        # ClearTensor<float32, shape=(1, 256, 1, 1)>
        %15 = add(%13, %14)                    # EncryptedTensor<float64, shape=(1, 256, 14, 14)>
        %16 = 0.96159863                       # ClearScalar<float32>
        %17 = divide(%15, %16)                 # EncryptedTensor<float64, shape=(1, 256, 14, 14)>
        %18 = 0.0                              # ClearScalar<float32>
        %19 = add(%17, %18)                    # EncryptedTensor<float64, shape=(1, 256, 14, 14)>
        %20 = -8.0                             # ClearScalar<float64>
        %21 = 7.0                              # ClearScalar<float64>
        %22 = clip(%19, %20, %21)              # EncryptedTensor<float64, shape=(1, 256, 14, 14)>
        %23 = rint(%22)                        # EncryptedTensor<float64, shape=(1, 256, 14, 14)>
        %24 = 0.0                              # ClearScalar<float32>
        %25 = subtract(%23, %24)               # EncryptedTensor<float64, shape=(1, 256, 14, 14)>
        %26 = 0.96159863                       # ClearScalar<float32>
        %27 = multiply(%25, %26)               # EncryptedTensor<float64, shape=(1, 256, 14, 14)>
        %28 = 0.9615986347198486               # ClearScalar<float64>
        %29 = divide(%27, %28)                 # EncryptedTensor<float64, shape=(1, 256, 14, 14)>
        %30 = 0                                # ClearScalar<uint1>
        %31 = add(%29, %30)                    # EncryptedTensor<float64, shape=(1, 256, 14, 14)>
        %32 = rint(%31)                        # EncryptedTensor<float64, shape=(1, 256, 14, 14)>
        %33 = astype(%32, dtype=int_)          # EncryptedTensor<uint1, shape=(1, 256, 14, 14)>
        return %33

    %132 = subgraph(%130):

         %0 = input                         # EncryptedTensor<uint1, shape=(1, 256, 14, 14)>
         %1 = 0.0                           # ClearScalar<float64>
         %2 = subtract(%0, %1)              # EncryptedTensor<float64, shape=(1, 256, 14, 14)>
         %3 = 1.0970301628112793            # ClearScalar<float64>
         %4 = multiply(%3, %2)              # EncryptedTensor<float64, shape=(1, 256, 14, 14)>
         %5 = 0.5579095963508852            # ClearScalar<float64>
         %6 = divide(%4, %5)                # EncryptedTensor<float64, shape=(1, 256, 14, 14)>
         %7 = 0                             # ClearScalar<uint1>
         %8 = add(%6, %7)                   # EncryptedTensor<float64, shape=(1, 256, 14, 14)>
         %9 = rint(%8)                      # EncryptedTensor<float64, shape=(1, 256, 14, 14)>
        %10 = astype(%9, dtype=int_)        # EncryptedTensor<uint1, shape=(1, 256, 14, 14)>
        return %10

    %133 = subgraph(%131):

         %0 = input                         # EncryptedTensor<uint1, shape=(1, 256, 14, 14)>
         %1 = 0.0                           # ClearScalar<float64>
         %2 = subtract(%0, %1)              # EncryptedTensor<float64, shape=(1, 256, 14, 14)>
         %3 = 0.9615986347198486            # ClearScalar<float64>
         %4 = multiply(%3, %2)              # EncryptedTensor<float64, shape=(1, 256, 14, 14)>
         %5 = 0.5579095963508852            # ClearScalar<float64>
         %6 = divide(%4, %5)                # EncryptedTensor<float64, shape=(1, 256, 14, 14)>
         %7 = 0                             # ClearScalar<uint1>
         %8 = add(%6, %7)                   # EncryptedTensor<float64, shape=(1, 256, 14, 14)>
         %9 = rint(%8)                      # EncryptedTensor<float64, shape=(1, 256, 14, 14)>
        %10 = astype(%9, dtype=int_)        # EncryptedTensor<uint1, shape=(1, 256, 14, 14)>
        return %10

    %137 = subgraph(%136):

         %0 = input                          # EncryptedTensor<uint2, shape=(1, 256, 14, 14)>
         %1 = 0.0                            # ClearScalar<float64>
         %2 = subtract(%0, %1)               # EncryptedTensor<float64, shape=(1, 256, 14, 14)>
         %3 = 0.5579095963508852             # ClearScalar<float64>
         %4 = multiply(%3, %2)               # EncryptedTensor<float64, shape=(1, 256, 14, 14)>
         %5 = 0                              # ClearScalar<uint1>
         %6 = maximum(%4, %5)                # EncryptedTensor<float64, shape=(1, 256, 14, 14)>
         %7 = 0.9296673                      # ClearScalar<float32>
         %8 = divide(%6, %7)                 # EncryptedTensor<float64, shape=(1, 256, 14, 14)>
         %9 = 0.0                            # ClearScalar<float32>
        %10 = add(%8, %9)                    # EncryptedTensor<float64, shape=(1, 256, 14, 14)>
        %11 = 0.0                            # ClearScalar<float64>
        %12 = 15.0                           # ClearScalar<float64>
        %13 = clip(%10, %11, %12)            # EncryptedTensor<float64, shape=(1, 256, 14, 14)>
        %14 = rint(%13)                      # EncryptedTensor<float64, shape=(1, 256, 14, 14)>
        %15 = 0.0                            # ClearScalar<float32>
        %16 = subtract(%14, %15)             # EncryptedTensor<float64, shape=(1, 256, 14, 14)>
        %17 = 0.9296673                      # ClearScalar<float32>
        %18 = multiply(%16, %17)             # EncryptedTensor<float64, shape=(1, 256, 14, 14)>
        %19 = 0.9296672940254211             # ClearScalar<float64>
        %20 = divide(%18, %19)               # EncryptedTensor<float64, shape=(1, 256, 14, 14)>
        %21 = 0                              # ClearScalar<uint1>
        %22 = add(%20, %21)                  # EncryptedTensor<float64, shape=(1, 256, 14, 14)>
        %23 = rint(%22)                      # EncryptedTensor<float64, shape=(1, 256, 14, 14)>
        %24 = astype(%23, dtype=int_)        # EncryptedTensor<uint1, shape=(1, 256, 14, 14)>
        return %24

    %145 = subgraph(%144):

         %0 = input                            # EncryptedTensor<uint1, shape=(1, 256, 14, 14)>          @ /trunk/trunk.11/C1/Conv.conv_rounding
         %1 = astype(%0, dtype=float64)        # EncryptedTensor<float64, shape=(1, 256, 14, 14)>
         %2 = 0                                # ClearScalar<uint1>
         %3 = add(%1, %2)                      # EncryptedTensor<float64, shape=(1, 256, 14, 14)>
         %4 = [[[[0]]  [ ... ]  [[0]]]]        # ClearTensor<uint1, shape=(1, 256, 1, 1)>
         %5 = subtract(%3, %4)                 # EncryptedTensor<float64, shape=(1, 256, 14, 14)>
         %6 = 0.019877093519961475             # ClearScalar<float64>
         %7 = multiply(%6, %5)                 # EncryptedTensor<float64, shape=(1, 256, 14, 14)>
         %8 = [[[[-0.102 ... 26529 ]]]]        # ClearTensor<float32, shape=(1, 256, 1, 1)>
         %9 = subtract(%7, %8)                 # EncryptedTensor<float64, shape=(1, 256, 14, 14)>
        %10 = [[[[4.7742 ... 366368]]]]        # ClearTensor<float32, shape=(1, 256, 1, 1)>
        %11 = divide(%9, %10)                  # EncryptedTensor<float64, shape=(1, 256, 14, 14)>
        %12 = [[[[0.9150 ... 24143 ]]]]        # ClearTensor<float32, shape=(1, 256, 1, 1)>
        %13 = multiply(%11, %12)               # EncryptedTensor<float64, shape=(1, 256, 14, 14)>
        %14 = [[[[-0.006 ... 213942]]]]        # ClearTensor<float32, shape=(1, 256, 1, 1)>
        %15 = add(%13, %14)                    # EncryptedTensor<float64, shape=(1, 256, 14, 14)>
        %16 = 0                                # ClearScalar<uint1>
        %17 = maximum(%15, %16)                # EncryptedTensor<float64, shape=(1, 256, 14, 14)>
        %18 = 0.5799033                        # ClearScalar<float32>
        %19 = divide(%17, %18)                 # EncryptedTensor<float64, shape=(1, 256, 14, 14)>
        %20 = 0.0                              # ClearScalar<float32>
        %21 = add(%19, %20)                    # EncryptedTensor<float64, shape=(1, 256, 14, 14)>
        %22 = 0.0                              # ClearScalar<float64>
        %23 = 15.0                             # ClearScalar<float64>
        %24 = clip(%21, %22, %23)              # EncryptedTensor<float64, shape=(1, 256, 14, 14)>
        %25 = rint(%24)                        # EncryptedTensor<float64, shape=(1, 256, 14, 14)>
        %26 = 0.0                              # ClearScalar<float32>
        %27 = subtract(%25, %26)               # EncryptedTensor<float64, shape=(1, 256, 14, 14)>
        %28 = 0.5799033                        # ClearScalar<float32>
        %29 = multiply(%27, %28)               # EncryptedTensor<float64, shape=(1, 256, 14, 14)>
        %30 = 0.5799033045768738               # ClearScalar<float64>
        %31 = divide(%29, %30)                 # EncryptedTensor<float64, shape=(1, 256, 14, 14)>
        %32 = 0                                # ClearScalar<uint1>
        %33 = add(%31, %32)                    # EncryptedTensor<float64, shape=(1, 256, 14, 14)>
        %34 = rint(%33)                        # EncryptedTensor<float64, shape=(1, 256, 14, 14)>
        %35 = astype(%34, dtype=int_)          # EncryptedTensor<uint1, shape=(1, 256, 14, 14)>
        return %35

    %153 = subgraph(%152):

         %0 = input                            # EncryptedTensor<uint1, shape=(1, 256, 14, 14)>          @ /trunk/trunk.11/C2/Conv.conv_rounding
         %1 = astype(%0, dtype=float64)        # EncryptedTensor<float64, shape=(1, 256, 14, 14)>
         %2 = 0                                # ClearScalar<uint1>
         %3 = add(%1, %2)                      # EncryptedTensor<float64, shape=(1, 256, 14, 14)>
         %4 = [[[[0]]  [ ... ]  [[0]]]]        # ClearTensor<uint1, shape=(1, 256, 1, 1)>
         %5 = subtract(%3, %4)                 # EncryptedTensor<float64, shape=(1, 256, 14, 14)>
         %6 = 0.011123832825897573             # ClearScalar<float64>
         %7 = multiply(%6, %5)                 # EncryptedTensor<float64, shape=(1, 256, 14, 14)>
         %8 = [[[[-0.904 ... 230528]]]]        # ClearTensor<float32, shape=(1, 256, 1, 1)>
         %9 = subtract(%7, %8)                 # EncryptedTensor<float64, shape=(1, 256, 14, 14)>
        %10 = [[[[2.6776 ... 91197 ]]]]        # ClearTensor<float32, shape=(1, 256, 1, 1)>
        %11 = divide(%9, %10)                  # EncryptedTensor<float64, shape=(1, 256, 14, 14)>
        %12 = [[[[0.9626 ... 22929 ]]]]        # ClearTensor<float32, shape=(1, 256, 1, 1)>
        %13 = multiply(%11, %12)               # EncryptedTensor<float64, shape=(1, 256, 14, 14)>
        %14 = [[[[-1.350 ... 43e-02]]]]        # ClearTensor<float32, shape=(1, 256, 1, 1)>
        %15 = add(%13, %14)                    # EncryptedTensor<float64, shape=(1, 256, 14, 14)>
        %16 = 1.2848943                        # ClearScalar<float32>
        %17 = divide(%15, %16)                 # EncryptedTensor<float64, shape=(1, 256, 14, 14)>
        %18 = 0.0                              # ClearScalar<float32>
        %19 = add(%17, %18)                    # EncryptedTensor<float64, shape=(1, 256, 14, 14)>
        %20 = -8.0                             # ClearScalar<float64>
        %21 = 7.0                              # ClearScalar<float64>
        %22 = clip(%19, %20, %21)              # EncryptedTensor<float64, shape=(1, 256, 14, 14)>
        %23 = rint(%22)                        # EncryptedTensor<float64, shape=(1, 256, 14, 14)>
        %24 = 0.0                              # ClearScalar<float32>
        %25 = subtract(%23, %24)               # EncryptedTensor<float64, shape=(1, 256, 14, 14)>
        %26 = 1.2848943                        # ClearScalar<float32>
        %27 = multiply(%25, %26)               # EncryptedTensor<float64, shape=(1, 256, 14, 14)>
        %28 = 1.284894347190857                # ClearScalar<float64>
        %29 = divide(%27, %28)                 # EncryptedTensor<float64, shape=(1, 256, 14, 14)>
        %30 = 0                                # ClearScalar<uint1>
        %31 = add(%29, %30)                    # EncryptedTensor<float64, shape=(1, 256, 14, 14)>
        %32 = rint(%31)                        # EncryptedTensor<float64, shape=(1, 256, 14, 14)>
        %33 = astype(%32, dtype=int_)          # EncryptedTensor<uint1, shape=(1, 256, 14, 14)>
        return %33

    %154 = subgraph(%136):

         %0 = input                          # EncryptedTensor<uint2, shape=(1, 256, 14, 14)>
         %1 = 0.0                            # ClearScalar<float64>
         %2 = subtract(%0, %1)               # EncryptedTensor<float64, shape=(1, 256, 14, 14)>
         %3 = 0.5579095963508852             # ClearScalar<float64>
         %4 = multiply(%3, %2)               # EncryptedTensor<float64, shape=(1, 256, 14, 14)>
         %5 = 0                              # ClearScalar<uint1>
         %6 = maximum(%4, %5)                # EncryptedTensor<float64, shape=(1, 256, 14, 14)>
         %7 = 0.9296673                      # ClearScalar<float32>
         %8 = divide(%6, %7)                 # EncryptedTensor<float64, shape=(1, 256, 14, 14)>
         %9 = 0.0                            # ClearScalar<float32>
        %10 = add(%8, %9)                    # EncryptedTensor<float64, shape=(1, 256, 14, 14)>
        %11 = 0.0                            # ClearScalar<float64>
        %12 = 15.0                           # ClearScalar<float64>
        %13 = clip(%10, %11, %12)            # EncryptedTensor<float64, shape=(1, 256, 14, 14)>
        %14 = rint(%13)                      # EncryptedTensor<float64, shape=(1, 256, 14, 14)>
        %15 = 0.0                            # ClearScalar<float32>
        %16 = subtract(%14, %15)             # EncryptedTensor<float64, shape=(1, 256, 14, 14)>
        %17 = 0.9296673                      # ClearScalar<float32>
        %18 = multiply(%16, %17)             # EncryptedTensor<float64, shape=(1, 256, 14, 14)>
        %19 = 0.9296672940254211             # ClearScalar<float64>
        %20 = divide(%18, %19)               # EncryptedTensor<float64, shape=(1, 256, 14, 14)>
        %21 = 0                              # ClearScalar<uint1>
        %22 = add(%20, %21)                  # EncryptedTensor<float64, shape=(1, 256, 14, 14)>
        %23 = rint(%22)                      # EncryptedTensor<float64, shape=(1, 256, 14, 14)>
        %24 = astype(%23, dtype=int_)        # EncryptedTensor<uint1, shape=(1, 256, 14, 14)>
        return %24

    %155 = subgraph(%153):

         %0 = input                         # EncryptedTensor<uint1, shape=(1, 256, 14, 14)>
         %1 = 0.0                           # ClearScalar<float64>
         %2 = subtract(%0, %1)              # EncryptedTensor<float64, shape=(1, 256, 14, 14)>
         %3 = 1.284894347190857             # ClearScalar<float64>
         %4 = multiply(%3, %2)              # EncryptedTensor<float64, shape=(1, 256, 14, 14)>
         %5 = 0.6200193762779236            # ClearScalar<float64>
         %6 = divide(%4, %5)                # EncryptedTensor<float64, shape=(1, 256, 14, 14)>
         %7 = 0                             # ClearScalar<uint1>
         %8 = add(%6, %7)                   # EncryptedTensor<float64, shape=(1, 256, 14, 14)>
         %9 = rint(%8)                      # EncryptedTensor<float64, shape=(1, 256, 14, 14)>
        %10 = astype(%9, dtype=int_)        # EncryptedTensor<uint1, shape=(1, 256, 14, 14)>
        return %10

    %156 = subgraph(%154):

         %0 = input                         # EncryptedTensor<uint1, shape=(1, 256, 14, 14)>
         %1 = 0.0                           # ClearScalar<float64>
         %2 = subtract(%0, %1)              # EncryptedTensor<float64, shape=(1, 256, 14, 14)>
         %3 = 0.9296672940254211            # ClearScalar<float64>
         %4 = multiply(%3, %2)              # EncryptedTensor<float64, shape=(1, 256, 14, 14)>
         %5 = 0.6200193762779236            # ClearScalar<float64>
         %6 = divide(%4, %5)                # EncryptedTensor<float64, shape=(1, 256, 14, 14)>
         %7 = 0                             # ClearScalar<uint1>
         %8 = add(%6, %7)                   # EncryptedTensor<float64, shape=(1, 256, 14, 14)>
         %9 = rint(%8)                      # EncryptedTensor<float64, shape=(1, 256, 14, 14)>
        %10 = astype(%9, dtype=int_)        # EncryptedTensor<uint1, shape=(1, 256, 14, 14)>
        return %10

    %160 = subgraph(%159):

         %0 = input                          # EncryptedTensor<uint2, shape=(1, 256, 14, 14)>
         %1 = 0.0                            # ClearScalar<float64>
         %2 = subtract(%0, %1)               # EncryptedTensor<float64, shape=(1, 256, 14, 14)>
         %3 = 0.6200193762779236             # ClearScalar<float64>
         %4 = multiply(%3, %2)               # EncryptedTensor<float64, shape=(1, 256, 14, 14)>
         %5 = 0                              # ClearScalar<uint1>
         %6 = maximum(%4, %5)                # EncryptedTensor<float64, shape=(1, 256, 14, 14)>
         %7 = 1.3328563                      # ClearScalar<float32>
         %8 = divide(%6, %7)                 # EncryptedTensor<float64, shape=(1, 256, 14, 14)>
         %9 = 0.0                            # ClearScalar<float32>
        %10 = add(%8, %9)                    # EncryptedTensor<float64, shape=(1, 256, 14, 14)>
        %11 = 0.0                            # ClearScalar<float64>
        %12 = 15.0                           # ClearScalar<float64>
        %13 = clip(%10, %11, %12)            # EncryptedTensor<float64, shape=(1, 256, 14, 14)>
        %14 = rint(%13)                      # EncryptedTensor<float64, shape=(1, 256, 14, 14)>
        %15 = 0.0                            # ClearScalar<float32>
        %16 = subtract(%14, %15)             # EncryptedTensor<float64, shape=(1, 256, 14, 14)>
        %17 = 1.3328563                      # ClearScalar<float32>
        %18 = multiply(%16, %17)             # EncryptedTensor<float64, shape=(1, 256, 14, 14)>
        %19 = 1.332856297492981              # ClearScalar<float64>
        %20 = divide(%18, %19)               # EncryptedTensor<float64, shape=(1, 256, 14, 14)>
        %21 = 0                              # ClearScalar<uint1>
        %22 = add(%20, %21)                  # EncryptedTensor<float64, shape=(1, 256, 14, 14)>
        %23 = rint(%22)                      # EncryptedTensor<float64, shape=(1, 256, 14, 14)>
        %24 = astype(%23, dtype=int_)        # EncryptedTensor<uint1, shape=(1, 256, 14, 14)>
        return %24

    %168 = subgraph(%167):

         %0 = input                            # EncryptedTensor<uint1, shape=(1, 512, 7, 7)>          @ /trunk/trunk.12/C1/Conv.conv_rounding
         %1 = astype(%0, dtype=float64)        # EncryptedTensor<float64, shape=(1, 512, 7, 7)>
         %2 = 0                                # ClearScalar<uint1>
         %3 = add(%1, %2)                      # EncryptedTensor<float64, shape=(1, 512, 7, 7)>
         %4 = [[[[0]]  [ ... ]  [[0]]]]        # ClearTensor<uint1, shape=(1, 512, 1, 1)>
         %5 = subtract(%3, %4)                 # EncryptedTensor<float64, shape=(1, 512, 7, 7)>
         %6 = 0.021633444653321066             # ClearScalar<float64>
         %7 = multiply(%6, %5)                 # EncryptedTensor<float64, shape=(1, 512, 7, 7)>
         %8 = [[[[ 2.438 ... 00e+00]]]]        # ClearTensor<float32, shape=(1, 512, 1, 1)>
         %9 = subtract(%7, %8)                 # EncryptedTensor<float64, shape=(1, 512, 7, 7)>
        %10 = [[[[4.5677 ... 81838 ]]]]        # ClearTensor<float32, shape=(1, 512, 1, 1)>
        %11 = divide(%9, %10)                  # EncryptedTensor<float64, shape=(1, 512, 7, 7)>
        %12 = [[[[0.9471 ... 711736]]]]        # ClearTensor<float32, shape=(1, 512, 1, 1)>
        %13 = multiply(%11, %12)               # EncryptedTensor<float64, shape=(1, 512, 7, 7)>
        %14 = [[[[ 4.818 ... 33e-02]]]]        # ClearTensor<float32, shape=(1, 512, 1, 1)>
        %15 = add(%13, %14)                    # EncryptedTensor<float64, shape=(1, 512, 7, 7)>
        %16 = 0                                # ClearScalar<uint1>
        %17 = maximum(%15, %16)                # EncryptedTensor<float64, shape=(1, 512, 7, 7)>
        %18 = 0.60691136                       # ClearScalar<float32>
        %19 = divide(%17, %18)                 # EncryptedTensor<float64, shape=(1, 512, 7, 7)>
        %20 = 0.0                              # ClearScalar<float32>
        %21 = add(%19, %20)                    # EncryptedTensor<float64, shape=(1, 512, 7, 7)>
        %22 = 0.0                              # ClearScalar<float64>
        %23 = 15.0                             # ClearScalar<float64>
        %24 = clip(%21, %22, %23)              # EncryptedTensor<float64, shape=(1, 512, 7, 7)>
        %25 = rint(%24)                        # EncryptedTensor<float64, shape=(1, 512, 7, 7)>
        %26 = 0.0                              # ClearScalar<float32>
        %27 = subtract(%25, %26)               # EncryptedTensor<float64, shape=(1, 512, 7, 7)>
        %28 = 0.60691136                       # ClearScalar<float32>
        %29 = multiply(%27, %28)               # EncryptedTensor<float64, shape=(1, 512, 7, 7)>
        %30 = 0.6069113612174988               # ClearScalar<float64>
        %31 = divide(%29, %30)                 # EncryptedTensor<float64, shape=(1, 512, 7, 7)>
        %32 = 0                                # ClearScalar<uint1>
        %33 = add(%31, %32)                    # EncryptedTensor<float64, shape=(1, 512, 7, 7)>
        %34 = rint(%33)                        # EncryptedTensor<float64, shape=(1, 512, 7, 7)>
        %35 = astype(%34, dtype=int_)          # EncryptedTensor<uint1, shape=(1, 512, 7, 7)>
        return %35

    %176 = subgraph(%159):

         %0 = input                          # EncryptedTensor<uint2, shape=(1, 256, 14, 14)>
         %1 = 0.0                            # ClearScalar<float64>
         %2 = subtract(%0, %1)               # EncryptedTensor<float64, shape=(1, 256, 14, 14)>
         %3 = 0.6200193762779236             # ClearScalar<float64>
         %4 = multiply(%3, %2)               # EncryptedTensor<float64, shape=(1, 256, 14, 14)>
         %5 = 0                              # ClearScalar<uint1>
         %6 = maximum(%4, %5)                # EncryptedTensor<float64, shape=(1, 256, 14, 14)>
         %7 = 1.3328563                      # ClearScalar<float32>
         %8 = divide(%6, %7)                 # EncryptedTensor<float64, shape=(1, 256, 14, 14)>
         %9 = 0.0                            # ClearScalar<float32>
        %10 = add(%8, %9)                    # EncryptedTensor<float64, shape=(1, 256, 14, 14)>
        %11 = 0.0                            # ClearScalar<float64>
        %12 = 15.0                           # ClearScalar<float64>
        %13 = clip(%10, %11, %12)            # EncryptedTensor<float64, shape=(1, 256, 14, 14)>
        %14 = rint(%13)                      # EncryptedTensor<float64, shape=(1, 256, 14, 14)>
        %15 = 0.0                            # ClearScalar<float32>
        %16 = subtract(%14, %15)             # EncryptedTensor<float64, shape=(1, 256, 14, 14)>
        %17 = 1.3328563                      # ClearScalar<float32>
        %18 = multiply(%16, %17)             # EncryptedTensor<float64, shape=(1, 256, 14, 14)>
        %19 = 1.332856297492981              # ClearScalar<float64>
        %20 = divide(%18, %19)               # EncryptedTensor<float64, shape=(1, 256, 14, 14)>
        %21 = 0                              # ClearScalar<uint1>
        %22 = add(%20, %21)                  # EncryptedTensor<float64, shape=(1, 256, 14, 14)>
        %23 = rint(%22)                      # EncryptedTensor<float64, shape=(1, 256, 14, 14)>
        %24 = astype(%23, dtype=int_)        # EncryptedTensor<uint1, shape=(1, 256, 14, 14)>
        return %24

    %180 = subgraph(%175):

         %0 = input                            # EncryptedTensor<uint1, shape=(1, 512, 7, 7)>          @ /trunk/trunk.12/C2/Conv.conv_rounding
         %1 = astype(%0, dtype=float64)        # EncryptedTensor<float64, shape=(1, 512, 7, 7)>
         %2 = 0                                # ClearScalar<uint1>
         %3 = add(%1, %2)                      # EncryptedTensor<float64, shape=(1, 512, 7, 7)>
         %4 = [[[[0]]  [ ... ]  [[0]]]]        # ClearTensor<uint1, shape=(1, 512, 1, 1)>
         %5 = subtract(%3, %4)                 # EncryptedTensor<float64, shape=(1, 512, 7, 7)>
         %6 = 0.009677549054350143             # ClearScalar<float64>
         %7 = multiply(%6, %5)                 # EncryptedTensor<float64, shape=(1, 512, 7, 7)>
         %8 = [[[[-0.554 ... 24774 ]]]]        # ClearTensor<float32, shape=(1, 512, 1, 1)>
         %9 = subtract(%7, %8)                 # EncryptedTensor<float64, shape=(1, 512, 7, 7)>
        %10 = [[[[5.2927 ... 771707]]]]        # ClearTensor<float32, shape=(1, 512, 1, 1)>
        %11 = divide(%9, %10)                  # EncryptedTensor<float64, shape=(1, 512, 7, 7)>
        %12 = [[[[0.9823 ... 16011 ]]]]        # ClearTensor<float32, shape=(1, 512, 1, 1)>
        %13 = multiply(%11, %12)               # EncryptedTensor<float64, shape=(1, 512, 7, 7)>
        %14 = [[[[ 1.618 ... 84e-02]]]]        # ClearTensor<float32, shape=(1, 512, 1, 1)>
        %15 = add(%13, %14)                    # EncryptedTensor<float64, shape=(1, 512, 7, 7)>
        %16 = 1.2460314                        # ClearScalar<float32>
        %17 = divide(%15, %16)                 # EncryptedTensor<float64, shape=(1, 512, 7, 7)>
        %18 = 0.0                              # ClearScalar<float32>
        %19 = add(%17, %18)                    # EncryptedTensor<float64, shape=(1, 512, 7, 7)>
        %20 = -8.0                             # ClearScalar<float64>
        %21 = 7.0                              # ClearScalar<float64>
        %22 = clip(%19, %20, %21)              # EncryptedTensor<float64, shape=(1, 512, 7, 7)>
        %23 = rint(%22)                        # EncryptedTensor<float64, shape=(1, 512, 7, 7)>
        %24 = 0.0                              # ClearScalar<float32>
        %25 = subtract(%23, %24)               # EncryptedTensor<float64, shape=(1, 512, 7, 7)>
        %26 = 1.2460314                        # ClearScalar<float32>
        %27 = multiply(%25, %26)               # EncryptedTensor<float64, shape=(1, 512, 7, 7)>
        %28 = 1.246031403541565                # ClearScalar<float64>
        %29 = divide(%27, %28)                 # EncryptedTensor<float64, shape=(1, 512, 7, 7)>
        %30 = 0                                # ClearScalar<uint1>
        %31 = add(%29, %30)                    # EncryptedTensor<float64, shape=(1, 512, 7, 7)>
        %32 = rint(%31)                        # EncryptedTensor<float64, shape=(1, 512, 7, 7)>
        %33 = astype(%32, dtype=int_)          # EncryptedTensor<uint1, shape=(1, 512, 7, 7)>
        return %33

    %181 = subgraph(%179):

         %0 = input                            # EncryptedTensor<uint1, shape=(1, 512, 7, 7)>          @ /trunk/trunk.12/shortcut/Conv.conv_rounding
         %1 = astype(%0, dtype=float64)        # EncryptedTensor<float64, shape=(1, 512, 7, 7)>
         %2 = 0                                # ClearScalar<uint1>
         %3 = add(%1, %2)                      # EncryptedTensor<float64, shape=(1, 512, 7, 7)>
         %4 = [[[[0]]  [ ... ]  [[0]]]]        # ClearTensor<uint1, shape=(1, 512, 1, 1)>
         %5 = subtract(%3, %4)                 # EncryptedTensor<float64, shape=(1, 512, 7, 7)>
         %6 = 0.052581356015724445             # ClearScalar<float64>
         %7 = multiply(%6, %5)                 # EncryptedTensor<float64, shape=(1, 512, 7, 7)>
         %8 = [[[[ 1.263 ... 770914]]]]        # ClearTensor<float32, shape=(1, 512, 1, 1)>
         %9 = subtract(%7, %8)                 # EncryptedTensor<float64, shape=(1, 512, 7, 7)>
        %10 = [[[[2.4629 ... 555978]]]]        # ClearTensor<float32, shape=(1, 512, 1, 1)>
        %11 = divide(%9, %10)                  # EncryptedTensor<float64, shape=(1, 512, 7, 7)>
        %12 = [[[[1.0086 ... 01383 ]]]]        # ClearTensor<float32, shape=(1, 512, 1, 1)>
        %13 = multiply(%11, %12)               # EncryptedTensor<float64, shape=(1, 512, 7, 7)>
        %14 = [[[[ 1.495 ... 04e-02]]]]        # ClearTensor<float32, shape=(1, 512, 1, 1)>
        %15 = add(%13, %14)                    # EncryptedTensor<float64, shape=(1, 512, 7, 7)>
        %16 = 1.2723175                        # ClearScalar<float32>
        %17 = divide(%15, %16)                 # EncryptedTensor<float64, shape=(1, 512, 7, 7)>
        %18 = 0.0                              # ClearScalar<float32>
        %19 = add(%17, %18)                    # EncryptedTensor<float64, shape=(1, 512, 7, 7)>
        %20 = -8.0                             # ClearScalar<float64>
        %21 = 7.0                              # ClearScalar<float64>
        %22 = clip(%19, %20, %21)              # EncryptedTensor<float64, shape=(1, 512, 7, 7)>
        %23 = rint(%22)                        # EncryptedTensor<float64, shape=(1, 512, 7, 7)>
        %24 = 0.0                              # ClearScalar<float32>
        %25 = subtract(%23, %24)               # EncryptedTensor<float64, shape=(1, 512, 7, 7)>
        %26 = 1.2723175                        # ClearScalar<float32>
        %27 = multiply(%25, %26)               # EncryptedTensor<float64, shape=(1, 512, 7, 7)>
        %28 = 1.2723175287246704               # ClearScalar<float64>
        %29 = divide(%27, %28)                 # EncryptedTensor<float64, shape=(1, 512, 7, 7)>
        %30 = 0                                # ClearScalar<uint1>
        %31 = add(%29, %30)                    # EncryptedTensor<float64, shape=(1, 512, 7, 7)>
        %32 = rint(%31)                        # EncryptedTensor<float64, shape=(1, 512, 7, 7)>
        %33 = astype(%32, dtype=int_)          # EncryptedTensor<uint1, shape=(1, 512, 7, 7)>
        return %33

    %182 = subgraph(%180):

         %0 = input                         # EncryptedTensor<uint1, shape=(1, 512, 7, 7)>
         %1 = 0.0                           # ClearScalar<float64>
         %2 = subtract(%0, %1)              # EncryptedTensor<float64, shape=(1, 512, 7, 7)>
         %3 = 1.246031403541565             # ClearScalar<float64>
         %4 = multiply(%3, %2)              # EncryptedTensor<float64, shape=(1, 512, 7, 7)>
         %5 = 0.6105498767668202            # ClearScalar<float64>
         %6 = divide(%4, %5)                # EncryptedTensor<float64, shape=(1, 512, 7, 7)>
         %7 = 0                             # ClearScalar<uint1>
         %8 = add(%6, %7)                   # EncryptedTensor<float64, shape=(1, 512, 7, 7)>
         %9 = rint(%8)                      # EncryptedTensor<float64, shape=(1, 512, 7, 7)>
        %10 = astype(%9, dtype=int_)        # EncryptedTensor<uint1, shape=(1, 512, 7, 7)>
        return %10

    %183 = subgraph(%181):

         %0 = input                         # EncryptedTensor<uint1, shape=(1, 512, 7, 7)>
         %1 = 0.0                           # ClearScalar<float64>
         %2 = subtract(%0, %1)              # EncryptedTensor<float64, shape=(1, 512, 7, 7)>
         %3 = 1.2723175287246704            # ClearScalar<float64>
         %4 = multiply(%3, %2)              # EncryptedTensor<float64, shape=(1, 512, 7, 7)>
         %5 = 0.6105498767668202            # ClearScalar<float64>
         %6 = divide(%4, %5)                # EncryptedTensor<float64, shape=(1, 512, 7, 7)>
         %7 = 0                             # ClearScalar<uint1>
         %8 = add(%6, %7)                   # EncryptedTensor<float64, shape=(1, 512, 7, 7)>
         %9 = rint(%8)                      # EncryptedTensor<float64, shape=(1, 512, 7, 7)>
        %10 = astype(%9, dtype=int_)        # EncryptedTensor<uint1, shape=(1, 512, 7, 7)>
        return %10

    %187 = subgraph(%186):

         %0 = input                          # EncryptedTensor<uint2, shape=(1, 512, 7, 7)>
         %1 = 0.0                            # ClearScalar<float64>
         %2 = subtract(%0, %1)               # EncryptedTensor<float64, shape=(1, 512, 7, 7)>
         %3 = 0.6105498767668202             # ClearScalar<float64>
         %4 = multiply(%3, %2)               # EncryptedTensor<float64, shape=(1, 512, 7, 7)>
         %5 = 0                              # ClearScalar<uint1>
         %6 = maximum(%4, %5)                # EncryptedTensor<float64, shape=(1, 512, 7, 7)>
         %7 = 1.1337788                      # ClearScalar<float32>
         %8 = divide(%6, %7)                 # EncryptedTensor<float64, shape=(1, 512, 7, 7)>
         %9 = 0.0                            # ClearScalar<float32>
        %10 = add(%8, %9)                    # EncryptedTensor<float64, shape=(1, 512, 7, 7)>
        %11 = 0.0                            # ClearScalar<float64>
        %12 = 15.0                           # ClearScalar<float64>
        %13 = clip(%10, %11, %12)            # EncryptedTensor<float64, shape=(1, 512, 7, 7)>
        %14 = rint(%13)                      # EncryptedTensor<float64, shape=(1, 512, 7, 7)>
        %15 = 0.0                            # ClearScalar<float32>
        %16 = subtract(%14, %15)             # EncryptedTensor<float64, shape=(1, 512, 7, 7)>
        %17 = 1.1337788                      # ClearScalar<float32>
        %18 = multiply(%16, %17)             # EncryptedTensor<float64, shape=(1, 512, 7, 7)>
        %19 = 1.1337788105010986             # ClearScalar<float64>
        %20 = divide(%18, %19)               # EncryptedTensor<float64, shape=(1, 512, 7, 7)>
        %21 = 0                              # ClearScalar<uint1>
        %22 = add(%20, %21)                  # EncryptedTensor<float64, shape=(1, 512, 7, 7)>
        %23 = rint(%22)                      # EncryptedTensor<float64, shape=(1, 512, 7, 7)>
        %24 = astype(%23, dtype=int_)        # EncryptedTensor<uint1, shape=(1, 512, 7, 7)>
        return %24

    %195 = subgraph(%194):

         %0 = input                            # EncryptedTensor<uint1, shape=(1, 512, 7, 7)>          @ /trunk/trunk.13/C1/Conv.conv_rounding
         %1 = astype(%0, dtype=float64)        # EncryptedTensor<float64, shape=(1, 512, 7, 7)>
         %2 = 0                                # ClearScalar<uint1>
         %3 = add(%1, %2)                      # EncryptedTensor<float64, shape=(1, 512, 7, 7)>
         %4 = [[[[0]]  [ ... ]  [[0]]]]        # ClearTensor<uint1, shape=(1, 512, 1, 1)>
         %5 = subtract(%3, %4)                 # EncryptedTensor<float64, shape=(1, 512, 7, 7)>
         %6 = 0.017544131342877245             # ClearScalar<float64>
         %7 = multiply(%6, %5)                 # EncryptedTensor<float64, shape=(1, 512, 7, 7)>
         %8 = [[[[ 7.493 ... 76e-01]]]]        # ClearTensor<float32, shape=(1, 512, 1, 1)>
         %9 = subtract(%7, %8)                 # EncryptedTensor<float64, shape=(1, 512, 7, 7)>
        %10 = [[[[7.8741 ... 746835]]]]        # ClearTensor<float32, shape=(1, 512, 1, 1)>
        %11 = divide(%9, %10)                  # EncryptedTensor<float64, shape=(1, 512, 7, 7)>
        %12 = [[[[0.9251 ... 77848 ]]]]        # ClearTensor<float32, shape=(1, 512, 1, 1)>
        %13 = multiply(%11, %12)               # EncryptedTensor<float64, shape=(1, 512, 7, 7)>
        %14 = [[[[-3.640 ... 80e-03]]]]        # ClearTensor<float32, shape=(1, 512, 1, 1)>
        %15 = add(%13, %14)                    # EncryptedTensor<float64, shape=(1, 512, 7, 7)>
        %16 = 0                                # ClearScalar<uint1>
        %17 = maximum(%15, %16)                # EncryptedTensor<float64, shape=(1, 512, 7, 7)>
        %18 = 0.61908334                       # ClearScalar<float32>
        %19 = divide(%17, %18)                 # EncryptedTensor<float64, shape=(1, 512, 7, 7)>
        %20 = 0.0                              # ClearScalar<float32>
        %21 = add(%19, %20)                    # EncryptedTensor<float64, shape=(1, 512, 7, 7)>
        %22 = 0.0                              # ClearScalar<float64>
        %23 = 15.0                             # ClearScalar<float64>
        %24 = clip(%21, %22, %23)              # EncryptedTensor<float64, shape=(1, 512, 7, 7)>
        %25 = rint(%24)                        # EncryptedTensor<float64, shape=(1, 512, 7, 7)>
        %26 = 0.0                              # ClearScalar<float32>
        %27 = subtract(%25, %26)               # EncryptedTensor<float64, shape=(1, 512, 7, 7)>
        %28 = 0.61908334                       # ClearScalar<float32>
        %29 = multiply(%27, %28)               # EncryptedTensor<float64, shape=(1, 512, 7, 7)>
        %30 = 0.6190833449363708               # ClearScalar<float64>
        %31 = divide(%29, %30)                 # EncryptedTensor<float64, shape=(1, 512, 7, 7)>
        %32 = 0                                # ClearScalar<uint1>
        %33 = add(%31, %32)                    # EncryptedTensor<float64, shape=(1, 512, 7, 7)>
        %34 = rint(%33)                        # EncryptedTensor<float64, shape=(1, 512, 7, 7)>
        %35 = astype(%34, dtype=int_)          # EncryptedTensor<uint1, shape=(1, 512, 7, 7)>
        return %35

    %203 = subgraph(%202):

         %0 = input                            # EncryptedTensor<uint1, shape=(1, 512, 7, 7)>          @ /trunk/trunk.13/C2/Conv.conv_rounding
         %1 = astype(%0, dtype=float64)        # EncryptedTensor<float64, shape=(1, 512, 7, 7)>
         %2 = 0                                # ClearScalar<uint1>
         %3 = add(%1, %2)                      # EncryptedTensor<float64, shape=(1, 512, 7, 7)>
         %4 = [[[[0]]  [ ... ]  [[0]]]]        # ClearTensor<uint1, shape=(1, 512, 1, 1)>
         %5 = subtract(%3, %4)                 # EncryptedTensor<float64, shape=(1, 512, 7, 7)>
         %6 = 0.009998362961111118             # ClearScalar<float64>
         %7 = multiply(%6, %5)                 # EncryptedTensor<float64, shape=(1, 512, 7, 7)>
         %8 = [[[[-4.543 ... 8366  ]]]]        # ClearTensor<float32, shape=(1, 512, 1, 1)>
         %9 = subtract(%7, %8)                 # EncryptedTensor<float64, shape=(1, 512, 7, 7)>
        %10 = [[[[ 6.660 ... 649242]]]]        # ClearTensor<float32, shape=(1, 512, 1, 1)>
        %11 = divide(%9, %10)                  # EncryptedTensor<float64, shape=(1, 512, 7, 7)>
        %12 = [[[[0.9647 ... 583103]]]]        # ClearTensor<float32, shape=(1, 512, 1, 1)>
        %13 = multiply(%11, %12)               # EncryptedTensor<float64, shape=(1, 512, 7, 7)>
        %14 = [[[[ 8.810 ... 88e-02]]]]        # ClearTensor<float32, shape=(1, 512, 1, 1)>
        %15 = add(%13, %14)                    # EncryptedTensor<float64, shape=(1, 512, 7, 7)>
        %16 = 1.2291467                        # ClearScalar<float32>
        %17 = divide(%15, %16)                 # EncryptedTensor<float64, shape=(1, 512, 7, 7)>
        %18 = 0.0                              # ClearScalar<float32>
        %19 = add(%17, %18)                    # EncryptedTensor<float64, shape=(1, 512, 7, 7)>
        %20 = -8.0                             # ClearScalar<float64>
        %21 = 7.0                              # ClearScalar<float64>
        %22 = clip(%19, %20, %21)              # EncryptedTensor<float64, shape=(1, 512, 7, 7)>
        %23 = rint(%22)                        # EncryptedTensor<float64, shape=(1, 512, 7, 7)>
        %24 = 0.0                              # ClearScalar<float32>
        %25 = subtract(%23, %24)               # EncryptedTensor<float64, shape=(1, 512, 7, 7)>
        %26 = 1.2291467                        # ClearScalar<float32>
        %27 = multiply(%25, %26)               # EncryptedTensor<float64, shape=(1, 512, 7, 7)>
        %28 = 1.2291467189788818               # ClearScalar<float64>
        %29 = divide(%27, %28)                 # EncryptedTensor<float64, shape=(1, 512, 7, 7)>
        %30 = 0                                # ClearScalar<uint1>
        %31 = add(%29, %30)                    # EncryptedTensor<float64, shape=(1, 512, 7, 7)>
        %32 = rint(%31)                        # EncryptedTensor<float64, shape=(1, 512, 7, 7)>
        %33 = astype(%32, dtype=int_)          # EncryptedTensor<uint1, shape=(1, 512, 7, 7)>
        return %33

    %204 = subgraph(%186):

         %0 = input                          # EncryptedTensor<uint2, shape=(1, 512, 7, 7)>
         %1 = 0.0                            # ClearScalar<float64>
         %2 = subtract(%0, %1)               # EncryptedTensor<float64, shape=(1, 512, 7, 7)>
         %3 = 0.6105498767668202             # ClearScalar<float64>
         %4 = multiply(%3, %2)               # EncryptedTensor<float64, shape=(1, 512, 7, 7)>
         %5 = 0                              # ClearScalar<uint1>
         %6 = maximum(%4, %5)                # EncryptedTensor<float64, shape=(1, 512, 7, 7)>
         %7 = 1.1337788                      # ClearScalar<float32>
         %8 = divide(%6, %7)                 # EncryptedTensor<float64, shape=(1, 512, 7, 7)>
         %9 = 0.0                            # ClearScalar<float32>
        %10 = add(%8, %9)                    # EncryptedTensor<float64, shape=(1, 512, 7, 7)>
        %11 = 0.0                            # ClearScalar<float64>
        %12 = 15.0                           # ClearScalar<float64>
        %13 = clip(%10, %11, %12)            # EncryptedTensor<float64, shape=(1, 512, 7, 7)>
        %14 = rint(%13)                      # EncryptedTensor<float64, shape=(1, 512, 7, 7)>
        %15 = 0.0                            # ClearScalar<float32>
        %16 = subtract(%14, %15)             # EncryptedTensor<float64, shape=(1, 512, 7, 7)>
        %17 = 1.1337788                      # ClearScalar<float32>
        %18 = multiply(%16, %17)             # EncryptedTensor<float64, shape=(1, 512, 7, 7)>
        %19 = 1.1337788105010986             # ClearScalar<float64>
        %20 = divide(%18, %19)               # EncryptedTensor<float64, shape=(1, 512, 7, 7)>
        %21 = 0                              # ClearScalar<uint1>
        %22 = add(%20, %21)                  # EncryptedTensor<float64, shape=(1, 512, 7, 7)>
        %23 = rint(%22)                      # EncryptedTensor<float64, shape=(1, 512, 7, 7)>
        %24 = astype(%23, dtype=int_)        # EncryptedTensor<uint1, shape=(1, 512, 7, 7)>
        return %24

    %205 = subgraph(%203):

         %0 = input                         # EncryptedTensor<uint1, shape=(1, 512, 7, 7)>
         %1 = 0.0                           # ClearScalar<float64>
         %2 = subtract(%0, %1)              # EncryptedTensor<float64, shape=(1, 512, 7, 7)>
         %3 = 1.2291467189788818            # ClearScalar<float64>
         %4 = multiply(%3, %2)              # EncryptedTensor<float64, shape=(1, 512, 7, 7)>
         %5 = 0.5639845709646901            # ClearScalar<float64>
         %6 = divide(%4, %5)                # EncryptedTensor<float64, shape=(1, 512, 7, 7)>
         %7 = 0                             # ClearScalar<uint1>
         %8 = add(%6, %7)                   # EncryptedTensor<float64, shape=(1, 512, 7, 7)>
         %9 = rint(%8)                      # EncryptedTensor<float64, shape=(1, 512, 7, 7)>
        %10 = astype(%9, dtype=int_)        # EncryptedTensor<uint1, shape=(1, 512, 7, 7)>
        return %10

    %206 = subgraph(%204):

         %0 = input                         # EncryptedTensor<uint1, shape=(1, 512, 7, 7)>
         %1 = 0.0                           # ClearScalar<float64>
         %2 = subtract(%0, %1)              # EncryptedTensor<float64, shape=(1, 512, 7, 7)>
         %3 = 1.1337788105010986            # ClearScalar<float64>
         %4 = multiply(%3, %2)              # EncryptedTensor<float64, shape=(1, 512, 7, 7)>
         %5 = 0.5639845709646901            # ClearScalar<float64>
         %6 = divide(%4, %5)                # EncryptedTensor<float64, shape=(1, 512, 7, 7)>
         %7 = 0                             # ClearScalar<uint1>
         %8 = add(%6, %7)                   # EncryptedTensor<float64, shape=(1, 512, 7, 7)>
         %9 = rint(%8)                      # EncryptedTensor<float64, shape=(1, 512, 7, 7)>
        %10 = astype(%9, dtype=int_)        # EncryptedTensor<uint1, shape=(1, 512, 7, 7)>
        return %10

    %210 = subgraph(%209):

         %0 = input                          # EncryptedTensor<uint2, shape=(1, 512, 7, 7)>
         %1 = 0.0                            # ClearScalar<float64>
         %2 = subtract(%0, %1)               # EncryptedTensor<float64, shape=(1, 512, 7, 7)>
         %3 = 0.5639845709646901             # ClearScalar<float64>
         %4 = multiply(%3, %2)               # EncryptedTensor<float64, shape=(1, 512, 7, 7)>
         %5 = 0                              # ClearScalar<uint1>
         %6 = maximum(%4, %5)                # EncryptedTensor<float64, shape=(1, 512, 7, 7)>
         %7 = 1.5226682                      # ClearScalar<float32>
         %8 = divide(%6, %7)                 # EncryptedTensor<float64, shape=(1, 512, 7, 7)>
         %9 = 0.0                            # ClearScalar<float32>
        %10 = add(%8, %9)                    # EncryptedTensor<float64, shape=(1, 512, 7, 7)>
        %11 = 0.0                            # ClearScalar<float64>
        %12 = 15.0                           # ClearScalar<float64>
        %13 = clip(%10, %11, %12)            # EncryptedTensor<float64, shape=(1, 512, 7, 7)>
        %14 = rint(%13)                      # EncryptedTensor<float64, shape=(1, 512, 7, 7)>
        %15 = 0.0                            # ClearScalar<float32>
        %16 = subtract(%14, %15)             # EncryptedTensor<float64, shape=(1, 512, 7, 7)>
        %17 = 1.5226682                      # ClearScalar<float32>
        %18 = multiply(%16, %17)             # EncryptedTensor<float64, shape=(1, 512, 7, 7)>
        %19 = 1.5226682424545288             # ClearScalar<float64>
        %20 = divide(%18, %19)               # EncryptedTensor<float64, shape=(1, 512, 7, 7)>
        %21 = 0                              # ClearScalar<uint1>
        %22 = add(%20, %21)                  # EncryptedTensor<float64, shape=(1, 512, 7, 7)>
        %23 = rint(%22)                      # EncryptedTensor<float64, shape=(1, 512, 7, 7)>
        %24 = astype(%23, dtype=int_)        # EncryptedTensor<uint1, shape=(1, 512, 7, 7)>
        return %24

    %214 = subgraph(%213):

         %0 = input                            # EncryptedTensor<uint1, shape=(1, 512, 1, 1)>          @ /trunk/trunk.14/AveragePool.avgpool_rounding
         %1 = astype(%0, dtype=float64)        # EncryptedTensor<float64, shape=(1, 512, 1, 1)>
         %2 = 0.02040816326530612              # ClearScalar<float64>
         %3 = multiply(%1, %2)                 # EncryptedTensor<float64, shape=(1, 512, 1, 1)>
         %4 = 0                                # ClearScalar<uint1>
         %5 = subtract(%3, %4)                 # EncryptedTensor<float64, shape=(1, 512, 1, 1)>
         %6 = 1.5226682424545288               # ClearScalar<float64>
         %7 = multiply(%5, %6)                 # EncryptedTensor<float64, shape=(1, 512, 1, 1)>
         %8 = 0.37973347                       # ClearScalar<float32>
         %9 = divide(%7, %8)                   # EncryptedTensor<float64, shape=(1, 512, 1, 1)>
        %10 = 0.0                              # ClearScalar<float32>
        %11 = add(%9, %10)                     # EncryptedTensor<float64, shape=(1, 512, 1, 1)>
        %12 = -8.0                             # ClearScalar<float64>
        %13 = 7.0                              # ClearScalar<float64>
        %14 = clip(%11, %12, %13)              # EncryptedTensor<float64, shape=(1, 512, 1, 1)>
        %15 = rint(%14)                        # EncryptedTensor<float64, shape=(1, 512, 1, 1)>
        %16 = 0.0                              # ClearScalar<float32>
        %17 = subtract(%15, %16)               # EncryptedTensor<float64, shape=(1, 512, 1, 1)>
        %18 = 0.37973347                       # ClearScalar<float32>
        %19 = multiply(%17, %18)               # EncryptedTensor<float64, shape=(1, 512, 1, 1)>
        %20 = 0.37973347306251526              # ClearScalar<float64>
        %21 = divide(%19, %20)                 # EncryptedTensor<float64, shape=(1, 512, 1, 1)>
        %22 = 0                                # ClearScalar<uint1>
        %23 = add(%21, %22)                    # EncryptedTensor<float64, shape=(1, 512, 1, 1)>
        %24 = rint(%23)                        # EncryptedTensor<float64, shape=(1, 512, 1, 1)>
        %25 = astype(%24, dtype=int_)          # EncryptedTensor<uint1, shape=(1, 512, 1, 1)>
        return %25
--------------------------------------------------------------------------------

Optimizer
--------------------------------------------------------------------------------
### Optimizer display
--- Circuit
  15 bits integers
  7 manp (maxi log2 norm2)
--- User config
  1.000000e-02 error per pbs call
  1.000000e+00 error per circuit call
-- Solution correctness
  For each pbs call:  1/100, p_error (9.998471e-03)
  For the full circuit: 1/1 global_p_error(1.000000e+00)
--- Complexity for the full circuit
  2.170251e+09 Millions Operations
-- Circuit Solution
CircuitSolution {
    circuit_keys: CircuitKeys {
        secret_keys: [
            SecretLweKey {
                identifier: 0,
                polynomial_size: 256,
                glwe_dimension: 6,
                description: "big-secret[#0 : partitions [0]]",
            },
            SecretLweKey {
                identifier: 1,
                polynomial_size: 512,
                glwe_dimension: 4,
                description: "big-secret[#1 : partitions [1]]",
            },
            SecretLweKey {
                identifier: 2,
                polynomial_size: 1024,
                glwe_dimension: 2,
                description: "big-secret[#2 : partitions [2]]",
            },
            SecretLweKey {
                identifier: 3,
                polynomial_size: 2048,
                glwe_dimension: 1,
                description: "big-secret[#3 : partitions [3]]",
            },
            SecretLweKey {
                identifier: 4,
                polynomial_size: 4096,
                glwe_dimension: 1,
                description: "big-secret[#4 : partitions [4]]",
            },
            SecretLweKey {
                identifier: 5,
                polynomial_size: 533,
                glwe_dimension: 1,
                description: "small-secret[#5 : partitions [5]]",
            },
            SecretLweKey {
                identifier: 6,
                polynomial_size: 745,
                glwe_dimension: 1,
                description: "small-secret[#6 : partitions [6]]",
            },
            SecretLweKey {
                identifier: 7,
                polynomial_size: 794,
                glwe_dimension: 1,
                description: "small-secret[#7 : partitions [7]]",
            },
            SecretLweKey {
                identifier: 8,
                polynomial_size: 815,
                glwe_dimension: 1,
                description: "small-secret[#8 : partitions [8]]",
            },
            SecretLweKey {
                identifier: 9,
                polynomial_size: 885,
                glwe_dimension: 1,
                description: "small-secret[#9 : partitions [9]]",
            },
        ],
        keyswitch_keys: [
            KeySwitchKey {
                identifier: 0,
                input_key: SecretLweKey {
                    identifier: 0,
                    polynomial_size: 256,
                    glwe_dimension: 6,
                    description: "big-secret[#0 : partitions [0]]",
                },
                output_key: SecretLweKey {
                    identifier: 5,
                    polynomial_size: 533,
                    glwe_dimension: 1,
                    description: "small-secret[#5 : partitions [5]]",
                },
                ks_decomposition_parameter: KsDecompositionParameters {
                    level: 5,
                    log2_base: 2,
                },
                description: "ks[#0 : partitions [0] -> [5]]",
            },
            KeySwitchKey {
                identifier: 1,
                input_key: SecretLweKey {
                    identifier: 0,
                    polynomial_size: 256,
                    glwe_dimension: 6,
                    description: "big-secret[#0 : partitions [0]]",
                },
                output_key: SecretLweKey {
                    identifier: 8,
                    polynomial_size: 815,
                    glwe_dimension: 1,
                    description: "small-secret[#8 : partitions [8]]",
                },
                ks_decomposition_parameter: KsDecompositionParameters {
                    level: 8,
                    log2_base: 2,
                },
                description: "ks[#1 : partitions [0] -> [8]]",
            },
            KeySwitchKey {
                identifier: 2,
                input_key: SecretLweKey {
                    identifier: 0,
                    polynomial_size: 256,
                    glwe_dimension: 6,
                    description: "big-secret[#0 : partitions [0]]",
                },
                output_key: SecretLweKey {
                    identifier: 9,
                    polynomial_size: 885,
                    glwe_dimension: 1,
                    description: "small-secret[#9 : partitions [9]]",
                },
                ks_decomposition_parameter: KsDecompositionParameters {
                    level: 9,
                    log2_base: 2,
                },
                description: "ks[#2 : partitions [0] -> [9]]",
            },
            KeySwitchKey {
                identifier: 3,
                input_key: SecretLweKey {
                    identifier: 1,
                    polynomial_size: 512,
                    glwe_dimension: 4,
                    description: "big-secret[#1 : partitions [1]]",
                },
                output_key: SecretLweKey {
                    identifier: 8,
                    polynomial_size: 815,
                    glwe_dimension: 1,
                    description: "small-secret[#8 : partitions [8]]",
                },
                ks_decomposition_parameter: KsDecompositionParameters {
                    level: 8,
                    log2_base: 2,
                },
                description: "ks[#3 : partitions [1] -> [8]]",
            },
            KeySwitchKey {
                identifier: 4,
                input_key: SecretLweKey {
                    identifier: 2,
                    polynomial_size: 1024,
                    glwe_dimension: 2,
                    description: "big-secret[#2 : partitions [2]]",
                },
                output_key: SecretLweKey {
                    identifier: 6,
                    polynomial_size: 745,
                    glwe_dimension: 1,
                    description: "small-secret[#6 : partitions [6]]",
                },
                ks_decomposition_parameter: KsDecompositionParameters {
                    level: 5,
                    log2_base: 3,
                },
                description: "ks[#4 : partitions [2] -> [6]]",
            },
            KeySwitchKey {
                identifier: 5,
                input_key: SecretLweKey {
                    identifier: 2,
                    polynomial_size: 1024,
                    glwe_dimension: 2,
                    description: "big-secret[#2 : partitions [2]]",
                },
                output_key: SecretLweKey {
                    identifier: 7,
                    polynomial_size: 794,
                    glwe_dimension: 1,
                    description: "small-secret[#7 : partitions [7]]",
                },
                ks_decomposition_parameter: KsDecompositionParameters {
                    level: 5,
                    log2_base: 3,
                },
                description: "ks[#5 : partitions [2] -> [7]]",
            },
            KeySwitchKey {
                identifier: 6,
                input_key: SecretLweKey {
                    identifier: 3,
                    polynomial_size: 2048,
                    glwe_dimension: 1,
                    description: "big-secret[#3 : partitions [3]]",
                },
                output_key: SecretLweKey {
                    identifier: 8,
                    polynomial_size: 815,
                    glwe_dimension: 1,
                    description: "small-secret[#8 : partitions [8]]",
                },
                ks_decomposition_parameter: KsDecompositionParameters {
                    level: 8,
                    log2_base: 2,
                },
                description: "ks[#6 : partitions [3] -> [8]]",
            },
            KeySwitchKey {
                identifier: 7,
                input_key: SecretLweKey {
                    identifier: 3,
                    polynomial_size: 2048,
                    glwe_dimension: 1,
                    description: "big-secret[#3 : partitions [3]]",
                },
                output_key: SecretLweKey {
                    identifier: 9,
                    polynomial_size: 885,
                    glwe_dimension: 1,
                    description: "small-secret[#9 : partitions [9]]",
                },
                ks_decomposition_parameter: KsDecompositionParameters {
                    level: 9,
                    log2_base: 2,
                },
                description: "ks[#7 : partitions [3] -> [9]]",
            },
        ],
        bootstrap_keys: [
            BootstrapKey {
                identifier: 0,
                input_key: SecretLweKey {
                    identifier: 5,
                    polynomial_size: 533,
                    glwe_dimension: 1,
                    description: "small-secret[#5 : partitions [5]]",
                },
                output_key: SecretLweKey {
                    identifier: 0,
                    polynomial_size: 256,
                    glwe_dimension: 6,
                    description: "big-secret[#0 : partitions [0]]",
                },
                br_decomposition_parameter: BrDecompositionParameters {
                    level: 3,
                    log2_base: 9,
                },
                description: "pbs[#0 : partitions [5] -> [0]]",
            },
            BootstrapKey {
                identifier: 1,
                input_key: SecretLweKey {
                    identifier: 6,
                    polynomial_size: 745,
                    glwe_dimension: 1,
                    description: "small-secret[#6 : partitions [6]]",
                },
                output_key: SecretLweKey {
                    identifier: 1,
                    polynomial_size: 512,
                    glwe_dimension: 4,
                    description: "big-secret[#1 : partitions [1]]",
                },
                br_decomposition_parameter: BrDecompositionParameters {
                    level: 2,
                    log2_base: 16,
                },
                description: "pbs[#1 : partitions [6] -> [1]]",
            },
            BootstrapKey {
                identifier: 2,
                input_key: SecretLweKey {
                    identifier: 7,
                    polynomial_size: 794,
                    glwe_dimension: 1,
                    description: "small-secret[#7 : partitions [7]]",
                },
                output_key: SecretLweKey {
                    identifier: 2,
                    polynomial_size: 1024,
                    glwe_dimension: 2,
                    description: "big-secret[#2 : partitions [2]]",
                },
                br_decomposition_parameter: BrDecompositionParameters {
                    level: 1,
                    log2_base: 23,
                },
                description: "pbs[#2 : partitions [7] -> [2]]",
            },
            BootstrapKey {
                identifier: 3,
                input_key: SecretLweKey {
                    identifier: 8,
                    polynomial_size: 815,
                    glwe_dimension: 1,
                    description: "small-secret[#8 : partitions [8]]",
                },
                output_key: SecretLweKey {
                    identifier: 3,
                    polynomial_size: 2048,
                    glwe_dimension: 1,
                    description: "big-secret[#3 : partitions [3]]",
                },
                br_decomposition_parameter: BrDecompositionParameters {
                    level: 3,
                    log2_base: 11,
                },
                description: "pbs[#3 : partitions [8] -> [3]]",
            },
            BootstrapKey {
                identifier: 4,
                input_key: SecretLweKey {
                    identifier: 9,
                    polynomial_size: 885,
                    glwe_dimension: 1,
                    description: "small-secret[#9 : partitions [9]]",
                },
                output_key: SecretLweKey {
                    identifier: 4,
                    polynomial_size: 4096,
                    glwe_dimension: 1,
                    description: "big-secret[#4 : partitions [4]]",
                },
                br_decomposition_parameter: BrDecompositionParameters {
                    level: 3,
                    log2_base: 11,
                },
                description: "pbs[#4 : partitions [9] -> [4]]",
            },
        ],
        conversion_keyswitch_keys: [
            ConversionKeySwitchKey {
                identifier: 0,
                input_key: SecretLweKey {
                    identifier: 1,
                    polynomial_size: 512,
                    glwe_dimension: 4,
                    description: "big-secret[#1 : partitions [1]]",
                },
                output_key: SecretLweKey {
                    identifier: 0,
                    polynomial_size: 256,
                    glwe_dimension: 6,
                    description: "big-secret[#0 : partitions [0]]",
                },
                ks_decomposition_parameter: KsDecompositionParameters {
                    level: 2,
                    log2_base: 12,
                },
                fast_keyswitch: false,
                description: "fks[#0 : partitions [1] -> [0]]",
            },
            ConversionKeySwitchKey {
                identifier: 1,
                input_key: SecretLweKey {
                    identifier: 3,
                    polynomial_size: 2048,
                    glwe_dimension: 1,
                    description: "big-secret[#3 : partitions [3]]",
                },
                output_key: SecretLweKey {
                    identifier: 0,
                    polynomial_size: 256,
                    glwe_dimension: 6,
                    description: "big-secret[#0 : partitions [0]]",
                },
                ks_decomposition_parameter: KsDecompositionParameters {
                    level: 8,
                    log2_base: 4,
                },
                fast_keyswitch: false,
                description: "fks[#1 : partitions [3] -> [0]]",
            },
            ConversionKeySwitchKey {
                identifier: 2,
                input_key: SecretLweKey {
                    identifier: 3,
                    polynomial_size: 2048,
                    glwe_dimension: 1,
                    description: "big-secret[#3 : partitions [3]]",
                },
                output_key: SecretLweKey {
                    identifier: 1,
                    polynomial_size: 512,
                    glwe_dimension: 4,
                    description: "big-secret[#1 : partitions [1]]",
                },
                ks_decomposition_parameter: KsDecompositionParameters {
                    level: 1,
                    log2_base: 25,
                },
                fast_keyswitch: false,
                description: "fks[#2 : partitions [3] -> [1]]",
            },
            ConversionKeySwitchKey {
                identifier: 3,
                input_key: SecretLweKey {
                    identifier: 3,
                    polynomial_size: 2048,
                    glwe_dimension: 1,
                    description: "big-secret[#3 : partitions [3]]",
                },
                output_key: SecretLweKey {
                    identifier: 2,
                    polynomial_size: 1024,
                    glwe_dimension: 2,
                    description: "big-secret[#2 : partitions [2]]",
                },
                ks_decomposition_parameter: KsDecompositionParameters {
                    level: 1,
                    log2_base: 25,
                },
                fast_keyswitch: false,
                description: "fks[#3 : partitions [3] -> [2]]",
            },
            ConversionKeySwitchKey {
                identifier: 4,
                input_key: SecretLweKey {
                    identifier: 4,
                    polynomial_size: 4096,
                    glwe_dimension: 1,
                    description: "big-secret[#4 : partitions [4]]",
                },
                output_key: SecretLweKey {
                    identifier: 0,
                    polynomial_size: 256,
                    glwe_dimension: 6,
                    description: "big-secret[#0 : partitions [0]]",
                },
                ks_decomposition_parameter: KsDecompositionParameters {
                    level: 5,
                    log2_base: 6,
                },
                fast_keyswitch: false,
                description: "fks[#4 : partitions [4] -> [0]]",
            },
            ConversionKeySwitchKey {
                identifier: 5,
                input_key: SecretLweKey {
                    identifier: 4,
                    polynomial_size: 4096,
                    glwe_dimension: 1,
                    description: "big-secret[#4 : partitions [4]]",
                },
                output_key: SecretLweKey {
                    identifier: 3,
                    polynomial_size: 2048,
                    glwe_dimension: 1,
                    description: "big-secret[#3 : partitions [3]]",
                },
                ks_decomposition_parameter: KsDecompositionParameters {
                    level: 1,
                    log2_base: 25,
                },
                fast_keyswitch: false,
                description: "fks[#5 : partitions [4] -> [3]]",
            },
        ],
        circuit_bootstrap_keys: [],
        private_functional_packing_keys: [],
    },
    instructions_keys: [],
    crt_decomposition: [],
    complexity: 2170251095741440.0,
    p_error: 0.009998470912326383,
    global_p_error: 1.0,
    is_feasible: true,
    error_msg: "",
}###
--------------------------------------------------------------------------------

Statistics
--------------------------------------------------------------------------------
size_of_inputs: 3612672
size_of_outputs: 8392704
programmable_bootstrap_count: 21000192
programmable_bootstrap_count_per_parameter: {
    BootstrapKeyParam(polynomial_size=256, glwe_dimension=6, input_lwe_dimension=533, level=3, base_log=9, variance=7.040630965929754e-23): 14828032
    BootstrapKeyParam(polynomial_size=2048, glwe_dimension=1, input_lwe_dimension=815, level=3, base_log=11, variance=8.442253112932959e-31): 3362304
    BootstrapKeyParam(polynomial_size=1024, glwe_dimension=2, input_lwe_dimension=794, level=1, base_log=23, variance=8.442253112932959e-31): 1806336
    BootstrapKeyParam(polynomial_size=512, glwe_dimension=4, input_lwe_dimension=745, level=2, base_log=16, variance=8.442253112932959e-31): 401408
    BootstrapKeyParam(polynomial_size=4096, glwe_dimension=1, input_lwe_dimension=885, level=3, base_log=11, variance=4.70197740328915e-38): 602112
}
key_switch_count: 24286720
key_switch_count_per_parameter: {
    KeyswitchKeyParam(level=5, base_log=2, variance=2.3175384953626297e-07): 14828032
    KeyswitchKeyParam(level=8, base_log=2, variance=1.0050884651897284e-11): 3362304
    KeyswitchKeyParam(level=1, base_log=25, variance=8.442253112932959e-31): 1229312
    KeyswitchKeyParam(level=5, base_log=3, variance=2.123710618941873e-11): 1806336
    KeyswitchKeyParam(level=5, base_log=3, variance=1.2166746366484522e-10): 401408
    KeyswitchKeyParam(level=2, base_log=12, variance=7.040630965929754e-23): 200704
    KeyswitchKeyParam(level=8, base_log=4, variance=7.040630965929754e-23): 1480192
    KeyswitchKeyParam(level=9, base_log=2, variance=8.302982510100098e-13): 602112
    KeyswitchKeyParam(level=5, base_log=6, variance=7.040630965929754e-23): 376320
}
packing_key_switch_count: 0
clear_addition_count: 37910528
clear_addition_count_per_parameter: {
    LweSecretKeyParam(dimension=1536): 34624000
    LweSecretKeyParam(dimension=2048): 3286528
}
encrypted_addition_count: 1845599744
encrypted_addition_count_per_parameter: {
    LweSecretKeyParam(dimension=1536): 1841234432
    LweSecretKeyParam(dimension=2048): 4365312
}
clear_multiplication_count: 1841435136
clear_multiplication_count_per_parameter: {
    LweSecretKeyParam(dimension=1536): 1841234432
    LweSecretKeyParam(dimension=2048): 200704
}
encrypted_negation_count: 16634368
encrypted_negation_count_per_parameter: {
    LweSecretKeyParam(dimension=1536): 14828032
    LweSecretKeyParam(dimension=2048): 1806336
}
memory_usage_per_location: {
    loc("/home/zhiyong/miniconda3/envs/dct-cryptonets/lib/python3.9/site-packages/concrete/ml/onnx/onnx_impl_utils.py":55:0): 24902985728
    loc("/home/zhiyong/miniconda3/envs/dct-cryptonets/lib/python3.9/site-packages/concrete/ml/onnx/onnx_impl_utils.py":66:0): 74919808864
    loc("/home/zhiyong/miniconda3/envs/dct-cryptonets/lib/python3.9/site-packages/concrete/ml/quantization/quantized_ops.py":1274:0): 16923904008
    loc("/home/zhiyong/miniconda3/envs/dct-cryptonets/lib/python3.9/site-packages/concrete/ml/quantization/quantized_ops.py":1699:0): 8392704
    loc("/home/zhiyong/miniconda3/envs/dct-cryptonets/lib/python3.9/site-packages/concrete/ml/quantization/quantized_ops.py":594:0): 46470533184
    loc("/home/zhiyong/miniconda3/envs/dct-cryptonets/lib/python3.9/site-packages/concrete/ml/quantization/quantizers.py":774:0): 179654323360
    loc("@/trunk/trunk.1/Conv.conv | /home/zhiyong/miniconda3/envs/dct-cryptonets/lib/python3.9/site-packages/concrete/ml/quantization/quantized_ops.py":891:0): 11822822440
    loc("@/trunk/trunk.1/Conv.conv_rounding | /home/zhiyong/miniconda3/envs/dct-cryptonets/lib/python3.9/site-packages/concrete/ml/quantization/base_quantized_op.py":1015:0): 19743343944
    loc("@/trunk/trunk.10/C1/Conv.conv | /home/zhiyong/miniconda3/envs/dct-cryptonets/lib/python3.9/site-packages/concrete/ml/quantization/quantized_ops.py":891:0): 3450269704
    loc("@/trunk/trunk.10/C1/Conv.conv_rounding | /home/zhiyong/miniconda3/envs/dct-cryptonets/lib/python3.9/site-packages/concrete/ml/quantization/base_quantized_op.py":1015:0): 1234421064
    loc("@/trunk/trunk.10/C2/Conv.conv | /home/zhiyong/miniconda3/envs/dct-cryptonets/lib/python3.9/site-packages/concrete/ml/quantization/quantized_ops.py":891:0): 2229227528
    loc("@/trunk/trunk.10/C2/Conv.conv_rounding | /home/zhiyong/miniconda3/envs/dct-cryptonets/lib/python3.9/site-packages/concrete/ml/quantization/base_quantized_op.py":1015:0): 1234581256
    loc("@/trunk/trunk.10/shortcut/Conv.conv | /home/zhiyong/miniconda3/envs/dct-cryptonets/lib/python3.9/site-packages/concrete/ml/quantization/quantized_ops.py":891:0): 3084865544
    loc("@/trunk/trunk.10/shortcut/Conv.conv_rounding | /home/zhiyong/miniconda3/envs/dct-cryptonets/lib/python3.9/site-packages/concrete/ml/quantization/base_quantized_op.py":1015:0): 1234260872
    loc("@/trunk/trunk.11/C1/Conv.conv | /home/zhiyong/miniconda3/envs/dct-cryptonets/lib/python3.9/site-packages/concrete/ml/quantization/quantized_ops.py":891:0): 2229227528
    loc("@/trunk/trunk.11/C1/Conv.conv_rounding | /home/zhiyong/miniconda3/envs/dct-cryptonets/lib/python3.9/site-packages/concrete/ml/quantization/base_quantized_op.py":1015:0): 1234501160
    loc("@/trunk/trunk.11/C2/Conv.conv | /home/zhiyong/miniconda3/envs/dct-cryptonets/lib/python3.9/site-packages/concrete/ml/quantization/quantized_ops.py":891:0): 2229227528
    loc("@/trunk/trunk.11/C2/Conv.conv_rounding | /home/zhiyong/miniconda3/envs/dct-cryptonets/lib/python3.9/site-packages/concrete/ml/quantization/base_quantized_op.py":1015:0): 1234501160
    loc("@/trunk/trunk.12/C1/Conv.conv | /home/zhiyong/miniconda3/envs/dct-cryptonets/lib/python3.9/site-packages/concrete/ml/quantization/quantized_ops.py":891:0): 1921335304
    loc("@/trunk/trunk.12/C1/Conv.conv_rounding | /home/zhiyong/miniconda3/envs/dct-cryptonets/lib/python3.9/site-packages/concrete/ml/quantization/base_quantized_op.py":1015:0): 617537064
    loc("@/trunk/trunk.12/C2/Conv.conv | /home/zhiyong/miniconda3/envs/dct-cryptonets/lib/python3.9/site-packages/concrete/ml/quantization/quantized_ops.py":891:0): 1330733064
    loc("@/trunk/trunk.12/C2/Conv.conv_rounding | /home/zhiyong/miniconda3/envs/dct-cryptonets/lib/python3.9/site-packages/concrete/ml/quantization/base_quantized_op.py":1015:0): 617617160
    loc("@/trunk/trunk.12/shortcut/Conv.conv | /home/zhiyong/miniconda3/envs/dct-cryptonets/lib/python3.9/site-packages/concrete/ml/quantization/quantized_ops.py":891:0): 1542553608
    loc("@/trunk/trunk.12/shortcut/Conv.conv_rounding | /home/zhiyong/miniconda3/envs/dct-cryptonets/lib/python3.9/site-packages/concrete/ml/quantization/base_quantized_op.py":1015:0): 617376872
    loc("@/trunk/trunk.13/C1/Conv.conv | /home/zhiyong/miniconda3/envs/dct-cryptonets/lib/python3.9/site-packages/concrete/ml/quantization/quantized_ops.py":891:0): 1330733064
    loc("@/trunk/trunk.13/C1/Conv.conv_rounding | /home/zhiyong/miniconda3/envs/dct-cryptonets/lib/python3.9/site-packages/concrete/ml/quantization/base_quantized_op.py":1015:0): 617537064
    loc("@/trunk/trunk.13/C2/Conv.conv | /home/zhiyong/miniconda3/envs/dct-cryptonets/lib/python3.9/site-packages/concrete/ml/quantization/quantized_ops.py":891:0): 1330733064
    loc("@/trunk/trunk.13/C2/Conv.conv_rounding | /home/zhiyong/miniconda3/envs/dct-cryptonets/lib/python3.9/site-packages/concrete/ml/quantization/base_quantized_op.py":1015:0): 617617160
    loc("@/trunk/trunk.14/AveragePool.avgpool | /home/zhiyong/miniconda3/envs/dct-cryptonets/lib/python3.9/site-packages/concrete/ml/quantization/quantized_ops.py":1157:0): 327634952
    loc("@/trunk/trunk.14/AveragePool.avgpool_rounding | /home/zhiyong/miniconda3/envs/dct-cryptonets/lib/python3.9/site-packages/concrete/ml/quantization/base_quantized_op.py":1015:0): 12763592
    loc("@/trunk/trunk.6/C1/Conv.conv | /home/zhiyong/miniconda3/envs/dct-cryptonets/lib/python3.9/site-packages/concrete/ml/quantization/quantized_ops.py":891:0): 7762464776
    loc("@/trunk/trunk.6/C1/Conv.conv_rounding | /home/zhiyong/miniconda3/envs/dct-cryptonets/lib/python3.9/site-packages/concrete/ml/quantization/base_quantized_op.py":1015:0): 4936125544
    loc("@/trunk/trunk.6/C2/Conv.conv | /home/zhiyong/miniconda3/envs/dct-cryptonets/lib/python3.9/site-packages/concrete/ml/quantization/quantized_ops.py":891:0): 7762464776
    loc("@/trunk/trunk.6/C2/Conv.conv_rounding | /home/zhiyong/miniconda3/envs/dct-cryptonets/lib/python3.9/site-packages/concrete/ml/quantization/base_quantized_op.py":1015:0): 4936205640
    loc("@/trunk/trunk.7/C1/Conv.conv | /home/zhiyong/miniconda3/envs/dct-cryptonets/lib/python3.9/site-packages/concrete/ml/quantization/quantized_ops.py":891:0): 7762464776
    loc("@/trunk/trunk.7/C1/Conv.conv_rounding | /home/zhiyong/miniconda3/envs/dct-cryptonets/lib/python3.9/site-packages/concrete/ml/quantization/base_quantized_op.py":1015:0): 4936205640
    loc("@/trunk/trunk.7/C2/Conv.conv | /home/zhiyong/miniconda3/envs/dct-cryptonets/lib/python3.9/site-packages/concrete/ml/quantization/quantized_ops.py":891:0): 7762464776
    loc("@/trunk/trunk.7/C2/Conv.conv_rounding | /home/zhiyong/miniconda3/envs/dct-cryptonets/lib/python3.9/site-packages/concrete/ml/quantization/base_quantized_op.py":1015:0): 4936205640
    loc("@/trunk/trunk.8/C1/Conv.conv | /home/zhiyong/miniconda3/envs/dct-cryptonets/lib/python3.9/site-packages/concrete/ml/quantization/quantized_ops.py":891:0): 6528573448
    loc("@/trunk/trunk.8/C1/Conv.conv_rounding | /home/zhiyong/miniconda3/envs/dct-cryptonets/lib/python3.9/site-packages/concrete/ml/quantization/base_quantized_op.py":1015:0): 2468349256
    loc("@/trunk/trunk.8/C2/Conv.conv | /home/zhiyong/miniconda3/envs/dct-cryptonets/lib/python3.9/site-packages/concrete/ml/quantization/quantized_ops.py":891:0): 4067086344
    loc("@/trunk/trunk.8/C2/Conv.conv_rounding | /home/zhiyong/miniconda3/envs/dct-cryptonets/lib/python3.9/site-packages/concrete/ml/quantization/base_quantized_op.py":1015:0): 2468429352
    loc("@/trunk/trunk.8/shortcut/Conv.conv | /home/zhiyong/miniconda3/envs/dct-cryptonets/lib/python3.9/site-packages/concrete/ml/quantization/quantized_ops.py":891:0): 6169661448
    loc("@/trunk/trunk.8/shortcut/Conv.conv_rounding | /home/zhiyong/miniconda3/envs/dct-cryptonets/lib/python3.9/site-packages/concrete/ml/quantization/base_quantized_op.py":1015:0): 2468189064
    loc("@/trunk/trunk.9/C1/Conv.conv | /home/zhiyong/miniconda3/envs/dct-cryptonets/lib/python3.9/site-packages/concrete/ml/quantization/quantized_ops.py":891:0): 4067086344
    loc("@/trunk/trunk.9/C1/Conv.conv_rounding | /home/zhiyong/miniconda3/envs/dct-cryptonets/lib/python3.9/site-packages/concrete/ml/quantization/base_quantized_op.py":1015:0): 2468349256
    loc("@/trunk/trunk.9/C2/Conv.conv | /home/zhiyong/miniconda3/envs/dct-cryptonets/lib/python3.9/site-packages/concrete/ml/quantization/quantized_ops.py":891:0): 4067086344
    loc("@/trunk/trunk.9/C2/Conv.conv_rounding | /home/zhiyong/miniconda3/envs/dct-cryptonets/lib/python3.9/site-packages/concrete/ml/quantization/base_quantized_op.py":1015:0): 2468349256
    loc(unknown): 77713054384
}
size_of_secret_keys: 124384
size_of_bootstrap_keys: 2198392832
size_of_keyswitch_keys: 1319731200
p_error: 0.009998470912326383
global_p_error: 1.0
complexity: 2170251095741440.0
--------------------------------------------------------------------------------

Time for FHE compilation 190.75
Max bit-width: 15 bits -> it works in FHE!!
Keygen time: 2.83s

Running UNENCRYPTED model on a subset of 200 images...
  0%|          | 0/4 [00:00<?, ?it/s] 25%|██▌       | 1/4 [00:00<00:01,  2.14it/s] 50%|█████     | 2/4 [00:00<00:00,  2.26it/s] 75%|███████▌  | 3/4 [00:01<00:00,  2.24it/s]100%|██████████| 4/4 [00:01<00:00,  2.14it/s]100%|██████████| 4/4 [00:01<00:00,  2.17it/s]
  0%|          | 0/4 [00:00<?, ?it/s] 25%|██▌       | 1/4 [00:00<00:01,  1.99it/s] 50%|█████     | 2/4 [00:00<00:00,  2.10it/s] 75%|███████▌  | 3/4 [00:01<00:00,  2.20it/s]100%|██████████| 4/4 [00:01<00:00,  2.24it/s]100%|██████████| 4/4 [00:01<00:00,  2.20it/s]
[Validation] Top-1 Acc: 87.500% | Top-5 Acc: 0.000% | Avg. Loss: 0.684
[Test] Top-1 Acc: 87.500% | Top-5 Acc: 0.000% | Avg. Loss: 0.684

Running ENCRYPTED validation inference in SIMULATE mode on a subset of 200 images...
  0%|          | 0/4 [00:00<?, ?it/s]### Optimizer display
--- Circuit
  15 bits integers
  7 manp (maxi log2 norm2)
--- User config
  1.000000e-02 error per pbs call
  1.000000e+00 error per circuit call
-- Solution correctness
  For each pbs call:  1/100, p_error (9.998471e-03)
  For the full circuit: 1/1 global_p_error(1.000000e+00)
--- Complexity for the full circuit
  2.170251e+09 Millions Operations
-- Circuit Solution
CircuitSolution {
    circuit_keys: CircuitKeys {
        secret_keys: [
            SecretLweKey {
                identifier: 0,
                polynomial_size: 256,
                glwe_dimension: 6,
                description: "big-secret[#0 : partitions [0]]",
            },
            SecretLweKey {
                identifier: 1,
                polynomial_size: 512,
                glwe_dimension: 4,
                description: "big-secret[#1 : partitions [1]]",
            },
            SecretLweKey {
                identifier: 2,
                polynomial_size: 1024,
                glwe_dimension: 2,
                description: "big-secret[#2 : partitions [2]]",
            },
            SecretLweKey {
                identifier: 3,
                polynomial_size: 2048,
                glwe_dimension: 1,
                description: "big-secret[#3 : partitions [3]]",
            },
            SecretLweKey {
                identifier: 4,
                polynomial_size: 4096,
                glwe_dimension: 1,
                description: "big-secret[#4 : partitions [4]]",
            },
            SecretLweKey {
                identifier: 5,
                polynomial_size: 533,
                glwe_dimension: 1,
                description: "small-secret[#5 : partitions [5]]",
            },
            SecretLweKey {
                identifier: 6,
                polynomial_size: 745,
                glwe_dimension: 1,
                description: "small-secret[#6 : partitions [6]]",
            },
            SecretLweKey {
                identifier: 7,
                polynomial_size: 794,
                glwe_dimension: 1,
                description: "small-secret[#7 : partitions [7]]",
            },
            SecretLweKey {
                identifier: 8,
                polynomial_size: 815,
                glwe_dimension: 1,
                description: "small-secret[#8 : partitions [8]]",
            },
            SecretLweKey {
                identifier: 9,
                polynomial_size: 885,
                glwe_dimension: 1,
                description: "small-secret[#9 : partitions [9]]",
            },
        ],
        keyswitch_keys: [
            KeySwitchKey {
                identifier: 0,
                input_key: SecretLweKey {
                    identifier: 0,
                    polynomial_size: 256,
                    glwe_dimension: 6,
                    description: "big-secret[#0 : partitions [0]]",
                },
                output_key: SecretLweKey {
                    identifier: 5,
                    polynomial_size: 533,
                    glwe_dimension: 1,
                    description: "small-secret[#5 : partitions [5]]",
                },
                ks_decomposition_parameter: KsDecompositionParameters {
                    level: 5,
                    log2_base: 2,
                },
                description: "ks[#0 : partitions [0] -> [5]]",
            },
            KeySwitchKey {
                identifier: 1,
                input_key: SecretLweKey {
                    identifier: 0,
                    polynomial_size: 256,
                    glwe_dimension: 6,
                    description: "big-secret[#0 : partitions [0]]",
                },
                output_key: SecretLweKey {
                    identifier: 8,
                    polynomial_size: 815,
                    glwe_dimension: 1,
                    description: "small-secret[#8 : partitions [8]]",
                },
                ks_decomposition_parameter: KsDecompositionParameters {
                    level: 8,
                    log2_base: 2,
                },
                description: "ks[#1 : partitions [0] -> [8]]",
            },
            KeySwitchKey {
                identifier: 2,
                input_key: SecretLweKey {
                    identifier: 0,
                    polynomial_size: 256,
                    glwe_dimension: 6,
                    description: "big-secret[#0 : partitions [0]]",
                },
                output_key: SecretLweKey {
                    identifier: 9,
                    polynomial_size: 885,
                    glwe_dimension: 1,
                    description: "small-secret[#9 : partitions [9]]",
                },
                ks_decomposition_parameter: KsDecompositionParameters {
                    level: 9,
                    log2_base: 2,
                },
                description: "ks[#2 : partitions [0] -> [9]]",
            },
            KeySwitchKey {
                identifier: 3,
                input_key: SecretLweKey {
                    identifier: 1,
                    polynomial_size: 512,
                    glwe_dimension: 4,
                    description: "big-secret[#1 : partitions [1]]",
                },
                output_key: SecretLweKey {
                    identifier: 8,
                    polynomial_size: 815,
                    glwe_dimension: 1,
                    description: "small-secret[#8 : partitions [8]]",
                },
                ks_decomposition_parameter: KsDecompositionParameters {
                    level: 8,
                    log2_base: 2,
                },
                description: "ks[#3 : partitions [1] -> [8]]",
            },
            KeySwitchKey {
                identifier: 4,
                input_key: SecretLweKey {
                    identifier: 2,
                    polynomial_size: 1024,
                    glwe_dimension: 2,
                    description: "big-secret[#2 : partitions [2]]",
                },
                output_key: SecretLweKey {
                    identifier: 6,
                    polynomial_size: 745,
                    glwe_dimension: 1,
                    description: "small-secret[#6 : partitions [6]]",
                },
                ks_decomposition_parameter: KsDecompositionParameters {
                    level: 5,
                    log2_base: 3,
                },
                description: "ks[#4 : partitions [2] -> [6]]",
            },
            KeySwitchKey {
                identifier: 5,
                input_key: SecretLweKey {
                    identifier: 2,
                    polynomial_size: 1024,
                    glwe_dimension: 2,
                    description: "big-secret[#2 : partitions [2]]",
                },
                output_key: SecretLweKey {
                    identifier: 7,
                    polynomial_size: 794,
                    glwe_dimension: 1,
                    description: "small-secret[#7 : partitions [7]]",
                },
                ks_decomposition_parameter: KsDecompositionParameters {
                    level: 5,
                    log2_base: 3,
                },
                description: "ks[#5 : partitions [2] -> [7]]",
            },
            KeySwitchKey {
                identifier: 6,
                input_key: SecretLweKey {
                    identifier: 3,
                    polynomial_size: 2048,
                    glwe_dimension: 1,
                    description: "big-secret[#3 : partitions [3]]",
                },
                output_key: SecretLweKey {
                    identifier: 8,
                    polynomial_size: 815,
                    glwe_dimension: 1,
                    description: "small-secret[#8 : partitions [8]]",
                },
                ks_decomposition_parameter: KsDecompositionParameters {
                    level: 8,
                    log2_base: 2,
                },
                description: "ks[#6 : partitions [3] -> [8]]",
            },
            KeySwitchKey {
                identifier: 7,
                input_key: SecretLweKey {
                    identifier: 3,
                    polynomial_size: 2048,
                    glwe_dimension: 1,
                    description: "big-secret[#3 : partitions [3]]",
                },
                output_key: SecretLweKey {
                    identifier: 9,
                    polynomial_size: 885,
                    glwe_dimension: 1,
                    description: "small-secret[#9 : partitions [9]]",
                },
                ks_decomposition_parameter: KsDecompositionParameters {
                    level: 9,
                    log2_base: 2,
                },
                description: "ks[#7 : partitions [3] -> [9]]",
            },
        ],
        bootstrap_keys: [
            BootstrapKey {
                identifier: 0,
                input_key: SecretLweKey {
                    identifier: 5,
                    polynomial_size: 533,
                    glwe_dimension: 1,
                    description: "small-secret[#5 : partitions [5]]",
                },
                output_key: SecretLweKey {
                    identifier: 0,
                    polynomial_size: 256,
                    glwe_dimension: 6,
                    description: "big-secret[#0 : partitions [0]]",
                },
                br_decomposition_parameter: BrDecompositionParameters {
                    level: 3,
                    log2_base: 9,
                },
                description: "pbs[#0 : partitions [5] -> [0]]",
            },
            BootstrapKey {
                identifier: 1,
                input_key: SecretLweKey {
                    identifier: 6,
                    polynomial_size: 745,
                    glwe_dimension: 1,
                    description: "small-secret[#6 : partitions [6]]",
                },
                output_key: SecretLweKey {
                    identifier: 1,
                    polynomial_size: 512,
                    glwe_dimension: 4,
                    description: "big-secret[#1 : partitions [1]]",
                },
                br_decomposition_parameter: BrDecompositionParameters {
                    level: 2,
                    log2_base: 16,
                },
                description: "pbs[#1 : partitions [6] -> [1]]",
            },
            BootstrapKey {
                identifier: 2,
                input_key: SecretLweKey {
                    identifier: 7,
                    polynomial_size: 794,
                    glwe_dimension: 1,
                    description: "small-secret[#7 : partitions [7]]",
                },
                output_key: SecretLweKey {
                    identifier: 2,
                    polynomial_size: 1024,
                    glwe_dimension: 2,
                    description: "big-secret[#2 : partitions [2]]",
                },
                br_decomposition_parameter: BrDecompositionParameters {
                    level: 1,
                    log2_base: 23,
                },
                description: "pbs[#2 : partitions [7] -> [2]]",
            },
            BootstrapKey {
                identifier: 3,
                input_key: SecretLweKey {
                    identifier: 8,
                    polynomial_size: 815,
                    glwe_dimension: 1,
                    description: "small-secret[#8 : partitions [8]]",
                },
                output_key: SecretLweKey {
                    identifier: 3,
                    polynomial_size: 2048,
                    glwe_dimension: 1,
                    description: "big-secret[#3 : partitions [3]]",
                },
                br_decomposition_parameter: BrDecompositionParameters {
                    level: 3,
                    log2_base: 11,
                },
                description: "pbs[#3 : partitions [8] -> [3]]",
            },
            BootstrapKey {
                identifier: 4,
                input_key: SecretLweKey {
                    identifier: 9,
                    polynomial_size: 885,
                    glwe_dimension: 1,
                    description: "small-secret[#9 : partitions [9]]",
                },
                output_key: SecretLweKey {
                    identifier: 4,
                    polynomial_size: 4096,
                    glwe_dimension: 1,
                    description: "big-secret[#4 : partitions [4]]",
                },
                br_decomposition_parameter: BrDecompositionParameters {
                    level: 3,
                    log2_base: 11,
                },
                description: "pbs[#4 : partitions [9] -> [4]]",
            },
        ],
        conversion_keyswitch_keys: [
            ConversionKeySwitchKey {
                identifier: 0,
                input_key: SecretLweKey {
                    identifier: 1,
                    polynomial_size: 512,
                    glwe_dimension: 4,
                    description: "big-secret[#1 : partitions [1]]",
                },
                output_key: SecretLweKey {
                    identifier: 0,
                    polynomial_size: 256,
                    glwe_dimension: 6,
                    description: "big-secret[#0 : partitions [0]]",
                },
                ks_decomposition_parameter: KsDecompositionParameters {
                    level: 2,
                    log2_base: 12,
                },
                fast_keyswitch: false,
                description: "fks[#0 : partitions [1] -> [0]]",
            },
            ConversionKeySwitchKey {
                identifier: 1,
                input_key: SecretLweKey {
                    identifier: 3,
                    polynomial_size: 2048,
                    glwe_dimension: 1,
                    description: "big-secret[#3 : partitions [3]]",
                },
                output_key: SecretLweKey {
                    identifier: 0,
                    polynomial_size: 256,
                    glwe_dimension: 6,
                    description: "big-secret[#0 : partitions [0]]",
                },
                ks_decomposition_parameter: KsDecompositionParameters {
                    level: 8,
                    log2_base: 4,
                },
                fast_keyswitch: false,
                description: "fks[#1 : partitions [3] -> [0]]",
            },
            ConversionKeySwitchKey {
                identifier: 2,
                input_key: SecretLweKey {
                    identifier: 3,
                    polynomial_size: 2048,
                    glwe_dimension: 1,
                    description: "big-secret[#3 : partitions [3]]",
                },
                output_key: SecretLweKey {
                    identifier: 1,
                    polynomial_size: 512,
                    glwe_dimension: 4,
                    description: "big-secret[#1 : partitions [1]]",
                },
                ks_decomposition_parameter: KsDecompositionParameters {
                    level: 1,
                    log2_base: 25,
                },
                fast_keyswitch: false,
                description: "fks[#2 : partitions [3] -> [1]]",
            },
            ConversionKeySwitchKey {
                identifier: 3,
                input_key: SecretLweKey {
                    identifier: 3,
                    polynomial_size: 2048,
                    glwe_dimension: 1,
                    description: "big-secret[#3 : partitions [3]]",
                },
                output_key: SecretLweKey {
                    identifier: 2,
                    polynomial_size: 1024,
                    glwe_dimension: 2,
                    description: "big-secret[#2 : partitions [2]]",
                },
                ks_decomposition_parameter: KsDecompositionParameters {
                    level: 1,
                    log2_base: 25,
                },
                fast_keyswitch: false,
                description: "fks[#3 : partitions [3] -> [2]]",
            },
            ConversionKeySwitchKey {
                identifier: 4,
                input_key: SecretLweKey {
                    identifier: 4,
                    polynomial_size: 4096,
                    glwe_dimension: 1,
                    description: "big-secret[#4 : partitions [4]]",
                },
                output_key: SecretLweKey {
                    identifier: 0,
                    polynomial_size: 256,
                    glwe_dimension: 6,
                    description: "big-secret[#0 : partitions [0]]",
                },
                ks_decomposition_parameter: KsDecompositionParameters {
                    level: 5,
                    log2_base: 6,
                },
                fast_keyswitch: false,
                description: "fks[#4 : partitions [4] -> [0]]",
            },
            ConversionKeySwitchKey {
                identifier: 5,
                input_key: SecretLweKey {
                    identifier: 4,
                    polynomial_size: 4096,
                    glwe_dimension: 1,
                    description: "big-secret[#4 : partitions [4]]",
                },
                output_key: SecretLweKey {
                    identifier: 3,
                    polynomial_size: 2048,
                    glwe_dimension: 1,
                    description: "big-secret[#3 : partitions [3]]",
                },
                ks_decomposition_parameter: KsDecompositionParameters {
                    level: 1,
                    log2_base: 25,
                },
                fast_keyswitch: false,
                description: "fks[#5 : partitions [4] -> [3]]",
            },
        ],
        circuit_bootstrap_keys: [],
        private_functional_packing_keys: [],
    },
    instructions_keys: [],
    crt_decomposition: [],
    complexity: 2170251095741440.0,
    p_error: 0.009998470912326383,
    global_p_error: 1.0,
    is_feasible: true,
    error_msg: "",
}###
 25%|██▌       | 1/4 [00:39<01:57, 39.10s/it] 50%|█████     | 2/4 [00:56<00:52, 26.09s/it] 75%|███████▌  | 3/4 [01:12<00:21, 21.87s/it]100%|██████████| 4/4 [01:29<00:00, 19.90s/it]100%|██████████| 4/4 [01:29<00:00, 22.45s/it]
[Validation] Top-1 Acc: 87.500% | Top-5 Acc: 0.000% | Time per inference in FHE: 0.45

Running ENCRYPTED test inference in SIMULATE mode on a subset of 200 images...
  0%|          | 0/4 [00:00<?, ?it/s] 25%|██▌       | 1/4 [00:16<00:50, 16.90s/it] 50%|█████     | 2/4 [00:33<00:33, 16.90s/it] 75%|███████▌  | 3/4 [00:50<00:16, 16.94s/it]100%|██████████| 4/4 [01:07<00:00, 16.95s/it]100%|██████████| 4/4 [01:07<00:00, 16.94s/it]
[Test] Top-1 Acc: 87.500% | Top-5 Acc: 0.000% | Time per inference in FHE: 0.34

============ Encrypted Reliability Analysis ============


Running ENCRYPTED test inference on subset of 200 with random state 27...
  0%|          | 0/4 [00:00<?, ?it/s] 25%|██▌       | 1/4 [00:00<00:01,  2.31it/s] 50%|█████     | 2/4 [00:00<00:00,  2.31it/s] 75%|███████▌  | 3/4 [00:01<00:00,  2.28it/s]100%|██████████| 4/4 [00:01<00:00,  2.27it/s]100%|██████████| 4/4 [00:01<00:00,  2.28it/s]
[Test] UNENCRYPTED Top-1 Acc: 84.500% | Top-5 Acc: 0.000% | Avg. Loss: 0.826 | Time per inference: 0.01
  0%|          | 0/4 [00:00<?, ?it/s] 25%|██▌       | 1/4 [00:16<00:50, 16.70s/it] 50%|█████     | 2/4 [00:33<00:33, 16.88s/it] 75%|███████▌  | 3/4 [00:50<00:16, 16.95s/it]100%|██████████| 4/4 [01:07<00:00, 16.99s/it]100%|██████████| 4/4 [01:07<00:00, 16.95s/it]
[Test] ENCRYPTED Top-1 Acc: 84.500% | Top-5 Acc: 0.000% | Time per inference in FHE: 0.34


Running ENCRYPTED test inference on subset of 200 with random state 28...
  0%|          | 0/4 [00:00<?, ?it/s] 25%|██▌       | 1/4 [00:00<00:01,  2.21it/s] 50%|█████     | 2/4 [00:00<00:00,  2.15it/s] 75%|███████▌  | 3/4 [00:01<00:00,  2.10it/s]100%|██████████| 4/4 [00:01<00:00,  2.16it/s]100%|██████████| 4/4 [00:01<00:00,  2.15it/s]
[Test] UNENCRYPTED Top-1 Acc: 87.500% | Top-5 Acc: 0.000% | Avg. Loss: 0.630 | Time per inference: 0.01
  0%|          | 0/4 [00:00<?, ?it/s] 25%|██▌       | 1/4 [00:16<00:50, 16.81s/it] 50%|█████     | 2/4 [00:33<00:33, 16.91s/it] 75%|███████▌  | 3/4 [00:51<00:17, 17.08s/it]100%|██████████| 4/4 [01:08<00:00, 17.08s/it]100%|██████████| 4/4 [01:08<00:00, 17.04s/it]
[Test] ENCRYPTED Top-1 Acc: 88.000% | Top-5 Acc: 0.000% | Time per inference in FHE: 0.34


Running ENCRYPTED test inference on subset of 200 with random state 29...
  0%|          | 0/4 [00:00<?, ?it/s] 25%|██▌       | 1/4 [00:00<00:01,  2.18it/s] 50%|█████     | 2/4 [00:00<00:00,  2.07it/s] 75%|███████▌  | 3/4 [00:01<00:00,  2.15it/s]100%|██████████| 4/4 [00:01<00:00,  2.15it/s]100%|██████████| 4/4 [00:01<00:00,  2.14it/s]
[Test] UNENCRYPTED Top-1 Acc: 87.000% | Top-5 Acc: 0.000% | Avg. Loss: 0.746 | Time per inference: 0.01
  0%|          | 0/4 [00:00<?, ?it/s] 25%|██▌       | 1/4 [00:16<00:50, 16.77s/it] 50%|█████     | 2/4 [00:33<00:33, 16.91s/it] 75%|███████▌  | 3/4 [00:50<00:17, 17.01s/it]100%|██████████| 4/4 [01:08<00:00, 17.06s/it]100%|██████████| 4/4 [01:08<00:00, 17.01s/it]
[Test] ENCRYPTED Top-1 Acc: 86.500% | Top-5 Acc: 0.000% | Time per inference in FHE: 0.34


Running ENCRYPTED test inference on subset of 200 with random state 30...
  0%|          | 0/4 [00:00<?, ?it/s] 25%|██▌       | 1/4 [00:00<00:01,  2.05it/s] 50%|█████     | 2/4 [00:00<00:00,  2.08it/s] 75%|███████▌  | 3/4 [00:01<00:00,  2.11it/s]100%|██████████| 4/4 [00:01<00:00,  2.10it/s]100%|██████████| 4/4 [00:01<00:00,  2.09it/s]
[Test] UNENCRYPTED Top-1 Acc: 90.000% | Top-5 Acc: 0.000% | Avg. Loss: 0.493 | Time per inference: 0.01
  0%|          | 0/4 [00:00<?, ?it/s] 25%|██▌       | 1/4 [00:16<00:50, 16.84s/it] 50%|█████     | 2/4 [00:34<00:34, 17.08s/it] 75%|███████▌  | 3/4 [00:51<00:17, 17.10s/it]100%|██████████| 4/4 [01:08<00:00, 17.06s/it]100%|██████████| 4/4 [01:08<00:00, 17.05s/it]
[Test] ENCRYPTED Top-1 Acc: 88.000% | Top-5 Acc: 0.000% | Time per inference in FHE: 0.34


Running ENCRYPTED test inference on subset of 200 with random state 31...
  0%|          | 0/4 [00:00<?, ?it/s] 25%|██▌       | 1/4 [00:00<00:01,  2.15it/s] 50%|█████     | 2/4 [00:00<00:00,  2.06it/s] 75%|███████▌  | 3/4 [00:01<00:00,  2.04it/s]100%|██████████| 4/4 [00:01<00:00,  2.10it/s]100%|██████████| 4/4 [00:01<00:00,  2.09it/s]
[Test] UNENCRYPTED Top-1 Acc: 90.500% | Top-5 Acc: 0.000% | Avg. Loss: 0.531 | Time per inference: 0.01
  0%|          | 0/4 [00:00<?, ?it/s] 25%|██▌       | 1/4 [00:17<00:51, 17.20s/it] 50%|█████     | 2/4 [00:34<00:34, 17.12s/it] 75%|███████▌  | 3/4 [00:51<00:17, 17.12s/it]100%|██████████| 4/4 [01:08<00:00, 17.13s/it]100%|██████████| 4/4 [01:08<00:00, 17.13s/it]
[Test] ENCRYPTED Top-1 Acc: 89.000% | Top-5 Acc: 0.000% | Time per inference in FHE: 0.34


Running ENCRYPTED test inference on subset of 200 with random state 32...
  0%|          | 0/4 [00:00<?, ?it/s] 25%|██▌       | 1/4 [00:00<00:01,  1.97it/s] 50%|█████     | 2/4 [00:00<00:00,  2.04it/s] 75%|███████▌  | 3/4 [00:01<00:00,  1.98it/s]100%|██████████| 4/4 [00:02<00:00,  1.99it/s]100%|██████████| 4/4 [00:02<00:00,  1.99it/s]
[Test] UNENCRYPTED Top-1 Acc: 87.500% | Top-5 Acc: 0.000% | Avg. Loss: 0.625 | Time per inference: 0.01
  0%|          | 0/4 [00:00<?, ?it/s] 25%|██▌       | 1/4 [00:16<00:50, 16.82s/it] 50%|█████     | 2/4 [00:34<00:34, 17.15s/it] 75%|███████▌  | 3/4 [00:51<00:17, 17.11s/it]100%|██████████| 4/4 [01:08<00:00, 17.08s/it]100%|██████████| 4/4 [01:08<00:00, 17.07s/it]
[Test] ENCRYPTED Top-1 Acc: 88.000% | Top-5 Acc: 0.000% | Time per inference in FHE: 0.34


Running ENCRYPTED test inference on subset of 200 with random state 33...
  0%|          | 0/4 [00:00<?, ?it/s] 25%|██▌       | 1/4 [00:00<00:01,  2.29it/s] 50%|█████     | 2/4 [00:00<00:00,  2.15it/s] 75%|███████▌  | 3/4 [00:01<00:00,  2.14it/s]100%|██████████| 4/4 [00:01<00:00,  2.23it/s]100%|██████████| 4/4 [00:01<00:00,  2.21it/s]
[Test] UNENCRYPTED Top-1 Acc: 84.000% | Top-5 Acc: 0.000% | Avg. Loss: 0.766 | Time per inference: 0.01
  0%|          | 0/4 [00:00<?, ?it/s] 25%|██▌       | 1/4 [00:16<00:50, 16.81s/it] 50%|█████     | 2/4 [00:33<00:33, 16.95s/it] 75%|███████▌  | 3/4 [00:51<00:17, 17.05s/it]100%|██████████| 4/4 [01:08<00:00, 17.08s/it]100%|██████████| 4/4 [01:08<00:00, 17.04s/it]
[Test] ENCRYPTED Top-1 Acc: 85.000% | Top-5 Acc: 0.000% | Time per inference in FHE: 0.34


Running ENCRYPTED test inference on subset of 200 with random state 34...
  0%|          | 0/4 [00:00<?, ?it/s] 25%|██▌       | 1/4 [00:00<00:01,  2.04it/s] 50%|█████     | 2/4 [00:00<00:00,  2.06it/s] 75%|███████▌  | 3/4 [00:01<00:00,  2.02it/s]100%|██████████| 4/4 [00:01<00:00,  2.05it/s]100%|██████████| 4/4 [00:01<00:00,  2.04it/s]
[Test] UNENCRYPTED Top-1 Acc: 91.000% | Top-5 Acc: 0.000% | Avg. Loss: 0.397 | Time per inference: 0.01
  0%|          | 0/4 [00:00<?, ?it/s] 25%|██▌       | 1/4 [00:17<00:51, 17.04s/it] 50%|█████     | 2/4 [00:34<00:34, 17.07s/it] 75%|███████▌  | 3/4 [00:51<00:17, 17.21s/it]100%|██████████| 4/4 [01:09<00:00, 17.38s/it]100%|██████████| 4/4 [01:09<00:00, 17.29s/it]
[Test] ENCRYPTED Top-1 Acc: 90.500% | Top-5 Acc: 0.000% | Time per inference in FHE: 0.35


Running ENCRYPTED test inference on subset of 200 with random state 35...
  0%|          | 0/4 [00:00<?, ?it/s] 25%|██▌       | 1/4 [00:00<00:01,  1.87it/s] 50%|█████     | 2/4 [00:00<00:00,  2.06it/s] 75%|███████▌  | 3/4 [00:01<00:00,  2.08it/s]100%|██████████| 4/4 [00:01<00:00,  2.01it/s]100%|██████████| 4/4 [00:01<00:00,  2.01it/s]
[Test] UNENCRYPTED Top-1 Acc: 88.500% | Top-5 Acc: 0.000% | Avg. Loss: 0.547 | Time per inference: 0.01
  0%|          | 0/4 [00:00<?, ?it/s] 25%|██▌       | 1/4 [00:17<00:51, 17.14s/it] 50%|█████     | 2/4 [00:34<00:34, 17.23s/it] 75%|███████▌  | 3/4 [00:51<00:17, 17.12s/it]100%|██████████| 4/4 [01:08<00:00, 17.14s/it]100%|██████████| 4/4 [01:08<00:00, 17.15s/it]
[Test] ENCRYPTED Top-1 Acc: 87.500% | Top-5 Acc: 0.000% | Time per inference in FHE: 0.34


Running ENCRYPTED test inference on subset of 200 with random state 36...
  0%|          | 0/4 [00:00<?, ?it/s] 25%|██▌       | 1/4 [00:00<00:01,  2.32it/s] 50%|█████     | 2/4 [00:00<00:00,  2.17it/s] 75%|███████▌  | 3/4 [00:01<00:00,  2.18it/s]100%|██████████| 4/4 [00:01<00:00,  2.16it/s]100%|██████████| 4/4 [00:01<00:00,  2.17it/s]
[Test] UNENCRYPTED Top-1 Acc: 88.000% | Top-5 Acc: 0.000% | Avg. Loss: 0.529 | Time per inference: 0.01
  0%|          | 0/4 [00:00<?, ?it/s] 25%|██▌       | 1/4 [00:17<00:51, 17.14s/it] 50%|█████     | 2/4 [00:34<00:34, 17.05s/it] 75%|███████▌  | 3/4 [00:51<00:17, 17.08s/it]100%|██████████| 4/4 [01:08<00:00, 17.03s/it]100%|██████████| 4/4 [01:08<00:00, 17.05s/it]
[Test] ENCRYPTED Top-1 Acc: 87.500% | Top-5 Acc: 0.000% | Time per inference in FHE: 0.34

--------Encrypted Reliability Analysis Results--------
Unencrypted top1 acc: [84.5, 87.5, 87.0, 90.0, 90.5, 87.5, 84.0, 91.0, 88.5, 88.0]
Unencrypted top5 acc: [0.0, 0.0, 0.0, 0.0, 0.0, 0.0, 0.0, 0.0, 0.0, 0.0]
Encrypted top1 acc: [84.5, 88.0, 86.5, 88.0, 89.0, 88.0, 85.0, 90.5, 87.5, 87.5]
Encrypted top5 acc: [0.0, 0.0, 0.0, 0.0, 0.0, 0.0, 0.0, 0.0, 0.0, 0.0]
--------------------------------------------------------
Done
