nohup: ignoring input
-----General parameters-----
model=ResNet50qat
dataset=FaceForensic
num_classes=2
dataset_path=/home/zhiyong/Git/dct-cryptonets/dct-cryptonets/dataset/FaceForensic
checkpoint_path=/home/zhiyong/Git/dct-cryptonets/dct-cryptonets/checkpoint/faceforensic/resnet50_qat_dct/best.tar
bit_width=4
-----Homomorphic encryption parameters-----
fhe_mode=execute
calib_batch_size=100
test_batch_size=1
test_subset=1
rounding_threshold_bits=7
n_bits=5
p_error=0.05
reliability_test=True
verbose=True
-----DCT parameters-----
dct_status=Y
image_size=56
filter_size=8
dct_pattern=default
channels=24

Using GPU: True

Number Parameters: 23504329

============Model Summary============
=============================================================================================================================
Layer (type:depth-idx)                                                      Output Shape              Param #
=============================================================================================================================
ResNetQDCT                                                                  [1, 2048]                 --
├─Sequential: 1-1                                                           [1, 2048]                 --
│    └─QuantIdentity: 2-1                                                   [1, 24, 56, 56]           --
│    │    └─ActQuantProxyFromInjector: 3-1                                  [1, 24, 56, 56]           --
│    │    └─ActQuantProxyFromInjector: 3-2                                  [1, 24, 56, 56]           1
│    └─QuantIdentity: 2-159                                                 --                        (recursive)
│    │    └─ActQuantProxyFromInjector: 3-318                                --                        (recursive)
│    └─QuantIdentity: 2-3                                                   --                        (recursive)
│    │    └─ActQuantProxyFromInjector: 3-4                                  --                        (recursive)
│    └─QuantConv2d: 2-4                                                     [1, 64, 56, 56]           --
│    │    └─ActQuantProxyFromInjector: 3-5                                  [1, 24, 56, 56]           --
│    │    └─WeightQuantProxyFromInjector: 3-6                               [64, 24, 1, 1]            1,536
│    │    └─ActQuantProxyFromInjector: 3-7                                  [1, 64, 56, 56]           --
│    └─BatchNorm2d: 2-5                                                     [1, 64, 56, 56]           128
│    └─QuantIdentity: 2-6                                                   [1, 64, 56, 56]           --
│    │    └─ActQuantProxyFromInjector: 3-8                                  [1, 64, 56, 56]           --
│    │    └─ActQuantProxyFromInjector: 3-9                                  [1, 64, 56, 56]           1
│    └─QuantIdentity: 2-159                                                 --                        (recursive)
│    │    └─ActQuantProxyFromInjector: 3-318                                --                        (recursive)
│    └─QuantIdentity: 2-8                                                   --                        (recursive)
│    │    └─ActQuantProxyFromInjector: 3-11                                 --                        (recursive)
│    └─BottleneckQBlock: 2-9                                                [1, 256, 56, 56]          70,788
│    │    └─QuantConv2d: 3-12                                               [1, 64, 56, 56]           4,096
│    │    └─BatchNorm2d: 3-13                                               [1, 64, 56, 56]           128
│    │    └─QuantReLU: 3-14                                                 [1, 64, 56, 56]           1
│    └─QuantIdentity: 2-159                                                 --                        (recursive)
│    │    └─ActQuantProxyFromInjector: 3-318                                --                        (recursive)
│    └─BottleneckQBlock: 2-19                                               --                        (recursive)
│    │    └─QuantReLU: 3-16                                                 --                        (recursive)
│    │    └─QuantConv2d: 3-17                                               [1, 64, 56, 56]           36,864
│    │    └─BatchNorm2d: 3-18                                               [1, 64, 56, 56]           128
│    │    └─QuantReLU: 3-19                                                 [1, 64, 56, 56]           1
│    └─QuantIdentity: 2-159                                                 --                        (recursive)
│    │    └─ActQuantProxyFromInjector: 3-318                                --                        (recursive)
│    └─BottleneckQBlock: 2-19                                               --                        (recursive)
│    │    └─QuantReLU: 3-21                                                 --                        (recursive)
│    │    └─QuantConv2d: 3-22                                               [1, 256, 56, 56]          16,384
│    │    └─BatchNorm2d: 3-23                                               [1, 256, 56, 56]          512
│    │    └─QuantIdentity: 3-24                                             [1, 256, 56, 56]          1
│    └─QuantIdentity: 2-159                                                 --                        (recursive)
│    │    └─ActQuantProxyFromInjector: 3-318                                --                        (recursive)
│    └─BottleneckQBlock: 2-19                                               --                        (recursive)
│    │    └─QuantIdentity: 3-26                                             --                        (recursive)
│    │    └─QuantConv2d: 3-27                                               [1, 256, 56, 56]          16,384
│    │    └─BatchNorm2d: 3-28                                               [1, 256, 56, 56]          512
│    │    └─QuantIdentity: 3-29                                             [1, 256, 56, 56]          1
│    └─QuantIdentity: 2-159                                                 --                        (recursive)
│    │    └─ActQuantProxyFromInjector: 3-318                                --                        (recursive)
│    └─BottleneckQBlock: 2-19                                               --                        (recursive)
│    │    └─QuantIdentity: 3-31                                             --                        (recursive)
│    │    └─QuantReLU: 3-32                                                 [1, 256, 56, 56]          1
│    └─QuantIdentity: 2-159                                                 --                        (recursive)
│    │    └─ActQuantProxyFromInjector: 3-318                                --                        (recursive)
│    └─BottleneckQBlock: 2-19                                               --                        (recursive)
│    │    └─QuantReLU: 3-34                                                 --                        (recursive)
│    └─BottleneckQBlock: 2-20                                               [1, 256, 56, 56]          53,891
│    │    └─QuantConv2d: 3-35                                               [1, 64, 56, 56]           16,384
│    │    └─BatchNorm2d: 3-36                                               [1, 64, 56, 56]           128
│    │    └─QuantReLU: 3-37                                                 [1, 64, 56, 56]           1
│    └─QuantIdentity: 2-159                                                 --                        (recursive)
│    │    └─ActQuantProxyFromInjector: 3-318                                --                        (recursive)
│    └─BottleneckQBlock: 2-28                                               --                        (recursive)
│    │    └─QuantReLU: 3-39                                                 --                        (recursive)
│    │    └─QuantConv2d: 3-40                                               [1, 64, 56, 56]           36,864
│    │    └─BatchNorm2d: 3-41                                               [1, 64, 56, 56]           128
│    │    └─QuantReLU: 3-42                                                 [1, 64, 56, 56]           1
│    └─QuantIdentity: 2-159                                                 --                        (recursive)
│    │    └─ActQuantProxyFromInjector: 3-318                                --                        (recursive)
│    └─BottleneckQBlock: 2-28                                               --                        (recursive)
│    │    └─QuantReLU: 3-44                                                 --                        (recursive)
│    │    └─QuantConv2d: 3-45                                               [1, 256, 56, 56]          16,384
│    │    └─BatchNorm2d: 3-46                                               [1, 256, 56, 56]          512
│    │    └─QuantIdentity: 3-47                                             [1, 256, 56, 56]          1
│    └─QuantIdentity: 2-159                                                 --                        (recursive)
│    │    └─ActQuantProxyFromInjector: 3-318                                --                        (recursive)
│    └─BottleneckQBlock: 2-28                                               --                        (recursive)
│    │    └─QuantIdentity: 3-49                                             --                        (recursive)
│    │    └─QuantReLU: 3-50                                                 [1, 256, 56, 56]          1
│    └─QuantIdentity: 2-159                                                 --                        (recursive)
│    │    └─ActQuantProxyFromInjector: 3-318                                --                        (recursive)
│    └─BottleneckQBlock: 2-28                                               --                        (recursive)
│    │    └─QuantReLU: 3-52                                                 --                        (recursive)
│    └─BottleneckQBlock: 2-29                                               [1, 256, 56, 56]          53,891
│    │    └─QuantConv2d: 3-53                                               [1, 64, 56, 56]           16,384
│    │    └─BatchNorm2d: 3-54                                               [1, 64, 56, 56]           128
│    │    └─QuantReLU: 3-55                                                 [1, 64, 56, 56]           1
│    └─QuantIdentity: 2-159                                                 --                        (recursive)
│    │    └─ActQuantProxyFromInjector: 3-318                                --                        (recursive)
│    └─BottleneckQBlock: 2-37                                               --                        (recursive)
│    │    └─QuantReLU: 3-57                                                 --                        (recursive)
│    │    └─QuantConv2d: 3-58                                               [1, 64, 56, 56]           36,864
│    │    └─BatchNorm2d: 3-59                                               [1, 64, 56, 56]           128
│    │    └─QuantReLU: 3-60                                                 [1, 64, 56, 56]           1
│    └─QuantIdentity: 2-159                                                 --                        (recursive)
│    │    └─ActQuantProxyFromInjector: 3-318                                --                        (recursive)
│    └─BottleneckQBlock: 2-37                                               --                        (recursive)
│    │    └─QuantReLU: 3-62                                                 --                        (recursive)
│    │    └─QuantConv2d: 3-63                                               [1, 256, 56, 56]          16,384
│    │    └─BatchNorm2d: 3-64                                               [1, 256, 56, 56]          512
│    │    └─QuantIdentity: 3-65                                             [1, 256, 56, 56]          1
│    └─QuantIdentity: 2-159                                                 --                        (recursive)
│    │    └─ActQuantProxyFromInjector: 3-318                                --                        (recursive)
│    └─BottleneckQBlock: 2-37                                               --                        (recursive)
│    │    └─QuantIdentity: 3-67                                             --                        (recursive)
│    │    └─QuantReLU: 3-68                                                 [1, 256, 56, 56]          1
│    └─QuantIdentity: 2-159                                                 --                        (recursive)
│    │    └─ActQuantProxyFromInjector: 3-318                                --                        (recursive)
│    └─BottleneckQBlock: 2-37                                               --                        (recursive)
│    │    └─QuantReLU: 3-70                                                 --                        (recursive)
│    └─BottleneckQBlock: 2-38                                               [1, 512, 28, 28]          346,372
│    │    └─QuantConv2d: 3-71                                               [1, 128, 56, 56]          32,768
│    │    └─BatchNorm2d: 3-72                                               [1, 128, 56, 56]          256
│    │    └─QuantReLU: 3-73                                                 [1, 128, 56, 56]          1
│    └─QuantIdentity: 2-159                                                 --                        (recursive)
│    │    └─ActQuantProxyFromInjector: 3-318                                --                        (recursive)
│    └─BottleneckQBlock: 2-48                                               --                        (recursive)
│    │    └─QuantReLU: 3-75                                                 --                        (recursive)
│    │    └─QuantConv2d: 3-76                                               [1, 128, 28, 28]          147,456
│    │    └─BatchNorm2d: 3-77                                               [1, 128, 28, 28]          256
│    │    └─QuantReLU: 3-78                                                 [1, 128, 28, 28]          1
│    └─QuantIdentity: 2-159                                                 --                        (recursive)
│    │    └─ActQuantProxyFromInjector: 3-318                                --                        (recursive)
│    └─BottleneckQBlock: 2-48                                               --                        (recursive)
│    │    └─QuantReLU: 3-80                                                 --                        (recursive)
│    │    └─QuantConv2d: 3-81                                               [1, 512, 28, 28]          65,536
│    │    └─BatchNorm2d: 3-82                                               [1, 512, 28, 28]          1,024
│    │    └─QuantIdentity: 3-83                                             [1, 512, 28, 28]          1
│    └─QuantIdentity: 2-159                                                 --                        (recursive)
│    │    └─ActQuantProxyFromInjector: 3-318                                --                        (recursive)
│    └─BottleneckQBlock: 2-48                                               --                        (recursive)
│    │    └─QuantIdentity: 3-85                                             --                        (recursive)
│    │    └─QuantConv2d: 3-86                                               [1, 512, 28, 28]          131,072
│    │    └─BatchNorm2d: 3-87                                               [1, 512, 28, 28]          1,024
│    │    └─QuantIdentity: 3-88                                             [1, 512, 28, 28]          1
│    └─QuantIdentity: 2-159                                                 --                        (recursive)
│    │    └─ActQuantProxyFromInjector: 3-318                                --                        (recursive)
│    └─BottleneckQBlock: 2-48                                               --                        (recursive)
│    │    └─QuantIdentity: 3-90                                             --                        (recursive)
│    │    └─QuantReLU: 3-91                                                 [1, 512, 28, 28]          1
│    └─QuantIdentity: 2-159                                                 --                        (recursive)
│    │    └─ActQuantProxyFromInjector: 3-318                                --                        (recursive)
│    └─BottleneckQBlock: 2-48                                               --                        (recursive)
│    │    └─QuantReLU: 3-93                                                 --                        (recursive)
│    └─BottleneckQBlock: 2-49                                               [1, 512, 28, 28]          214,275
│    │    └─QuantConv2d: 3-94                                               [1, 128, 28, 28]          65,536
│    │    └─BatchNorm2d: 3-95                                               [1, 128, 28, 28]          256
│    │    └─QuantReLU: 3-96                                                 [1, 128, 28, 28]          1
│    └─QuantIdentity: 2-159                                                 --                        (recursive)
│    │    └─ActQuantProxyFromInjector: 3-318                                --                        (recursive)
│    └─BottleneckQBlock: 2-57                                               --                        (recursive)
│    │    └─QuantReLU: 3-98                                                 --                        (recursive)
│    │    └─QuantConv2d: 3-99                                               [1, 128, 28, 28]          147,456
│    │    └─BatchNorm2d: 3-100                                              [1, 128, 28, 28]          256
│    │    └─QuantReLU: 3-101                                                [1, 128, 28, 28]          1
│    └─QuantIdentity: 2-159                                                 --                        (recursive)
│    │    └─ActQuantProxyFromInjector: 3-318                                --                        (recursive)
│    └─BottleneckQBlock: 2-57                                               --                        (recursive)
│    │    └─QuantReLU: 3-103                                                --                        (recursive)
│    │    └─QuantConv2d: 3-104                                              [1, 512, 28, 28]          65,536
│    │    └─BatchNorm2d: 3-105                                              [1, 512, 28, 28]          1,024
│    │    └─QuantIdentity: 3-106                                            [1, 512, 28, 28]          1
│    └─QuantIdentity: 2-159                                                 --                        (recursive)
│    │    └─ActQuantProxyFromInjector: 3-318                                --                        (recursive)
│    └─BottleneckQBlock: 2-57                                               --                        (recursive)
│    │    └─QuantIdentity: 3-108                                            --                        (recursive)
│    │    └─QuantReLU: 3-109                                                [1, 512, 28, 28]          1
│    └─QuantIdentity: 2-159                                                 --                        (recursive)
│    │    └─ActQuantProxyFromInjector: 3-318                                --                        (recursive)
│    └─BottleneckQBlock: 2-57                                               --                        (recursive)
│    │    └─QuantReLU: 3-111                                                --                        (recursive)
│    └─BottleneckQBlock: 2-58                                               [1, 512, 28, 28]          214,275
│    │    └─QuantConv2d: 3-112                                              [1, 128, 28, 28]          65,536
│    │    └─BatchNorm2d: 3-113                                              [1, 128, 28, 28]          256
│    │    └─QuantReLU: 3-114                                                [1, 128, 28, 28]          1
│    └─QuantIdentity: 2-159                                                 --                        (recursive)
│    │    └─ActQuantProxyFromInjector: 3-318                                --                        (recursive)
│    └─BottleneckQBlock: 2-66                                               --                        (recursive)
│    │    └─QuantReLU: 3-116                                                --                        (recursive)
│    │    └─QuantConv2d: 3-117                                              [1, 128, 28, 28]          147,456
│    │    └─BatchNorm2d: 3-118                                              [1, 128, 28, 28]          256
│    │    └─QuantReLU: 3-119                                                [1, 128, 28, 28]          1
│    └─QuantIdentity: 2-159                                                 --                        (recursive)
│    │    └─ActQuantProxyFromInjector: 3-318                                --                        (recursive)
│    └─BottleneckQBlock: 2-66                                               --                        (recursive)
│    │    └─QuantReLU: 3-121                                                --                        (recursive)
│    │    └─QuantConv2d: 3-122                                              [1, 512, 28, 28]          65,536
│    │    └─BatchNorm2d: 3-123                                              [1, 512, 28, 28]          1,024
│    │    └─QuantIdentity: 3-124                                            [1, 512, 28, 28]          1
│    └─QuantIdentity: 2-159                                                 --                        (recursive)
│    │    └─ActQuantProxyFromInjector: 3-318                                --                        (recursive)
│    └─BottleneckQBlock: 2-66                                               --                        (recursive)
│    │    └─QuantIdentity: 3-126                                            --                        (recursive)
│    │    └─QuantReLU: 3-127                                                [1, 512, 28, 28]          1
│    └─QuantIdentity: 2-159                                                 --                        (recursive)
│    │    └─ActQuantProxyFromInjector: 3-318                                --                        (recursive)
│    └─BottleneckQBlock: 2-66                                               --                        (recursive)
│    │    └─QuantReLU: 3-129                                                --                        (recursive)
│    └─BottleneckQBlock: 2-67                                               [1, 512, 28, 28]          214,275
│    │    └─QuantConv2d: 3-130                                              [1, 128, 28, 28]          65,536
│    │    └─BatchNorm2d: 3-131                                              [1, 128, 28, 28]          256
│    │    └─QuantReLU: 3-132                                                [1, 128, 28, 28]          1
│    └─QuantIdentity: 2-159                                                 --                        (recursive)
│    │    └─ActQuantProxyFromInjector: 3-318                                --                        (recursive)
│    └─BottleneckQBlock: 2-75                                               --                        (recursive)
│    │    └─QuantReLU: 3-134                                                --                        (recursive)
│    │    └─QuantConv2d: 3-135                                              [1, 128, 28, 28]          147,456
│    │    └─BatchNorm2d: 3-136                                              [1, 128, 28, 28]          256
│    │    └─QuantReLU: 3-137                                                [1, 128, 28, 28]          1
│    └─QuantIdentity: 2-159                                                 --                        (recursive)
│    │    └─ActQuantProxyFromInjector: 3-318                                --                        (recursive)
│    └─BottleneckQBlock: 2-75                                               --                        (recursive)
│    │    └─QuantReLU: 3-139                                                --                        (recursive)
│    │    └─QuantConv2d: 3-140                                              [1, 512, 28, 28]          65,536
│    │    └─BatchNorm2d: 3-141                                              [1, 512, 28, 28]          1,024
│    │    └─QuantIdentity: 3-142                                            [1, 512, 28, 28]          1
│    └─QuantIdentity: 2-159                                                 --                        (recursive)
│    │    └─ActQuantProxyFromInjector: 3-318                                --                        (recursive)
│    └─BottleneckQBlock: 2-75                                               --                        (recursive)
│    │    └─QuantIdentity: 3-144                                            --                        (recursive)
│    │    └─QuantReLU: 3-145                                                [1, 512, 28, 28]          1
│    └─QuantIdentity: 2-159                                                 --                        (recursive)
│    │    └─ActQuantProxyFromInjector: 3-318                                --                        (recursive)
│    └─BottleneckQBlock: 2-75                                               --                        (recursive)
│    │    └─QuantReLU: 3-147                                                --                        (recursive)
│    └─BottleneckQBlock: 2-76                                               [1, 1024, 14, 14]         1,380,868
│    │    └─QuantConv2d: 3-148                                              [1, 256, 28, 28]          131,072
│    │    └─BatchNorm2d: 3-149                                              [1, 256, 28, 28]          512
│    │    └─QuantReLU: 3-150                                                [1, 256, 28, 28]          1
│    └─QuantIdentity: 2-159                                                 --                        (recursive)
│    │    └─ActQuantProxyFromInjector: 3-318                                --                        (recursive)
│    └─BottleneckQBlock: 2-86                                               --                        (recursive)
│    │    └─QuantReLU: 3-152                                                --                        (recursive)
│    │    └─QuantConv2d: 3-153                                              [1, 256, 14, 14]          589,824
│    │    └─BatchNorm2d: 3-154                                              [1, 256, 14, 14]          512
│    │    └─QuantReLU: 3-155                                                [1, 256, 14, 14]          1
│    └─QuantIdentity: 2-159                                                 --                        (recursive)
│    │    └─ActQuantProxyFromInjector: 3-318                                --                        (recursive)
│    └─BottleneckQBlock: 2-86                                               --                        (recursive)
│    │    └─QuantReLU: 3-157                                                --                        (recursive)
│    │    └─QuantConv2d: 3-158                                              [1, 1024, 14, 14]         262,144
│    │    └─BatchNorm2d: 3-159                                              [1, 1024, 14, 14]         2,048
│    │    └─QuantIdentity: 3-160                                            [1, 1024, 14, 14]         1
│    └─QuantIdentity: 2-159                                                 --                        (recursive)
│    │    └─ActQuantProxyFromInjector: 3-318                                --                        (recursive)
│    └─BottleneckQBlock: 2-86                                               --                        (recursive)
│    │    └─QuantIdentity: 3-162                                            --                        (recursive)
│    │    └─QuantConv2d: 3-163                                              [1, 1024, 14, 14]         524,288
│    │    └─BatchNorm2d: 3-164                                              [1, 1024, 14, 14]         2,048
│    │    └─QuantIdentity: 3-165                                            [1, 1024, 14, 14]         1
│    └─QuantIdentity: 2-159                                                 --                        (recursive)
│    │    └─ActQuantProxyFromInjector: 3-318                                --                        (recursive)
│    └─BottleneckQBlock: 2-86                                               --                        (recursive)
│    │    └─QuantIdentity: 3-167                                            --                        (recursive)
│    │    └─QuantReLU: 3-168                                                [1, 1024, 14, 14]         1
│    └─QuantIdentity: 2-159                                                 --                        (recursive)
│    │    └─ActQuantProxyFromInjector: 3-318                                --                        (recursive)
│    └─BottleneckQBlock: 2-86                                               --                        (recursive)
│    │    └─QuantReLU: 3-170                                                --                        (recursive)
│    └─BottleneckQBlock: 2-87                                               [1, 1024, 14, 14]         854,531
│    │    └─QuantConv2d: 3-171                                              [1, 256, 14, 14]          262,144
│    │    └─BatchNorm2d: 3-172                                              [1, 256, 14, 14]          512
│    │    └─QuantReLU: 3-173                                                [1, 256, 14, 14]          1
│    └─QuantIdentity: 2-159                                                 --                        (recursive)
│    │    └─ActQuantProxyFromInjector: 3-318                                --                        (recursive)
│    └─BottleneckQBlock: 2-95                                               --                        (recursive)
│    │    └─QuantReLU: 3-175                                                --                        (recursive)
│    │    └─QuantConv2d: 3-176                                              [1, 256, 14, 14]          589,824
│    │    └─BatchNorm2d: 3-177                                              [1, 256, 14, 14]          512
│    │    └─QuantReLU: 3-178                                                [1, 256, 14, 14]          1
│    └─QuantIdentity: 2-159                                                 --                        (recursive)
│    │    └─ActQuantProxyFromInjector: 3-318                                --                        (recursive)
│    └─BottleneckQBlock: 2-95                                               --                        (recursive)
│    │    └─QuantReLU: 3-180                                                --                        (recursive)
│    │    └─QuantConv2d: 3-181                                              [1, 1024, 14, 14]         262,144
│    │    └─BatchNorm2d: 3-182                                              [1, 1024, 14, 14]         2,048
│    │    └─QuantIdentity: 3-183                                            [1, 1024, 14, 14]         1
│    └─QuantIdentity: 2-159                                                 --                        (recursive)
│    │    └─ActQuantProxyFromInjector: 3-318                                --                        (recursive)
│    └─BottleneckQBlock: 2-95                                               --                        (recursive)
│    │    └─QuantIdentity: 3-185                                            --                        (recursive)
│    │    └─QuantReLU: 3-186                                                [1, 1024, 14, 14]         1
│    └─QuantIdentity: 2-159                                                 --                        (recursive)
│    │    └─ActQuantProxyFromInjector: 3-318                                --                        (recursive)
│    └─BottleneckQBlock: 2-95                                               --                        (recursive)
│    │    └─QuantReLU: 3-188                                                --                        (recursive)
│    └─BottleneckQBlock: 2-96                                               [1, 1024, 14, 14]         854,531
│    │    └─QuantConv2d: 3-189                                              [1, 256, 14, 14]          262,144
│    │    └─BatchNorm2d: 3-190                                              [1, 256, 14, 14]          512
│    │    └─QuantReLU: 3-191                                                [1, 256, 14, 14]          1
│    └─QuantIdentity: 2-159                                                 --                        (recursive)
│    │    └─ActQuantProxyFromInjector: 3-318                                --                        (recursive)
│    └─BottleneckQBlock: 2-104                                              --                        (recursive)
│    │    └─QuantReLU: 3-193                                                --                        (recursive)
│    │    └─QuantConv2d: 3-194                                              [1, 256, 14, 14]          589,824
│    │    └─BatchNorm2d: 3-195                                              [1, 256, 14, 14]          512
│    │    └─QuantReLU: 3-196                                                [1, 256, 14, 14]          1
│    └─QuantIdentity: 2-159                                                 --                        (recursive)
│    │    └─ActQuantProxyFromInjector: 3-318                                --                        (recursive)
│    └─BottleneckQBlock: 2-104                                              --                        (recursive)
│    │    └─QuantReLU: 3-198                                                --                        (recursive)
│    │    └─QuantConv2d: 3-199                                              [1, 1024, 14, 14]         262,144
│    │    └─BatchNorm2d: 3-200                                              [1, 1024, 14, 14]         2,048
│    │    └─QuantIdentity: 3-201                                            [1, 1024, 14, 14]         1
│    └─QuantIdentity: 2-159                                                 --                        (recursive)
│    │    └─ActQuantProxyFromInjector: 3-318                                --                        (recursive)
│    └─BottleneckQBlock: 2-104                                              --                        (recursive)
│    │    └─QuantIdentity: 3-203                                            --                        (recursive)
│    │    └─QuantReLU: 3-204                                                [1, 1024, 14, 14]         1
│    └─QuantIdentity: 2-159                                                 --                        (recursive)
│    │    └─ActQuantProxyFromInjector: 3-318                                --                        (recursive)
│    └─BottleneckQBlock: 2-104                                              --                        (recursive)
│    │    └─QuantReLU: 3-206                                                --                        (recursive)
│    └─BottleneckQBlock: 2-105                                              [1, 1024, 14, 14]         854,531
│    │    └─QuantConv2d: 3-207                                              [1, 256, 14, 14]          262,144
│    │    └─BatchNorm2d: 3-208                                              [1, 256, 14, 14]          512
│    │    └─QuantReLU: 3-209                                                [1, 256, 14, 14]          1
│    └─QuantIdentity: 2-159                                                 --                        (recursive)
│    │    └─ActQuantProxyFromInjector: 3-318                                --                        (recursive)
│    └─BottleneckQBlock: 2-113                                              --                        (recursive)
│    │    └─QuantReLU: 3-211                                                --                        (recursive)
│    │    └─QuantConv2d: 3-212                                              [1, 256, 14, 14]          589,824
│    │    └─BatchNorm2d: 3-213                                              [1, 256, 14, 14]          512
│    │    └─QuantReLU: 3-214                                                [1, 256, 14, 14]          1
│    └─QuantIdentity: 2-159                                                 --                        (recursive)
│    │    └─ActQuantProxyFromInjector: 3-318                                --                        (recursive)
│    └─BottleneckQBlock: 2-113                                              --                        (recursive)
│    │    └─QuantReLU: 3-216                                                --                        (recursive)
│    │    └─QuantConv2d: 3-217                                              [1, 1024, 14, 14]         262,144
│    │    └─BatchNorm2d: 3-218                                              [1, 1024, 14, 14]         2,048
│    │    └─QuantIdentity: 3-219                                            [1, 1024, 14, 14]         1
│    └─QuantIdentity: 2-159                                                 --                        (recursive)
│    │    └─ActQuantProxyFromInjector: 3-318                                --                        (recursive)
│    └─BottleneckQBlock: 2-113                                              --                        (recursive)
│    │    └─QuantIdentity: 3-221                                            --                        (recursive)
│    │    └─QuantReLU: 3-222                                                [1, 1024, 14, 14]         1
│    └─QuantIdentity: 2-159                                                 --                        (recursive)
│    │    └─ActQuantProxyFromInjector: 3-318                                --                        (recursive)
│    └─BottleneckQBlock: 2-113                                              --                        (recursive)
│    │    └─QuantReLU: 3-224                                                --                        (recursive)
│    └─BottleneckQBlock: 2-114                                              [1, 1024, 14, 14]         854,531
│    │    └─QuantConv2d: 3-225                                              [1, 256, 14, 14]          262,144
│    │    └─BatchNorm2d: 3-226                                              [1, 256, 14, 14]          512
│    │    └─QuantReLU: 3-227                                                [1, 256, 14, 14]          1
│    └─QuantIdentity: 2-159                                                 --                        (recursive)
│    │    └─ActQuantProxyFromInjector: 3-318                                --                        (recursive)
│    └─BottleneckQBlock: 2-122                                              --                        (recursive)
│    │    └─QuantReLU: 3-229                                                --                        (recursive)
│    │    └─QuantConv2d: 3-230                                              [1, 256, 14, 14]          589,824
│    │    └─BatchNorm2d: 3-231                                              [1, 256, 14, 14]          512
│    │    └─QuantReLU: 3-232                                                [1, 256, 14, 14]          1
│    └─QuantIdentity: 2-159                                                 --                        (recursive)
│    │    └─ActQuantProxyFromInjector: 3-318                                --                        (recursive)
│    └─BottleneckQBlock: 2-122                                              --                        (recursive)
│    │    └─QuantReLU: 3-234                                                --                        (recursive)
│    │    └─QuantConv2d: 3-235                                              [1, 1024, 14, 14]         262,144
│    │    └─BatchNorm2d: 3-236                                              [1, 1024, 14, 14]         2,048
│    │    └─QuantIdentity: 3-237                                            [1, 1024, 14, 14]         1
│    └─QuantIdentity: 2-159                                                 --                        (recursive)
│    │    └─ActQuantProxyFromInjector: 3-318                                --                        (recursive)
│    └─BottleneckQBlock: 2-122                                              --                        (recursive)
│    │    └─QuantIdentity: 3-239                                            --                        (recursive)
│    │    └─QuantReLU: 3-240                                                [1, 1024, 14, 14]         1
│    └─QuantIdentity: 2-159                                                 --                        (recursive)
│    │    └─ActQuantProxyFromInjector: 3-318                                --                        (recursive)
│    └─BottleneckQBlock: 2-122                                              --                        (recursive)
│    │    └─QuantReLU: 3-242                                                --                        (recursive)
│    └─BottleneckQBlock: 2-123                                              [1, 1024, 14, 14]         854,531
│    │    └─QuantConv2d: 3-243                                              [1, 256, 14, 14]          262,144
│    │    └─BatchNorm2d: 3-244                                              [1, 256, 14, 14]          512
│    │    └─QuantReLU: 3-245                                                [1, 256, 14, 14]          1
│    └─QuantIdentity: 2-159                                                 --                        (recursive)
│    │    └─ActQuantProxyFromInjector: 3-318                                --                        (recursive)
│    └─BottleneckQBlock: 2-131                                              --                        (recursive)
│    │    └─QuantReLU: 3-247                                                --                        (recursive)
│    │    └─QuantConv2d: 3-248                                              [1, 256, 14, 14]          589,824
│    │    └─BatchNorm2d: 3-249                                              [1, 256, 14, 14]          512
│    │    └─QuantReLU: 3-250                                                [1, 256, 14, 14]          1
│    └─QuantIdentity: 2-159                                                 --                        (recursive)
│    │    └─ActQuantProxyFromInjector: 3-318                                --                        (recursive)
│    └─BottleneckQBlock: 2-131                                              --                        (recursive)
│    │    └─QuantReLU: 3-252                                                --                        (recursive)
│    │    └─QuantConv2d: 3-253                                              [1, 1024, 14, 14]         262,144
│    │    └─BatchNorm2d: 3-254                                              [1, 1024, 14, 14]         2,048
│    │    └─QuantIdentity: 3-255                                            [1, 1024, 14, 14]         1
│    └─QuantIdentity: 2-159                                                 --                        (recursive)
│    │    └─ActQuantProxyFromInjector: 3-318                                --                        (recursive)
│    └─BottleneckQBlock: 2-131                                              --                        (recursive)
│    │    └─QuantIdentity: 3-257                                            --                        (recursive)
│    │    └─QuantReLU: 3-258                                                [1, 1024, 14, 14]         1
│    └─QuantIdentity: 2-159                                                 --                        (recursive)
│    │    └─ActQuantProxyFromInjector: 3-318                                --                        (recursive)
│    └─BottleneckQBlock: 2-131                                              --                        (recursive)
│    │    └─QuantReLU: 3-260                                                --                        (recursive)
│    └─BottleneckQBlock: 2-132                                              [1, 2048, 7, 7]           5,514,244
│    │    └─QuantConv2d: 3-261                                              [1, 512, 14, 14]          524,288
│    │    └─BatchNorm2d: 3-262                                              [1, 512, 14, 14]          1,024
│    │    └─QuantReLU: 3-263                                                [1, 512, 14, 14]          1
│    └─QuantIdentity: 2-159                                                 --                        (recursive)
│    │    └─ActQuantProxyFromInjector: 3-318                                --                        (recursive)
│    └─BottleneckQBlock: 2-142                                              --                        (recursive)
│    │    └─QuantReLU: 3-265                                                --                        (recursive)
│    │    └─QuantConv2d: 3-266                                              [1, 512, 7, 7]            2,359,296
│    │    └─BatchNorm2d: 3-267                                              [1, 512, 7, 7]            1,024
│    │    └─QuantReLU: 3-268                                                [1, 512, 7, 7]            1
│    └─QuantIdentity: 2-159                                                 --                        (recursive)
│    │    └─ActQuantProxyFromInjector: 3-318                                --                        (recursive)
│    └─BottleneckQBlock: 2-142                                              --                        (recursive)
│    │    └─QuantReLU: 3-270                                                --                        (recursive)
│    │    └─QuantConv2d: 3-271                                              [1, 2048, 7, 7]           1,048,576
│    │    └─BatchNorm2d: 3-272                                              [1, 2048, 7, 7]           4,096
│    │    └─QuantIdentity: 3-273                                            [1, 2048, 7, 7]           1
│    └─QuantIdentity: 2-159                                                 --                        (recursive)
│    │    └─ActQuantProxyFromInjector: 3-318                                --                        (recursive)
│    └─BottleneckQBlock: 2-142                                              --                        (recursive)
│    │    └─QuantIdentity: 3-275                                            --                        (recursive)
│    │    └─QuantConv2d: 3-276                                              [1, 2048, 7, 7]           2,097,152
│    │    └─BatchNorm2d: 3-277                                              [1, 2048, 7, 7]           4,096
│    │    └─QuantIdentity: 3-278                                            [1, 2048, 7, 7]           1
│    └─QuantIdentity: 2-159                                                 --                        (recursive)
│    │    └─ActQuantProxyFromInjector: 3-318                                --                        (recursive)
│    └─BottleneckQBlock: 2-142                                              --                        (recursive)
│    │    └─QuantIdentity: 3-280                                            --                        (recursive)
│    │    └─QuantReLU: 3-281                                                [1, 2048, 7, 7]           1
│    └─QuantIdentity: 2-159                                                 --                        (recursive)
│    │    └─ActQuantProxyFromInjector: 3-318                                --                        (recursive)
│    └─BottleneckQBlock: 2-142                                              --                        (recursive)
│    │    └─QuantReLU: 3-283                                                --                        (recursive)
│    └─BottleneckQBlock: 2-143                                              [1, 2048, 7, 7]           3,412,995
│    │    └─QuantConv2d: 3-284                                              [1, 512, 7, 7]            1,048,576
│    │    └─BatchNorm2d: 3-285                                              [1, 512, 7, 7]            1,024
│    │    └─QuantReLU: 3-286                                                [1, 512, 7, 7]            1
│    └─QuantIdentity: 2-159                                                 --                        (recursive)
│    │    └─ActQuantProxyFromInjector: 3-318                                --                        (recursive)
│    └─BottleneckQBlock: 2-151                                              --                        (recursive)
│    │    └─QuantReLU: 3-288                                                --                        (recursive)
│    │    └─QuantConv2d: 3-289                                              [1, 512, 7, 7]            2,359,296
│    │    └─BatchNorm2d: 3-290                                              [1, 512, 7, 7]            1,024
│    │    └─QuantReLU: 3-291                                                [1, 512, 7, 7]            1
│    └─QuantIdentity: 2-159                                                 --                        (recursive)
│    │    └─ActQuantProxyFromInjector: 3-318                                --                        (recursive)
│    └─BottleneckQBlock: 2-151                                              --                        (recursive)
│    │    └─QuantReLU: 3-293                                                --                        (recursive)
│    │    └─QuantConv2d: 3-294                                              [1, 2048, 7, 7]           1,048,576
│    │    └─BatchNorm2d: 3-295                                              [1, 2048, 7, 7]           4,096
│    │    └─QuantIdentity: 3-296                                            [1, 2048, 7, 7]           1
│    └─QuantIdentity: 2-159                                                 --                        (recursive)
│    │    └─ActQuantProxyFromInjector: 3-318                                --                        (recursive)
│    └─BottleneckQBlock: 2-151                                              --                        (recursive)
│    │    └─QuantIdentity: 3-298                                            --                        (recursive)
│    │    └─QuantReLU: 3-299                                                [1, 2048, 7, 7]           1
│    └─QuantIdentity: 2-159                                                 --                        (recursive)
│    │    └─ActQuantProxyFromInjector: 3-318                                --                        (recursive)
│    └─BottleneckQBlock: 2-151                                              --                        (recursive)
│    │    └─QuantReLU: 3-301                                                --                        (recursive)
│    └─BottleneckQBlock: 2-152                                              [1, 2048, 7, 7]           3,412,995
│    │    └─QuantConv2d: 3-302                                              [1, 512, 7, 7]            1,048,576
│    │    └─BatchNorm2d: 3-303                                              [1, 512, 7, 7]            1,024
│    │    └─QuantReLU: 3-304                                                [1, 512, 7, 7]            1
│    └─QuantIdentity: 2-159                                                 --                        (recursive)
│    │    └─ActQuantProxyFromInjector: 3-318                                --                        (recursive)
│    └─BottleneckQBlock: 2-160                                              --                        (recursive)
│    │    └─QuantReLU: 3-306                                                --                        (recursive)
│    │    └─QuantConv2d: 3-307                                              [1, 512, 7, 7]            2,359,296
│    │    └─BatchNorm2d: 3-308                                              [1, 512, 7, 7]            1,024
│    │    └─QuantReLU: 3-309                                                [1, 512, 7, 7]            1
│    └─QuantIdentity: 2-159                                                 --                        (recursive)
│    │    └─ActQuantProxyFromInjector: 3-318                                --                        (recursive)
│    └─BottleneckQBlock: 2-160                                              --                        (recursive)
│    │    └─QuantReLU: 3-311                                                --                        (recursive)
│    │    └─QuantConv2d: 3-312                                              [1, 2048, 7, 7]           1,048,576
│    │    └─BatchNorm2d: 3-313                                              [1, 2048, 7, 7]           4,096
│    │    └─QuantIdentity: 3-314                                            [1, 2048, 7, 7]           1
│    └─QuantIdentity: 2-159                                                 --                        (recursive)
│    │    └─ActQuantProxyFromInjector: 3-318                                --                        (recursive)
│    └─BottleneckQBlock: 2-160                                              --                        (recursive)
│    │    └─QuantIdentity: 3-316                                            --                        (recursive)
│    │    └─QuantReLU: 3-317                                                [1, 2048, 7, 7]           1
│    └─QuantIdentity: 2-159                                                 --                        (recursive)
│    │    └─ActQuantProxyFromInjector: 3-318                                --                        (recursive)
│    └─BottleneckQBlock: 2-160                                              --                        (recursive)
│    │    └─QuantReLU: 3-319                                                --                        (recursive)
│    └─AvgPool2d: 2-161                                                     [1, 2048, 1, 1]           --
│    └─QuantIdentity: 2-162                                                 [1, 2048, 1, 1]           --
│    │    └─ActQuantProxyFromInjector: 3-320                                [1, 2048, 1, 1]           --
│    │    └─ActQuantProxyFromInjector: 3-321                                [1, 2048, 1, 1]           1
│    └─Flatten: 2-163                                                       [1, 2048]                 --
=============================================================================================================================
Total params: 42,661,755
Trainable params: 42,661,755
Non-trainable params: 0
Total mult-adds (M): 0.05
=============================================================================================================================
Input size (MB): 0.30
Forward/backward pass size (MB): 84.09
Params size (MB): 0.21
Estimated Total Size (MB): 84.61
=============================================================================================================================

Loading checkpoint...
Loaded checkpoint /home/zhiyong/Git/dct-cryptonets/dct-cryptonets/checkpoint/faceforensic/resnet50_qat_dct/best.tar (99.256% Top-1 Acc. @ epoch 4)

Compiling FHE Model (this can take up to 10 minutes for larger networks)...

Computation Graph
--------------------------------------------------------------------------------
  %0 = _inp_1                                                                                                             # EncryptedTensor<int4, shape=(1, 24, 56, 56)>           ∈ [-8, 7]
  %1 = [[[[ 0]]   ...   [[ 1]]]]                                                                                          # ClearTensor<int4, shape=(64, 24, 1, 1)>                ∈ [-6, 7]              @ /trunk/trunk.1/Conv.conv
  %2 = conv2d(%0, %1, [0 0 0 0 0 ... 0 0 0 0 0], pads=[0, 0, 0, 0], strides=(1, 1), dilations=(1, 1), group=1)            # EncryptedTensor<int8, shape=(1, 64, 56, 56)>           ∈ [-98, 98]            @ /trunk/trunk.1/Conv.conv
  %3 = round_bit_pattern(%2, lsbs_to_remove=1, overflow_protection=False, exactness=Exactness.EXACT)                      # EncryptedTensor<int8, shape=(1, 64, 56, 56)>           ∈ [-98, 98]            @ /trunk/trunk.1/Conv.conv_rounding
  %4 = subgraph(%3)                                                                                                       # EncryptedTensor<int4, shape=(1, 64, 56, 56)>           ∈ [-8, 7]
  %5 = [[[[ 4]]   ...   [[ 0]]]]                                                                                          # ClearTensor<int4, shape=(64, 64, 1, 1)>                ∈ [-7, 7]              @ /trunk/trunk.4/C1/Conv.conv
  %6 = conv2d(%4, %5, [0 0 0 0 0 ... 0 0 0 0 0], pads=[0, 0, 0, 0], strides=(1, 1), dilations=(1, 1), group=1)            # EncryptedTensor<int10, shape=(1, 64, 56, 56)>          ∈ [-271, 272]          @ /trunk/trunk.4/C1/Conv.conv
  %7 = round_bit_pattern(%6, lsbs_to_remove=3, overflow_protection=False, exactness=Exactness.EXACT)                      # EncryptedTensor<int10, shape=(1, 64, 56, 56)>          ∈ [-272, 272]          @ /trunk/trunk.4/C1/Conv.conv_rounding
  %8 = subgraph(%7)                                                                                                       # EncryptedTensor<uint4, shape=(1, 64, 56, 56)>          ∈ [0, 15]
  %9 = ones()                                                                                                             # EncryptedTensor<uint1, shape=(1, 64, 58, 58)>          ∈ [1, 1]
 %10 = 0                                                                                                                  # ClearScalar<uint1>                                     ∈ [0, 0]
 %11 = multiply(%9, %10)                                                                                                  # EncryptedTensor<uint1, shape=(1, 64, 58, 58)>          ∈ [0, 0]
 %12 = (%11[:, :, 1:57, 1:57] = %8)                                                                                       # EncryptedTensor<uint4, shape=(1, 64, 58, 58)>          ∈ [0, 15]
 %13 = [[[[ 0  1  ...   1  1]]]]                                                                                          # ClearTensor<int4, shape=(64, 64, 3, 3)>                ∈ [-7, 7]              @ /trunk/trunk.4/C2/Conv.conv
 %14 = conv2d(%12, %13, [0 0 0 0 0 ... 0 0 0 0 0], pads=[0, 0, 0, 0], strides=(1, 1), dilations=(1, 1), group=1)          # EncryptedTensor<int12, shape=(1, 64, 56, 56)>          ∈ [-956, 1128]         @ /trunk/trunk.4/C2/Conv.conv
 %15 = round_bit_pattern(%14, lsbs_to_remove=4, overflow_protection=False, exactness=Exactness.EXACT)                     # EncryptedTensor<int12, shape=(1, 64, 56, 56)>          ∈ [-960, 1136]         @ /trunk/trunk.4/C2/Conv.conv_rounding
 %16 = subgraph(%15)                                                                                                      # EncryptedTensor<uint4, shape=(1, 64, 56, 56)>          ∈ [0, 15]
 %17 = [[[[-2]]   ...   [[ 1]]]]                                                                                          # ClearTensor<int4, shape=(256, 64, 1, 1)>               ∈ [-7, 7]              @ /trunk/trunk.4/C3/Conv.conv
 %18 = conv2d(%16, %17, [0 0 0 0 0 ... 0 0 0 0 0], pads=[0, 0, 0, 0], strides=(1, 1), dilations=(1, 1), group=1)          # EncryptedTensor<int10, shape=(1, 256, 56, 56)>         ∈ [-399, 403]          @ /trunk/trunk.4/C3/Conv.conv
 %19 = round_bit_pattern(%18, lsbs_to_remove=3, overflow_protection=False, exactness=Exactness.EXACT)                     # EncryptedTensor<int10, shape=(1, 256, 56, 56)>         ∈ [-400, 400]          @ /trunk/trunk.4/C3/Conv.conv_rounding
 %20 = subgraph(%3)                                                                                                       # EncryptedTensor<int4, shape=(1, 64, 56, 56)>           ∈ [-8, 7]
 %21 = [[[[ 3]]   ...   [[-4]]]]                                                                                          # ClearTensor<int4, shape=(256, 64, 1, 1)>               ∈ [-7, 7]              @ /trunk/trunk.4/shortcut/Conv.conv
 %22 = conv2d(%20, %21, [0 0 0 0 0 ... 0 0 0 0 0], pads=[0, 0, 0, 0], strides=(1, 1), dilations=(1, 1), group=1)          # EncryptedTensor<int10, shape=(1, 256, 56, 56)>         ∈ [-271, 290]          @ /trunk/trunk.4/shortcut/Conv.conv
 %23 = round_bit_pattern(%22, lsbs_to_remove=2, overflow_protection=False, exactness=Exactness.EXACT)                     # EncryptedTensor<int10, shape=(1, 256, 56, 56)>         ∈ [-272, 292]          @ /trunk/trunk.4/shortcut/Conv.conv_rounding
 %24 = subgraph(%19)                                                                                                      # EncryptedTensor<int4, shape=(1, 256, 56, 56)>          ∈ [-8, 7]
 %25 = subgraph(%23)                                                                                                      # EncryptedTensor<int4, shape=(1, 256, 56, 56)>          ∈ [-8, 7]
 %26 = subgraph(%24)                                                                                                      # EncryptedTensor<int5, shape=(1, 256, 56, 56)>          ∈ [-11, 10]
 %27 = subgraph(%25)                                                                                                      # EncryptedTensor<int5, shape=(1, 256, 56, 56)>          ∈ [-13, 12]
 %28 = 1                                                                                                                  # ClearScalar<uint1>                                     ∈ [1, 1]
 %29 = multiply(%28, %27)                                                                                                 # EncryptedTensor<int5, shape=(1, 256, 56, 56)>          ∈ [-13, 12]
 %30 = add(%26, %29)                                                                                                      # EncryptedTensor<int6, shape=(1, 256, 56, 56)>          ∈ [-24, 22]
 %31 = subgraph(%30)                                                                                                      # EncryptedTensor<uint4, shape=(1, 256, 56, 56)>         ∈ [0, 15]
 %32 = [[[[ 2]]   ...   [[ 2]]]]                                                                                          # ClearTensor<int4, shape=(64, 256, 1, 1)>               ∈ [-7, 7]              @ /trunk/trunk.5/C1/Conv.conv
 %33 = conv2d(%31, %32, [0 0 0 0 0 ... 0 0 0 0 0], pads=[0, 0, 0, 0], strides=(1, 1), dilations=(1, 1), group=1)          # EncryptedTensor<int11, shape=(1, 64, 56, 56)>          ∈ [-637, 640]          @ /trunk/trunk.5/C1/Conv.conv
 %34 = round_bit_pattern(%33, lsbs_to_remove=4, overflow_protection=False, exactness=Exactness.EXACT)                     # EncryptedTensor<int11, shape=(1, 64, 56, 56)>          ∈ [-640, 640]          @ /trunk/trunk.5/C1/Conv.conv_rounding
 %35 = subgraph(%34)                                                                                                      # EncryptedTensor<uint4, shape=(1, 64, 56, 56)>          ∈ [0, 15]
 %36 = ones()                                                                                                             # EncryptedTensor<uint1, shape=(1, 64, 58, 58)>          ∈ [1, 1]
 %37 = 0                                                                                                                  # ClearScalar<uint1>                                     ∈ [0, 0]
 %38 = multiply(%36, %37)                                                                                                 # EncryptedTensor<uint1, shape=(1, 64, 58, 58)>          ∈ [0, 0]
 %39 = (%38[:, :, 1:57, 1:57] = %35)                                                                                      # EncryptedTensor<uint4, shape=(1, 64, 58, 58)>          ∈ [0, 15]
 %40 = [[[[ 1  1  ...   3  1]]]]                                                                                          # ClearTensor<int4, shape=(64, 64, 3, 3)>                ∈ [-7, 7]              @ /trunk/trunk.5/C2/Conv.conv
 %41 = conv2d(%39, %40, [0 0 0 0 0 ... 0 0 0 0 0], pads=[0, 0, 0, 0], strides=(1, 1), dilations=(1, 1), group=1)          # EncryptedTensor<int12, shape=(1, 64, 56, 56)>          ∈ [-1210, 1123]        @ /trunk/trunk.5/C2/Conv.conv
 %42 = round_bit_pattern(%41, lsbs_to_remove=4, overflow_protection=False, exactness=Exactness.EXACT)                     # EncryptedTensor<int12, shape=(1, 64, 56, 56)>          ∈ [-1216, 1120]        @ /trunk/trunk.5/C2/Conv.conv_rounding
 %43 = subgraph(%42)                                                                                                      # EncryptedTensor<uint4, shape=(1, 64, 56, 56)>          ∈ [0, 15]
 %44 = [[[[ 1]]   ...   [[-2]]]]                                                                                          # ClearTensor<int4, shape=(256, 64, 1, 1)>               ∈ [-7, 7]              @ /trunk/trunk.5/C3/Conv.conv
 %45 = conv2d(%43, %44, [0 0 0 0 0 ... 0 0 0 0 0], pads=[0, 0, 0, 0], strides=(1, 1), dilations=(1, 1), group=1)          # EncryptedTensor<int10, shape=(1, 256, 56, 56)>         ∈ [-377, 352]          @ /trunk/trunk.5/C3/Conv.conv
 %46 = round_bit_pattern(%45, lsbs_to_remove=3, overflow_protection=False, exactness=Exactness.EXACT)                     # EncryptedTensor<int10, shape=(1, 256, 56, 56)>         ∈ [-376, 352]          @ /trunk/trunk.5/C3/Conv.conv_rounding
 %47 = subgraph(%46)                                                                                                      # EncryptedTensor<int4, shape=(1, 256, 56, 56)>          ∈ [-8, 7]
 %48 = subgraph(%30)                                                                                                      # EncryptedTensor<uint4, shape=(1, 256, 56, 56)>         ∈ [0, 15]
 %49 = subgraph(%47)                                                                                                      # EncryptedTensor<int5, shape=(1, 256, 56, 56)>          ∈ [-12, 10]
 %50 = subgraph(%48)                                                                                                      # EncryptedTensor<uint5, shape=(1, 256, 56, 56)>         ∈ [0, 18]
 %51 = 1                                                                                                                  # ClearScalar<uint1>                                     ∈ [1, 1]
 %52 = multiply(%51, %50)                                                                                                 # EncryptedTensor<uint5, shape=(1, 256, 56, 56)>         ∈ [0, 18]
 %53 = add(%49, %52)                                                                                                      # EncryptedTensor<int6, shape=(1, 256, 56, 56)>          ∈ [-12, 28]
 %54 = subgraph(%53)                                                                                                      # EncryptedTensor<uint4, shape=(1, 256, 56, 56)>         ∈ [0, 15]
 %55 = [[[[-2]]   ...   [[ 2]]]]                                                                                          # ClearTensor<int4, shape=(64, 256, 1, 1)>               ∈ [-6, 7]              @ /trunk/trunk.6/C1/Conv.conv
 %56 = conv2d(%54, %55, [0 0 0 0 0 ... 0 0 0 0 0], pads=[0, 0, 0, 0], strides=(1, 1), dilations=(1, 1), group=1)          # EncryptedTensor<int11, shape=(1, 64, 56, 56)>          ∈ [-597, 598]          @ /trunk/trunk.6/C1/Conv.conv
 %57 = round_bit_pattern(%56, lsbs_to_remove=3, overflow_protection=False, exactness=Exactness.EXACT)                     # EncryptedTensor<int11, shape=(1, 64, 56, 56)>          ∈ [-600, 600]          @ /trunk/trunk.6/C1/Conv.conv_rounding
 %58 = subgraph(%57)                                                                                                      # EncryptedTensor<uint4, shape=(1, 64, 56, 56)>          ∈ [0, 15]
 %59 = ones()                                                                                                             # EncryptedTensor<uint1, shape=(1, 64, 58, 58)>          ∈ [1, 1]
 %60 = 0                                                                                                                  # ClearScalar<uint1>                                     ∈ [0, 0]
 %61 = multiply(%59, %60)                                                                                                 # EncryptedTensor<uint1, shape=(1, 64, 58, 58)>          ∈ [0, 0]
 %62 = (%61[:, :, 1:57, 1:57] = %58)                                                                                      # EncryptedTensor<uint4, shape=(1, 64, 58, 58)>          ∈ [0, 15]
 %63 = [[[[-2  3  ...  -1  4]]]]                                                                                          # ClearTensor<int4, shape=(64, 64, 3, 3)>                ∈ [-7, 7]              @ /trunk/trunk.6/C2/Conv.conv
 %64 = conv2d(%62, %63, [0 0 0 0 0 ... 0 0 0 0 0], pads=[0, 0, 0, 0], strides=(1, 1), dilations=(1, 1), group=1)          # EncryptedTensor<int12, shape=(1, 64, 56, 56)>          ∈ [-1224, 1174]        @ /trunk/trunk.6/C2/Conv.conv
 %65 = round_bit_pattern(%64, lsbs_to_remove=4, overflow_protection=False, exactness=Exactness.EXACT)                     # EncryptedTensor<int12, shape=(1, 64, 56, 56)>          ∈ [-1216, 1168]        @ /trunk/trunk.6/C2/Conv.conv_rounding
 %66 = subgraph(%65)                                                                                                      # EncryptedTensor<uint4, shape=(1, 64, 56, 56)>          ∈ [0, 15]
 %67 = [[[[-1]]   ...   [[-1]]]]                                                                                          # ClearTensor<int4, shape=(256, 64, 1, 1)>               ∈ [-7, 7]              @ /trunk/trunk.6/C3/Conv.conv
 %68 = conv2d(%66, %67, [0 0 0 0 0 ... 0 0 0 0 0], pads=[0, 0, 0, 0], strides=(1, 1), dilations=(1, 1), group=1)          # EncryptedTensor<int10, shape=(1, 256, 56, 56)>         ∈ [-390, 430]          @ /trunk/trunk.6/C3/Conv.conv
 %69 = round_bit_pattern(%68, lsbs_to_remove=3, overflow_protection=False, exactness=Exactness.EXACT)                     # EncryptedTensor<int10, shape=(1, 256, 56, 56)>         ∈ [-392, 432]          @ /trunk/trunk.6/C3/Conv.conv_rounding
 %70 = subgraph(%69)                                                                                                      # EncryptedTensor<int4, shape=(1, 256, 56, 56)>          ∈ [-8, 7]
 %71 = subgraph(%53)                                                                                                      # EncryptedTensor<uint4, shape=(1, 256, 56, 56)>         ∈ [0, 15]
 %72 = subgraph(%70)                                                                                                      # EncryptedTensor<int5, shape=(1, 256, 56, 56)>          ∈ [-9, 8]
 %73 = subgraph(%71)                                                                                                      # EncryptedTensor<uint5, shape=(1, 256, 56, 56)>         ∈ [0, 19]
 %74 = 1                                                                                                                  # ClearScalar<uint1>                                     ∈ [1, 1]
 %75 = multiply(%74, %73)                                                                                                 # EncryptedTensor<uint5, shape=(1, 256, 56, 56)>         ∈ [0, 19]
 %76 = add(%72, %75)                                                                                                      # EncryptedTensor<int6, shape=(1, 256, 56, 56)>          ∈ [-9, 27]
 %77 = subgraph(%76)                                                                                                      # EncryptedTensor<uint4, shape=(1, 256, 56, 56)>         ∈ [0, 15]
 %78 = [[[[ 1]]   ...   [[ 0]]]]                                                                                          # ClearTensor<int4, shape=(128, 256, 1, 1)>              ∈ [-6, 7]              @ /trunk/trunk.7/C1/Conv.conv
 %79 = conv2d(%77, %78, [0 0 0 0 0 ... 0 0 0 0 0], pads=[0, 0, 0, 0], strides=(1, 1), dilations=(1, 1), group=1)          # EncryptedTensor<int11, shape=(1, 128, 56, 56)>         ∈ [-563, 608]          @ /trunk/trunk.7/C1/Conv.conv
 %80 = round_bit_pattern(%79, lsbs_to_remove=3, overflow_protection=False, exactness=Exactness.EXACT)                     # EncryptedTensor<int11, shape=(1, 128, 56, 56)>         ∈ [-560, 608]          @ /trunk/trunk.7/C1/Conv.conv_rounding
 %81 = subgraph(%80)                                                                                                      # EncryptedTensor<uint4, shape=(1, 128, 56, 56)>         ∈ [0, 15]
 %82 = ones()                                                                                                             # EncryptedTensor<uint1, shape=(1, 128, 58, 58)>         ∈ [1, 1]
 %83 = 0                                                                                                                  # ClearScalar<uint1>                                     ∈ [0, 0]
 %84 = multiply(%82, %83)                                                                                                 # EncryptedTensor<uint1, shape=(1, 128, 58, 58)>         ∈ [0, 0]
 %85 = (%84[:, :, 1:57, 1:57] = %81)                                                                                      # EncryptedTensor<uint4, shape=(1, 128, 58, 58)>         ∈ [0, 15]
 %86 = [[[[-1  0  ...  -2 -1]]]]                                                                                          # ClearTensor<int4, shape=(128, 128, 3, 3)>              ∈ [-7, 7]              @ /trunk/trunk.7/C2/Conv.conv
 %87 = conv2d(%85, %86, [0 0 0 0 0 ... 0 0 0 0 0], pads=[0, 0, 0, 0], strides=(2, 2), dilations=(1, 1), group=1)          # EncryptedTensor<int12, shape=(1, 128, 28, 28)>         ∈ [-1918, 1770]        @ /trunk/trunk.7/C2/Conv.conv
 %88 = round_bit_pattern(%87, lsbs_to_remove=5, overflow_protection=False, exactness=Exactness.EXACT)                     # EncryptedTensor<int12, shape=(1, 128, 28, 28)>         ∈ [-1920, 1760]        @ /trunk/trunk.7/C2/Conv.conv_rounding
 %89 = subgraph(%88)                                                                                                      # EncryptedTensor<uint4, shape=(1, 128, 28, 28)>         ∈ [0, 15]
 %90 = [[[[-1]]   ...   [[-3]]]]                                                                                          # ClearTensor<int4, shape=(512, 128, 1, 1)>              ∈ [-6, 7]              @ /trunk/trunk.7/C3/Conv.conv
 %91 = conv2d(%89, %90, [0 0 0 0 0 ... 0 0 0 0 0], pads=[0, 0, 0, 0], strides=(1, 1), dilations=(1, 1), group=1)          # EncryptedTensor<int11, shape=(1, 512, 28, 28)>         ∈ [-559, 617]          @ /trunk/trunk.7/C3/Conv.conv
 %92 = round_bit_pattern(%91, lsbs_to_remove=3, overflow_protection=False, exactness=Exactness.EXACT)                     # EncryptedTensor<int11, shape=(1, 512, 28, 28)>         ∈ [-560, 616]          @ /trunk/trunk.7/C3/Conv.conv_rounding
 %93 = subgraph(%76)                                                                                                      # EncryptedTensor<uint4, shape=(1, 256, 56, 56)>         ∈ [0, 15]
 %94 = [[[[ 1]]   ...   [[ 0]]]]                                                                                          # ClearTensor<int4, shape=(512, 256, 1, 1)>              ∈ [-7, 7]              @ /trunk/trunk.7/shortcut/Conv.conv
 %95 = conv2d(%93, %94, [0 0 0 0 0 ... 0 0 0 0 0], pads=[0, 0, 0, 0], strides=(2, 2), dilations=(1, 1), group=1)          # EncryptedTensor<int11, shape=(1, 512, 28, 28)>         ∈ [-622, 800]          @ /trunk/trunk.7/shortcut/Conv.conv
 %96 = round_bit_pattern(%95, lsbs_to_remove=4, overflow_protection=False, exactness=Exactness.EXACT)                     # EncryptedTensor<int11, shape=(1, 512, 28, 28)>         ∈ [-624, 800]          @ /trunk/trunk.7/shortcut/Conv.conv_rounding
 %97 = subgraph(%92)                                                                                                      # EncryptedTensor<int4, shape=(1, 512, 28, 28)>          ∈ [-8, 7]
 %98 = subgraph(%96)                                                                                                      # EncryptedTensor<int4, shape=(1, 512, 28, 28)>          ∈ [-8, 7]
 %99 = subgraph(%97)                                                                                                      # EncryptedTensor<int5, shape=(1, 512, 28, 28)>          ∈ [-12, 11]
%100 = subgraph(%98)                                                                                                      # EncryptedTensor<int5, shape=(1, 512, 28, 28)>          ∈ [-12, 11]
%101 = 1                                                                                                                  # ClearScalar<uint1>                                     ∈ [1, 1]
%102 = multiply(%101, %100)                                                                                               # EncryptedTensor<int5, shape=(1, 512, 28, 28)>          ∈ [-12, 11]
%103 = add(%99, %102)                                                                                                     # EncryptedTensor<int6, shape=(1, 512, 28, 28)>          ∈ [-24, 22]
%104 = subgraph(%103)                                                                                                     # EncryptedTensor<uint4, shape=(1, 512, 28, 28)>         ∈ [0, 15]
%105 = [[[[-1]]   ...   [[ 0]]]]                                                                                          # ClearTensor<int4, shape=(128, 512, 1, 1)>              ∈ [-6, 7]              @ /trunk/trunk.8/C1/Conv.conv
%106 = conv2d(%104, %105, [0 0 0 0 0 ... 0 0 0 0 0], pads=[0, 0, 0, 0], strides=(1, 1), dilations=(1, 1), group=1)        # EncryptedTensor<int12, shape=(1, 128, 28, 28)>         ∈ [-878, 1157]         @ /trunk/trunk.8/C1/Conv.conv
%107 = round_bit_pattern(%106, lsbs_to_remove=4, overflow_protection=False, exactness=Exactness.EXACT)                    # EncryptedTensor<int12, shape=(1, 128, 28, 28)>         ∈ [-880, 1152]         @ /trunk/trunk.8/C1/Conv.conv_rounding
%108 = subgraph(%107)                                                                                                     # EncryptedTensor<uint4, shape=(1, 128, 28, 28)>         ∈ [0, 15]
%109 = ones()                                                                                                             # EncryptedTensor<uint1, shape=(1, 128, 30, 30)>         ∈ [1, 1]
%110 = 0                                                                                                                  # ClearScalar<uint1>                                     ∈ [0, 0]
%111 = multiply(%109, %110)                                                                                               # EncryptedTensor<uint1, shape=(1, 128, 30, 30)>         ∈ [0, 0]
%112 = (%111[:, :, 1:29, 1:29] = %108)                                                                                    # EncryptedTensor<uint4, shape=(1, 128, 30, 30)>         ∈ [0, 15]
%113 = [[[[-2 -1  ...   1  0]]]]                                                                                          # ClearTensor<int4, shape=(128, 128, 3, 3)>              ∈ [-7, 7]              @ /trunk/trunk.8/C2/Conv.conv
%114 = conv2d(%112, %113, [0 0 0 0 0 ... 0 0 0 0 0], pads=[0, 0, 0, 0], strides=(1, 1), dilations=(1, 1), group=1)        # EncryptedTensor<int13, shape=(1, 128, 28, 28)>         ∈ [-2072, 1821]        @ /trunk/trunk.8/C2/Conv.conv
%115 = round_bit_pattern(%114, lsbs_to_remove=5, overflow_protection=False, exactness=Exactness.EXACT)                    # EncryptedTensor<int13, shape=(1, 128, 28, 28)>         ∈ [-2080, 1824]        @ /trunk/trunk.8/C2/Conv.conv_rounding
%116 = subgraph(%115)                                                                                                     # EncryptedTensor<uint4, shape=(1, 128, 28, 28)>         ∈ [0, 15]
%117 = [[[[-2]]   ...   [[ 0]]]]                                                                                          # ClearTensor<int4, shape=(512, 128, 1, 1)>              ∈ [-7, 7]              @ /trunk/trunk.8/C3/Conv.conv
%118 = conv2d(%116, %117, [0 0 0 0 0 ... 0 0 0 0 0], pads=[0, 0, 0, 0], strides=(1, 1), dilations=(1, 1), group=1)        # EncryptedTensor<int11, shape=(1, 512, 28, 28)>         ∈ [-494, 533]          @ /trunk/trunk.8/C3/Conv.conv
%119 = round_bit_pattern(%118, lsbs_to_remove=3, overflow_protection=False, exactness=Exactness.EXACT)                    # EncryptedTensor<int11, shape=(1, 512, 28, 28)>         ∈ [-496, 536]          @ /trunk/trunk.8/C3/Conv.conv_rounding
%120 = subgraph(%119)                                                                                                     # EncryptedTensor<int4, shape=(1, 512, 28, 28)>          ∈ [-8, 7]
%121 = subgraph(%103)                                                                                                     # EncryptedTensor<uint4, shape=(1, 512, 28, 28)>         ∈ [0, 15]
%122 = subgraph(%120)                                                                                                     # EncryptedTensor<int5, shape=(1, 512, 28, 28)>          ∈ [-13, 11]
%123 = subgraph(%121)                                                                                                     # EncryptedTensor<uint5, shape=(1, 512, 28, 28)>         ∈ [0, 18]
%124 = 1                                                                                                                  # ClearScalar<uint1>                                     ∈ [1, 1]
%125 = multiply(%124, %123)                                                                                               # EncryptedTensor<uint5, shape=(1, 512, 28, 28)>         ∈ [0, 18]
%126 = add(%122, %125)                                                                                                    # EncryptedTensor<int6, shape=(1, 512, 28, 28)>          ∈ [-13, 29]
%127 = subgraph(%126)                                                                                                     # EncryptedTensor<uint4, shape=(1, 512, 28, 28)>         ∈ [0, 15]
%128 = [[[[-2]]   ...   [[ 2]]]]                                                                                          # ClearTensor<int4, shape=(128, 512, 1, 1)>              ∈ [-6, 7]              @ /trunk/trunk.9/C1/Conv.conv
%129 = conv2d(%127, %128, [0 0 0 0 0 ... 0 0 0 0 0], pads=[0, 0, 0, 0], strides=(1, 1), dilations=(1, 1), group=1)        # EncryptedTensor<int12, shape=(1, 128, 28, 28)>         ∈ [-835, 1100]         @ /trunk/trunk.9/C1/Conv.conv
%130 = round_bit_pattern(%129, lsbs_to_remove=4, overflow_protection=False, exactness=Exactness.EXACT)                    # EncryptedTensor<int12, shape=(1, 128, 28, 28)>         ∈ [-832, 1104]         @ /trunk/trunk.9/C1/Conv.conv_rounding
%131 = subgraph(%130)                                                                                                     # EncryptedTensor<uint4, shape=(1, 128, 28, 28)>         ∈ [0, 15]
%132 = ones()                                                                                                             # EncryptedTensor<uint1, shape=(1, 128, 30, 30)>         ∈ [1, 1]
%133 = 0                                                                                                                  # ClearScalar<uint1>                                     ∈ [0, 0]
%134 = multiply(%132, %133)                                                                                               # EncryptedTensor<uint1, shape=(1, 128, 30, 30)>         ∈ [0, 0]
%135 = (%134[:, :, 1:29, 1:29] = %131)                                                                                    # EncryptedTensor<uint4, shape=(1, 128, 30, 30)>         ∈ [0, 15]
%136 = [[[[-2 -1  ...  -2  0]]]]                                                                                          # ClearTensor<int4, shape=(128, 128, 3, 3)>              ∈ [-7, 6]              @ /trunk/trunk.9/C2/Conv.conv
%137 = conv2d(%135, %136, [0 0 0 0 0 ... 0 0 0 0 0], pads=[0, 0, 0, 0], strides=(1, 1), dilations=(1, 1), group=1)        # EncryptedTensor<int12, shape=(1, 128, 28, 28)>         ∈ [-1787, 1479]        @ /trunk/trunk.9/C2/Conv.conv
%138 = round_bit_pattern(%137, lsbs_to_remove=5, overflow_protection=False, exactness=Exactness.EXACT)                    # EncryptedTensor<int12, shape=(1, 128, 28, 28)>         ∈ [-1792, 1472]        @ /trunk/trunk.9/C2/Conv.conv_rounding
%139 = subgraph(%138)                                                                                                     # EncryptedTensor<uint4, shape=(1, 128, 28, 28)>         ∈ [0, 15]
%140 = [[[[ 0]]   ...   [[ 2]]]]                                                                                          # ClearTensor<int4, shape=(512, 128, 1, 1)>              ∈ [-6, 7]              @ /trunk/trunk.9/C3/Conv.conv
%141 = conv2d(%139, %140, [0 0 0 0 0 ... 0 0 0 0 0], pads=[0, 0, 0, 0], strides=(1, 1), dilations=(1, 1), group=1)        # EncryptedTensor<int10, shape=(1, 512, 28, 28)>         ∈ [-465, 477]          @ /trunk/trunk.9/C3/Conv.conv
%142 = round_bit_pattern(%141, lsbs_to_remove=3, overflow_protection=False, exactness=Exactness.EXACT)                    # EncryptedTensor<int10, shape=(1, 512, 28, 28)>         ∈ [-464, 480]          @ /trunk/trunk.9/C3/Conv.conv_rounding
%143 = subgraph(%142)                                                                                                     # EncryptedTensor<int4, shape=(1, 512, 28, 28)>          ∈ [-8, 7]
%144 = subgraph(%126)                                                                                                     # EncryptedTensor<uint4, shape=(1, 512, 28, 28)>         ∈ [0, 15]
%145 = subgraph(%143)                                                                                                     # EncryptedTensor<int5, shape=(1, 512, 28, 28)>          ∈ [-10, 9]
%146 = subgraph(%144)                                                                                                     # EncryptedTensor<uint5, shape=(1, 512, 28, 28)>         ∈ [0, 18]
%147 = 1                                                                                                                  # ClearScalar<uint1>                                     ∈ [1, 1]
%148 = multiply(%147, %146)                                                                                               # EncryptedTensor<uint5, shape=(1, 512, 28, 28)>         ∈ [0, 18]
%149 = add(%145, %148)                                                                                                    # EncryptedTensor<int6, shape=(1, 512, 28, 28)>          ∈ [-10, 27]
%150 = subgraph(%149)                                                                                                     # EncryptedTensor<uint4, shape=(1, 512, 28, 28)>         ∈ [0, 15]
%151 = [[[[ 1]]   ...   [[ 0]]]]                                                                                          # ClearTensor<int4, shape=(128, 512, 1, 1)>              ∈ [-6, 7]              @ /trunk/trunk.10/C1/Conv.conv
%152 = conv2d(%150, %151, [0 0 0 0 0 ... 0 0 0 0 0], pads=[0, 0, 0, 0], strides=(1, 1), dilations=(1, 1), group=1)        # EncryptedTensor<int11, shape=(1, 128, 28, 28)>         ∈ [-673, 892]          @ /trunk/trunk.10/C1/Conv.conv
%153 = round_bit_pattern(%152, lsbs_to_remove=4, overflow_protection=False, exactness=Exactness.EXACT)                    # EncryptedTensor<int11, shape=(1, 128, 28, 28)>         ∈ [-672, 896]          @ /trunk/trunk.10/C1/Conv.conv_rounding
%154 = subgraph(%153)                                                                                                     # EncryptedTensor<uint4, shape=(1, 128, 28, 28)>         ∈ [0, 15]
%155 = ones()                                                                                                             # EncryptedTensor<uint1, shape=(1, 128, 30, 30)>         ∈ [1, 1]
%156 = 0                                                                                                                  # ClearScalar<uint1>                                     ∈ [0, 0]
%157 = multiply(%155, %156)                                                                                               # EncryptedTensor<uint1, shape=(1, 128, 30, 30)>         ∈ [0, 0]
%158 = (%157[:, :, 1:29, 1:29] = %154)                                                                                    # EncryptedTensor<uint4, shape=(1, 128, 30, 30)>         ∈ [0, 15]
%159 = [[[[-1  0  ...  -2  1]]]]                                                                                          # ClearTensor<int4, shape=(128, 128, 3, 3)>              ∈ [-7, 6]              @ /trunk/trunk.10/C2/Conv.conv
%160 = conv2d(%158, %159, [0 0 0 0 0 ... 0 0 0 0 0], pads=[0, 0, 0, 0], strides=(1, 1), dilations=(1, 1), group=1)        # EncryptedTensor<int12, shape=(1, 128, 28, 28)>         ∈ [-1563, 1638]        @ /trunk/trunk.10/C2/Conv.conv
%161 = round_bit_pattern(%160, lsbs_to_remove=5, overflow_protection=False, exactness=Exactness.EXACT)                    # EncryptedTensor<int12, shape=(1, 128, 28, 28)>         ∈ [-1568, 1632]        @ /trunk/trunk.10/C2/Conv.conv_rounding
%162 = subgraph(%161)                                                                                                     # EncryptedTensor<uint4, shape=(1, 128, 28, 28)>         ∈ [0, 15]
%163 = [[[[-1]]   ...   [[-2]]]]                                                                                          # ClearTensor<int4, shape=(512, 128, 1, 1)>              ∈ [-6, 7]              @ /trunk/trunk.10/C3/Conv.conv
%164 = conv2d(%162, %163, [0 0 0 0 0 ... 0 0 0 0 0], pads=[0, 0, 0, 0], strides=(1, 1), dilations=(1, 1), group=1)        # EncryptedTensor<int10, shape=(1, 512, 28, 28)>         ∈ [-460, 496]          @ /trunk/trunk.10/C3/Conv.conv
%165 = round_bit_pattern(%164, lsbs_to_remove=3, overflow_protection=False, exactness=Exactness.EXACT)                    # EncryptedTensor<int10, shape=(1, 512, 28, 28)>         ∈ [-456, 496]          @ /trunk/trunk.10/C3/Conv.conv_rounding
%166 = subgraph(%165)                                                                                                     # EncryptedTensor<int4, shape=(1, 512, 28, 28)>          ∈ [-8, 7]
%167 = subgraph(%149)                                                                                                     # EncryptedTensor<uint4, shape=(1, 512, 28, 28)>         ∈ [0, 15]
%168 = subgraph(%166)                                                                                                     # EncryptedTensor<int5, shape=(1, 512, 28, 28)>          ∈ [-9, 8]
%169 = subgraph(%167)                                                                                                     # EncryptedTensor<uint5, shape=(1, 512, 28, 28)>         ∈ [0, 20]
%170 = 1                                                                                                                  # ClearScalar<uint1>                                     ∈ [1, 1]
%171 = multiply(%170, %169)                                                                                               # EncryptedTensor<uint5, shape=(1, 512, 28, 28)>         ∈ [0, 20]
%172 = add(%168, %171)                                                                                                    # EncryptedTensor<int6, shape=(1, 512, 28, 28)>          ∈ [-9, 28]
%173 = subgraph(%172)                                                                                                     # EncryptedTensor<uint4, shape=(1, 512, 28, 28)>         ∈ [0, 15]
%174 = [[[[-2]]   ...   [[ 1]]]]                                                                                          # ClearTensor<int4, shape=(256, 512, 1, 1)>              ∈ [-7, 6]              @ /trunk/trunk.11/C1/Conv.conv
%175 = conv2d(%173, %174, [0 0 0 0 0 ... 0 0 0 0 0], pads=[0, 0, 0, 0], strides=(1, 1), dilations=(1, 1), group=1)        # EncryptedTensor<int11, shape=(1, 256, 28, 28)>         ∈ [-648, 864]          @ /trunk/trunk.11/C1/Conv.conv
%176 = round_bit_pattern(%175, lsbs_to_remove=4, overflow_protection=False, exactness=Exactness.EXACT)                    # EncryptedTensor<int11, shape=(1, 256, 28, 28)>         ∈ [-640, 864]          @ /trunk/trunk.11/C1/Conv.conv_rounding
%177 = subgraph(%176)                                                                                                     # EncryptedTensor<uint4, shape=(1, 256, 28, 28)>         ∈ [0, 15]
%178 = ones()                                                                                                             # EncryptedTensor<uint1, shape=(1, 256, 30, 30)>         ∈ [1, 1]
%179 = 0                                                                                                                  # ClearScalar<uint1>                                     ∈ [0, 0]
%180 = multiply(%178, %179)                                                                                               # EncryptedTensor<uint1, shape=(1, 256, 30, 30)>         ∈ [0, 0]
%181 = (%180[:, :, 1:29, 1:29] = %177)                                                                                    # EncryptedTensor<uint4, shape=(1, 256, 30, 30)>         ∈ [0, 15]
%182 = [[[[ 0 -2  ...   1  2]]]]                                                                                          # ClearTensor<int4, shape=(256, 256, 3, 3)>              ∈ [-7, 7]              @ /trunk/trunk.11/C2/Conv.conv
%183 = conv2d(%181, %182, [0 0 0 0 0 ... 0 0 0 0 0], pads=[0, 0, 0, 0], strides=(2, 2), dilations=(1, 1), group=1)        # EncryptedTensor<int13, shape=(1, 256, 14, 14)>         ∈ [-2785, 3776]        @ /trunk/trunk.11/C2/Conv.conv
%184 = round_bit_pattern(%183, lsbs_to_remove=6, overflow_protection=False, exactness=Exactness.EXACT)                    # EncryptedTensor<int13, shape=(1, 256, 14, 14)>         ∈ [-2816, 3776]        @ /trunk/trunk.11/C2/Conv.conv_rounding
%185 = subgraph(%184)                                                                                                     # EncryptedTensor<uint4, shape=(1, 256, 14, 14)>         ∈ [0, 15]
%186 = [[[[ 1]]   ...   [[ 3]]]]                                                                                          # ClearTensor<int4, shape=(1024, 256, 1, 1)>             ∈ [-6, 7]              @ /trunk/trunk.11/C3/Conv.conv
%187 = conv2d(%185, %186, [0 0 0 ... 0 0 0], pads=[0, 0, 0, 0], strides=(1, 1), dilations=(1, 1), group=1)                # EncryptedTensor<int11, shape=(1, 1024, 14, 14)>        ∈ [-679, 719]          @ /trunk/trunk.11/C3/Conv.conv
%188 = round_bit_pattern(%187, lsbs_to_remove=4, overflow_protection=False, exactness=Exactness.EXACT)                    # EncryptedTensor<int11, shape=(1, 1024, 14, 14)>        ∈ [-672, 720]          @ /trunk/trunk.11/C3/Conv.conv_rounding
%189 = subgraph(%172)                                                                                                     # EncryptedTensor<uint4, shape=(1, 512, 28, 28)>         ∈ [0, 15]
%190 = [[[[ 1]]   ...   [[ 0]]]]                                                                                          # ClearTensor<int4, shape=(1024, 512, 1, 1)>             ∈ [-7, 6]              @ /trunk/trunk.11/shortcut/Conv.conv
%191 = conv2d(%189, %190, [0 0 0 ... 0 0 0], pads=[0, 0, 0, 0], strides=(2, 2), dilations=(1, 1), group=1)                # EncryptedTensor<int11, shape=(1, 1024, 14, 14)>        ∈ [-904, 985]          @ /trunk/trunk.11/shortcut/Conv.conv
%192 = round_bit_pattern(%191, lsbs_to_remove=4, overflow_protection=False, exactness=Exactness.EXACT)                    # EncryptedTensor<int11, shape=(1, 1024, 14, 14)>        ∈ [-896, 992]          @ /trunk/trunk.11/shortcut/Conv.conv_rounding
%193 = subgraph(%188)                                                                                                     # EncryptedTensor<int4, shape=(1, 1024, 14, 14)>         ∈ [-8, 7]
%194 = subgraph(%192)                                                                                                     # EncryptedTensor<int4, shape=(1, 1024, 14, 14)>         ∈ [-8, 7]
%195 = subgraph(%193)                                                                                                     # EncryptedTensor<int5, shape=(1, 1024, 14, 14)>         ∈ [-14, 12]
%196 = subgraph(%194)                                                                                                     # EncryptedTensor<int5, shape=(1, 1024, 14, 14)>         ∈ [-11, 10]
%197 = 1                                                                                                                  # ClearScalar<uint1>                                     ∈ [1, 1]
%198 = multiply(%197, %196)                                                                                               # EncryptedTensor<int5, shape=(1, 1024, 14, 14)>         ∈ [-11, 10]
%199 = add(%195, %198)                                                                                                    # EncryptedTensor<int6, shape=(1, 1024, 14, 14)>         ∈ [-25, 22]
%200 = subgraph(%199)                                                                                                     # EncryptedTensor<uint4, shape=(1, 1024, 14, 14)>        ∈ [0, 15]
%201 = [[[[-1]]   ...   [[ 0]]]]                                                                                          # ClearTensor<int4, shape=(256, 1024, 1, 1)>             ∈ [-6, 7]              @ /trunk/trunk.12/C1/Conv.conv
%202 = conv2d(%200, %201, [0 0 0 0 0 ... 0 0 0 0 0], pads=[0, 0, 0, 0], strides=(1, 1), dilations=(1, 1), group=1)        # EncryptedTensor<int12, shape=(1, 256, 14, 14)>         ∈ [-1179, 1619]        @ /trunk/trunk.12/C1/Conv.conv
%203 = round_bit_pattern(%202, lsbs_to_remove=5, overflow_protection=False, exactness=Exactness.EXACT)                    # EncryptedTensor<int12, shape=(1, 256, 14, 14)>         ∈ [-1184, 1632]        @ /trunk/trunk.12/C1/Conv.conv_rounding
%204 = subgraph(%203)                                                                                                     # EncryptedTensor<uint4, shape=(1, 256, 14, 14)>         ∈ [0, 15]
%205 = ones()                                                                                                             # EncryptedTensor<uint1, shape=(1, 256, 16, 16)>         ∈ [1, 1]
%206 = 0                                                                                                                  # ClearScalar<uint1>                                     ∈ [0, 0]
%207 = multiply(%205, %206)                                                                                               # EncryptedTensor<uint1, shape=(1, 256, 16, 16)>         ∈ [0, 0]
%208 = (%207[:, :, 1:15, 1:15] = %204)                                                                                    # EncryptedTensor<uint4, shape=(1, 256, 16, 16)>         ∈ [0, 15]
%209 = [[[[ 1  1  ...  -3 -1]]]]                                                                                          # ClearTensor<int4, shape=(256, 256, 3, 3)>              ∈ [-7, 7]              @ /trunk/trunk.12/C2/Conv.conv
%210 = conv2d(%208, %209, [0 0 0 0 0 ... 0 0 0 0 0], pads=[0, 0, 0, 0], strides=(1, 1), dilations=(1, 1), group=1)        # EncryptedTensor<int13, shape=(1, 256, 14, 14)>         ∈ [-3227, 2902]        @ /trunk/trunk.12/C2/Conv.conv
%211 = round_bit_pattern(%210, lsbs_to_remove=6, overflow_protection=False, exactness=Exactness.EXACT)                    # EncryptedTensor<int13, shape=(1, 256, 14, 14)>         ∈ [-3200, 2880]        @ /trunk/trunk.12/C2/Conv.conv_rounding
%212 = subgraph(%211)                                                                                                     # EncryptedTensor<uint4, shape=(1, 256, 14, 14)>         ∈ [0, 15]
%213 = [[[[ 1]]   ...   [[-1]]]]                                                                                          # ClearTensor<int4, shape=(1024, 256, 1, 1)>             ∈ [-7, 6]              @ /trunk/trunk.12/C3/Conv.conv
%214 = conv2d(%212, %213, [0 0 0 ... 0 0 0], pads=[0, 0, 0, 0], strides=(1, 1), dilations=(1, 1), group=1)                # EncryptedTensor<int11, shape=(1, 1024, 14, 14)>        ∈ [-512, 560]          @ /trunk/trunk.12/C3/Conv.conv
%215 = round_bit_pattern(%214, lsbs_to_remove=3, overflow_protection=False, exactness=Exactness.EXACT)                    # EncryptedTensor<int11, shape=(1, 1024, 14, 14)>        ∈ [-512, 560]          @ /trunk/trunk.12/C3/Conv.conv_rounding
%216 = subgraph(%215)                                                                                                     # EncryptedTensor<int4, shape=(1, 1024, 14, 14)>         ∈ [-8, 7]
%217 = subgraph(%199)                                                                                                     # EncryptedTensor<uint4, shape=(1, 1024, 14, 14)>        ∈ [0, 15]
%218 = subgraph(%216)                                                                                                     # EncryptedTensor<int5, shape=(1, 1024, 14, 14)>         ∈ [-15, 13]
%219 = subgraph(%217)                                                                                                     # EncryptedTensor<uint5, shape=(1, 1024, 14, 14)>        ∈ [0, 20]
%220 = 1                                                                                                                  # ClearScalar<uint1>                                     ∈ [1, 1]
%221 = multiply(%220, %219)                                                                                               # EncryptedTensor<uint5, shape=(1, 1024, 14, 14)>        ∈ [0, 20]
%222 = add(%218, %221)                                                                                                    # EncryptedTensor<int7, shape=(1, 1024, 14, 14)>         ∈ [-15, 33]
%223 = subgraph(%222)                                                                                                     # EncryptedTensor<uint4, shape=(1, 1024, 14, 14)>        ∈ [0, 15]
%224 = [[[[ 0]]   ...   [[ 1]]]]                                                                                          # ClearTensor<int4, shape=(256, 1024, 1, 1)>             ∈ [-7, 5]              @ /trunk/trunk.13/C1/Conv.conv
%225 = conv2d(%223, %224, [0 0 0 0 0 ... 0 0 0 0 0], pads=[0, 0, 0, 0], strides=(1, 1), dilations=(1, 1), group=1)        # EncryptedTensor<int12, shape=(1, 256, 14, 14)>         ∈ [-892, 1089]         @ /trunk/trunk.13/C1/Conv.conv
%226 = round_bit_pattern(%225, lsbs_to_remove=4, overflow_protection=False, exactness=Exactness.EXACT)                    # EncryptedTensor<int12, shape=(1, 256, 14, 14)>         ∈ [-896, 1088]         @ /trunk/trunk.13/C1/Conv.conv_rounding
%227 = subgraph(%226)                                                                                                     # EncryptedTensor<uint4, shape=(1, 256, 14, 14)>         ∈ [0, 15]
%228 = ones()                                                                                                             # EncryptedTensor<uint1, shape=(1, 256, 16, 16)>         ∈ [1, 1]
%229 = 0                                                                                                                  # ClearScalar<uint1>                                     ∈ [0, 0]
%230 = multiply(%228, %229)                                                                                               # EncryptedTensor<uint1, shape=(1, 256, 16, 16)>         ∈ [0, 0]
%231 = (%230[:, :, 1:15, 1:15] = %227)                                                                                    # EncryptedTensor<uint4, shape=(1, 256, 16, 16)>         ∈ [0, 15]
%232 = [[[[ 1 -2  ...  -1  0]]]]                                                                                          # ClearTensor<int4, shape=(256, 256, 3, 3)>              ∈ [-7, 7]              @ /trunk/trunk.13/C2/Conv.conv
%233 = conv2d(%231, %232, [0 0 0 0 0 ... 0 0 0 0 0], pads=[0, 0, 0, 0], strides=(1, 1), dilations=(1, 1), group=1)        # EncryptedTensor<int13, shape=(1, 256, 14, 14)>         ∈ [-3348, 3514]        @ /trunk/trunk.13/C2/Conv.conv
%234 = round_bit_pattern(%233, lsbs_to_remove=6, overflow_protection=False, exactness=Exactness.EXACT)                    # EncryptedTensor<int13, shape=(1, 256, 14, 14)>         ∈ [-3328, 3520]        @ /trunk/trunk.13/C2/Conv.conv_rounding
%235 = subgraph(%234)                                                                                                     # EncryptedTensor<uint4, shape=(1, 256, 14, 14)>         ∈ [0, 15]
%236 = [[[[ 0]]   ...   [[-2]]]]                                                                                          # ClearTensor<int4, shape=(1024, 256, 1, 1)>             ∈ [-6, 7]              @ /trunk/trunk.13/C3/Conv.conv
%237 = conv2d(%235, %236, [0 0 0 ... 0 0 0], pads=[0, 0, 0, 0], strides=(1, 1), dilations=(1, 1), group=1)                # EncryptedTensor<int11, shape=(1, 1024, 14, 14)>        ∈ [-540, 644]          @ /trunk/trunk.13/C3/Conv.conv
%238 = round_bit_pattern(%237, lsbs_to_remove=3, overflow_protection=False, exactness=Exactness.EXACT)                    # EncryptedTensor<int11, shape=(1, 1024, 14, 14)>        ∈ [-536, 648]          @ /trunk/trunk.13/C3/Conv.conv_rounding
%239 = subgraph(%238)                                                                                                     # EncryptedTensor<int4, shape=(1, 1024, 14, 14)>         ∈ [-8, 7]
%240 = subgraph(%222)                                                                                                     # EncryptedTensor<uint4, shape=(1, 1024, 14, 14)>        ∈ [0, 15]
%241 = subgraph(%239)                                                                                                     # EncryptedTensor<int5, shape=(1, 1024, 14, 14)>         ∈ [-12, 10]
%242 = subgraph(%240)                                                                                                     # EncryptedTensor<uint5, shape=(1, 1024, 14, 14)>        ∈ [0, 22]
%243 = 1                                                                                                                  # ClearScalar<uint1>                                     ∈ [1, 1]
%244 = multiply(%243, %242)                                                                                               # EncryptedTensor<uint5, shape=(1, 1024, 14, 14)>        ∈ [0, 22]
%245 = add(%241, %244)                                                                                                    # EncryptedTensor<int7, shape=(1, 1024, 14, 14)>         ∈ [-12, 32]
%246 = subgraph(%245)                                                                                                     # EncryptedTensor<uint4, shape=(1, 1024, 14, 14)>        ∈ [0, 15]
%247 = [[[[ 1]]   ...   [[ 0]]]]                                                                                          # ClearTensor<int4, shape=(256, 1024, 1, 1)>             ∈ [-5, 7]              @ /trunk/trunk.14/C1/Conv.conv
%248 = conv2d(%246, %247, [0 0 0 0 0 ... 0 0 0 0 0], pads=[0, 0, 0, 0], strides=(1, 1), dilations=(1, 1), group=1)        # EncryptedTensor<int11, shape=(1, 256, 14, 14)>         ∈ [-770, 990]          @ /trunk/trunk.14/C1/Conv.conv
%249 = round_bit_pattern(%248, lsbs_to_remove=4, overflow_protection=False, exactness=Exactness.EXACT)                    # EncryptedTensor<int11, shape=(1, 256, 14, 14)>         ∈ [-768, 992]          @ /trunk/trunk.14/C1/Conv.conv_rounding
%250 = subgraph(%249)                                                                                                     # EncryptedTensor<uint4, shape=(1, 256, 14, 14)>         ∈ [0, 15]
%251 = ones()                                                                                                             # EncryptedTensor<uint1, shape=(1, 256, 16, 16)>         ∈ [1, 1]
%252 = 0                                                                                                                  # ClearScalar<uint1>                                     ∈ [0, 0]
%253 = multiply(%251, %252)                                                                                               # EncryptedTensor<uint1, shape=(1, 256, 16, 16)>         ∈ [0, 0]
%254 = (%253[:, :, 1:15, 1:15] = %250)                                                                                    # EncryptedTensor<uint4, shape=(1, 256, 16, 16)>         ∈ [0, 15]
%255 = [[[[ 1  0  ...   0 -2]]]]                                                                                          # ClearTensor<int4, shape=(256, 256, 3, 3)>              ∈ [-7, 7]              @ /trunk/trunk.14/C2/Conv.conv
%256 = conv2d(%254, %255, [0 0 0 0 0 ... 0 0 0 0 0], pads=[0, 0, 0, 0], strides=(1, 1), dilations=(1, 1), group=1)        # EncryptedTensor<int13, shape=(1, 256, 14, 14)>         ∈ [-2204, 2500]        @ /trunk/trunk.14/C2/Conv.conv
%257 = round_bit_pattern(%256, lsbs_to_remove=5, overflow_protection=False, exactness=Exactness.EXACT)                    # EncryptedTensor<int13, shape=(1, 256, 14, 14)>         ∈ [-2208, 2496]        @ /trunk/trunk.14/C2/Conv.conv_rounding
%258 = subgraph(%257)                                                                                                     # EncryptedTensor<uint4, shape=(1, 256, 14, 14)>         ∈ [0, 15]
%259 = [[[[-1]]   ...   [[-1]]]]                                                                                          # ClearTensor<int4, shape=(1024, 256, 1, 1)>             ∈ [-7, 7]              @ /trunk/trunk.14/C3/Conv.conv
%260 = conv2d(%258, %259, [0 0 0 ... 0 0 0], pads=[0, 0, 0, 0], strides=(1, 1), dilations=(1, 1), group=1)                # EncryptedTensor<int11, shape=(1, 1024, 14, 14)>        ∈ [-647, 623]          @ /trunk/trunk.14/C3/Conv.conv
%261 = round_bit_pattern(%260, lsbs_to_remove=3, overflow_protection=False, exactness=Exactness.EXACT)                    # EncryptedTensor<int11, shape=(1, 1024, 14, 14)>        ∈ [-648, 624]          @ /trunk/trunk.14/C3/Conv.conv_rounding
%262 = subgraph(%261)                                                                                                     # EncryptedTensor<int4, shape=(1, 1024, 14, 14)>         ∈ [-8, 7]
%263 = subgraph(%245)                                                                                                     # EncryptedTensor<uint4, shape=(1, 1024, 14, 14)>        ∈ [0, 15]
%264 = subgraph(%262)                                                                                                     # EncryptedTensor<int5, shape=(1, 1024, 14, 14)>         ∈ [-11, 9]
%265 = subgraph(%263)                                                                                                     # EncryptedTensor<uint5, shape=(1, 1024, 14, 14)>        ∈ [0, 25]
%266 = 1                                                                                                                  # ClearScalar<uint1>                                     ∈ [1, 1]
%267 = multiply(%266, %265)                                                                                               # EncryptedTensor<uint5, shape=(1, 1024, 14, 14)>        ∈ [0, 25]
%268 = add(%264, %267)                                                                                                    # EncryptedTensor<int7, shape=(1, 1024, 14, 14)>         ∈ [-11, 34]
%269 = subgraph(%268)                                                                                                     # EncryptedTensor<uint4, shape=(1, 1024, 14, 14)>        ∈ [0, 15]
%270 = [[[[ 0]]   ...   [[ 0]]]]                                                                                          # ClearTensor<int4, shape=(256, 1024, 1, 1)>             ∈ [-6, 7]              @ /trunk/trunk.15/C1/Conv.conv
%271 = conv2d(%269, %270, [0 0 0 0 0 ... 0 0 0 0 0], pads=[0, 0, 0, 0], strides=(1, 1), dilations=(1, 1), group=1)        # EncryptedTensor<int11, shape=(1, 256, 14, 14)>         ∈ [-861, 1014]         @ /trunk/trunk.15/C1/Conv.conv
%272 = round_bit_pattern(%271, lsbs_to_remove=4, overflow_protection=False, exactness=Exactness.EXACT)                    # EncryptedTensor<int11, shape=(1, 256, 14, 14)>         ∈ [-864, 1008]         @ /trunk/trunk.15/C1/Conv.conv_rounding
%273 = subgraph(%272)                                                                                                     # EncryptedTensor<uint4, shape=(1, 256, 14, 14)>         ∈ [0, 15]
%274 = ones()                                                                                                             # EncryptedTensor<uint1, shape=(1, 256, 16, 16)>         ∈ [1, 1]
%275 = 0                                                                                                                  # ClearScalar<uint1>                                     ∈ [0, 0]
%276 = multiply(%274, %275)                                                                                               # EncryptedTensor<uint1, shape=(1, 256, 16, 16)>         ∈ [0, 0]
%277 = (%276[:, :, 1:15, 1:15] = %273)                                                                                    # EncryptedTensor<uint4, shape=(1, 256, 16, 16)>         ∈ [0, 15]
%278 = [[[[ 0 -1  ...  -2  1]]]]                                                                                          # ClearTensor<int4, shape=(256, 256, 3, 3)>              ∈ [-6, 7]              @ /trunk/trunk.15/C2/Conv.conv
%279 = conv2d(%277, %278, [0 0 0 0 0 ... 0 0 0 0 0], pads=[0, 0, 0, 0], strides=(1, 1), dilations=(1, 1), group=1)        # EncryptedTensor<int13, shape=(1, 256, 14, 14)>         ∈ [-1990, 2064]        @ /trunk/trunk.15/C2/Conv.conv
%280 = round_bit_pattern(%279, lsbs_to_remove=5, overflow_protection=False, exactness=Exactness.EXACT)                    # EncryptedTensor<int13, shape=(1, 256, 14, 14)>         ∈ [-1984, 2080]        @ /trunk/trunk.15/C2/Conv.conv_rounding
%281 = subgraph(%280)                                                                                                     # EncryptedTensor<uint4, shape=(1, 256, 14, 14)>         ∈ [0, 15]
%282 = [[[[-1]]   ...   [[ 1]]]]                                                                                          # ClearTensor<int4, shape=(1024, 256, 1, 1)>             ∈ [-6, 7]              @ /trunk/trunk.15/C3/Conv.conv
%283 = conv2d(%281, %282, [0 0 0 ... 0 0 0], pads=[0, 0, 0, 0], strides=(1, 1), dilations=(1, 1), group=1)                # EncryptedTensor<int11, shape=(1, 1024, 14, 14)>        ∈ [-703, 695]          @ /trunk/trunk.15/C3/Conv.conv
%284 = round_bit_pattern(%283, lsbs_to_remove=3, overflow_protection=False, exactness=Exactness.EXACT)                    # EncryptedTensor<int11, shape=(1, 1024, 14, 14)>        ∈ [-704, 696]          @ /trunk/trunk.15/C3/Conv.conv_rounding
%285 = subgraph(%284)                                                                                                     # EncryptedTensor<int4, shape=(1, 1024, 14, 14)>         ∈ [-8, 7]
%286 = subgraph(%268)                                                                                                     # EncryptedTensor<uint4, shape=(1, 1024, 14, 14)>        ∈ [0, 15]
%287 = subgraph(%285)                                                                                                     # EncryptedTensor<int5, shape=(1, 1024, 14, 14)>         ∈ [-10, 8]
%288 = subgraph(%286)                                                                                                     # EncryptedTensor<uint5, shape=(1, 1024, 14, 14)>        ∈ [0, 26]
%289 = 1                                                                                                                  # ClearScalar<uint1>                                     ∈ [1, 1]
%290 = multiply(%289, %288)                                                                                               # EncryptedTensor<uint5, shape=(1, 1024, 14, 14)>        ∈ [0, 26]
%291 = add(%287, %290)                                                                                                    # EncryptedTensor<int7, shape=(1, 1024, 14, 14)>         ∈ [-10, 34]
%292 = subgraph(%291)                                                                                                     # EncryptedTensor<uint4, shape=(1, 1024, 14, 14)>        ∈ [0, 15]
%293 = [[[[ 0]]   ...   [[ 1]]]]                                                                                          # ClearTensor<int4, shape=(256, 1024, 1, 1)>             ∈ [-7, 6]              @ /trunk/trunk.16/C1/Conv.conv
%294 = conv2d(%292, %293, [0 0 0 0 0 ... 0 0 0 0 0], pads=[0, 0, 0, 0], strides=(1, 1), dilations=(1, 1), group=1)        # EncryptedTensor<int11, shape=(1, 256, 14, 14)>         ∈ [-829, 826]          @ /trunk/trunk.16/C1/Conv.conv
%295 = round_bit_pattern(%294, lsbs_to_remove=4, overflow_protection=False, exactness=Exactness.EXACT)                    # EncryptedTensor<int11, shape=(1, 256, 14, 14)>         ∈ [-832, 832]          @ /trunk/trunk.16/C1/Conv.conv_rounding
%296 = subgraph(%295)                                                                                                     # EncryptedTensor<uint4, shape=(1, 256, 14, 14)>         ∈ [0, 15]
%297 = ones()                                                                                                             # EncryptedTensor<uint1, shape=(1, 256, 16, 16)>         ∈ [1, 1]
%298 = 0                                                                                                                  # ClearScalar<uint1>                                     ∈ [0, 0]
%299 = multiply(%297, %298)                                                                                               # EncryptedTensor<uint1, shape=(1, 256, 16, 16)>         ∈ [0, 0]
%300 = (%299[:, :, 1:15, 1:15] = %296)                                                                                    # EncryptedTensor<uint4, shape=(1, 256, 16, 16)>         ∈ [0, 15]
%301 = [[[[ 1  1  ...  -1  0]]]]                                                                                          # ClearTensor<int4, shape=(256, 256, 3, 3)>              ∈ [-7, 6]              @ /trunk/trunk.16/C2/Conv.conv
%302 = conv2d(%300, %301, [0 0 0 0 0 ... 0 0 0 0 0], pads=[0, 0, 0, 0], strides=(1, 1), dilations=(1, 1), group=1)        # EncryptedTensor<int13, shape=(1, 256, 14, 14)>         ∈ [-2035, 2169]        @ /trunk/trunk.16/C2/Conv.conv
%303 = round_bit_pattern(%302, lsbs_to_remove=5, overflow_protection=False, exactness=Exactness.EXACT)                    # EncryptedTensor<int13, shape=(1, 256, 14, 14)>         ∈ [-2048, 2176]        @ /trunk/trunk.16/C2/Conv.conv_rounding
%304 = subgraph(%303)                                                                                                     # EncryptedTensor<uint4, shape=(1, 256, 14, 14)>         ∈ [0, 15]
%305 = [[[[ 1]]   ...   [[ 1]]]]                                                                                          # ClearTensor<int4, shape=(1024, 256, 1, 1)>             ∈ [-7, 6]              @ /trunk/trunk.16/C3/Conv.conv
%306 = conv2d(%304, %305, [0 0 0 ... 0 0 0], pads=[0, 0, 0, 0], strides=(1, 1), dilations=(1, 1), group=1)                # EncryptedTensor<int11, shape=(1, 1024, 14, 14)>        ∈ [-604, 586]          @ /trunk/trunk.16/C3/Conv.conv
%307 = round_bit_pattern(%306, lsbs_to_remove=3, overflow_protection=False, exactness=Exactness.EXACT)                    # EncryptedTensor<int11, shape=(1, 1024, 14, 14)>        ∈ [-600, 584]          @ /trunk/trunk.16/C3/Conv.conv_rounding
%308 = subgraph(%307)                                                                                                     # EncryptedTensor<int4, shape=(1, 1024, 14, 14)>         ∈ [-8, 7]
%309 = subgraph(%291)                                                                                                     # EncryptedTensor<uint4, shape=(1, 1024, 14, 14)>        ∈ [0, 15]
%310 = subgraph(%308)                                                                                                     # EncryptedTensor<int4, shape=(1, 1024, 14, 14)>         ∈ [-7, 6]
%311 = subgraph(%309)                                                                                                     # EncryptedTensor<uint5, shape=(1, 1024, 14, 14)>        ∈ [0, 26]
%312 = 1                                                                                                                  # ClearScalar<uint1>                                     ∈ [1, 1]
%313 = multiply(%312, %311)                                                                                               # EncryptedTensor<uint5, shape=(1, 1024, 14, 14)>        ∈ [0, 26]
%314 = add(%310, %313)                                                                                                    # EncryptedTensor<int7, shape=(1, 1024, 14, 14)>         ∈ [-7, 32]
%315 = subgraph(%314)                                                                                                     # EncryptedTensor<uint4, shape=(1, 1024, 14, 14)>        ∈ [0, 15]
%316 = [[[[ 0]]   ...   [[ 1]]]]                                                                                          # ClearTensor<int4, shape=(512, 1024, 1, 1)>             ∈ [-7, 6]              @ /trunk/trunk.17/C1/Conv.conv
%317 = conv2d(%315, %316, [0 0 0 0 0 ... 0 0 0 0 0], pads=[0, 0, 0, 0], strides=(1, 1), dilations=(1, 1), group=1)        # EncryptedTensor<int12, shape=(1, 512, 14, 14)>         ∈ [-846, 1080]         @ /trunk/trunk.17/C1/Conv.conv
%318 = round_bit_pattern(%317, lsbs_to_remove=4, overflow_protection=False, exactness=Exactness.EXACT)                    # EncryptedTensor<int12, shape=(1, 512, 14, 14)>         ∈ [-848, 1088]         @ /trunk/trunk.17/C1/Conv.conv_rounding
%319 = subgraph(%318)                                                                                                     # EncryptedTensor<uint4, shape=(1, 512, 14, 14)>         ∈ [0, 15]
%320 = ones()                                                                                                             # EncryptedTensor<uint1, shape=(1, 512, 16, 16)>         ∈ [1, 1]
%321 = 0                                                                                                                  # ClearScalar<uint1>                                     ∈ [0, 0]
%322 = multiply(%320, %321)                                                                                               # EncryptedTensor<uint1, shape=(1, 512, 16, 16)>         ∈ [0, 0]
%323 = (%322[:, :, 1:15, 1:15] = %319)                                                                                    # EncryptedTensor<uint4, shape=(1, 512, 16, 16)>         ∈ [0, 15]
%324 = [[[[ 0  1  ...   1  1]]]]                                                                                          # ClearTensor<int4, shape=(512, 512, 3, 3)>              ∈ [-7, 7]              @ /trunk/trunk.17/C2/Conv.conv
%325 = conv2d(%323, %324, [0 0 0 0 0 ... 0 0 0 0 0], pads=[0, 0, 0, 0], strides=(2, 2), dilations=(1, 1), group=1)        # EncryptedTensor<int14, shape=(1, 512, 7, 7)>           ∈ [-6146, 7211]        @ /trunk/trunk.17/C2/Conv.conv
%326 = round_bit_pattern(%325, lsbs_to_remove=7, overflow_protection=False, exactness=Exactness.EXACT)                    # EncryptedTensor<int14, shape=(1, 512, 7, 7)>           ∈ [-6144, 7168]        @ /trunk/trunk.17/C2/Conv.conv_rounding
%327 = subgraph(%326)                                                                                                     # EncryptedTensor<uint4, shape=(1, 512, 7, 7)>           ∈ [0, 15]
%328 = [[[[ 0]]   ...   [[ 0]]]]                                                                                          # ClearTensor<int4, shape=(2048, 512, 1, 1)>             ∈ [-7, 6]              @ /trunk/trunk.17/C3/Conv.conv
%329 = conv2d(%327, %328, [0 0 0 ... 0 0 0], pads=[0, 0, 0, 0], strides=(1, 1), dilations=(1, 1), group=1)                # EncryptedTensor<int13, shape=(1, 2048, 7, 7)>          ∈ [-2821, 2653]        @ /trunk/trunk.17/C3/Conv.conv
%330 = round_bit_pattern(%329, lsbs_to_remove=6, overflow_protection=False, exactness=Exactness.EXACT)                    # EncryptedTensor<int13, shape=(1, 2048, 7, 7)>          ∈ [-2816, 2624]        @ /trunk/trunk.17/C3/Conv.conv_rounding
%331 = subgraph(%314)                                                                                                     # EncryptedTensor<uint4, shape=(1, 1024, 14, 14)>        ∈ [0, 15]
%332 = [[[[ 1]]   ...   [[ 0]]]]                                                                                          # ClearTensor<int4, shape=(2048, 1024, 1, 1)>            ∈ [-7, 7]              @ /trunk/trunk.17/shortcut/Conv.conv
%333 = conv2d(%331, %332, [0 0 0 ... 0 0 0], pads=[0, 0, 0, 0], strides=(2, 2), dilations=(1, 1), group=1)                # EncryptedTensor<int13, shape=(1, 2048, 7, 7)>          ∈ [-2394, 2565]        @ /trunk/trunk.17/shortcut/Conv.conv
%334 = round_bit_pattern(%333, lsbs_to_remove=5, overflow_protection=False, exactness=Exactness.EXACT)                    # EncryptedTensor<int13, shape=(1, 2048, 7, 7)>          ∈ [-2400, 2560]        @ /trunk/trunk.17/shortcut/Conv.conv_rounding
%335 = subgraph(%330)                                                                                                     # EncryptedTensor<int4, shape=(1, 2048, 7, 7)>           ∈ [-8, 7]
%336 = subgraph(%334)                                                                                                     # EncryptedTensor<int4, shape=(1, 2048, 7, 7)>           ∈ [-8, 7]
%337 = subgraph(%335)                                                                                                     # EncryptedTensor<int5, shape=(1, 2048, 7, 7)>           ∈ [-13, 11]
%338 = subgraph(%336)                                                                                                     # EncryptedTensor<int5, shape=(1, 2048, 7, 7)>           ∈ [-12, 11]
%339 = 1                                                                                                                  # ClearScalar<uint1>                                     ∈ [1, 1]
%340 = multiply(%339, %338)                                                                                               # EncryptedTensor<int5, shape=(1, 2048, 7, 7)>           ∈ [-12, 11]
%341 = add(%337, %340)                                                                                                    # EncryptedTensor<int6, shape=(1, 2048, 7, 7)>           ∈ [-25, 22]
%342 = subgraph(%341)                                                                                                     # EncryptedTensor<uint4, shape=(1, 2048, 7, 7)>          ∈ [0, 15]
%343 = [[[[ 1]]   ...   [[-1]]]]                                                                                          # ClearTensor<int4, shape=(512, 2048, 1, 1)>             ∈ [-5, 7]              @ /trunk/trunk.18/C1/Conv.conv
%344 = conv2d(%342, %343, [0 0 0 0 0 ... 0 0 0 0 0], pads=[0, 0, 0, 0], strides=(1, 1), dilations=(1, 1), group=1)        # EncryptedTensor<int12, shape=(1, 512, 7, 7)>           ∈ [-1295, 1419]        @ /trunk/trunk.18/C1/Conv.conv
%345 = round_bit_pattern(%344, lsbs_to_remove=5, overflow_protection=False, exactness=Exactness.EXACT)                    # EncryptedTensor<int12, shape=(1, 512, 7, 7)>           ∈ [-1280, 1408]        @ /trunk/trunk.18/C1/Conv.conv_rounding
%346 = subgraph(%345)                                                                                                     # EncryptedTensor<uint4, shape=(1, 512, 7, 7)>           ∈ [0, 15]
%347 = ones()                                                                                                             # EncryptedTensor<uint1, shape=(1, 512, 9, 9)>           ∈ [1, 1]
%348 = 0                                                                                                                  # ClearScalar<uint1>                                     ∈ [0, 0]
%349 = multiply(%347, %348)                                                                                               # EncryptedTensor<uint1, shape=(1, 512, 9, 9)>           ∈ [0, 0]
%350 = (%349[:, :, 1:8, 1:8] = %346)                                                                                      # EncryptedTensor<uint4, shape=(1, 512, 9, 9)>           ∈ [0, 15]
%351 = [[[[ 1 -1  ...   0  1]]]]                                                                                          # ClearTensor<int4, shape=(512, 512, 3, 3)>              ∈ [-6, 7]              @ /trunk/trunk.18/C2/Conv.conv
%352 = conv2d(%350, %351, [0 0 0 0 0 ... 0 0 0 0 0], pads=[0, 0, 0, 0], strides=(1, 1), dilations=(1, 1), group=1)        # EncryptedTensor<int14, shape=(1, 512, 7, 7)>           ∈ [-5749, 5089]        @ /trunk/trunk.18/C2/Conv.conv
%353 = round_bit_pattern(%352, lsbs_to_remove=6, overflow_protection=False, exactness=Exactness.EXACT)                    # EncryptedTensor<int14, shape=(1, 512, 7, 7)>           ∈ [-5760, 5120]        @ /trunk/trunk.18/C2/Conv.conv_rounding
%354 = subgraph(%353)                                                                                                     # EncryptedTensor<uint4, shape=(1, 512, 7, 7)>           ∈ [0, 15]
%355 = [[[[ 0]]   ...   [[-1]]]]                                                                                          # ClearTensor<int4, shape=(2048, 512, 1, 1)>             ∈ [-6, 7]              @ /trunk/trunk.18/C3/Conv.conv
%356 = conv2d(%354, %355, [0 0 0 ... 0 0 0], pads=[0, 0, 0, 0], strides=(1, 1), dilations=(1, 1), group=1)                # EncryptedTensor<int12, shape=(1, 2048, 7, 7)>          ∈ [-1902, 1689]        @ /trunk/trunk.18/C3/Conv.conv
%357 = round_bit_pattern(%356, lsbs_to_remove=5, overflow_protection=False, exactness=Exactness.EXACT)                    # EncryptedTensor<int12, shape=(1, 2048, 7, 7)>          ∈ [-1888, 1696]        @ /trunk/trunk.18/C3/Conv.conv_rounding
%358 = subgraph(%357)                                                                                                     # EncryptedTensor<int4, shape=(1, 2048, 7, 7)>           ∈ [-8, 7]
%359 = subgraph(%341)                                                                                                     # EncryptedTensor<uint4, shape=(1, 2048, 7, 7)>          ∈ [0, 15]
%360 = subgraph(%358)                                                                                                     # EncryptedTensor<int5, shape=(1, 2048, 7, 7)>           ∈ [-13, 11]
%361 = subgraph(%359)                                                                                                     # EncryptedTensor<uint5, shape=(1, 2048, 7, 7)>          ∈ [0, 21]
%362 = 1                                                                                                                  # ClearScalar<uint1>                                     ∈ [1, 1]
%363 = multiply(%362, %361)                                                                                               # EncryptedTensor<uint5, shape=(1, 2048, 7, 7)>          ∈ [0, 21]
%364 = add(%360, %363)                                                                                                    # EncryptedTensor<int7, shape=(1, 2048, 7, 7)>           ∈ [-13, 32]
%365 = subgraph(%364)                                                                                                     # EncryptedTensor<uint4, shape=(1, 2048, 7, 7)>          ∈ [0, 15]
%366 = [[[[ 2]]   ...   [[ 0]]]]                                                                                          # ClearTensor<int4, shape=(512, 2048, 1, 1)>             ∈ [-7, 6]              @ /trunk/trunk.19/C1/Conv.conv
%367 = conv2d(%365, %366, [0 0 0 0 0 ... 0 0 0 0 0], pads=[0, 0, 0, 0], strides=(1, 1), dilations=(1, 1), group=1)        # EncryptedTensor<int13, shape=(1, 512, 7, 7)>           ∈ [-1195, 2082]        @ /trunk/trunk.19/C1/Conv.conv
%368 = round_bit_pattern(%367, lsbs_to_remove=5, overflow_protection=False, exactness=Exactness.EXACT)                    # EncryptedTensor<int13, shape=(1, 512, 7, 7)>           ∈ [-1184, 2080]        @ /trunk/trunk.19/C1/Conv.conv_rounding
%369 = subgraph(%368)                                                                                                     # EncryptedTensor<uint4, shape=(1, 512, 7, 7)>           ∈ [0, 15]
%370 = ones()                                                                                                             # EncryptedTensor<uint1, shape=(1, 512, 9, 9)>           ∈ [1, 1]
%371 = 0                                                                                                                  # ClearScalar<uint1>                                     ∈ [0, 0]
%372 = multiply(%370, %371)                                                                                               # EncryptedTensor<uint1, shape=(1, 512, 9, 9)>           ∈ [0, 0]
%373 = (%372[:, :, 1:8, 1:8] = %369)                                                                                      # EncryptedTensor<uint4, shape=(1, 512, 9, 9)>           ∈ [0, 15]
%374 = [[[[ 0  0  ...  -1  0]]]]                                                                                          # ClearTensor<int4, shape=(512, 512, 3, 3)>              ∈ [-7, 7]              @ /trunk/trunk.19/C2/Conv.conv
%375 = conv2d(%373, %374, [0 0 0 0 0 ... 0 0 0 0 0], pads=[0, 0, 0, 0], strides=(1, 1), dilations=(1, 1), group=1)        # EncryptedTensor<int14, shape=(1, 512, 7, 7)>           ∈ [-5506, 5090]        @ /trunk/trunk.19/C2/Conv.conv
%376 = round_bit_pattern(%375, lsbs_to_remove=6, overflow_protection=False, exactness=Exactness.EXACT)                    # EncryptedTensor<int14, shape=(1, 512, 7, 7)>           ∈ [-5504, 5120]        @ /trunk/trunk.19/C2/Conv.conv_rounding
%377 = subgraph(%376)                                                                                                     # EncryptedTensor<uint4, shape=(1, 512, 7, 7)>           ∈ [0, 15]
%378 = [[[[ 0]]   ...   [[ 0]]]]                                                                                          # ClearTensor<int4, shape=(2048, 512, 1, 1)>             ∈ [-6, 7]              @ /trunk/trunk.19/C3/Conv.conv
%379 = conv2d(%377, %378, [0 0 0 ... 0 0 0], pads=[0, 0, 0, 0], strides=(1, 1), dilations=(1, 1), group=1)                # EncryptedTensor<int13, shape=(1, 2048, 7, 7)>          ∈ [-3220, 3257]        @ /trunk/trunk.19/C3/Conv.conv
%380 = round_bit_pattern(%379, lsbs_to_remove=5, overflow_protection=False, exactness=Exactness.EXACT)                    # EncryptedTensor<int13, shape=(1, 2048, 7, 7)>          ∈ [-3232, 3264]        @ /trunk/trunk.19/C3/Conv.conv_rounding
%381 = subgraph(%380)                                                                                                     # EncryptedTensor<int4, shape=(1, 2048, 7, 7)>           ∈ [-8, 7]
%382 = subgraph(%364)                                                                                                     # EncryptedTensor<uint4, shape=(1, 2048, 7, 7)>          ∈ [0, 15]
%383 = subgraph(%381)                                                                                                     # EncryptedTensor<int5, shape=(1, 2048, 7, 7)>           ∈ [-11, 9]
%384 = subgraph(%382)                                                                                                     # EncryptedTensor<uint5, shape=(1, 2048, 7, 7)>          ∈ [0, 28]
%385 = 1                                                                                                                  # ClearScalar<uint1>                                     ∈ [1, 1]
%386 = multiply(%385, %384)                                                                                               # EncryptedTensor<uint5, shape=(1, 2048, 7, 7)>          ∈ [0, 28]
%387 = add(%383, %386)                                                                                                    # EncryptedTensor<int7, shape=(1, 2048, 7, 7)>           ∈ [-11, 37]
%388 = subgraph(%387)                                                                                                     # EncryptedTensor<uint4, shape=(1, 2048, 7, 7)>          ∈ [0, 15]
%389 = [[[[1 1 1  ...  1 1 1]]]]                                                                                          # ClearTensor<uint1, shape=(2048, 2048, 5, 5)>           ∈ [0, 1]               @ /trunk/trunk.20/AveragePool.avgpool
%390 = conv2d(%388, %389, [0 0 0 ... 0 0 0], pads=[0, 0, 0, 0], strides=(5, 5), dilations=(1, 1), group=1)                # EncryptedTensor<uint7, shape=(1, 2048, 1, 1)>          ∈ [0, 76]              @ /trunk/trunk.20/AveragePool.avgpool
%391 = subgraph(%390)                                                                                                     # EncryptedTensor<uint3, shape=(1, 2048, 1, 1)>          ∈ [0, 7]
%392 = reshape(%391, newshape=(1, 2048))                                                                                  # EncryptedTensor<uint3, shape=(1, 2048)>                ∈ [0, 7]
return %392

Subgraphs:

    %4 = subgraph(%3):

         %0 = input                            # EncryptedTensor<int4, shape=(1, 64, 56, 56)>           @ /trunk/trunk.1/Conv.conv_rounding
         %1 = astype(%0, dtype=float64)        # EncryptedTensor<float64, shape=(1, 64, 56, 56)>
         %2 = 0                                # ClearScalar<uint1>
         %3 = add(%1, %2)                      # EncryptedTensor<float64, shape=(1, 64, 56, 56)>
         %4 = [[[[0]]  [ ... ]  [[0]]]]        # ClearTensor<uint1, shape=(1, 64, 1, 1)>
         %5 = subtract(%3, %4)                 # EncryptedTensor<float64, shape=(1, 64, 56, 56)>
         %6 = 4.336093436695876                # ClearScalar<float64>
         %7 = multiply(%6, %5)                 # EncryptedTensor<float64, shape=(1, 64, 56, 56)>
         %8 = [[[[-0.130 ... 695105]]]]        # ClearTensor<float32, shape=(1, 64, 1, 1)>
         %9 = subtract(%7, %8)                 # EncryptedTensor<float64, shape=(1, 64, 56, 56)>
        %10 = [[[[13.689 ... 269718]]]]        # ClearTensor<float32, shape=(1, 64, 1, 1)>
        %11 = divide(%9, %10)                  # EncryptedTensor<float64, shape=(1, 64, 56, 56)>
        %12 = [[[[1.0264 ... 17723 ]]]]        # ClearTensor<float32, shape=(1, 64, 1, 1)>
        %13 = multiply(%11, %12)               # EncryptedTensor<float64, shape=(1, 64, 56, 56)>
        %14 = [[[[-0.004 ... 475713]]]]        # ClearTensor<float32, shape=(1, 64, 1, 1)>
        %15 = add(%13, %14)                    # EncryptedTensor<float64, shape=(1, 64, 56, 56)>
        %16 = 1.4706209                        # ClearScalar<float32>
        %17 = divide(%15, %16)                 # EncryptedTensor<float64, shape=(1, 64, 56, 56)>
        %18 = 0.0                              # ClearScalar<float32>
        %19 = add(%17, %18)                    # EncryptedTensor<float64, shape=(1, 64, 56, 56)>
        %20 = -8.0                             # ClearScalar<float64>
        %21 = 7.0                              # ClearScalar<float64>
        %22 = clip(%19, %20, %21)              # EncryptedTensor<float64, shape=(1, 64, 56, 56)>
        %23 = rint(%22)                        # EncryptedTensor<float64, shape=(1, 64, 56, 56)>
        %24 = 0.0                              # ClearScalar<float32>
        %25 = subtract(%23, %24)               # EncryptedTensor<float64, shape=(1, 64, 56, 56)>
        %26 = 1.4706209                        # ClearScalar<float32>
        %27 = multiply(%25, %26)               # EncryptedTensor<float64, shape=(1, 64, 56, 56)>
        %28 = 1.47062087059021                 # ClearScalar<float64>
        %29 = divide(%27, %28)                 # EncryptedTensor<float64, shape=(1, 64, 56, 56)>
        %30 = 0                                # ClearScalar<uint1>
        %31 = add(%29, %30)                    # EncryptedTensor<float64, shape=(1, 64, 56, 56)>
        %32 = rint(%31)                        # EncryptedTensor<float64, shape=(1, 64, 56, 56)>
        %33 = astype(%32, dtype=int_)          # EncryptedTensor<uint1, shape=(1, 64, 56, 56)>
        return %33

    %8 = subgraph(%7):

         %0 = input                            # EncryptedTensor<uint1, shape=(1, 64, 56, 56)>          @ /trunk/trunk.4/C1/Conv.conv_rounding
         %1 = astype(%0, dtype=float64)        # EncryptedTensor<float64, shape=(1, 64, 56, 56)>
         %2 = 0                                # ClearScalar<uint1>
         %3 = add(%1, %2)                      # EncryptedTensor<float64, shape=(1, 64, 56, 56)>
         %4 = [[[[0]]  [ ... ]  [[0]]]]        # ClearTensor<uint1, shape=(1, 64, 1, 1)>
         %5 = subtract(%3, %4)                 # EncryptedTensor<float64, shape=(1, 64, 56, 56)>
         %6 = 0.12366464325810078              # ClearScalar<float64>
         %7 = multiply(%6, %5)                 # EncryptedTensor<float64, shape=(1, 64, 56, 56)>
         %8 = [[[[ 0.016 ... 564646]]]]        # ClearTensor<float32, shape=(1, 64, 1, 1)>
         %9 = subtract(%7, %8)                 # EncryptedTensor<float64, shape=(1, 64, 56, 56)>
        %10 = [[[[1.2937 ... 858399]]]]        # ClearTensor<float32, shape=(1, 64, 1, 1)>
        %11 = divide(%9, %10)                  # EncryptedTensor<float64, shape=(1, 64, 56, 56)>
        %12 = [[[[1.0307 ... 50379 ]]]]        # ClearTensor<float32, shape=(1, 64, 1, 1)>
        %13 = multiply(%11, %12)               # EncryptedTensor<float64, shape=(1, 64, 56, 56)>
        %14 = [[[[ 0.005 ... 420712]]]]        # ClearTensor<float32, shape=(1, 64, 1, 1)>
        %15 = add(%13, %14)                    # EncryptedTensor<float64, shape=(1, 64, 56, 56)>
        %16 = 0                                # ClearScalar<uint1>
        %17 = maximum(%15, %16)                # EncryptedTensor<float64, shape=(1, 64, 56, 56)>
        %18 = 0.6321019                        # ClearScalar<float32>
        %19 = divide(%17, %18)                 # EncryptedTensor<float64, shape=(1, 64, 56, 56)>
        %20 = 0.0                              # ClearScalar<float32>
        %21 = add(%19, %20)                    # EncryptedTensor<float64, shape=(1, 64, 56, 56)>
        %22 = 0.0                              # ClearScalar<float64>
        %23 = 15.0                             # ClearScalar<float64>
        %24 = clip(%21, %22, %23)              # EncryptedTensor<float64, shape=(1, 64, 56, 56)>
        %25 = rint(%24)                        # EncryptedTensor<float64, shape=(1, 64, 56, 56)>
        %26 = 0.0                              # ClearScalar<float32>
        %27 = subtract(%25, %26)               # EncryptedTensor<float64, shape=(1, 64, 56, 56)>
        %28 = 0.6321019                        # ClearScalar<float32>
        %29 = multiply(%27, %28)               # EncryptedTensor<float64, shape=(1, 64, 56, 56)>
        %30 = 0.6321018934249878               # ClearScalar<float64>
        %31 = divide(%29, %30)                 # EncryptedTensor<float64, shape=(1, 64, 56, 56)>
        %32 = 0                                # ClearScalar<uint1>
        %33 = add(%31, %32)                    # EncryptedTensor<float64, shape=(1, 64, 56, 56)>
        %34 = rint(%33)                        # EncryptedTensor<float64, shape=(1, 64, 56, 56)>
        %35 = astype(%34, dtype=int_)          # EncryptedTensor<uint1, shape=(1, 64, 56, 56)>
        return %35

    %16 = subgraph(%15):

         %0 = input                            # EncryptedTensor<uint1, shape=(1, 64, 56, 56)>          @ /trunk/trunk.4/C2/Conv.conv_rounding
         %1 = astype(%0, dtype=float64)        # EncryptedTensor<float64, shape=(1, 64, 56, 56)>
         %2 = 0                                # ClearScalar<uint1>
         %3 = add(%1, %2)                      # EncryptedTensor<float64, shape=(1, 64, 56, 56)>
         %4 = [[[[0]]  [ ... ]  [[0]]]]        # ClearTensor<uint1, shape=(1, 64, 1, 1)>
         %5 = subtract(%3, %4)                 # EncryptedTensor<float64, shape=(1, 64, 56, 56)>
         %6 = 0.02214790754972551              # ClearScalar<float64>
         %7 = multiply(%6, %5)                 # EncryptedTensor<float64, shape=(1, 64, 56, 56)>
         %8 = [[[[-0.088 ... 53886 ]]]]        # ClearTensor<float32, shape=(1, 64, 1, 1)>
         %9 = subtract(%7, %8)                 # EncryptedTensor<float64, shape=(1, 64, 56, 56)>
        %10 = [[[[1.0334 ... 42958 ]]]]        # ClearTensor<float32, shape=(1, 64, 1, 1)>
        %11 = divide(%9, %10)                  # EncryptedTensor<float64, shape=(1, 64, 56, 56)>
        %12 = [[[[0.9989 ... 63006 ]]]]        # ClearTensor<float32, shape=(1, 64, 1, 1)>
        %13 = multiply(%11, %12)               # EncryptedTensor<float64, shape=(1, 64, 56, 56)>
        %14 = [[[[ 0.017 ... 29523 ]]]]        # ClearTensor<float32, shape=(1, 64, 1, 1)>
        %15 = add(%13, %14)                    # EncryptedTensor<float64, shape=(1, 64, 56, 56)>
        %16 = 0                                # ClearScalar<uint1>
        %17 = maximum(%15, %16)                # EncryptedTensor<float64, shape=(1, 64, 56, 56)>
        %18 = 0.57716393                       # ClearScalar<float32>
        %19 = divide(%17, %18)                 # EncryptedTensor<float64, shape=(1, 64, 56, 56)>
        %20 = 0.0                              # ClearScalar<float32>
        %21 = add(%19, %20)                    # EncryptedTensor<float64, shape=(1, 64, 56, 56)>
        %22 = 0.0                              # ClearScalar<float64>
        %23 = 15.0                             # ClearScalar<float64>
        %24 = clip(%21, %22, %23)              # EncryptedTensor<float64, shape=(1, 64, 56, 56)>
        %25 = rint(%24)                        # EncryptedTensor<float64, shape=(1, 64, 56, 56)>
        %26 = 0.0                              # ClearScalar<float32>
        %27 = subtract(%25, %26)               # EncryptedTensor<float64, shape=(1, 64, 56, 56)>
        %28 = 0.57716393                       # ClearScalar<float32>
        %29 = multiply(%27, %28)               # EncryptedTensor<float64, shape=(1, 64, 56, 56)>
        %30 = 0.5771639347076416               # ClearScalar<float64>
        %31 = divide(%29, %30)                 # EncryptedTensor<float64, shape=(1, 64, 56, 56)>
        %32 = 0                                # ClearScalar<uint1>
        %33 = add(%31, %32)                    # EncryptedTensor<float64, shape=(1, 64, 56, 56)>
        %34 = rint(%33)                        # EncryptedTensor<float64, shape=(1, 64, 56, 56)>
        %35 = astype(%34, dtype=int_)          # EncryptedTensor<uint1, shape=(1, 64, 56, 56)>
        return %35

    %20 = subgraph(%3):

         %0 = input                            # EncryptedTensor<int4, shape=(1, 64, 56, 56)>           @ /trunk/trunk.1/Conv.conv_rounding
         %1 = astype(%0, dtype=float64)        # EncryptedTensor<float64, shape=(1, 64, 56, 56)>
         %2 = 0                                # ClearScalar<uint1>
         %3 = add(%1, %2)                      # EncryptedTensor<float64, shape=(1, 64, 56, 56)>
         %4 = [[[[0]]  [ ... ]  [[0]]]]        # ClearTensor<uint1, shape=(1, 64, 1, 1)>
         %5 = subtract(%3, %4)                 # EncryptedTensor<float64, shape=(1, 64, 56, 56)>
         %6 = 4.336093436695876                # ClearScalar<float64>
         %7 = multiply(%6, %5)                 # EncryptedTensor<float64, shape=(1, 64, 56, 56)>
         %8 = [[[[-0.130 ... 695105]]]]        # ClearTensor<float32, shape=(1, 64, 1, 1)>
         %9 = subtract(%7, %8)                 # EncryptedTensor<float64, shape=(1, 64, 56, 56)>
        %10 = [[[[13.689 ... 269718]]]]        # ClearTensor<float32, shape=(1, 64, 1, 1)>
        %11 = divide(%9, %10)                  # EncryptedTensor<float64, shape=(1, 64, 56, 56)>
        %12 = [[[[1.0264 ... 17723 ]]]]        # ClearTensor<float32, shape=(1, 64, 1, 1)>
        %13 = multiply(%11, %12)               # EncryptedTensor<float64, shape=(1, 64, 56, 56)>
        %14 = [[[[-0.004 ... 475713]]]]        # ClearTensor<float32, shape=(1, 64, 1, 1)>
        %15 = add(%13, %14)                    # EncryptedTensor<float64, shape=(1, 64, 56, 56)>
        %16 = 1.4706209                        # ClearScalar<float32>
        %17 = divide(%15, %16)                 # EncryptedTensor<float64, shape=(1, 64, 56, 56)>
        %18 = 0.0                              # ClearScalar<float32>
        %19 = add(%17, %18)                    # EncryptedTensor<float64, shape=(1, 64, 56, 56)>
        %20 = -8.0                             # ClearScalar<float64>
        %21 = 7.0                              # ClearScalar<float64>
        %22 = clip(%19, %20, %21)              # EncryptedTensor<float64, shape=(1, 64, 56, 56)>
        %23 = rint(%22)                        # EncryptedTensor<float64, shape=(1, 64, 56, 56)>
        %24 = 0.0                              # ClearScalar<float32>
        %25 = subtract(%23, %24)               # EncryptedTensor<float64, shape=(1, 64, 56, 56)>
        %26 = 1.4706209                        # ClearScalar<float32>
        %27 = multiply(%25, %26)               # EncryptedTensor<float64, shape=(1, 64, 56, 56)>
        %28 = 1.47062087059021                 # ClearScalar<float64>
        %29 = divide(%27, %28)                 # EncryptedTensor<float64, shape=(1, 64, 56, 56)>
        %30 = 0                                # ClearScalar<uint1>
        %31 = add(%29, %30)                    # EncryptedTensor<float64, shape=(1, 64, 56, 56)>
        %32 = rint(%31)                        # EncryptedTensor<float64, shape=(1, 64, 56, 56)>
        %33 = astype(%32, dtype=int_)          # EncryptedTensor<uint1, shape=(1, 64, 56, 56)>
        return %33

    %24 = subgraph(%19):

         %0 = input                            # EncryptedTensor<uint1, shape=(1, 256, 56, 56)>          @ /trunk/trunk.4/C3/Conv.conv_rounding
         %1 = astype(%0, dtype=float64)        # EncryptedTensor<float64, shape=(1, 256, 56, 56)>
         %2 = 0                                # ClearScalar<uint1>
         %3 = add(%1, %2)                      # EncryptedTensor<float64, shape=(1, 256, 56, 56)>
         %4 = [[[[0]]  [ ... ]  [[0]]]]        # ClearTensor<uint1, shape=(1, 256, 1, 1)>
         %5 = subtract(%3, %4)                 # EncryptedTensor<float64, shape=(1, 256, 56, 56)>
         %6 = 0.0285377866354537               # ClearScalar<float64>
         %7 = multiply(%6, %5)                 # EncryptedTensor<float64, shape=(1, 256, 56, 56)>
         %8 = [[[[ 0.311 ... 45024 ]]]]        # ClearTensor<float32, shape=(1, 256, 1, 1)>
         %9 = subtract(%7, %8)                 # EncryptedTensor<float64, shape=(1, 256, 56, 56)>
        %10 = [[[[0.4349 ... 26987 ]]]]        # ClearTensor<float32, shape=(1, 256, 1, 1)>
        %11 = divide(%9, %10)                  # EncryptedTensor<float64, shape=(1, 256, 56, 56)>
        %12 = [[[[0.9833 ... 12613 ]]]]        # ClearTensor<float32, shape=(1, 256, 1, 1)>
        %13 = multiply(%11, %12)               # EncryptedTensor<float64, shape=(1, 256, 56, 56)>
        %14 = [[[[ 1.404 ... 69e-02]]]]        # ClearTensor<float32, shape=(1, 256, 1, 1)>
        %15 = add(%13, %14)                    # EncryptedTensor<float64, shape=(1, 256, 56, 56)>
        %16 = 1.141535                         # ClearScalar<float32>
        %17 = divide(%15, %16)                 # EncryptedTensor<float64, shape=(1, 256, 56, 56)>
        %18 = 0.0                              # ClearScalar<float32>
        %19 = add(%17, %18)                    # EncryptedTensor<float64, shape=(1, 256, 56, 56)>
        %20 = -8.0                             # ClearScalar<float64>
        %21 = 7.0                              # ClearScalar<float64>
        %22 = clip(%19, %20, %21)              # EncryptedTensor<float64, shape=(1, 256, 56, 56)>
        %23 = rint(%22)                        # EncryptedTensor<float64, shape=(1, 256, 56, 56)>
        %24 = 0.0                              # ClearScalar<float32>
        %25 = subtract(%23, %24)               # EncryptedTensor<float64, shape=(1, 256, 56, 56)>
        %26 = 1.141535                         # ClearScalar<float32>
        %27 = multiply(%25, %26)               # EncryptedTensor<float64, shape=(1, 256, 56, 56)>
        %28 = 1.1415350437164307               # ClearScalar<float64>
        %29 = divide(%27, %28)                 # EncryptedTensor<float64, shape=(1, 256, 56, 56)>
        %30 = 0                                # ClearScalar<uint1>
        %31 = add(%29, %30)                    # EncryptedTensor<float64, shape=(1, 256, 56, 56)>
        %32 = rint(%31)                        # EncryptedTensor<float64, shape=(1, 256, 56, 56)>
        %33 = astype(%32, dtype=int_)          # EncryptedTensor<uint1, shape=(1, 256, 56, 56)>
        return %33

    %25 = subgraph(%23):

         %0 = input                            # EncryptedTensor<uint1, shape=(1, 256, 56, 56)>          @ /trunk/trunk.4/shortcut/Conv.conv_rounding
         %1 = astype(%0, dtype=float64)        # EncryptedTensor<float64, shape=(1, 256, 56, 56)>
         %2 = 0                                # ClearScalar<uint1>
         %3 = add(%1, %2)                      # EncryptedTensor<float64, shape=(1, 256, 56, 56)>
         %4 = [[[[0]]  [ ... ]  [[0]]]]        # ClearTensor<uint1, shape=(1, 256, 1, 1)>
         %5 = subtract(%3, %4)                 # EncryptedTensor<float64, shape=(1, 256, 56, 56)>
         %6 = 0.06565728258423409              # ClearScalar<float64>
         %7 = multiply(%6, %5)                 # EncryptedTensor<float64, shape=(1, 256, 56, 56)>
         %8 = [[[[ 6.594 ... 12e-03]]]]        # ClearTensor<float32, shape=(1, 256, 1, 1)>
         %9 = subtract(%7, %8)                 # EncryptedTensor<float64, shape=(1, 256, 56, 56)>
        %10 = [[[[0.7908 ... 72521 ]]]]        # ClearTensor<float32, shape=(1, 256, 1, 1)>
        %11 = divide(%9, %10)                  # EncryptedTensor<float64, shape=(1, 256, 56, 56)>
        %12 = [[[[1.0285 ... 47996 ]]]]        # ClearTensor<float32, shape=(1, 256, 1, 1)>
        %13 = multiply(%11, %12)               # EncryptedTensor<float64, shape=(1, 256, 56, 56)>
        %14 = [[[[ 1.269 ... 94e-02]]]]        # ClearTensor<float32, shape=(1, 256, 1, 1)>
        %15 = add(%13, %14)                    # EncryptedTensor<float64, shape=(1, 256, 56, 56)>
        %16 = 1.3630817                        # ClearScalar<float32>
        %17 = divide(%15, %16)                 # EncryptedTensor<float64, shape=(1, 256, 56, 56)>
        %18 = 0.0                              # ClearScalar<float32>
        %19 = add(%17, %18)                    # EncryptedTensor<float64, shape=(1, 256, 56, 56)>
        %20 = -8.0                             # ClearScalar<float64>
        %21 = 7.0                              # ClearScalar<float64>
        %22 = clip(%19, %20, %21)              # EncryptedTensor<float64, shape=(1, 256, 56, 56)>
        %23 = rint(%22)                        # EncryptedTensor<float64, shape=(1, 256, 56, 56)>
        %24 = 0.0                              # ClearScalar<float32>
        %25 = subtract(%23, %24)               # EncryptedTensor<float64, shape=(1, 256, 56, 56)>
        %26 = 1.3630817                        # ClearScalar<float32>
        %27 = multiply(%25, %26)               # EncryptedTensor<float64, shape=(1, 256, 56, 56)>
        %28 = 1.363081693649292                # ClearScalar<float64>
        %29 = divide(%27, %28)                 # EncryptedTensor<float64, shape=(1, 256, 56, 56)>
        %30 = 0                                # ClearScalar<uint1>
        %31 = add(%29, %30)                    # EncryptedTensor<float64, shape=(1, 256, 56, 56)>
        %32 = rint(%31)                        # EncryptedTensor<float64, shape=(1, 256, 56, 56)>
        %33 = astype(%32, dtype=int_)          # EncryptedTensor<uint1, shape=(1, 256, 56, 56)>
        return %33

    %26 = subgraph(%24):

         %0 = input                         # EncryptedTensor<uint1, shape=(1, 256, 56, 56)>
         %1 = 0.0                           # ClearScalar<float64>
         %2 = subtract(%0, %1)              # EncryptedTensor<float64, shape=(1, 256, 56, 56)>
         %3 = 1.1415350437164307            # ClearScalar<float64>
         %4 = multiply(%3, %2)              # EncryptedTensor<float64, shape=(1, 256, 56, 56)>
         %5 = 0.8079408830212008            # ClearScalar<float64>
         %6 = divide(%4, %5)                # EncryptedTensor<float64, shape=(1, 256, 56, 56)>
         %7 = 0                             # ClearScalar<uint1>
         %8 = add(%6, %7)                   # EncryptedTensor<float64, shape=(1, 256, 56, 56)>
         %9 = rint(%8)                      # EncryptedTensor<float64, shape=(1, 256, 56, 56)>
        %10 = astype(%9, dtype=int_)        # EncryptedTensor<uint1, shape=(1, 256, 56, 56)>
        return %10

    %27 = subgraph(%25):

         %0 = input                         # EncryptedTensor<uint1, shape=(1, 256, 56, 56)>
         %1 = 0.0                           # ClearScalar<float64>
         %2 = subtract(%0, %1)              # EncryptedTensor<float64, shape=(1, 256, 56, 56)>
         %3 = 1.363081693649292             # ClearScalar<float64>
         %4 = multiply(%3, %2)              # EncryptedTensor<float64, shape=(1, 256, 56, 56)>
         %5 = 0.8079408830212008            # ClearScalar<float64>
         %6 = divide(%4, %5)                # EncryptedTensor<float64, shape=(1, 256, 56, 56)>
         %7 = 0                             # ClearScalar<uint1>
         %8 = add(%6, %7)                   # EncryptedTensor<float64, shape=(1, 256, 56, 56)>
         %9 = rint(%8)                      # EncryptedTensor<float64, shape=(1, 256, 56, 56)>
        %10 = astype(%9, dtype=int_)        # EncryptedTensor<uint1, shape=(1, 256, 56, 56)>
        return %10

    %31 = subgraph(%30):

         %0 = input                          # EncryptedTensor<uint2, shape=(1, 256, 56, 56)>
         %1 = 0.0                            # ClearScalar<float64>
         %2 = subtract(%0, %1)               # EncryptedTensor<float64, shape=(1, 256, 56, 56)>
         %3 = 0.8079408830212008             # ClearScalar<float64>
         %4 = multiply(%3, %2)               # EncryptedTensor<float64, shape=(1, 256, 56, 56)>
         %5 = 0                              # ClearScalar<uint1>
         %6 = maximum(%4, %5)                # EncryptedTensor<float64, shape=(1, 256, 56, 56)>
         %7 = 0.88038975                     # ClearScalar<float32>
         %8 = divide(%6, %7)                 # EncryptedTensor<float64, shape=(1, 256, 56, 56)>
         %9 = 0.0                            # ClearScalar<float32>
        %10 = add(%8, %9)                    # EncryptedTensor<float64, shape=(1, 256, 56, 56)>
        %11 = 0.0                            # ClearScalar<float64>
        %12 = 15.0                           # ClearScalar<float64>
        %13 = clip(%10, %11, %12)            # EncryptedTensor<float64, shape=(1, 256, 56, 56)>
        %14 = rint(%13)                      # EncryptedTensor<float64, shape=(1, 256, 56, 56)>
        %15 = 0.0                            # ClearScalar<float32>
        %16 = subtract(%14, %15)             # EncryptedTensor<float64, shape=(1, 256, 56, 56)>
        %17 = 0.88038975                     # ClearScalar<float32>
        %18 = multiply(%16, %17)             # EncryptedTensor<float64, shape=(1, 256, 56, 56)>
        %19 = 0.8803897500038147             # ClearScalar<float64>
        %20 = divide(%18, %19)               # EncryptedTensor<float64, shape=(1, 256, 56, 56)>
        %21 = 0                              # ClearScalar<uint1>
        %22 = add(%20, %21)                  # EncryptedTensor<float64, shape=(1, 256, 56, 56)>
        %23 = rint(%22)                      # EncryptedTensor<float64, shape=(1, 256, 56, 56)>
        %24 = astype(%23, dtype=int_)        # EncryptedTensor<uint1, shape=(1, 256, 56, 56)>
        return %24

    %35 = subgraph(%34):

         %0 = input                            # EncryptedTensor<uint1, shape=(1, 64, 56, 56)>          @ /trunk/trunk.5/C1/Conv.conv_rounding
         %1 = astype(%0, dtype=float64)        # EncryptedTensor<float64, shape=(1, 64, 56, 56)>
         %2 = 0                                # ClearScalar<uint1>
         %3 = add(%1, %2)                      # EncryptedTensor<float64, shape=(1, 64, 56, 56)>
         %4 = [[[[0]]  [ ... ]  [[0]]]]        # ClearTensor<uint1, shape=(1, 64, 1, 1)>
         %5 = subtract(%3, %4)                 # EncryptedTensor<float64, shape=(1, 64, 56, 56)>
         %6 = 0.08289389598056829              # ClearScalar<float64>
         %7 = multiply(%6, %5)                 # EncryptedTensor<float64, shape=(1, 64, 56, 56)>
         %8 = [[[[-1.011 ... 39627 ]]]]        # ClearTensor<float32, shape=(1, 64, 1, 1)>
         %9 = subtract(%7, %8)                 # EncryptedTensor<float64, shape=(1, 64, 56, 56)>
        %10 = [[[[3.2450 ... 593896]]]]        # ClearTensor<float32, shape=(1, 64, 1, 1)>
        %11 = divide(%9, %10)                  # EncryptedTensor<float64, shape=(1, 64, 56, 56)>
        %12 = [[[[0.9608 ... 96763 ]]]]        # ClearTensor<float32, shape=(1, 64, 1, 1)>
        %13 = multiply(%11, %12)               # EncryptedTensor<float64, shape=(1, 64, 56, 56)>
        %14 = [[[[-0.011 ... 25026 ]]]]        # ClearTensor<float32, shape=(1, 64, 1, 1)>
        %15 = add(%13, %14)                    # EncryptedTensor<float64, shape=(1, 64, 56, 56)>
        %16 = 0                                # ClearScalar<uint1>
        %17 = maximum(%15, %16)                # EncryptedTensor<float64, shape=(1, 64, 56, 56)>
        %18 = 0.586181                         # ClearScalar<float32>
        %19 = divide(%17, %18)                 # EncryptedTensor<float64, shape=(1, 64, 56, 56)>
        %20 = 0.0                              # ClearScalar<float32>
        %21 = add(%19, %20)                    # EncryptedTensor<float64, shape=(1, 64, 56, 56)>
        %22 = 0.0                              # ClearScalar<float64>
        %23 = 15.0                             # ClearScalar<float64>
        %24 = clip(%21, %22, %23)              # EncryptedTensor<float64, shape=(1, 64, 56, 56)>
        %25 = rint(%24)                        # EncryptedTensor<float64, shape=(1, 64, 56, 56)>
        %26 = 0.0                              # ClearScalar<float32>
        %27 = subtract(%25, %26)               # EncryptedTensor<float64, shape=(1, 64, 56, 56)>
        %28 = 0.586181                         # ClearScalar<float32>
        %29 = multiply(%27, %28)               # EncryptedTensor<float64, shape=(1, 64, 56, 56)>
        %30 = 0.5861809849739075               # ClearScalar<float64>
        %31 = divide(%29, %30)                 # EncryptedTensor<float64, shape=(1, 64, 56, 56)>
        %32 = 0                                # ClearScalar<uint1>
        %33 = add(%31, %32)                    # EncryptedTensor<float64, shape=(1, 64, 56, 56)>
        %34 = rint(%33)                        # EncryptedTensor<float64, shape=(1, 64, 56, 56)>
        %35 = astype(%34, dtype=int_)          # EncryptedTensor<uint1, shape=(1, 64, 56, 56)>
        return %35

    %43 = subgraph(%42):

         %0 = input                            # EncryptedTensor<uint1, shape=(1, 64, 56, 56)>          @ /trunk/trunk.5/C2/Conv.conv_rounding
         %1 = astype(%0, dtype=float64)        # EncryptedTensor<float64, shape=(1, 64, 56, 56)>
         %2 = 0                                # ClearScalar<uint1>
         %3 = add(%1, %2)                      # EncryptedTensor<float64, shape=(1, 64, 56, 56)>
         %4 = [[[[0]]  [ ... ]  [[0]]]]        # ClearTensor<uint1, shape=(1, 64, 1, 1)>
         %5 = subtract(%3, %4)                 # EncryptedTensor<float64, shape=(1, 64, 56, 56)>
         %6 = 0.019602047947088197             # ClearScalar<float64>
         %7 = multiply(%6, %5)                 # EncryptedTensor<float64, shape=(1, 64, 56, 56)>
         %8 = [[[[-0.295 ... 66362 ]]]]        # ClearTensor<float32, shape=(1, 64, 1, 1)>
         %9 = subtract(%7, %8)                 # EncryptedTensor<float64, shape=(1, 64, 56, 56)>
        %10 = [[[[1.0107 ... 99827 ]]]]        # ClearTensor<float32, shape=(1, 64, 1, 1)>
        %11 = divide(%9, %10)                  # EncryptedTensor<float64, shape=(1, 64, 56, 56)>
        %12 = [[[[1.0142 ... 6613  ]]]]        # ClearTensor<float32, shape=(1, 64, 1, 1)>
        %13 = multiply(%11, %12)               # EncryptedTensor<float64, shape=(1, 64, 56, 56)>
        %14 = [[[[ 0.013 ... 036285]]]]        # ClearTensor<float32, shape=(1, 64, 1, 1)>
        %15 = add(%13, %14)                    # EncryptedTensor<float64, shape=(1, 64, 56, 56)>
        %16 = 0                                # ClearScalar<uint1>
        %17 = maximum(%15, %16)                # EncryptedTensor<float64, shape=(1, 64, 56, 56)>
        %18 = 0.5284729                        # ClearScalar<float32>
        %19 = divide(%17, %18)                 # EncryptedTensor<float64, shape=(1, 64, 56, 56)>
        %20 = 0.0                              # ClearScalar<float32>
        %21 = add(%19, %20)                    # EncryptedTensor<float64, shape=(1, 64, 56, 56)>
        %22 = 0.0                              # ClearScalar<float64>
        %23 = 15.0                             # ClearScalar<float64>
        %24 = clip(%21, %22, %23)              # EncryptedTensor<float64, shape=(1, 64, 56, 56)>
        %25 = rint(%24)                        # EncryptedTensor<float64, shape=(1, 64, 56, 56)>
        %26 = 0.0                              # ClearScalar<float32>
        %27 = subtract(%25, %26)               # EncryptedTensor<float64, shape=(1, 64, 56, 56)>
        %28 = 0.5284729                        # ClearScalar<float32>
        %29 = multiply(%27, %28)               # EncryptedTensor<float64, shape=(1, 64, 56, 56)>
        %30 = 0.528472900390625                # ClearScalar<float64>
        %31 = divide(%29, %30)                 # EncryptedTensor<float64, shape=(1, 64, 56, 56)>
        %32 = 0                                # ClearScalar<uint1>
        %33 = add(%31, %32)                    # EncryptedTensor<float64, shape=(1, 64, 56, 56)>
        %34 = rint(%33)                        # EncryptedTensor<float64, shape=(1, 64, 56, 56)>
        %35 = astype(%34, dtype=int_)          # EncryptedTensor<uint1, shape=(1, 64, 56, 56)>
        return %35

    %47 = subgraph(%46):

         %0 = input                            # EncryptedTensor<uint1, shape=(1, 256, 56, 56)>          @ /trunk/trunk.5/C3/Conv.conv_rounding
         %1 = astype(%0, dtype=float64)        # EncryptedTensor<float64, shape=(1, 256, 56, 56)>
         %2 = 0                                # ClearScalar<uint1>
         %3 = add(%1, %2)                      # EncryptedTensor<float64, shape=(1, 256, 56, 56)>
         %4 = [[[[0]]  [ ... ]  [[0]]]]        # ClearTensor<uint1, shape=(1, 256, 1, 1)>
         %5 = subtract(%3, %4)                 # EncryptedTensor<float64, shape=(1, 256, 56, 56)>
         %6 = 0.0301932955551365               # ClearScalar<float64>
         %7 = multiply(%6, %5)                 # EncryptedTensor<float64, shape=(1, 256, 56, 56)>
         %8 = [[[[-1.853 ... 76e-01]]]]        # ClearTensor<float32, shape=(1, 256, 1, 1)>
         %9 = subtract(%7, %8)                 # EncryptedTensor<float64, shape=(1, 256, 56, 56)>
        %10 = [[[[0.5687 ... 23778 ]]]]        # ClearTensor<float32, shape=(1, 256, 1, 1)>
        %11 = divide(%9, %10)                  # EncryptedTensor<float64, shape=(1, 256, 56, 56)>
        %12 = [[[[0.9623 ... 9534  ]]]]        # ClearTensor<float32, shape=(1, 256, 1, 1)>
        %13 = multiply(%11, %12)               # EncryptedTensor<float64, shape=(1, 256, 56, 56)>
        %14 = [[[[-0.010 ... 231315]]]]        # ClearTensor<float32, shape=(1, 256, 1, 1)>
        %15 = add(%13, %14)                    # EncryptedTensor<float64, shape=(1, 256, 56, 56)>
        %16 = 1.0737511                        # ClearScalar<float32>
        %17 = divide(%15, %16)                 # EncryptedTensor<float64, shape=(1, 256, 56, 56)>
        %18 = 0.0                              # ClearScalar<float32>
        %19 = add(%17, %18)                    # EncryptedTensor<float64, shape=(1, 256, 56, 56)>
        %20 = -8.0                             # ClearScalar<float64>
        %21 = 7.0                              # ClearScalar<float64>
        %22 = clip(%19, %20, %21)              # EncryptedTensor<float64, shape=(1, 256, 56, 56)>
        %23 = rint(%22)                        # EncryptedTensor<float64, shape=(1, 256, 56, 56)>
        %24 = 0.0                              # ClearScalar<float32>
        %25 = subtract(%23, %24)               # EncryptedTensor<float64, shape=(1, 256, 56, 56)>
        %26 = 1.0737511                        # ClearScalar<float32>
        %27 = multiply(%25, %26)               # EncryptedTensor<float64, shape=(1, 256, 56, 56)>
        %28 = 1.0737510919570923               # ClearScalar<float64>
        %29 = divide(%27, %28)                 # EncryptedTensor<float64, shape=(1, 256, 56, 56)>
        %30 = 0                                # ClearScalar<uint1>
        %31 = add(%29, %30)                    # EncryptedTensor<float64, shape=(1, 256, 56, 56)>
        %32 = rint(%31)                        # EncryptedTensor<float64, shape=(1, 256, 56, 56)>
        %33 = astype(%32, dtype=int_)          # EncryptedTensor<uint1, shape=(1, 256, 56, 56)>
        return %33

    %48 = subgraph(%30):

         %0 = input                          # EncryptedTensor<uint2, shape=(1, 256, 56, 56)>
         %1 = 0.0                            # ClearScalar<float64>
         %2 = subtract(%0, %1)               # EncryptedTensor<float64, shape=(1, 256, 56, 56)>
         %3 = 0.8079408830212008             # ClearScalar<float64>
         %4 = multiply(%3, %2)               # EncryptedTensor<float64, shape=(1, 256, 56, 56)>
         %5 = 0                              # ClearScalar<uint1>
         %6 = maximum(%4, %5)                # EncryptedTensor<float64, shape=(1, 256, 56, 56)>
         %7 = 0.88038975                     # ClearScalar<float32>
         %8 = divide(%6, %7)                 # EncryptedTensor<float64, shape=(1, 256, 56, 56)>
         %9 = 0.0                            # ClearScalar<float32>
        %10 = add(%8, %9)                    # EncryptedTensor<float64, shape=(1, 256, 56, 56)>
        %11 = 0.0                            # ClearScalar<float64>
        %12 = 15.0                           # ClearScalar<float64>
        %13 = clip(%10, %11, %12)            # EncryptedTensor<float64, shape=(1, 256, 56, 56)>
        %14 = rint(%13)                      # EncryptedTensor<float64, shape=(1, 256, 56, 56)>
        %15 = 0.0                            # ClearScalar<float32>
        %16 = subtract(%14, %15)             # EncryptedTensor<float64, shape=(1, 256, 56, 56)>
        %17 = 0.88038975                     # ClearScalar<float32>
        %18 = multiply(%16, %17)             # EncryptedTensor<float64, shape=(1, 256, 56, 56)>
        %19 = 0.8803897500038147             # ClearScalar<float64>
        %20 = divide(%18, %19)               # EncryptedTensor<float64, shape=(1, 256, 56, 56)>
        %21 = 0                              # ClearScalar<uint1>
        %22 = add(%20, %21)                  # EncryptedTensor<float64, shape=(1, 256, 56, 56)>
        %23 = rint(%22)                      # EncryptedTensor<float64, shape=(1, 256, 56, 56)>
        %24 = astype(%23, dtype=int_)        # EncryptedTensor<uint1, shape=(1, 256, 56, 56)>
        return %24

    %49 = subgraph(%47):

         %0 = input                         # EncryptedTensor<uint1, shape=(1, 256, 56, 56)>
         %1 = 0.0                           # ClearScalar<float64>
         %2 = subtract(%0, %1)              # EncryptedTensor<float64, shape=(1, 256, 56, 56)>
         %3 = 1.0737510919570923            # ClearScalar<float64>
         %4 = multiply(%3, %2)              # EncryptedTensor<float64, shape=(1, 256, 56, 56)>
         %5 = 0.7439666909556235            # ClearScalar<float64>
         %6 = divide(%4, %5)                # EncryptedTensor<float64, shape=(1, 256, 56, 56)>
         %7 = 0                             # ClearScalar<uint1>
         %8 = add(%6, %7)                   # EncryptedTensor<float64, shape=(1, 256, 56, 56)>
         %9 = rint(%8)                      # EncryptedTensor<float64, shape=(1, 256, 56, 56)>
        %10 = astype(%9, dtype=int_)        # EncryptedTensor<uint1, shape=(1, 256, 56, 56)>
        return %10

    %50 = subgraph(%48):

         %0 = input                         # EncryptedTensor<uint1, shape=(1, 256, 56, 56)>
         %1 = 0.0                           # ClearScalar<float64>
         %2 = subtract(%0, %1)              # EncryptedTensor<float64, shape=(1, 256, 56, 56)>
         %3 = 0.8803897500038147            # ClearScalar<float64>
         %4 = multiply(%3, %2)              # EncryptedTensor<float64, shape=(1, 256, 56, 56)>
         %5 = 0.7439666909556235            # ClearScalar<float64>
         %6 = divide(%4, %5)                # EncryptedTensor<float64, shape=(1, 256, 56, 56)>
         %7 = 0                             # ClearScalar<uint1>
         %8 = add(%6, %7)                   # EncryptedTensor<float64, shape=(1, 256, 56, 56)>
         %9 = rint(%8)                      # EncryptedTensor<float64, shape=(1, 256, 56, 56)>
        %10 = astype(%9, dtype=int_)        # EncryptedTensor<uint1, shape=(1, 256, 56, 56)>
        return %10

    %54 = subgraph(%53):

         %0 = input                          # EncryptedTensor<uint2, shape=(1, 256, 56, 56)>
         %1 = 0.0                            # ClearScalar<float64>
         %2 = subtract(%0, %1)               # EncryptedTensor<float64, shape=(1, 256, 56, 56)>
         %3 = 0.7439666909556235             # ClearScalar<float64>
         %4 = multiply(%3, %2)               # EncryptedTensor<float64, shape=(1, 256, 56, 56)>
         %5 = 0                              # ClearScalar<uint1>
         %6 = maximum(%4, %5)                # EncryptedTensor<float64, shape=(1, 256, 56, 56)>
         %7 = 1.0484111                      # ClearScalar<float32>
         %8 = divide(%6, %7)                 # EncryptedTensor<float64, shape=(1, 256, 56, 56)>
         %9 = 0.0                            # ClearScalar<float32>
        %10 = add(%8, %9)                    # EncryptedTensor<float64, shape=(1, 256, 56, 56)>
        %11 = 0.0                            # ClearScalar<float64>
        %12 = 15.0                           # ClearScalar<float64>
        %13 = clip(%10, %11, %12)            # EncryptedTensor<float64, shape=(1, 256, 56, 56)>
        %14 = rint(%13)                      # EncryptedTensor<float64, shape=(1, 256, 56, 56)>
        %15 = 0.0                            # ClearScalar<float32>
        %16 = subtract(%14, %15)             # EncryptedTensor<float64, shape=(1, 256, 56, 56)>
        %17 = 1.0484111                      # ClearScalar<float32>
        %18 = multiply(%16, %17)             # EncryptedTensor<float64, shape=(1, 256, 56, 56)>
        %19 = 1.0484111309051514             # ClearScalar<float64>
        %20 = divide(%18, %19)               # EncryptedTensor<float64, shape=(1, 256, 56, 56)>
        %21 = 0                              # ClearScalar<uint1>
        %22 = add(%20, %21)                  # EncryptedTensor<float64, shape=(1, 256, 56, 56)>
        %23 = rint(%22)                      # EncryptedTensor<float64, shape=(1, 256, 56, 56)>
        %24 = astype(%23, dtype=int_)        # EncryptedTensor<uint1, shape=(1, 256, 56, 56)>
        return %24

    %58 = subgraph(%57):

         %0 = input                            # EncryptedTensor<uint1, shape=(1, 64, 56, 56)>          @ /trunk/trunk.6/C1/Conv.conv_rounding
         %1 = astype(%0, dtype=float64)        # EncryptedTensor<float64, shape=(1, 64, 56, 56)>
         %2 = 0                                # ClearScalar<uint1>
         %3 = add(%1, %2)                      # EncryptedTensor<float64, shape=(1, 64, 56, 56)>
         %4 = [[[[0]]  [ ... ]  [[0]]]]        # ClearTensor<uint1, shape=(1, 64, 1, 1)>
         %5 = subtract(%3, %4)                 # EncryptedTensor<float64, shape=(1, 64, 56, 56)>
         %6 = 0.11481161704248066              # ClearScalar<float64>
         %7 = multiply(%6, %5)                 # EncryptedTensor<float64, shape=(1, 64, 56, 56)>
         %8 = [[[[-0.993 ... 06662 ]]]]        # ClearTensor<float32, shape=(1, 64, 1, 1)>
         %9 = subtract(%7, %8)                 # EncryptedTensor<float64, shape=(1, 64, 56, 56)>
        %10 = [[[[3.4326 ... 026076]]]]        # ClearTensor<float32, shape=(1, 64, 1, 1)>
        %11 = divide(%9, %10)                  # EncryptedTensor<float64, shape=(1, 64, 56, 56)>
        %12 = [[[[1.0225 ... 854465]]]]        # ClearTensor<float32, shape=(1, 64, 1, 1)>
        %13 = multiply(%11, %12)               # EncryptedTensor<float64, shape=(1, 64, 56, 56)>
        %14 = [[[[ 0.029 ... 073019]]]]        # ClearTensor<float32, shape=(1, 64, 1, 1)>
        %15 = add(%13, %14)                    # EncryptedTensor<float64, shape=(1, 64, 56, 56)>
        %16 = 0                                # ClearScalar<uint1>
        %17 = maximum(%15, %16)                # EncryptedTensor<float64, shape=(1, 64, 56, 56)>
        %18 = 0.5167939                        # ClearScalar<float32>
        %19 = divide(%17, %18)                 # EncryptedTensor<float64, shape=(1, 64, 56, 56)>
        %20 = 0.0                              # ClearScalar<float32>
        %21 = add(%19, %20)                    # EncryptedTensor<float64, shape=(1, 64, 56, 56)>
        %22 = 0.0                              # ClearScalar<float64>
        %23 = 15.0                             # ClearScalar<float64>
        %24 = clip(%21, %22, %23)              # EncryptedTensor<float64, shape=(1, 64, 56, 56)>
        %25 = rint(%24)                        # EncryptedTensor<float64, shape=(1, 64, 56, 56)>
        %26 = 0.0                              # ClearScalar<float32>
        %27 = subtract(%25, %26)               # EncryptedTensor<float64, shape=(1, 64, 56, 56)>
        %28 = 0.5167939                        # ClearScalar<float32>
        %29 = multiply(%27, %28)               # EncryptedTensor<float64, shape=(1, 64, 56, 56)>
        %30 = 0.5167939066886902               # ClearScalar<float64>
        %31 = divide(%29, %30)                 # EncryptedTensor<float64, shape=(1, 64, 56, 56)>
        %32 = 0                                # ClearScalar<uint1>
        %33 = add(%31, %32)                    # EncryptedTensor<float64, shape=(1, 64, 56, 56)>
        %34 = rint(%33)                        # EncryptedTensor<float64, shape=(1, 64, 56, 56)>
        %35 = astype(%34, dtype=int_)          # EncryptedTensor<uint1, shape=(1, 64, 56, 56)>
        return %35

    %66 = subgraph(%65):

         %0 = input                            # EncryptedTensor<uint1, shape=(1, 64, 56, 56)>          @ /trunk/trunk.6/C2/Conv.conv_rounding
         %1 = astype(%0, dtype=float64)        # EncryptedTensor<float64, shape=(1, 64, 56, 56)>
         %2 = 0                                # ClearScalar<uint1>
         %3 = add(%1, %2)                      # EncryptedTensor<float64, shape=(1, 64, 56, 56)>
         %4 = [[[[0]]  [ ... ]  [[0]]]]        # ClearTensor<uint1, shape=(1, 64, 1, 1)>
         %5 = subtract(%3, %4)                 # EncryptedTensor<float64, shape=(1, 64, 56, 56)>
         %6 = 0.018053260142911975             # ClearScalar<float64>
         %7 = multiply(%6, %5)                 # EncryptedTensor<float64, shape=(1, 64, 56, 56)>
         %8 = [[[[ 0.290 ... 015367]]]]        # ClearTensor<float32, shape=(1, 64, 1, 1)>
         %9 = subtract(%7, %8)                 # EncryptedTensor<float64, shape=(1, 64, 56, 56)>
        %10 = [[[[0.8955 ... 1074  ]]]]        # ClearTensor<float32, shape=(1, 64, 1, 1)>
        %11 = divide(%9, %10)                  # EncryptedTensor<float64, shape=(1, 64, 56, 56)>
        %12 = [[[[0.9730 ... 34142 ]]]]        # ClearTensor<float32, shape=(1, 64, 1, 1)>
        %13 = multiply(%11, %12)               # EncryptedTensor<float64, shape=(1, 64, 56, 56)>
        %14 = [[[[-0.011 ... 775276]]]]        # ClearTensor<float32, shape=(1, 64, 1, 1)>
        %15 = add(%13, %14)                    # EncryptedTensor<float64, shape=(1, 64, 56, 56)>
        %16 = 0                                # ClearScalar<uint1>
        %17 = maximum(%15, %16)                # EncryptedTensor<float64, shape=(1, 64, 56, 56)>
        %18 = 0.4651601                        # ClearScalar<float32>
        %19 = divide(%17, %18)                 # EncryptedTensor<float64, shape=(1, 64, 56, 56)>
        %20 = 0.0                              # ClearScalar<float32>
        %21 = add(%19, %20)                    # EncryptedTensor<float64, shape=(1, 64, 56, 56)>
        %22 = 0.0                              # ClearScalar<float64>
        %23 = 15.0                             # ClearScalar<float64>
        %24 = clip(%21, %22, %23)              # EncryptedTensor<float64, shape=(1, 64, 56, 56)>
        %25 = rint(%24)                        # EncryptedTensor<float64, shape=(1, 64, 56, 56)>
        %26 = 0.0                              # ClearScalar<float32>
        %27 = subtract(%25, %26)               # EncryptedTensor<float64, shape=(1, 64, 56, 56)>
        %28 = 0.4651601                        # ClearScalar<float32>
        %29 = multiply(%27, %28)               # EncryptedTensor<float64, shape=(1, 64, 56, 56)>
        %30 = 0.4651601016521454               # ClearScalar<float64>
        %31 = divide(%29, %30)                 # EncryptedTensor<float64, shape=(1, 64, 56, 56)>
        %32 = 0                                # ClearScalar<uint1>
        %33 = add(%31, %32)                    # EncryptedTensor<float64, shape=(1, 64, 56, 56)>
        %34 = rint(%33)                        # EncryptedTensor<float64, shape=(1, 64, 56, 56)>
        %35 = astype(%34, dtype=int_)          # EncryptedTensor<uint1, shape=(1, 64, 56, 56)>
        return %35

    %70 = subgraph(%69):

         %0 = input                            # EncryptedTensor<uint1, shape=(1, 256, 56, 56)>          @ /trunk/trunk.6/C3/Conv.conv_rounding
         %1 = astype(%0, dtype=float64)        # EncryptedTensor<float64, shape=(1, 256, 56, 56)>
         %2 = 0                                # ClearScalar<uint1>
         %3 = add(%1, %2)                      # EncryptedTensor<float64, shape=(1, 256, 56, 56)>
         %4 = [[[[0]]  [ ... ]  [[0]]]]        # ClearTensor<uint1, shape=(1, 256, 1, 1)>
         %5 = subtract(%3, %4)                 # EncryptedTensor<float64, shape=(1, 256, 56, 56)>
         %6 = 0.020906207361339635             # ClearScalar<float64>
         %7 = multiply(%6, %5)                 # EncryptedTensor<float64, shape=(1, 256, 56, 56)>
         %8 = [[[[-2.783 ... 10e-01]]]]        # ClearTensor<float32, shape=(1, 256, 1, 1)>
         %9 = subtract(%7, %8)                 # EncryptedTensor<float64, shape=(1, 256, 56, 56)>
        %10 = [[[[0.4265 ... 34352 ]]]]        # ClearTensor<float32, shape=(1, 256, 1, 1)>
        %11 = divide(%9, %10)                  # EncryptedTensor<float64, shape=(1, 256, 56, 56)>
        %12 = [[[[0.9679 ... 75741 ]]]]        # ClearTensor<float32, shape=(1, 256, 1, 1)>
        %13 = multiply(%11, %12)               # EncryptedTensor<float64, shape=(1, 256, 56, 56)>
        %14 = [[[[-1.649 ... 75e-03]]]]        # ClearTensor<float32, shape=(1, 256, 1, 1)>
        %15 = add(%13, %14)                    # EncryptedTensor<float64, shape=(1, 256, 56, 56)>
        %16 = 0.9390777                        # ClearScalar<float32>
        %17 = divide(%15, %16)                 # EncryptedTensor<float64, shape=(1, 256, 56, 56)>
        %18 = 0.0                              # ClearScalar<float32>
        %19 = add(%17, %18)                    # EncryptedTensor<float64, shape=(1, 256, 56, 56)>
        %20 = -8.0                             # ClearScalar<float64>
        %21 = 7.0                              # ClearScalar<float64>
        %22 = clip(%19, %20, %21)              # EncryptedTensor<float64, shape=(1, 256, 56, 56)>
        %23 = rint(%22)                        # EncryptedTensor<float64, shape=(1, 256, 56, 56)>
        %24 = 0.0                              # ClearScalar<float32>
        %25 = subtract(%23, %24)               # EncryptedTensor<float64, shape=(1, 256, 56, 56)>
        %26 = 0.9390777                        # ClearScalar<float32>
        %27 = multiply(%25, %26)               # EncryptedTensor<float64, shape=(1, 256, 56, 56)>
        %28 = 0.9390776753425598               # ClearScalar<float64>
        %29 = divide(%27, %28)                 # EncryptedTensor<float64, shape=(1, 256, 56, 56)>
        %30 = 0                                # ClearScalar<uint1>
        %31 = add(%29, %30)                    # EncryptedTensor<float64, shape=(1, 256, 56, 56)>
        %32 = rint(%31)                        # EncryptedTensor<float64, shape=(1, 256, 56, 56)>
        %33 = astype(%32, dtype=int_)          # EncryptedTensor<uint1, shape=(1, 256, 56, 56)>
        return %33

    %71 = subgraph(%53):

         %0 = input                          # EncryptedTensor<uint2, shape=(1, 256, 56, 56)>
         %1 = 0.0                            # ClearScalar<float64>
         %2 = subtract(%0, %1)               # EncryptedTensor<float64, shape=(1, 256, 56, 56)>
         %3 = 0.7439666909556235             # ClearScalar<float64>
         %4 = multiply(%3, %2)               # EncryptedTensor<float64, shape=(1, 256, 56, 56)>
         %5 = 0                              # ClearScalar<uint1>
         %6 = maximum(%4, %5)                # EncryptedTensor<float64, shape=(1, 256, 56, 56)>
         %7 = 1.0484111                      # ClearScalar<float32>
         %8 = divide(%6, %7)                 # EncryptedTensor<float64, shape=(1, 256, 56, 56)>
         %9 = 0.0                            # ClearScalar<float32>
        %10 = add(%8, %9)                    # EncryptedTensor<float64, shape=(1, 256, 56, 56)>
        %11 = 0.0                            # ClearScalar<float64>
        %12 = 15.0                           # ClearScalar<float64>
        %13 = clip(%10, %11, %12)            # EncryptedTensor<float64, shape=(1, 256, 56, 56)>
        %14 = rint(%13)                      # EncryptedTensor<float64, shape=(1, 256, 56, 56)>
        %15 = 0.0                            # ClearScalar<float32>
        %16 = subtract(%14, %15)             # EncryptedTensor<float64, shape=(1, 256, 56, 56)>
        %17 = 1.0484111                      # ClearScalar<float32>
        %18 = multiply(%16, %17)             # EncryptedTensor<float64, shape=(1, 256, 56, 56)>
        %19 = 1.0484111309051514             # ClearScalar<float64>
        %20 = divide(%18, %19)               # EncryptedTensor<float64, shape=(1, 256, 56, 56)>
        %21 = 0                              # ClearScalar<uint1>
        %22 = add(%20, %21)                  # EncryptedTensor<float64, shape=(1, 256, 56, 56)>
        %23 = rint(%22)                      # EncryptedTensor<float64, shape=(1, 256, 56, 56)>
        %24 = astype(%23, dtype=int_)        # EncryptedTensor<uint1, shape=(1, 256, 56, 56)>
        return %24

    %72 = subgraph(%70):

         %0 = input                         # EncryptedTensor<uint1, shape=(1, 256, 56, 56)>
         %1 = 0.0                           # ClearScalar<float64>
         %2 = subtract(%0, %1)              # EncryptedTensor<float64, shape=(1, 256, 56, 56)>
         %3 = 0.9390776753425598            # ClearScalar<float64>
         %4 = multiply(%3, %2)              # EncryptedTensor<float64, shape=(1, 256, 56, 56)>
         %5 = 0.8102239908710602            # ClearScalar<float64>
         %6 = divide(%4, %5)                # EncryptedTensor<float64, shape=(1, 256, 56, 56)>
         %7 = 0                             # ClearScalar<uint1>
         %8 = add(%6, %7)                   # EncryptedTensor<float64, shape=(1, 256, 56, 56)>
         %9 = rint(%8)                      # EncryptedTensor<float64, shape=(1, 256, 56, 56)>
        %10 = astype(%9, dtype=int_)        # EncryptedTensor<uint1, shape=(1, 256, 56, 56)>
        return %10

    %73 = subgraph(%71):

         %0 = input                         # EncryptedTensor<uint1, shape=(1, 256, 56, 56)>
         %1 = 0.0                           # ClearScalar<float64>
         %2 = subtract(%0, %1)              # EncryptedTensor<float64, shape=(1, 256, 56, 56)>
         %3 = 1.0484111309051514            # ClearScalar<float64>
         %4 = multiply(%3, %2)              # EncryptedTensor<float64, shape=(1, 256, 56, 56)>
         %5 = 0.8102239908710602            # ClearScalar<float64>
         %6 = divide(%4, %5)                # EncryptedTensor<float64, shape=(1, 256, 56, 56)>
         %7 = 0                             # ClearScalar<uint1>
         %8 = add(%6, %7)                   # EncryptedTensor<float64, shape=(1, 256, 56, 56)>
         %9 = rint(%8)                      # EncryptedTensor<float64, shape=(1, 256, 56, 56)>
        %10 = astype(%9, dtype=int_)        # EncryptedTensor<uint1, shape=(1, 256, 56, 56)>
        return %10

    %77 = subgraph(%76):

         %0 = input                          # EncryptedTensor<uint2, shape=(1, 256, 56, 56)>
         %1 = 0.0                            # ClearScalar<float64>
         %2 = subtract(%0, %1)               # EncryptedTensor<float64, shape=(1, 256, 56, 56)>
         %3 = 0.8102239908710602             # ClearScalar<float64>
         %4 = multiply(%3, %2)               # EncryptedTensor<float64, shape=(1, 256, 56, 56)>
         %5 = 0                              # ClearScalar<uint1>
         %6 = maximum(%4, %5)                # EncryptedTensor<float64, shape=(1, 256, 56, 56)>
         %7 = 1.1744465                      # ClearScalar<float32>
         %8 = divide(%6, %7)                 # EncryptedTensor<float64, shape=(1, 256, 56, 56)>
         %9 = 0.0                            # ClearScalar<float32>
        %10 = add(%8, %9)                    # EncryptedTensor<float64, shape=(1, 256, 56, 56)>
        %11 = 0.0                            # ClearScalar<float64>
        %12 = 15.0                           # ClearScalar<float64>
        %13 = clip(%10, %11, %12)            # EncryptedTensor<float64, shape=(1, 256, 56, 56)>
        %14 = rint(%13)                      # EncryptedTensor<float64, shape=(1, 256, 56, 56)>
        %15 = 0.0                            # ClearScalar<float32>
        %16 = subtract(%14, %15)             # EncryptedTensor<float64, shape=(1, 256, 56, 56)>
        %17 = 1.1744465                      # ClearScalar<float32>
        %18 = multiply(%16, %17)             # EncryptedTensor<float64, shape=(1, 256, 56, 56)>
        %19 = 1.1744464635849                # ClearScalar<float64>
        %20 = divide(%18, %19)               # EncryptedTensor<float64, shape=(1, 256, 56, 56)>
        %21 = 0                              # ClearScalar<uint1>
        %22 = add(%20, %21)                  # EncryptedTensor<float64, shape=(1, 256, 56, 56)>
        %23 = rint(%22)                      # EncryptedTensor<float64, shape=(1, 256, 56, 56)>
        %24 = astype(%23, dtype=int_)        # EncryptedTensor<uint1, shape=(1, 256, 56, 56)>
        return %24

    %81 = subgraph(%80):

         %0 = input                            # EncryptedTensor<uint1, shape=(1, 128, 56, 56)>          @ /trunk/trunk.7/C1/Conv.conv_rounding
         %1 = astype(%0, dtype=float64)        # EncryptedTensor<float64, shape=(1, 128, 56, 56)>
         %2 = 0                                # ClearScalar<uint1>
         %3 = add(%1, %2)                      # EncryptedTensor<float64, shape=(1, 128, 56, 56)>
         %4 = [[[[0]]  [ ... ]  [[0]]]]        # ClearTensor<uint1, shape=(1, 128, 1, 1)>
         %5 = subtract(%3, %4)                 # EncryptedTensor<float64, shape=(1, 128, 56, 56)>
         %6 = 0.09635336064011124              # ClearScalar<float64>
         %7 = multiply(%6, %5)                 # EncryptedTensor<float64, shape=(1, 128, 56, 56)>
         %8 = [[[[ 0.927 ... 56585 ]]]]        # ClearTensor<float32, shape=(1, 128, 1, 1)>
         %9 = subtract(%7, %8)                 # EncryptedTensor<float64, shape=(1, 128, 56, 56)>
        %10 = [[[[2.4903 ... 339314]]]]        # ClearTensor<float32, shape=(1, 128, 1, 1)>
        %11 = divide(%9, %10)                  # EncryptedTensor<float64, shape=(1, 128, 56, 56)>
        %12 = [[[[0.9808 ... 69578 ]]]]        # ClearTensor<float32, shape=(1, 128, 1, 1)>
        %13 = multiply(%11, %12)               # EncryptedTensor<float64, shape=(1, 128, 56, 56)>
        %14 = [[[[-0.022 ... 789559]]]]        # ClearTensor<float32, shape=(1, 128, 1, 1)>
        %15 = add(%13, %14)                    # EncryptedTensor<float64, shape=(1, 128, 56, 56)>
        %16 = 0                                # ClearScalar<uint1>
        %17 = maximum(%15, %16)                # EncryptedTensor<float64, shape=(1, 128, 56, 56)>
        %18 = 0.44320253                       # ClearScalar<float32>
        %19 = divide(%17, %18)                 # EncryptedTensor<float64, shape=(1, 128, 56, 56)>
        %20 = 0.0                              # ClearScalar<float32>
        %21 = add(%19, %20)                    # EncryptedTensor<float64, shape=(1, 128, 56, 56)>
        %22 = 0.0                              # ClearScalar<float64>
        %23 = 15.0                             # ClearScalar<float64>
        %24 = clip(%21, %22, %23)              # EncryptedTensor<float64, shape=(1, 128, 56, 56)>
        %25 = rint(%24)                        # EncryptedTensor<float64, shape=(1, 128, 56, 56)>
        %26 = 0.0                              # ClearScalar<float32>
        %27 = subtract(%25, %26)               # EncryptedTensor<float64, shape=(1, 128, 56, 56)>
        %28 = 0.44320253                       # ClearScalar<float32>
        %29 = multiply(%27, %28)               # EncryptedTensor<float64, shape=(1, 128, 56, 56)>
        %30 = 0.44320252537727356              # ClearScalar<float64>
        %31 = divide(%29, %30)                 # EncryptedTensor<float64, shape=(1, 128, 56, 56)>
        %32 = 0                                # ClearScalar<uint1>
        %33 = add(%31, %32)                    # EncryptedTensor<float64, shape=(1, 128, 56, 56)>
        %34 = rint(%33)                        # EncryptedTensor<float64, shape=(1, 128, 56, 56)>
        %35 = astype(%34, dtype=int_)          # EncryptedTensor<uint1, shape=(1, 128, 56, 56)>
        return %35

    %89 = subgraph(%88):

         %0 = input                            # EncryptedTensor<uint1, shape=(1, 128, 28, 28)>          @ /trunk/trunk.7/C2/Conv.conv_rounding
         %1 = astype(%0, dtype=float64)        # EncryptedTensor<float64, shape=(1, 128, 28, 28)>
         %2 = 0                                # ClearScalar<uint1>
         %3 = add(%1, %2)                      # EncryptedTensor<float64, shape=(1, 128, 28, 28)>
         %4 = [[[[0]]  [ ... ]  [[0]]]]        # ClearTensor<uint1, shape=(1, 128, 1, 1)>
         %5 = subtract(%3, %4)                 # EncryptedTensor<float64, shape=(1, 128, 28, 28)>
         %6 = 0.011150877180075958             # ClearScalar<float64>
         %7 = multiply(%6, %5)                 # EncryptedTensor<float64, shape=(1, 128, 28, 28)>
         %8 = [[[[-0.591 ... 761955]]]]        # ClearTensor<float32, shape=(1, 128, 1, 1)>
         %9 = subtract(%7, %8)                 # EncryptedTensor<float64, shape=(1, 128, 28, 28)>
        %10 = [[[[0.9504 ... 98238 ]]]]        # ClearTensor<float32, shape=(1, 128, 1, 1)>
        %11 = divide(%9, %10)                  # EncryptedTensor<float64, shape=(1, 128, 28, 28)>
        %12 = [[[[0.9816 ... 70845 ]]]]        # ClearTensor<float32, shape=(1, 128, 1, 1)>
        %13 = multiply(%11, %12)               # EncryptedTensor<float64, shape=(1, 128, 28, 28)>
        %14 = [[[[-0.012 ... 75563 ]]]]        # ClearTensor<float32, shape=(1, 128, 1, 1)>
        %15 = add(%13, %14)                    # EncryptedTensor<float64, shape=(1, 128, 28, 28)>
        %16 = 0                                # ClearScalar<uint1>
        %17 = maximum(%15, %16)                # EncryptedTensor<float64, shape=(1, 128, 28, 28)>
        %18 = 0.41699275                       # ClearScalar<float32>
        %19 = divide(%17, %18)                 # EncryptedTensor<float64, shape=(1, 128, 28, 28)>
        %20 = 0.0                              # ClearScalar<float32>
        %21 = add(%19, %20)                    # EncryptedTensor<float64, shape=(1, 128, 28, 28)>
        %22 = 0.0                              # ClearScalar<float64>
        %23 = 15.0                             # ClearScalar<float64>
        %24 = clip(%21, %22, %23)              # EncryptedTensor<float64, shape=(1, 128, 28, 28)>
        %25 = rint(%24)                        # EncryptedTensor<float64, shape=(1, 128, 28, 28)>
        %26 = 0.0                              # ClearScalar<float32>
        %27 = subtract(%25, %26)               # EncryptedTensor<float64, shape=(1, 128, 28, 28)>
        %28 = 0.41699275                       # ClearScalar<float32>
        %29 = multiply(%27, %28)               # EncryptedTensor<float64, shape=(1, 128, 28, 28)>
        %30 = 0.41699275374412537              # ClearScalar<float64>
        %31 = divide(%29, %30)                 # EncryptedTensor<float64, shape=(1, 128, 28, 28)>
        %32 = 0                                # ClearScalar<uint1>
        %33 = add(%31, %32)                    # EncryptedTensor<float64, shape=(1, 128, 28, 28)>
        %34 = rint(%33)                        # EncryptedTensor<float64, shape=(1, 128, 28, 28)>
        %35 = astype(%34, dtype=int_)          # EncryptedTensor<uint1, shape=(1, 128, 28, 28)>
        return %35

    %93 = subgraph(%76):

         %0 = input                          # EncryptedTensor<uint2, shape=(1, 256, 56, 56)>
         %1 = 0.0                            # ClearScalar<float64>
         %2 = subtract(%0, %1)               # EncryptedTensor<float64, shape=(1, 256, 56, 56)>
         %3 = 0.8102239908710602             # ClearScalar<float64>
         %4 = multiply(%3, %2)               # EncryptedTensor<float64, shape=(1, 256, 56, 56)>
         %5 = 0                              # ClearScalar<uint1>
         %6 = maximum(%4, %5)                # EncryptedTensor<float64, shape=(1, 256, 56, 56)>
         %7 = 1.1744465                      # ClearScalar<float32>
         %8 = divide(%6, %7)                 # EncryptedTensor<float64, shape=(1, 256, 56, 56)>
         %9 = 0.0                            # ClearScalar<float32>
        %10 = add(%8, %9)                    # EncryptedTensor<float64, shape=(1, 256, 56, 56)>
        %11 = 0.0                            # ClearScalar<float64>
        %12 = 15.0                           # ClearScalar<float64>
        %13 = clip(%10, %11, %12)            # EncryptedTensor<float64, shape=(1, 256, 56, 56)>
        %14 = rint(%13)                      # EncryptedTensor<float64, shape=(1, 256, 56, 56)>
        %15 = 0.0                            # ClearScalar<float32>
        %16 = subtract(%14, %15)             # EncryptedTensor<float64, shape=(1, 256, 56, 56)>
        %17 = 1.1744465                      # ClearScalar<float32>
        %18 = multiply(%16, %17)             # EncryptedTensor<float64, shape=(1, 256, 56, 56)>
        %19 = 1.1744464635849                # ClearScalar<float64>
        %20 = divide(%18, %19)               # EncryptedTensor<float64, shape=(1, 256, 56, 56)>
        %21 = 0                              # ClearScalar<uint1>
        %22 = add(%20, %21)                  # EncryptedTensor<float64, shape=(1, 256, 56, 56)>
        %23 = rint(%22)                      # EncryptedTensor<float64, shape=(1, 256, 56, 56)>
        %24 = astype(%23, dtype=int_)        # EncryptedTensor<uint1, shape=(1, 256, 56, 56)>
        return %24

    %97 = subgraph(%92):

         %0 = input                            # EncryptedTensor<uint1, shape=(1, 512, 28, 28)>          @ /trunk/trunk.7/C3/Conv.conv_rounding
         %1 = astype(%0, dtype=float64)        # EncryptedTensor<float64, shape=(1, 512, 28, 28)>
         %2 = 0                                # ClearScalar<uint1>
         %3 = add(%1, %2)                      # EncryptedTensor<float64, shape=(1, 512, 28, 28)>
         %4 = [[[[0]]  [ ... ]  [[0]]]]        # ClearTensor<uint1, shape=(1, 512, 1, 1)>
         %5 = subtract(%3, %4)                 # EncryptedTensor<float64, shape=(1, 512, 28, 28)>
         %6 = 0.016541865583231674             # ClearScalar<float64>
         %7 = multiply(%6, %5)                 # EncryptedTensor<float64, shape=(1, 512, 28, 28)>
         %8 = [[[[ 0.470 ... 96801 ]]]]        # ClearTensor<float32, shape=(1, 512, 1, 1)>
         %9 = subtract(%7, %8)                 # EncryptedTensor<float64, shape=(1, 512, 28, 28)>
        %10 = [[[[0.6178 ... 595544]]]]        # ClearTensor<float32, shape=(1, 512, 1, 1)>
        %11 = divide(%9, %10)                  # EncryptedTensor<float64, shape=(1, 512, 28, 28)>
        %12 = [[[[0.9960 ... 552325]]]]        # ClearTensor<float32, shape=(1, 512, 1, 1)>
        %13 = multiply(%11, %12)               # EncryptedTensor<float64, shape=(1, 512, 28, 28)>
        %14 = [[[[ 2.036 ... 99e-02]]]]        # ClearTensor<float32, shape=(1, 512, 1, 1)>
        %15 = add(%13, %14)                    # EncryptedTensor<float64, shape=(1, 512, 28, 28)>
        %16 = 0.9019725                        # ClearScalar<float32>
        %17 = divide(%15, %16)                 # EncryptedTensor<float64, shape=(1, 512, 28, 28)>
        %18 = 0.0                              # ClearScalar<float32>
        %19 = add(%17, %18)                    # EncryptedTensor<float64, shape=(1, 512, 28, 28)>
        %20 = -8.0                             # ClearScalar<float64>
        %21 = 7.0                              # ClearScalar<float64>
        %22 = clip(%19, %20, %21)              # EncryptedTensor<float64, shape=(1, 512, 28, 28)>
        %23 = rint(%22)                        # EncryptedTensor<float64, shape=(1, 512, 28, 28)>
        %24 = 0.0                              # ClearScalar<float32>
        %25 = subtract(%23, %24)               # EncryptedTensor<float64, shape=(1, 512, 28, 28)>
        %26 = 0.9019725                        # ClearScalar<float32>
        %27 = multiply(%25, %26)               # EncryptedTensor<float64, shape=(1, 512, 28, 28)>
        %28 = 0.9019724726676941               # ClearScalar<float64>
        %29 = divide(%27, %28)                 # EncryptedTensor<float64, shape=(1, 512, 28, 28)>
        %30 = 0                                # ClearScalar<uint1>
        %31 = add(%29, %30)                    # EncryptedTensor<float64, shape=(1, 512, 28, 28)>
        %32 = rint(%31)                        # EncryptedTensor<float64, shape=(1, 512, 28, 28)>
        %33 = astype(%32, dtype=int_)          # EncryptedTensor<uint1, shape=(1, 512, 28, 28)>
        return %33

    %98 = subgraph(%96):

         %0 = input                            # EncryptedTensor<uint1, shape=(1, 512, 28, 28)>          @ /trunk/trunk.7/shortcut/Conv.conv_rounding
         %1 = astype(%0, dtype=float64)        # EncryptedTensor<float64, shape=(1, 512, 28, 28)>
         %2 = 0                                # ClearScalar<uint1>
         %3 = add(%1, %2)                      # EncryptedTensor<float64, shape=(1, 512, 28, 28)>
         %4 = [[[[0]]  [ ... ]  [[0]]]]        # ClearTensor<uint1, shape=(1, 512, 1, 1)>
         %5 = subtract(%3, %4)                 # EncryptedTensor<float64, shape=(1, 512, 28, 28)>
         %6 = 0.043359933257970606             # ClearScalar<float64>
         %7 = multiply(%6, %5)                 # EncryptedTensor<float64, shape=(1, 512, 28, 28)>
         %8 = [[[[-0.021 ... 060955]]]]        # ClearTensor<float32, shape=(1, 512, 1, 1)>
         %9 = subtract(%7, %8)                 # EncryptedTensor<float64, shape=(1, 512, 28, 28)>
        %10 = [[[[1.3087 ... 63099 ]]]]        # ClearTensor<float32, shape=(1, 512, 1, 1)>
        %11 = divide(%9, %10)                  # EncryptedTensor<float64, shape=(1, 512, 28, 28)>
        %12 = [[[[0.9779 ... 418896]]]]        # ClearTensor<float32, shape=(1, 512, 1, 1)>
        %13 = multiply(%11, %12)               # EncryptedTensor<float64, shape=(1, 512, 28, 28)>
        %14 = [[[[ 2.127 ... 99e-02]]]]        # ClearTensor<float32, shape=(1, 512, 1, 1)>
        %15 = add(%13, %14)                    # EncryptedTensor<float64, shape=(1, 512, 28, 28)>
        %16 = 0.9012733                        # ClearScalar<float32>
        %17 = divide(%15, %16)                 # EncryptedTensor<float64, shape=(1, 512, 28, 28)>
        %18 = 0.0                              # ClearScalar<float32>
        %19 = add(%17, %18)                    # EncryptedTensor<float64, shape=(1, 512, 28, 28)>
        %20 = -8.0                             # ClearScalar<float64>
        %21 = 7.0                              # ClearScalar<float64>
        %22 = clip(%19, %20, %21)              # EncryptedTensor<float64, shape=(1, 512, 28, 28)>
        %23 = rint(%22)                        # EncryptedTensor<float64, shape=(1, 512, 28, 28)>
        %24 = 0.0                              # ClearScalar<float32>
        %25 = subtract(%23, %24)               # EncryptedTensor<float64, shape=(1, 512, 28, 28)>
        %26 = 0.9012733                        # ClearScalar<float32>
        %27 = multiply(%25, %26)               # EncryptedTensor<float64, shape=(1, 512, 28, 28)>
        %28 = 0.9012733101844788               # ClearScalar<float64>
        %29 = divide(%27, %28)                 # EncryptedTensor<float64, shape=(1, 512, 28, 28)>
        %30 = 0                                # ClearScalar<uint1>
        %31 = add(%29, %30)                    # EncryptedTensor<float64, shape=(1, 512, 28, 28)>
        %32 = rint(%31)                        # EncryptedTensor<float64, shape=(1, 512, 28, 28)>
        %33 = astype(%32, dtype=int_)          # EncryptedTensor<uint1, shape=(1, 512, 28, 28)>
        return %33

    %99 = subgraph(%97):

         %0 = input                         # EncryptedTensor<uint1, shape=(1, 512, 28, 28)>
         %1 = 0.0                           # ClearScalar<float64>
         %2 = subtract(%0, %1)              # EncryptedTensor<float64, shape=(1, 512, 28, 28)>
         %3 = 0.9019724726676941            # ClearScalar<float64>
         %4 = multiply(%3, %2)              # EncryptedTensor<float64, shape=(1, 512, 28, 28)>
         %5 = 0.58169218801683              # ClearScalar<float64>
         %6 = divide(%4, %5)                # EncryptedTensor<float64, shape=(1, 512, 28, 28)>
         %7 = 0                             # ClearScalar<uint1>
         %8 = add(%6, %7)                   # EncryptedTensor<float64, shape=(1, 512, 28, 28)>
         %9 = rint(%8)                      # EncryptedTensor<float64, shape=(1, 512, 28, 28)>
        %10 = astype(%9, dtype=int_)        # EncryptedTensor<uint1, shape=(1, 512, 28, 28)>
        return %10

    %100 = subgraph(%98):

         %0 = input                         # EncryptedTensor<uint1, shape=(1, 512, 28, 28)>
         %1 = 0.0                           # ClearScalar<float64>
         %2 = subtract(%0, %1)              # EncryptedTensor<float64, shape=(1, 512, 28, 28)>
         %3 = 0.9012733101844788            # ClearScalar<float64>
         %4 = multiply(%3, %2)              # EncryptedTensor<float64, shape=(1, 512, 28, 28)>
         %5 = 0.58169218801683              # ClearScalar<float64>
         %6 = divide(%4, %5)                # EncryptedTensor<float64, shape=(1, 512, 28, 28)>
         %7 = 0                             # ClearScalar<uint1>
         %8 = add(%6, %7)                   # EncryptedTensor<float64, shape=(1, 512, 28, 28)>
         %9 = rint(%8)                      # EncryptedTensor<float64, shape=(1, 512, 28, 28)>
        %10 = astype(%9, dtype=int_)        # EncryptedTensor<uint1, shape=(1, 512, 28, 28)>
        return %10

    %104 = subgraph(%103):

         %0 = input                          # EncryptedTensor<uint2, shape=(1, 512, 28, 28)>
         %1 = 0.0                            # ClearScalar<float64>
         %2 = subtract(%0, %1)               # EncryptedTensor<float64, shape=(1, 512, 28, 28)>
         %3 = 0.58169218801683               # ClearScalar<float64>
         %4 = multiply(%3, %2)               # EncryptedTensor<float64, shape=(1, 512, 28, 28)>
         %5 = 0                              # ClearScalar<uint1>
         %6 = maximum(%4, %5)                # EncryptedTensor<float64, shape=(1, 512, 28, 28)>
         %7 = 0.7005621                      # ClearScalar<float32>
         %8 = divide(%6, %7)                 # EncryptedTensor<float64, shape=(1, 512, 28, 28)>
         %9 = 0.0                            # ClearScalar<float32>
        %10 = add(%8, %9)                    # EncryptedTensor<float64, shape=(1, 512, 28, 28)>
        %11 = 0.0                            # ClearScalar<float64>
        %12 = 15.0                           # ClearScalar<float64>
        %13 = clip(%10, %11, %12)            # EncryptedTensor<float64, shape=(1, 512, 28, 28)>
        %14 = rint(%13)                      # EncryptedTensor<float64, shape=(1, 512, 28, 28)>
        %15 = 0.0                            # ClearScalar<float32>
        %16 = subtract(%14, %15)             # EncryptedTensor<float64, shape=(1, 512, 28, 28)>
        %17 = 0.7005621                      # ClearScalar<float32>
        %18 = multiply(%16, %17)             # EncryptedTensor<float64, shape=(1, 512, 28, 28)>
        %19 = 0.7005621194839478             # ClearScalar<float64>
        %20 = divide(%18, %19)               # EncryptedTensor<float64, shape=(1, 512, 28, 28)>
        %21 = 0                              # ClearScalar<uint1>
        %22 = add(%20, %21)                  # EncryptedTensor<float64, shape=(1, 512, 28, 28)>
        %23 = rint(%22)                      # EncryptedTensor<float64, shape=(1, 512, 28, 28)>
        %24 = astype(%23, dtype=int_)        # EncryptedTensor<uint1, shape=(1, 512, 28, 28)>
        return %24

    %108 = subgraph(%107):

         %0 = input                            # EncryptedTensor<uint1, shape=(1, 128, 28, 28)>          @ /trunk/trunk.8/C1/Conv.conv_rounding
         %1 = astype(%0, dtype=float64)        # EncryptedTensor<float64, shape=(1, 128, 28, 28)>
         %2 = 0                                # ClearScalar<uint1>
         %3 = add(%1, %2)                      # EncryptedTensor<float64, shape=(1, 128, 28, 28)>
         %4 = [[[[0]]  [ ... ]  [[0]]]]        # ClearTensor<uint1, shape=(1, 128, 1, 1)>
         %5 = subtract(%3, %4)                 # EncryptedTensor<float64, shape=(1, 128, 28, 28)>
         %6 = 0.05417689108094681              # ClearScalar<float64>
         %7 = multiply(%6, %5)                 # EncryptedTensor<float64, shape=(1, 128, 28, 28)>
         %8 = [[[[ 0.835 ... 97708 ]]]]        # ClearTensor<float32, shape=(1, 128, 1, 1)>
         %9 = subtract(%7, %8)                 # EncryptedTensor<float64, shape=(1, 128, 28, 28)>
        %10 = [[[[4.2786 ... 138976]]]]        # ClearTensor<float32, shape=(1, 128, 1, 1)>
        %11 = divide(%9, %10)                  # EncryptedTensor<float64, shape=(1, 128, 28, 28)>
        %12 = [[[[0.9848 ... 246187]]]]        # ClearTensor<float32, shape=(1, 128, 1, 1)>
        %13 = multiply(%11, %12)               # EncryptedTensor<float64, shape=(1, 128, 28, 28)>
        %14 = [[[[ 0.008 ... 332009]]]]        # ClearTensor<float32, shape=(1, 128, 1, 1)>
        %15 = add(%13, %14)                    # EncryptedTensor<float64, shape=(1, 128, 28, 28)>
        %16 = 0                                # ClearScalar<uint1>
        %17 = maximum(%15, %16)                # EncryptedTensor<float64, shape=(1, 128, 28, 28)>
        %18 = 0.44198856                       # ClearScalar<float32>
        %19 = divide(%17, %18)                 # EncryptedTensor<float64, shape=(1, 128, 28, 28)>
        %20 = 0.0                              # ClearScalar<float32>
        %21 = add(%19, %20)                    # EncryptedTensor<float64, shape=(1, 128, 28, 28)>
        %22 = 0.0                              # ClearScalar<float64>
        %23 = 15.0                             # ClearScalar<float64>
        %24 = clip(%21, %22, %23)              # EncryptedTensor<float64, shape=(1, 128, 28, 28)>
        %25 = rint(%24)                        # EncryptedTensor<float64, shape=(1, 128, 28, 28)>
        %26 = 0.0                              # ClearScalar<float32>
        %27 = subtract(%25, %26)               # EncryptedTensor<float64, shape=(1, 128, 28, 28)>
        %28 = 0.44198856                       # ClearScalar<float32>
        %29 = multiply(%27, %28)               # EncryptedTensor<float64, shape=(1, 128, 28, 28)>
        %30 = 0.4419885575771332               # ClearScalar<float64>
        %31 = divide(%29, %30)                 # EncryptedTensor<float64, shape=(1, 128, 28, 28)>
        %32 = 0                                # ClearScalar<uint1>
        %33 = add(%31, %32)                    # EncryptedTensor<float64, shape=(1, 128, 28, 28)>
        %34 = rint(%33)                        # EncryptedTensor<float64, shape=(1, 128, 28, 28)>
        %35 = astype(%34, dtype=int_)          # EncryptedTensor<uint1, shape=(1, 128, 28, 28)>
        return %35

    %116 = subgraph(%115):

         %0 = input                            # EncryptedTensor<uint1, shape=(1, 128, 28, 28)>          @ /trunk/trunk.8/C2/Conv.conv_rounding
         %1 = astype(%0, dtype=float64)        # EncryptedTensor<float64, shape=(1, 128, 28, 28)>
         %2 = 0                                # ClearScalar<uint1>
         %3 = add(%1, %2)                      # EncryptedTensor<float64, shape=(1, 128, 28, 28)>
         %4 = [[[[0]]  [ ... ]  [[0]]]]        # ClearTensor<uint1, shape=(1, 128, 1, 1)>
         %5 = subtract(%3, %4)                 # EncryptedTensor<float64, shape=(1, 128, 28, 28)>
         %6 = 0.011549310901405596             # ClearScalar<float64>
         %7 = multiply(%6, %5)                 # EncryptedTensor<float64, shape=(1, 128, 28, 28)>
         %8 = [[[[-0.083 ... 92974 ]]]]        # ClearTensor<float32, shape=(1, 128, 1, 1)>
         %9 = subtract(%7, %8)                 # EncryptedTensor<float64, shape=(1, 128, 28, 28)>
        %10 = [[[[1.2025 ... 887797]]]]        # ClearTensor<float32, shape=(1, 128, 1, 1)>
        %11 = divide(%9, %10)                  # EncryptedTensor<float64, shape=(1, 128, 28, 28)>
        %12 = [[[[0.9829 ... 029326]]]]        # ClearTensor<float32, shape=(1, 128, 1, 1)>
        %13 = multiply(%11, %12)               # EncryptedTensor<float64, shape=(1, 128, 28, 28)>
        %14 = [[[[-1.324 ... 25e-02]]]]        # ClearTensor<float32, shape=(1, 128, 1, 1)>
        %15 = add(%13, %14)                    # EncryptedTensor<float64, shape=(1, 128, 28, 28)>
        %16 = 0                                # ClearScalar<uint1>
        %17 = maximum(%15, %16)                # EncryptedTensor<float64, shape=(1, 128, 28, 28)>
        %18 = 0.44969988                       # ClearScalar<float32>
        %19 = divide(%17, %18)                 # EncryptedTensor<float64, shape=(1, 128, 28, 28)>
        %20 = 0.0                              # ClearScalar<float32>
        %21 = add(%19, %20)                    # EncryptedTensor<float64, shape=(1, 128, 28, 28)>
        %22 = 0.0                              # ClearScalar<float64>
        %23 = 15.0                             # ClearScalar<float64>
        %24 = clip(%21, %22, %23)              # EncryptedTensor<float64, shape=(1, 128, 28, 28)>
        %25 = rint(%24)                        # EncryptedTensor<float64, shape=(1, 128, 28, 28)>
        %26 = 0.0                              # ClearScalar<float32>
        %27 = subtract(%25, %26)               # EncryptedTensor<float64, shape=(1, 128, 28, 28)>
        %28 = 0.44969988                       # ClearScalar<float32>
        %29 = multiply(%27, %28)               # EncryptedTensor<float64, shape=(1, 128, 28, 28)>
        %30 = 0.44969987869262695              # ClearScalar<float64>
        %31 = divide(%29, %30)                 # EncryptedTensor<float64, shape=(1, 128, 28, 28)>
        %32 = 0                                # ClearScalar<uint1>
        %33 = add(%31, %32)                    # EncryptedTensor<float64, shape=(1, 128, 28, 28)>
        %34 = rint(%33)                        # EncryptedTensor<float64, shape=(1, 128, 28, 28)>
        %35 = astype(%34, dtype=int_)          # EncryptedTensor<uint1, shape=(1, 128, 28, 28)>
        return %35

    %120 = subgraph(%119):

         %0 = input                            # EncryptedTensor<uint1, shape=(1, 512, 28, 28)>          @ /trunk/trunk.8/C3/Conv.conv_rounding
         %1 = astype(%0, dtype=float64)        # EncryptedTensor<float64, shape=(1, 512, 28, 28)>
         %2 = 0                                # ClearScalar<uint1>
         %3 = add(%1, %2)                      # EncryptedTensor<float64, shape=(1, 512, 28, 28)>
         %4 = [[[[0]]  [ ... ]  [[0]]]]        # ClearTensor<uint1, shape=(1, 512, 1, 1)>
         %5 = subtract(%3, %4)                 # EncryptedTensor<float64, shape=(1, 512, 28, 28)>
         %6 = 0.01666862326081464              # ClearScalar<float64>
         %7 = multiply(%6, %5)                 # EncryptedTensor<float64, shape=(1, 512, 28, 28)>
         %8 = [[[[-9.571 ... 03e-01]]]]        # ClearTensor<float32, shape=(1, 512, 1, 1)>
         %9 = subtract(%7, %8)                 # EncryptedTensor<float64, shape=(1, 512, 28, 28)>
        %10 = [[[[0.5763 ... 35622 ]]]]        # ClearTensor<float32, shape=(1, 512, 1, 1)>
        %11 = divide(%9, %10)                  # EncryptedTensor<float64, shape=(1, 512, 28, 28)>
        %12 = [[[[0.9516 ... 85377 ]]]]        # ClearTensor<float32, shape=(1, 512, 1, 1)>
        %13 = multiply(%11, %12)               # EncryptedTensor<float64, shape=(1, 512, 28, 28)>
        %14 = [[[[ 1.768 ... 26e-02]]]]        # ClearTensor<float32, shape=(1, 512, 1, 1)>
        %15 = add(%13, %14)                    # EncryptedTensor<float64, shape=(1, 512, 28, 28)>
        %16 = 0.95068026                       # ClearScalar<float32>
        %17 = divide(%15, %16)                 # EncryptedTensor<float64, shape=(1, 512, 28, 28)>
        %18 = 0.0                              # ClearScalar<float32>
        %19 = add(%17, %18)                    # EncryptedTensor<float64, shape=(1, 512, 28, 28)>
        %20 = -8.0                             # ClearScalar<float64>
        %21 = 7.0                              # ClearScalar<float64>
        %22 = clip(%19, %20, %21)              # EncryptedTensor<float64, shape=(1, 512, 28, 28)>
        %23 = rint(%22)                        # EncryptedTensor<float64, shape=(1, 512, 28, 28)>
        %24 = 0.0                              # ClearScalar<float32>
        %25 = subtract(%23, %24)               # EncryptedTensor<float64, shape=(1, 512, 28, 28)>
        %26 = 0.95068026                       # ClearScalar<float32>
        %27 = multiply(%25, %26)               # EncryptedTensor<float64, shape=(1, 512, 28, 28)>
        %28 = 0.9506802558898926               # ClearScalar<float64>
        %29 = divide(%27, %28)                 # EncryptedTensor<float64, shape=(1, 512, 28, 28)>
        %30 = 0                                # ClearScalar<uint1>
        %31 = add(%29, %30)                    # EncryptedTensor<float64, shape=(1, 512, 28, 28)>
        %32 = rint(%31)                        # EncryptedTensor<float64, shape=(1, 512, 28, 28)>
        %33 = astype(%32, dtype=int_)          # EncryptedTensor<uint1, shape=(1, 512, 28, 28)>
        return %33

    %121 = subgraph(%103):

         %0 = input                          # EncryptedTensor<uint2, shape=(1, 512, 28, 28)>
         %1 = 0.0                            # ClearScalar<float64>
         %2 = subtract(%0, %1)               # EncryptedTensor<float64, shape=(1, 512, 28, 28)>
         %3 = 0.58169218801683               # ClearScalar<float64>
         %4 = multiply(%3, %2)               # EncryptedTensor<float64, shape=(1, 512, 28, 28)>
         %5 = 0                              # ClearScalar<uint1>
         %6 = maximum(%4, %5)                # EncryptedTensor<float64, shape=(1, 512, 28, 28)>
         %7 = 0.7005621                      # ClearScalar<float32>
         %8 = divide(%6, %7)                 # EncryptedTensor<float64, shape=(1, 512, 28, 28)>
         %9 = 0.0                            # ClearScalar<float32>
        %10 = add(%8, %9)                    # EncryptedTensor<float64, shape=(1, 512, 28, 28)>
        %11 = 0.0                            # ClearScalar<float64>
        %12 = 15.0                           # ClearScalar<float64>
        %13 = clip(%10, %11, %12)            # EncryptedTensor<float64, shape=(1, 512, 28, 28)>
        %14 = rint(%13)                      # EncryptedTensor<float64, shape=(1, 512, 28, 28)>
        %15 = 0.0                            # ClearScalar<float32>
        %16 = subtract(%14, %15)             # EncryptedTensor<float64, shape=(1, 512, 28, 28)>
        %17 = 0.7005621                      # ClearScalar<float32>
        %18 = multiply(%16, %17)             # EncryptedTensor<float64, shape=(1, 512, 28, 28)>
        %19 = 0.7005621194839478             # ClearScalar<float64>
        %20 = divide(%18, %19)               # EncryptedTensor<float64, shape=(1, 512, 28, 28)>
        %21 = 0                              # ClearScalar<uint1>
        %22 = add(%20, %21)                  # EncryptedTensor<float64, shape=(1, 512, 28, 28)>
        %23 = rint(%22)                      # EncryptedTensor<float64, shape=(1, 512, 28, 28)>
        %24 = astype(%23, dtype=int_)        # EncryptedTensor<uint1, shape=(1, 512, 28, 28)>
        return %24

    %122 = subgraph(%120):

         %0 = input                         # EncryptedTensor<uint1, shape=(1, 512, 28, 28)>
         %1 = 0.0                           # ClearScalar<float64>
         %2 = subtract(%0, %1)              # EncryptedTensor<float64, shape=(1, 512, 28, 28)>
         %3 = 0.9506802558898926            # ClearScalar<float64>
         %4 = multiply(%3, %2)              # EncryptedTensor<float64, shape=(1, 512, 28, 28)>
         %5 = 0.6004551649093628            # ClearScalar<float64>
         %6 = divide(%4, %5)                # EncryptedTensor<float64, shape=(1, 512, 28, 28)>
         %7 = 0                             # ClearScalar<uint1>
         %8 = add(%6, %7)                   # EncryptedTensor<float64, shape=(1, 512, 28, 28)>
         %9 = rint(%8)                      # EncryptedTensor<float64, shape=(1, 512, 28, 28)>
        %10 = astype(%9, dtype=int_)        # EncryptedTensor<uint1, shape=(1, 512, 28, 28)>
        return %10

    %123 = subgraph(%121):

         %0 = input                         # EncryptedTensor<uint1, shape=(1, 512, 28, 28)>
         %1 = 0.0                           # ClearScalar<float64>
         %2 = subtract(%0, %1)              # EncryptedTensor<float64, shape=(1, 512, 28, 28)>
         %3 = 0.7005621194839478            # ClearScalar<float64>
         %4 = multiply(%3, %2)              # EncryptedTensor<float64, shape=(1, 512, 28, 28)>
         %5 = 0.6004551649093628            # ClearScalar<float64>
         %6 = divide(%4, %5)                # EncryptedTensor<float64, shape=(1, 512, 28, 28)>
         %7 = 0                             # ClearScalar<uint1>
         %8 = add(%6, %7)                   # EncryptedTensor<float64, shape=(1, 512, 28, 28)>
         %9 = rint(%8)                      # EncryptedTensor<float64, shape=(1, 512, 28, 28)>
        %10 = astype(%9, dtype=int_)        # EncryptedTensor<uint1, shape=(1, 512, 28, 28)>
        return %10

    %127 = subgraph(%126):

         %0 = input                          # EncryptedTensor<uint2, shape=(1, 512, 28, 28)>
         %1 = 0.0                            # ClearScalar<float64>
         %2 = subtract(%0, %1)               # EncryptedTensor<float64, shape=(1, 512, 28, 28)>
         %3 = 0.6004551649093628             # ClearScalar<float64>
         %4 = multiply(%3, %2)               # EncryptedTensor<float64, shape=(1, 512, 28, 28)>
         %5 = 0                              # ClearScalar<uint1>
         %6 = maximum(%4, %5)                # EncryptedTensor<float64, shape=(1, 512, 28, 28)>
         %7 = 0.92992944                     # ClearScalar<float32>
         %8 = divide(%6, %7)                 # EncryptedTensor<float64, shape=(1, 512, 28, 28)>
         %9 = 0.0                            # ClearScalar<float32>
        %10 = add(%8, %9)                    # EncryptedTensor<float64, shape=(1, 512, 28, 28)>
        %11 = 0.0                            # ClearScalar<float64>
        %12 = 15.0                           # ClearScalar<float64>
        %13 = clip(%10, %11, %12)            # EncryptedTensor<float64, shape=(1, 512, 28, 28)>
        %14 = rint(%13)                      # EncryptedTensor<float64, shape=(1, 512, 28, 28)>
        %15 = 0.0                            # ClearScalar<float32>
        %16 = subtract(%14, %15)             # EncryptedTensor<float64, shape=(1, 512, 28, 28)>
        %17 = 0.92992944                     # ClearScalar<float32>
        %18 = multiply(%16, %17)             # EncryptedTensor<float64, shape=(1, 512, 28, 28)>
        %19 = 0.9299294352531433             # ClearScalar<float64>
        %20 = divide(%18, %19)               # EncryptedTensor<float64, shape=(1, 512, 28, 28)>
        %21 = 0                              # ClearScalar<uint1>
        %22 = add(%20, %21)                  # EncryptedTensor<float64, shape=(1, 512, 28, 28)>
        %23 = rint(%22)                      # EncryptedTensor<float64, shape=(1, 512, 28, 28)>
        %24 = astype(%23, dtype=int_)        # EncryptedTensor<uint1, shape=(1, 512, 28, 28)>
        return %24

    %131 = subgraph(%130):

         %0 = input                            # EncryptedTensor<uint1, shape=(1, 128, 28, 28)>          @ /trunk/trunk.9/C1/Conv.conv_rounding
         %1 = astype(%0, dtype=float64)        # EncryptedTensor<float64, shape=(1, 128, 28, 28)>
         %2 = 0                                # ClearScalar<uint1>
         %3 = add(%1, %2)                      # EncryptedTensor<float64, shape=(1, 128, 28, 28)>
         %4 = [[[[0]]  [ ... ]  [[0]]]]        # ClearTensor<uint1, shape=(1, 128, 1, 1)>
         %5 = subtract(%3, %4)                 # EncryptedTensor<float64, shape=(1, 128, 28, 28)>
         %6 = 0.0653048907976137               # ClearScalar<float64>
         %7 = multiply(%6, %5)                 # EncryptedTensor<float64, shape=(1, 128, 28, 28)>
         %8 = [[[[-2.204 ... 47e+00]]]]        # ClearTensor<float32, shape=(1, 128, 1, 1)>
         %9 = subtract(%7, %8)                 # EncryptedTensor<float64, shape=(1, 128, 28, 28)>
        %10 = [[[[3.8344 ... 51668 ]]]]        # ClearTensor<float32, shape=(1, 128, 1, 1)>
        %11 = divide(%9, %10)                  # EncryptedTensor<float64, shape=(1, 128, 28, 28)>
        %12 = [[[[0.9786 ... 644593]]]]        # ClearTensor<float32, shape=(1, 128, 1, 1)>
        %13 = multiply(%11, %12)               # EncryptedTensor<float64, shape=(1, 128, 28, 28)>
        %14 = [[[[ 0.036 ... 195804]]]]        # ClearTensor<float32, shape=(1, 128, 1, 1)>
        %15 = add(%13, %14)                    # EncryptedTensor<float64, shape=(1, 128, 28, 28)>
        %16 = 0                                # ClearScalar<uint1>
        %17 = maximum(%15, %16)                # EncryptedTensor<float64, shape=(1, 128, 28, 28)>
        %18 = 0.44168082                       # ClearScalar<float32>
        %19 = divide(%17, %18)                 # EncryptedTensor<float64, shape=(1, 128, 28, 28)>
        %20 = 0.0                              # ClearScalar<float32>
        %21 = add(%19, %20)                    # EncryptedTensor<float64, shape=(1, 128, 28, 28)>
        %22 = 0.0                              # ClearScalar<float64>
        %23 = 15.0                             # ClearScalar<float64>
        %24 = clip(%21, %22, %23)              # EncryptedTensor<float64, shape=(1, 128, 28, 28)>
        %25 = rint(%24)                        # EncryptedTensor<float64, shape=(1, 128, 28, 28)>
        %26 = 0.0                              # ClearScalar<float32>
        %27 = subtract(%25, %26)               # EncryptedTensor<float64, shape=(1, 128, 28, 28)>
        %28 = 0.44168082                       # ClearScalar<float32>
        %29 = multiply(%27, %28)               # EncryptedTensor<float64, shape=(1, 128, 28, 28)>
        %30 = 0.44168081879615784              # ClearScalar<float64>
        %31 = divide(%29, %30)                 # EncryptedTensor<float64, shape=(1, 128, 28, 28)>
        %32 = 0                                # ClearScalar<uint1>
        %33 = add(%31, %32)                    # EncryptedTensor<float64, shape=(1, 128, 28, 28)>
        %34 = rint(%33)                        # EncryptedTensor<float64, shape=(1, 128, 28, 28)>
        %35 = astype(%34, dtype=int_)          # EncryptedTensor<uint1, shape=(1, 128, 28, 28)>
        return %35

    %139 = subgraph(%138):

         %0 = input                            # EncryptedTensor<uint1, shape=(1, 128, 28, 28)>          @ /trunk/trunk.9/C2/Conv.conv_rounding
         %1 = astype(%0, dtype=float64)        # EncryptedTensor<float64, shape=(1, 128, 28, 28)>
         %2 = 0                                # ClearScalar<uint1>
         %3 = add(%1, %2)                      # EncryptedTensor<float64, shape=(1, 128, 28, 28)>
         %4 = [[[[0]]  [ ... ]  [[0]]]]        # ClearTensor<uint1, shape=(1, 128, 1, 1)>
         %5 = subtract(%3, %4)                 # EncryptedTensor<float64, shape=(1, 128, 28, 28)>
         %6 = 0.013782041313672055             # ClearScalar<float64>
         %7 = multiply(%6, %5)                 # EncryptedTensor<float64, shape=(1, 128, 28, 28)>
         %8 = [[[[-0.942 ... 884057]]]]        # ClearTensor<float32, shape=(1, 128, 1, 1)>
         %9 = subtract(%7, %8)                 # EncryptedTensor<float64, shape=(1, 128, 28, 28)>
        %10 = [[[[2.4498 ... 13711 ]]]]        # ClearTensor<float32, shape=(1, 128, 1, 1)>
        %11 = divide(%9, %10)                  # EncryptedTensor<float64, shape=(1, 128, 28, 28)>
        %12 = [[[[0.9853 ... 6183  ]]]]        # ClearTensor<float32, shape=(1, 128, 1, 1)>
        %13 = multiply(%11, %12)               # EncryptedTensor<float64, shape=(1, 128, 28, 28)>
        %14 = [[[[-0.030 ... 860164]]]]        # ClearTensor<float32, shape=(1, 128, 1, 1)>
        %15 = add(%13, %14)                    # EncryptedTensor<float64, shape=(1, 128, 28, 28)>
        %16 = 0                                # ClearScalar<uint1>
        %17 = maximum(%15, %16)                # EncryptedTensor<float64, shape=(1, 128, 28, 28)>
        %18 = 0.4469815                        # ClearScalar<float32>
        %19 = divide(%17, %18)                 # EncryptedTensor<float64, shape=(1, 128, 28, 28)>
        %20 = 0.0                              # ClearScalar<float32>
        %21 = add(%19, %20)                    # EncryptedTensor<float64, shape=(1, 128, 28, 28)>
        %22 = 0.0                              # ClearScalar<float64>
        %23 = 15.0                             # ClearScalar<float64>
        %24 = clip(%21, %22, %23)              # EncryptedTensor<float64, shape=(1, 128, 28, 28)>
        %25 = rint(%24)                        # EncryptedTensor<float64, shape=(1, 128, 28, 28)>
        %26 = 0.0                              # ClearScalar<float32>
        %27 = subtract(%25, %26)               # EncryptedTensor<float64, shape=(1, 128, 28, 28)>
        %28 = 0.4469815                        # ClearScalar<float32>
        %29 = multiply(%27, %28)               # EncryptedTensor<float64, shape=(1, 128, 28, 28)>
        %30 = 0.4469814896583557               # ClearScalar<float64>
        %31 = divide(%29, %30)                 # EncryptedTensor<float64, shape=(1, 128, 28, 28)>
        %32 = 0                                # ClearScalar<uint1>
        %33 = add(%31, %32)                    # EncryptedTensor<float64, shape=(1, 128, 28, 28)>
        %34 = rint(%33)                        # EncryptedTensor<float64, shape=(1, 128, 28, 28)>
        %35 = astype(%34, dtype=int_)          # EncryptedTensor<uint1, shape=(1, 128, 28, 28)>
        return %35

    %143 = subgraph(%142):

         %0 = input                            # EncryptedTensor<uint1, shape=(1, 512, 28, 28)>          @ /trunk/trunk.9/C3/Conv.conv_rounding
         %1 = astype(%0, dtype=float64)        # EncryptedTensor<float64, shape=(1, 512, 28, 28)>
         %2 = 0                                # ClearScalar<uint1>
         %3 = add(%1, %2)                      # EncryptedTensor<float64, shape=(1, 512, 28, 28)>
         %4 = [[[[0]]  [ ... ]  [[0]]]]        # ClearTensor<uint1, shape=(1, 512, 1, 1)>
         %5 = subtract(%3, %4)                 # EncryptedTensor<float64, shape=(1, 512, 28, 28)>
         %6 = 0.017807711631345757             # ClearScalar<float64>
         %7 = multiply(%6, %5)                 # EncryptedTensor<float64, shape=(1, 512, 28, 28)>
         %8 = [[[[-1.576 ... 46e-02]]]]        # ClearTensor<float32, shape=(1, 512, 1, 1)>
         %9 = subtract(%7, %8)                 # EncryptedTensor<float64, shape=(1, 512, 28, 28)>
        %10 = [[[[0.5218 ... 18285 ]]]]        # ClearTensor<float32, shape=(1, 512, 1, 1)>
        %11 = divide(%9, %10)                  # EncryptedTensor<float64, shape=(1, 512, 28, 28)>
        %12 = [[[[0.9496 ... 29912 ]]]]        # ClearTensor<float32, shape=(1, 512, 1, 1)>
        %13 = multiply(%11, %12)               # EncryptedTensor<float64, shape=(1, 512, 28, 28)>
        %14 = [[[[-7.795 ... 35e-02]]]]        # ClearTensor<float32, shape=(1, 512, 1, 1)>
        %15 = add(%13, %14)                    # EncryptedTensor<float64, shape=(1, 512, 28, 28)>
        %16 = 0.9515901                        # ClearScalar<float32>
        %17 = divide(%15, %16)                 # EncryptedTensor<float64, shape=(1, 512, 28, 28)>
        %18 = 0.0                              # ClearScalar<float32>
        %19 = add(%17, %18)                    # EncryptedTensor<float64, shape=(1, 512, 28, 28)>
        %20 = -8.0                             # ClearScalar<float64>
        %21 = 7.0                              # ClearScalar<float64>
        %22 = clip(%19, %20, %21)              # EncryptedTensor<float64, shape=(1, 512, 28, 28)>
        %23 = rint(%22)                        # EncryptedTensor<float64, shape=(1, 512, 28, 28)>
        %24 = 0.0                              # ClearScalar<float32>
        %25 = subtract(%23, %24)               # EncryptedTensor<float64, shape=(1, 512, 28, 28)>
        %26 = 0.9515901                        # ClearScalar<float32>
        %27 = multiply(%25, %26)               # EncryptedTensor<float64, shape=(1, 512, 28, 28)>
        %28 = 0.9515901207923889               # ClearScalar<float64>
        %29 = divide(%27, %28)                 # EncryptedTensor<float64, shape=(1, 512, 28, 28)>
        %30 = 0                                # ClearScalar<uint1>
        %31 = add(%29, %30)                    # EncryptedTensor<float64, shape=(1, 512, 28, 28)>
        %32 = rint(%31)                        # EncryptedTensor<float64, shape=(1, 512, 28, 28)>
        %33 = astype(%32, dtype=int_)          # EncryptedTensor<uint1, shape=(1, 512, 28, 28)>
        return %33

    %144 = subgraph(%126):

         %0 = input                          # EncryptedTensor<uint2, shape=(1, 512, 28, 28)>
         %1 = 0.0                            # ClearScalar<float64>
         %2 = subtract(%0, %1)               # EncryptedTensor<float64, shape=(1, 512, 28, 28)>
         %3 = 0.6004551649093628             # ClearScalar<float64>
         %4 = multiply(%3, %2)               # EncryptedTensor<float64, shape=(1, 512, 28, 28)>
         %5 = 0                              # ClearScalar<uint1>
         %6 = maximum(%4, %5)                # EncryptedTensor<float64, shape=(1, 512, 28, 28)>
         %7 = 0.92992944                     # ClearScalar<float32>
         %8 = divide(%6, %7)                 # EncryptedTensor<float64, shape=(1, 512, 28, 28)>
         %9 = 0.0                            # ClearScalar<float32>
        %10 = add(%8, %9)                    # EncryptedTensor<float64, shape=(1, 512, 28, 28)>
        %11 = 0.0                            # ClearScalar<float64>
        %12 = 15.0                           # ClearScalar<float64>
        %13 = clip(%10, %11, %12)            # EncryptedTensor<float64, shape=(1, 512, 28, 28)>
        %14 = rint(%13)                      # EncryptedTensor<float64, shape=(1, 512, 28, 28)>
        %15 = 0.0                            # ClearScalar<float32>
        %16 = subtract(%14, %15)             # EncryptedTensor<float64, shape=(1, 512, 28, 28)>
        %17 = 0.92992944                     # ClearScalar<float32>
        %18 = multiply(%16, %17)             # EncryptedTensor<float64, shape=(1, 512, 28, 28)>
        %19 = 0.9299294352531433             # ClearScalar<float64>
        %20 = divide(%18, %19)               # EncryptedTensor<float64, shape=(1, 512, 28, 28)>
        %21 = 0                              # ClearScalar<uint1>
        %22 = add(%20, %21)                  # EncryptedTensor<float64, shape=(1, 512, 28, 28)>
        %23 = rint(%22)                      # EncryptedTensor<float64, shape=(1, 512, 28, 28)>
        %24 = astype(%23, dtype=int_)        # EncryptedTensor<uint1, shape=(1, 512, 28, 28)>
        return %24

    %145 = subgraph(%143):

         %0 = input                         # EncryptedTensor<uint1, shape=(1, 512, 28, 28)>
         %1 = 0.0                           # ClearScalar<float64>
         %2 = subtract(%0, %1)              # EncryptedTensor<float64, shape=(1, 512, 28, 28)>
         %3 = 0.9515901207923889            # ClearScalar<float64>
         %4 = multiply(%3, %2)              # EncryptedTensor<float64, shape=(1, 512, 28, 28)>
         %5 = 0.756930410861969             # ClearScalar<float64>
         %6 = divide(%4, %5)                # EncryptedTensor<float64, shape=(1, 512, 28, 28)>
         %7 = 0                             # ClearScalar<uint1>
         %8 = add(%6, %7)                   # EncryptedTensor<float64, shape=(1, 512, 28, 28)>
         %9 = rint(%8)                      # EncryptedTensor<float64, shape=(1, 512, 28, 28)>
        %10 = astype(%9, dtype=int_)        # EncryptedTensor<uint1, shape=(1, 512, 28, 28)>
        return %10

    %146 = subgraph(%144):

         %0 = input                         # EncryptedTensor<uint1, shape=(1, 512, 28, 28)>
         %1 = 0.0                           # ClearScalar<float64>
         %2 = subtract(%0, %1)              # EncryptedTensor<float64, shape=(1, 512, 28, 28)>
         %3 = 0.9299294352531433            # ClearScalar<float64>
         %4 = multiply(%3, %2)              # EncryptedTensor<float64, shape=(1, 512, 28, 28)>
         %5 = 0.756930410861969             # ClearScalar<float64>
         %6 = divide(%4, %5)                # EncryptedTensor<float64, shape=(1, 512, 28, 28)>
         %7 = 0                             # ClearScalar<uint1>
         %8 = add(%6, %7)                   # EncryptedTensor<float64, shape=(1, 512, 28, 28)>
         %9 = rint(%8)                      # EncryptedTensor<float64, shape=(1, 512, 28, 28)>
        %10 = astype(%9, dtype=int_)        # EncryptedTensor<uint1, shape=(1, 512, 28, 28)>
        return %10

    %150 = subgraph(%149):

         %0 = input                          # EncryptedTensor<uint2, shape=(1, 512, 28, 28)>
         %1 = 0.0                            # ClearScalar<float64>
         %2 = subtract(%0, %1)               # EncryptedTensor<float64, shape=(1, 512, 28, 28)>
         %3 = 0.756930410861969              # ClearScalar<float64>
         %4 = multiply(%3, %2)               # EncryptedTensor<float64, shape=(1, 512, 28, 28)>
         %5 = 0                              # ClearScalar<uint1>
         %6 = maximum(%4, %5)                # EncryptedTensor<float64, shape=(1, 512, 28, 28)>
         %7 = 1.1146734                      # ClearScalar<float32>
         %8 = divide(%6, %7)                 # EncryptedTensor<float64, shape=(1, 512, 28, 28)>
         %9 = 0.0                            # ClearScalar<float32>
        %10 = add(%8, %9)                    # EncryptedTensor<float64, shape=(1, 512, 28, 28)>
        %11 = 0.0                            # ClearScalar<float64>
        %12 = 15.0                           # ClearScalar<float64>
        %13 = clip(%10, %11, %12)            # EncryptedTensor<float64, shape=(1, 512, 28, 28)>
        %14 = rint(%13)                      # EncryptedTensor<float64, shape=(1, 512, 28, 28)>
        %15 = 0.0                            # ClearScalar<float32>
        %16 = subtract(%14, %15)             # EncryptedTensor<float64, shape=(1, 512, 28, 28)>
        %17 = 1.1146734                      # ClearScalar<float32>
        %18 = multiply(%16, %17)             # EncryptedTensor<float64, shape=(1, 512, 28, 28)>
        %19 = 1.114673376083374              # ClearScalar<float64>
        %20 = divide(%18, %19)               # EncryptedTensor<float64, shape=(1, 512, 28, 28)>
        %21 = 0                              # ClearScalar<uint1>
        %22 = add(%20, %21)                  # EncryptedTensor<float64, shape=(1, 512, 28, 28)>
        %23 = rint(%22)                      # EncryptedTensor<float64, shape=(1, 512, 28, 28)>
        %24 = astype(%23, dtype=int_)        # EncryptedTensor<uint1, shape=(1, 512, 28, 28)>
        return %24

    %154 = subgraph(%153):

         %0 = input                            # EncryptedTensor<uint1, shape=(1, 128, 28, 28)>          @ /trunk/trunk.10/C1/Conv.conv_rounding
         %1 = astype(%0, dtype=float64)        # EncryptedTensor<float64, shape=(1, 128, 28, 28)>
         %2 = 0                                # ClearScalar<uint1>
         %3 = add(%1, %2)                      # EncryptedTensor<float64, shape=(1, 128, 28, 28)>
         %4 = [[[[0]]  [ ... ]  [[0]]]]        # ClearTensor<uint1, shape=(1, 128, 1, 1)>
         %5 = subtract(%3, %4)                 # EncryptedTensor<float64, shape=(1, 128, 28, 28)>
         %6 = 0.0823253374672337               # ClearScalar<float64>
         %7 = multiply(%6, %5)                 # EncryptedTensor<float64, shape=(1, 128, 28, 28)>
         %8 = [[[[-1.910 ... 878354]]]]        # ClearTensor<float32, shape=(1, 128, 1, 1)>
         %9 = subtract(%7, %8)                 # EncryptedTensor<float64, shape=(1, 128, 28, 28)>
        %10 = [[[[5.5317 ... 14985 ]]]]        # ClearTensor<float32, shape=(1, 128, 1, 1)>
        %11 = divide(%9, %10)                  # EncryptedTensor<float64, shape=(1, 128, 28, 28)>
        %12 = [[[[0.9456 ... 080453]]]]        # ClearTensor<float32, shape=(1, 128, 1, 1)>
        %13 = multiply(%11, %12)               # EncryptedTensor<float64, shape=(1, 128, 28, 28)>
        %14 = [[[[ 0.001 ... 935288]]]]        # ClearTensor<float32, shape=(1, 128, 1, 1)>
        %15 = add(%13, %14)                    # EncryptedTensor<float64, shape=(1, 128, 28, 28)>
        %16 = 0                                # ClearScalar<uint1>
        %17 = maximum(%15, %16)                # EncryptedTensor<float64, shape=(1, 128, 28, 28)>
        %18 = 0.4133387                        # ClearScalar<float32>
        %19 = divide(%17, %18)                 # EncryptedTensor<float64, shape=(1, 128, 28, 28)>
        %20 = 0.0                              # ClearScalar<float32>
        %21 = add(%19, %20)                    # EncryptedTensor<float64, shape=(1, 128, 28, 28)>
        %22 = 0.0                              # ClearScalar<float64>
        %23 = 15.0                             # ClearScalar<float64>
        %24 = clip(%21, %22, %23)              # EncryptedTensor<float64, shape=(1, 128, 28, 28)>
        %25 = rint(%24)                        # EncryptedTensor<float64, shape=(1, 128, 28, 28)>
        %26 = 0.0                              # ClearScalar<float32>
        %27 = subtract(%25, %26)               # EncryptedTensor<float64, shape=(1, 128, 28, 28)>
        %28 = 0.4133387                        # ClearScalar<float32>
        %29 = multiply(%27, %28)               # EncryptedTensor<float64, shape=(1, 128, 28, 28)>
        %30 = 0.41333869099617004              # ClearScalar<float64>
        %31 = divide(%29, %30)                 # EncryptedTensor<float64, shape=(1, 128, 28, 28)>
        %32 = 0                                # ClearScalar<uint1>
        %33 = add(%31, %32)                    # EncryptedTensor<float64, shape=(1, 128, 28, 28)>
        %34 = rint(%33)                        # EncryptedTensor<float64, shape=(1, 128, 28, 28)>
        %35 = astype(%34, dtype=int_)          # EncryptedTensor<uint1, shape=(1, 128, 28, 28)>
        return %35

    %162 = subgraph(%161):

         %0 = input                            # EncryptedTensor<uint1, shape=(1, 128, 28, 28)>          @ /trunk/trunk.10/C2/Conv.conv_rounding
         %1 = astype(%0, dtype=float64)        # EncryptedTensor<float64, shape=(1, 128, 28, 28)>
         %2 = 0                                # ClearScalar<uint1>
         %3 = add(%1, %2)                      # EncryptedTensor<float64, shape=(1, 128, 28, 28)>
         %4 = [[[[0]]  [ ... ]  [[0]]]]        # ClearTensor<uint1, shape=(1, 128, 1, 1)>
         %5 = subtract(%3, %4)                 # EncryptedTensor<float64, shape=(1, 128, 28, 28)>
         %6 = 0.011281549459176421             # ClearScalar<float64>
         %7 = multiply(%6, %5)                 # EncryptedTensor<float64, shape=(1, 128, 28, 28)>
         %8 = [[[[ 1.679 ... 21e-01]]]]        # ClearTensor<float32, shape=(1, 128, 1, 1)>
         %9 = subtract(%7, %8)                 # EncryptedTensor<float64, shape=(1, 128, 28, 28)>
        %10 = [[[[1.4560 ... 32308 ]]]]        # ClearTensor<float32, shape=(1, 128, 1, 1)>
        %11 = divide(%9, %10)                  # EncryptedTensor<float64, shape=(1, 128, 28, 28)>
        %12 = [[[[0.9610 ... 69973 ]]]]        # ClearTensor<float32, shape=(1, 128, 1, 1)>
        %13 = multiply(%11, %12)               # EncryptedTensor<float64, shape=(1, 128, 28, 28)>
        %14 = [[[[-0.001 ... 973703]]]]        # ClearTensor<float32, shape=(1, 128, 1, 1)>
        %15 = add(%13, %14)                    # EncryptedTensor<float64, shape=(1, 128, 28, 28)>
        %16 = 0                                # ClearScalar<uint1>
        %17 = maximum(%15, %16)                # EncryptedTensor<float64, shape=(1, 128, 28, 28)>
        %18 = 0.44755733                       # ClearScalar<float32>
        %19 = divide(%17, %18)                 # EncryptedTensor<float64, shape=(1, 128, 28, 28)>
        %20 = 0.0                              # ClearScalar<float32>
        %21 = add(%19, %20)                    # EncryptedTensor<float64, shape=(1, 128, 28, 28)>
        %22 = 0.0                              # ClearScalar<float64>
        %23 = 15.0                             # ClearScalar<float64>
        %24 = clip(%21, %22, %23)              # EncryptedTensor<float64, shape=(1, 128, 28, 28)>
        %25 = rint(%24)                        # EncryptedTensor<float64, shape=(1, 128, 28, 28)>
        %26 = 0.0                              # ClearScalar<float32>
        %27 = subtract(%25, %26)               # EncryptedTensor<float64, shape=(1, 128, 28, 28)>
        %28 = 0.44755733                       # ClearScalar<float32>
        %29 = multiply(%27, %28)               # EncryptedTensor<float64, shape=(1, 128, 28, 28)>
        %30 = 0.44755733013153076              # ClearScalar<float64>
        %31 = divide(%29, %30)                 # EncryptedTensor<float64, shape=(1, 128, 28, 28)>
        %32 = 0                                # ClearScalar<uint1>
        %33 = add(%31, %32)                    # EncryptedTensor<float64, shape=(1, 128, 28, 28)>
        %34 = rint(%33)                        # EncryptedTensor<float64, shape=(1, 128, 28, 28)>
        %35 = astype(%34, dtype=int_)          # EncryptedTensor<uint1, shape=(1, 128, 28, 28)>
        return %35

    %166 = subgraph(%165):

         %0 = input                            # EncryptedTensor<uint1, shape=(1, 512, 28, 28)>          @ /trunk/trunk.10/C3/Conv.conv_rounding
         %1 = astype(%0, dtype=float64)        # EncryptedTensor<float64, shape=(1, 512, 28, 28)>
         %2 = 0                                # ClearScalar<uint1>
         %3 = add(%1, %2)                      # EncryptedTensor<float64, shape=(1, 512, 28, 28)>
         %4 = [[[[0]]  [ ... ]  [[0]]]]        # ClearTensor<uint1, shape=(1, 512, 1, 1)>
         %5 = subtract(%3, %4)                 # EncryptedTensor<float64, shape=(1, 512, 28, 28)>
         %6 = 0.01640892090234436              # ClearScalar<float64>
         %7 = multiply(%6, %5)                 # EncryptedTensor<float64, shape=(1, 512, 28, 28)>
         %8 = [[[[-4.027 ... 01e-01]]]]        # ClearTensor<float32, shape=(1, 512, 1, 1)>
         %9 = subtract(%7, %8)                 # EncryptedTensor<float64, shape=(1, 512, 28, 28)>
        %10 = [[[[0.4848 ... 342834]]]]        # ClearTensor<float32, shape=(1, 512, 1, 1)>
        %11 = divide(%9, %10)                  # EncryptedTensor<float64, shape=(1, 512, 28, 28)>
        %12 = [[[[0.9518 ... 127893]]]]        # ClearTensor<float32, shape=(1, 512, 1, 1)>
        %13 = multiply(%11, %12)               # EncryptedTensor<float64, shape=(1, 512, 28, 28)>
        %14 = [[[[-4.166 ... 16e-02]]]]        # ClearTensor<float32, shape=(1, 512, 1, 1)>
        %15 = add(%13, %14)                    # EncryptedTensor<float64, shape=(1, 512, 28, 28)>
        %16 = 0.9194087                        # ClearScalar<float32>
        %17 = divide(%15, %16)                 # EncryptedTensor<float64, shape=(1, 512, 28, 28)>
        %18 = 0.0                              # ClearScalar<float32>
        %19 = add(%17, %18)                    # EncryptedTensor<float64, shape=(1, 512, 28, 28)>
        %20 = -8.0                             # ClearScalar<float64>
        %21 = 7.0                              # ClearScalar<float64>
        %22 = clip(%19, %20, %21)              # EncryptedTensor<float64, shape=(1, 512, 28, 28)>
        %23 = rint(%22)                        # EncryptedTensor<float64, shape=(1, 512, 28, 28)>
        %24 = 0.0                              # ClearScalar<float32>
        %25 = subtract(%23, %24)               # EncryptedTensor<float64, shape=(1, 512, 28, 28)>
        %26 = 0.9194087                        # ClearScalar<float32>
        %27 = multiply(%25, %26)               # EncryptedTensor<float64, shape=(1, 512, 28, 28)>
        %28 = 0.9194086790084839               # ClearScalar<float64>
        %29 = divide(%27, %28)                 # EncryptedTensor<float64, shape=(1, 512, 28, 28)>
        %30 = 0                                # ClearScalar<uint1>
        %31 = add(%29, %30)                    # EncryptedTensor<float64, shape=(1, 512, 28, 28)>
        %32 = rint(%31)                        # EncryptedTensor<float64, shape=(1, 512, 28, 28)>
        %33 = astype(%32, dtype=int_)          # EncryptedTensor<uint1, shape=(1, 512, 28, 28)>
        return %33

    %167 = subgraph(%149):

         %0 = input                          # EncryptedTensor<uint2, shape=(1, 512, 28, 28)>
         %1 = 0.0                            # ClearScalar<float64>
         %2 = subtract(%0, %1)               # EncryptedTensor<float64, shape=(1, 512, 28, 28)>
         %3 = 0.756930410861969              # ClearScalar<float64>
         %4 = multiply(%3, %2)               # EncryptedTensor<float64, shape=(1, 512, 28, 28)>
         %5 = 0                              # ClearScalar<uint1>
         %6 = maximum(%4, %5)                # EncryptedTensor<float64, shape=(1, 512, 28, 28)>
         %7 = 1.1146734                      # ClearScalar<float32>
         %8 = divide(%6, %7)                 # EncryptedTensor<float64, shape=(1, 512, 28, 28)>
         %9 = 0.0                            # ClearScalar<float32>
        %10 = add(%8, %9)                    # EncryptedTensor<float64, shape=(1, 512, 28, 28)>
        %11 = 0.0                            # ClearScalar<float64>
        %12 = 15.0                           # ClearScalar<float64>
        %13 = clip(%10, %11, %12)            # EncryptedTensor<float64, shape=(1, 512, 28, 28)>
        %14 = rint(%13)                      # EncryptedTensor<float64, shape=(1, 512, 28, 28)>
        %15 = 0.0                            # ClearScalar<float32>
        %16 = subtract(%14, %15)             # EncryptedTensor<float64, shape=(1, 512, 28, 28)>
        %17 = 1.1146734                      # ClearScalar<float32>
        %18 = multiply(%16, %17)             # EncryptedTensor<float64, shape=(1, 512, 28, 28)>
        %19 = 1.114673376083374              # ClearScalar<float64>
        %20 = divide(%18, %19)               # EncryptedTensor<float64, shape=(1, 512, 28, 28)>
        %21 = 0                              # ClearScalar<uint1>
        %22 = add(%20, %21)                  # EncryptedTensor<float64, shape=(1, 512, 28, 28)>
        %23 = rint(%22)                      # EncryptedTensor<float64, shape=(1, 512, 28, 28)>
        %24 = astype(%23, dtype=int_)        # EncryptedTensor<uint1, shape=(1, 512, 28, 28)>
        return %24

    %168 = subgraph(%166):

         %0 = input                         # EncryptedTensor<uint1, shape=(1, 512, 28, 28)>
         %1 = 0.0                           # ClearScalar<float64>
         %2 = subtract(%0, %1)              # EncryptedTensor<float64, shape=(1, 512, 28, 28)>
         %3 = 0.9194086790084839            # ClearScalar<float64>
         %4 = multiply(%3, %2)              # EncryptedTensor<float64, shape=(1, 512, 28, 28)>
         %5 = 0.835941530043079             # ClearScalar<float64>
         %6 = divide(%4, %5)                # EncryptedTensor<float64, shape=(1, 512, 28, 28)>
         %7 = 0                             # ClearScalar<uint1>
         %8 = add(%6, %7)                   # EncryptedTensor<float64, shape=(1, 512, 28, 28)>
         %9 = rint(%8)                      # EncryptedTensor<float64, shape=(1, 512, 28, 28)>
        %10 = astype(%9, dtype=int_)        # EncryptedTensor<uint1, shape=(1, 512, 28, 28)>
        return %10

    %169 = subgraph(%167):

         %0 = input                         # EncryptedTensor<uint1, shape=(1, 512, 28, 28)>
         %1 = 0.0                           # ClearScalar<float64>
         %2 = subtract(%0, %1)              # EncryptedTensor<float64, shape=(1, 512, 28, 28)>
         %3 = 1.114673376083374             # ClearScalar<float64>
         %4 = multiply(%3, %2)              # EncryptedTensor<float64, shape=(1, 512, 28, 28)>
         %5 = 0.835941530043079             # ClearScalar<float64>
         %6 = divide(%4, %5)                # EncryptedTensor<float64, shape=(1, 512, 28, 28)>
         %7 = 0                             # ClearScalar<uint1>
         %8 = add(%6, %7)                   # EncryptedTensor<float64, shape=(1, 512, 28, 28)>
         %9 = rint(%8)                      # EncryptedTensor<float64, shape=(1, 512, 28, 28)>
        %10 = astype(%9, dtype=int_)        # EncryptedTensor<uint1, shape=(1, 512, 28, 28)>
        return %10

    %173 = subgraph(%172):

         %0 = input                          # EncryptedTensor<uint2, shape=(1, 512, 28, 28)>
         %1 = 0.0                            # ClearScalar<float64>
         %2 = subtract(%0, %1)               # EncryptedTensor<float64, shape=(1, 512, 28, 28)>
         %3 = 0.835941530043079              # ClearScalar<float64>
         %4 = multiply(%3, %2)               # EncryptedTensor<float64, shape=(1, 512, 28, 28)>
         %5 = 0                              # ClearScalar<uint1>
         %6 = maximum(%4, %5)                # EncryptedTensor<float64, shape=(1, 512, 28, 28)>
         %7 = 1.2442391                      # ClearScalar<float32>
         %8 = divide(%6, %7)                 # EncryptedTensor<float64, shape=(1, 512, 28, 28)>
         %9 = 0.0                            # ClearScalar<float32>
        %10 = add(%8, %9)                    # EncryptedTensor<float64, shape=(1, 512, 28, 28)>
        %11 = 0.0                            # ClearScalar<float64>
        %12 = 15.0                           # ClearScalar<float64>
        %13 = clip(%10, %11, %12)            # EncryptedTensor<float64, shape=(1, 512, 28, 28)>
        %14 = rint(%13)                      # EncryptedTensor<float64, shape=(1, 512, 28, 28)>
        %15 = 0.0                            # ClearScalar<float32>
        %16 = subtract(%14, %15)             # EncryptedTensor<float64, shape=(1, 512, 28, 28)>
        %17 = 1.2442391                      # ClearScalar<float32>
        %18 = multiply(%16, %17)             # EncryptedTensor<float64, shape=(1, 512, 28, 28)>
        %19 = 1.244239091873169              # ClearScalar<float64>
        %20 = divide(%18, %19)               # EncryptedTensor<float64, shape=(1, 512, 28, 28)>
        %21 = 0                              # ClearScalar<uint1>
        %22 = add(%20, %21)                  # EncryptedTensor<float64, shape=(1, 512, 28, 28)>
        %23 = rint(%22)                      # EncryptedTensor<float64, shape=(1, 512, 28, 28)>
        %24 = astype(%23, dtype=int_)        # EncryptedTensor<uint1, shape=(1, 512, 28, 28)>
        return %24

    %177 = subgraph(%176):

         %0 = input                            # EncryptedTensor<uint1, shape=(1, 256, 28, 28)>          @ /trunk/trunk.11/C1/Conv.conv_rounding
         %1 = astype(%0, dtype=float64)        # EncryptedTensor<float64, shape=(1, 256, 28, 28)>
         %2 = 0                                # ClearScalar<uint1>
         %3 = add(%1, %2)                      # EncryptedTensor<float64, shape=(1, 256, 28, 28)>
         %4 = [[[[0]]  [ ... ]  [[0]]]]        # ClearTensor<uint1, shape=(1, 256, 1, 1)>
         %5 = subtract(%3, %4)                 # EncryptedTensor<float64, shape=(1, 256, 28, 28)>
         %6 = 0.07035699725515165              # ClearScalar<float64>
         %7 = multiply(%6, %5)                 # EncryptedTensor<float64, shape=(1, 256, 28, 28)>
         %8 = [[[[ 1.150 ... 11e+00]]]]        # ClearTensor<float32, shape=(1, 256, 1, 1)>
         %9 = subtract(%7, %8)                 # EncryptedTensor<float64, shape=(1, 256, 28, 28)>
        %10 = [[[[3.1121 ... 675484]]]]        # ClearTensor<float32, shape=(1, 256, 1, 1)>
        %11 = divide(%9, %10)                  # EncryptedTensor<float64, shape=(1, 256, 28, 28)>
        %12 = [[[[0.9032 ... 08973 ]]]]        # ClearTensor<float32, shape=(1, 256, 1, 1)>
        %13 = multiply(%11, %12)               # EncryptedTensor<float64, shape=(1, 256, 28, 28)>
        %14 = [[[[ 4.467 ... 32e-02]]]]        # ClearTensor<float32, shape=(1, 256, 1, 1)>
        %15 = add(%13, %14)                    # EncryptedTensor<float64, shape=(1, 256, 28, 28)>
        %16 = 0                                # ClearScalar<uint1>
        %17 = maximum(%15, %16)                # EncryptedTensor<float64, shape=(1, 256, 28, 28)>
        %18 = 0.42316157                       # ClearScalar<float32>
        %19 = divide(%17, %18)                 # EncryptedTensor<float64, shape=(1, 256, 28, 28)>
        %20 = 0.0                              # ClearScalar<float32>
        %21 = add(%19, %20)                    # EncryptedTensor<float64, shape=(1, 256, 28, 28)>
        %22 = 0.0                              # ClearScalar<float64>
        %23 = 15.0                             # ClearScalar<float64>
        %24 = clip(%21, %22, %23)              # EncryptedTensor<float64, shape=(1, 256, 28, 28)>
        %25 = rint(%24)                        # EncryptedTensor<float64, shape=(1, 256, 28, 28)>
        %26 = 0.0                              # ClearScalar<float32>
        %27 = subtract(%25, %26)               # EncryptedTensor<float64, shape=(1, 256, 28, 28)>
        %28 = 0.42316157                       # ClearScalar<float32>
        %29 = multiply(%27, %28)               # EncryptedTensor<float64, shape=(1, 256, 28, 28)>
        %30 = 0.4231615662574768               # ClearScalar<float64>
        %31 = divide(%29, %30)                 # EncryptedTensor<float64, shape=(1, 256, 28, 28)>
        %32 = 0                                # ClearScalar<uint1>
        %33 = add(%31, %32)                    # EncryptedTensor<float64, shape=(1, 256, 28, 28)>
        %34 = rint(%33)                        # EncryptedTensor<float64, shape=(1, 256, 28, 28)>
        %35 = astype(%34, dtype=int_)          # EncryptedTensor<uint1, shape=(1, 256, 28, 28)>
        return %35

    %185 = subgraph(%184):

         %0 = input                            # EncryptedTensor<uint1, shape=(1, 256, 14, 14)>          @ /trunk/trunk.11/C2/Conv.conv_rounding
         %1 = astype(%0, dtype=float64)        # EncryptedTensor<float64, shape=(1, 256, 14, 14)>
         %2 = 0                                # ClearScalar<uint1>
         %3 = add(%1, %2)                      # EncryptedTensor<float64, shape=(1, 256, 14, 14)>
         %4 = [[[[0]]  [ ... ]  [[0]]]]        # ClearTensor<uint1, shape=(1, 256, 1, 1)>
         %5 = subtract(%3, %4)                 # EncryptedTensor<float64, shape=(1, 256, 14, 14)>
         %6 = 0.007807053982038625             # ClearScalar<float64>
         %7 = multiply(%6, %5)                 # EncryptedTensor<float64, shape=(1, 256, 14, 14)>
         %8 = [[[[-2.006 ... 30e-03]]]]        # ClearTensor<float32, shape=(1, 256, 1, 1)>
         %9 = subtract(%7, %8)                 # EncryptedTensor<float64, shape=(1, 256, 14, 14)>
        %10 = [[[[1.6450 ... 939136]]]]        # ClearTensor<float32, shape=(1, 256, 1, 1)>
        %11 = divide(%9, %10)                  # EncryptedTensor<float64, shape=(1, 256, 14, 14)>
        %12 = [[[[0.8861 ... 624685]]]]        # ClearTensor<float32, shape=(1, 256, 1, 1)>
        %13 = multiply(%11, %12)               # EncryptedTensor<float64, shape=(1, 256, 14, 14)>
        %14 = [[[[-7.863 ... 28e-02]]]]        # ClearTensor<float32, shape=(1, 256, 1, 1)>
        %15 = add(%13, %14)                    # EncryptedTensor<float64, shape=(1, 256, 14, 14)>
        %16 = 0                                # ClearScalar<uint1>
        %17 = maximum(%15, %16)                # EncryptedTensor<float64, shape=(1, 256, 14, 14)>
        %18 = 0.47377127                       # ClearScalar<float32>
        %19 = divide(%17, %18)                 # EncryptedTensor<float64, shape=(1, 256, 14, 14)>
        %20 = 0.0                              # ClearScalar<float32>
        %21 = add(%19, %20)                    # EncryptedTensor<float64, shape=(1, 256, 14, 14)>
        %22 = 0.0                              # ClearScalar<float64>
        %23 = 15.0                             # ClearScalar<float64>
        %24 = clip(%21, %22, %23)              # EncryptedTensor<float64, shape=(1, 256, 14, 14)>
        %25 = rint(%24)                        # EncryptedTensor<float64, shape=(1, 256, 14, 14)>
        %26 = 0.0                              # ClearScalar<float32>
        %27 = subtract(%25, %26)               # EncryptedTensor<float64, shape=(1, 256, 14, 14)>
        %28 = 0.47377127                       # ClearScalar<float32>
        %29 = multiply(%27, %28)               # EncryptedTensor<float64, shape=(1, 256, 14, 14)>
        %30 = 0.47377127408981323              # ClearScalar<float64>
        %31 = divide(%29, %30)                 # EncryptedTensor<float64, shape=(1, 256, 14, 14)>
        %32 = 0                                # ClearScalar<uint1>
        %33 = add(%31, %32)                    # EncryptedTensor<float64, shape=(1, 256, 14, 14)>
        %34 = rint(%33)                        # EncryptedTensor<float64, shape=(1, 256, 14, 14)>
        %35 = astype(%34, dtype=int_)          # EncryptedTensor<uint1, shape=(1, 256, 14, 14)>
        return %35

    %189 = subgraph(%172):

         %0 = input                          # EncryptedTensor<uint2, shape=(1, 512, 28, 28)>
         %1 = 0.0                            # ClearScalar<float64>
         %2 = subtract(%0, %1)               # EncryptedTensor<float64, shape=(1, 512, 28, 28)>
         %3 = 0.835941530043079              # ClearScalar<float64>
         %4 = multiply(%3, %2)               # EncryptedTensor<float64, shape=(1, 512, 28, 28)>
         %5 = 0                              # ClearScalar<uint1>
         %6 = maximum(%4, %5)                # EncryptedTensor<float64, shape=(1, 512, 28, 28)>
         %7 = 1.2442391                      # ClearScalar<float32>
         %8 = divide(%6, %7)                 # EncryptedTensor<float64, shape=(1, 512, 28, 28)>
         %9 = 0.0                            # ClearScalar<float32>
        %10 = add(%8, %9)                    # EncryptedTensor<float64, shape=(1, 512, 28, 28)>
        %11 = 0.0                            # ClearScalar<float64>
        %12 = 15.0                           # ClearScalar<float64>
        %13 = clip(%10, %11, %12)            # EncryptedTensor<float64, shape=(1, 512, 28, 28)>
        %14 = rint(%13)                      # EncryptedTensor<float64, shape=(1, 512, 28, 28)>
        %15 = 0.0                            # ClearScalar<float32>
        %16 = subtract(%14, %15)             # EncryptedTensor<float64, shape=(1, 512, 28, 28)>
        %17 = 1.2442391                      # ClearScalar<float32>
        %18 = multiply(%16, %17)             # EncryptedTensor<float64, shape=(1, 512, 28, 28)>
        %19 = 1.244239091873169              # ClearScalar<float64>
        %20 = divide(%18, %19)               # EncryptedTensor<float64, shape=(1, 512, 28, 28)>
        %21 = 0                              # ClearScalar<uint1>
        %22 = add(%20, %21)                  # EncryptedTensor<float64, shape=(1, 512, 28, 28)>
        %23 = rint(%22)                      # EncryptedTensor<float64, shape=(1, 512, 28, 28)>
        %24 = astype(%23, dtype=int_)        # EncryptedTensor<uint1, shape=(1, 512, 28, 28)>
        return %24

    %193 = subgraph(%188):

         %0 = input                            # EncryptedTensor<uint1, shape=(1, 1024, 14, 14)>          @ /trunk/trunk.11/C3/Conv.conv_rounding
         %1 = astype(%0, dtype=float64)        # EncryptedTensor<float64, shape=(1, 1024, 14, 14)>
         %2 = 0                                # ClearScalar<uint1>
         %3 = add(%1, %2)                      # EncryptedTensor<float64, shape=(1, 1024, 14, 14)>
         %4 = [[[[0]]  [ ... ]  [[0]]]]        # ClearTensor<uint1, shape=(1, 1024, 1, 1)>
         %5 = subtract(%3, %4)                 # EncryptedTensor<float64, shape=(1, 1024, 14, 14)>
         %6 = 0.01401640407123017              # ClearScalar<float64>
         %7 = multiply(%6, %5)                 # EncryptedTensor<float64, shape=(1, 1024, 14, 14)>
         %8 = [[[[-0.791 ... 262242]]]]        # ClearTensor<float32, shape=(1, 1024, 1, 1)>
         %9 = subtract(%7, %8)                 # EncryptedTensor<float64, shape=(1, 1024, 14, 14)>
        %10 = [[[[0.8057 ... 503027]]]]        # ClearTensor<float32, shape=(1, 1024, 1, 1)>
        %11 = divide(%9, %10)                  # EncryptedTensor<float64, shape=(1, 1024, 14, 14)>
        %12 = [[[[0.8497 ... 8399  ]]]]        # ClearTensor<float32, shape=(1, 1024, 1, 1)>
        %13 = multiply(%11, %12)               # EncryptedTensor<float64, shape=(1, 1024, 14, 14)>
        %14 = [[[[ 0.019 ... 173742]]]]        # ClearTensor<float32, shape=(1, 1024, 1, 1)>
        %15 = add(%13, %14)                    # EncryptedTensor<float64, shape=(1, 1024, 14, 14)>
        %16 = 0.99541444                       # ClearScalar<float32>
        %17 = divide(%15, %16)                 # EncryptedTensor<float64, shape=(1, 1024, 14, 14)>
        %18 = 0.0                              # ClearScalar<float32>
        %19 = add(%17, %18)                    # EncryptedTensor<float64, shape=(1, 1024, 14, 14)>
        %20 = -8.0                             # ClearScalar<float64>
        %21 = 7.0                              # ClearScalar<float64>
        %22 = clip(%19, %20, %21)              # EncryptedTensor<float64, shape=(1, 1024, 14, 14)>
        %23 = rint(%22)                        # EncryptedTensor<float64, shape=(1, 1024, 14, 14)>
        %24 = 0.0                              # ClearScalar<float32>
        %25 = subtract(%23, %24)               # EncryptedTensor<float64, shape=(1, 1024, 14, 14)>
        %26 = 0.99541444                       # ClearScalar<float32>
        %27 = multiply(%25, %26)               # EncryptedTensor<float64, shape=(1, 1024, 14, 14)>
        %28 = 0.9954144358634949               # ClearScalar<float64>
        %29 = divide(%27, %28)                 # EncryptedTensor<float64, shape=(1, 1024, 14, 14)>
        %30 = 0                                # ClearScalar<uint1>
        %31 = add(%29, %30)                    # EncryptedTensor<float64, shape=(1, 1024, 14, 14)>
        %32 = rint(%31)                        # EncryptedTensor<float64, shape=(1, 1024, 14, 14)>
        %33 = astype(%32, dtype=int_)          # EncryptedTensor<uint1, shape=(1, 1024, 14, 14)>
        return %33

    %194 = subgraph(%192):

         %0 = input                            # EncryptedTensor<uint1, shape=(1, 1024, 14, 14)>          @ /trunk/trunk.11/shortcut/Conv.conv_rounding
         %1 = astype(%0, dtype=float64)        # EncryptedTensor<float64, shape=(1, 1024, 14, 14)>
         %2 = 0                                # ClearScalar<uint1>
         %3 = add(%1, %2)                      # EncryptedTensor<float64, shape=(1, 1024, 14, 14)>
         %4 = [[[[0]]  [ ... ]  [[0]]]]        # ClearTensor<uint1, shape=(1, 1024, 1, 1)>
         %5 = subtract(%3, %4)                 # EncryptedTensor<float64, shape=(1, 1024, 14, 14)>
         %6 = 0.03552227856760748              # ClearScalar<float64>
         %7 = multiply(%6, %5)                 # EncryptedTensor<float64, shape=(1, 1024, 14, 14)>
         %8 = [[[[ 0.926 ... 60311 ]]]]        # ClearTensor<float32, shape=(1, 1024, 1, 1)>
         %9 = subtract(%7, %8)                 # EncryptedTensor<float64, shape=(1, 1024, 14, 14)>
        %10 = [[[[2.9020 ... 193195]]]]        # ClearTensor<float32, shape=(1, 1024, 1, 1)>
        %11 = divide(%9, %10)                  # EncryptedTensor<float64, shape=(1, 1024, 14, 14)>
        %12 = [[[[0.9455 ... 8518  ]]]]        # ClearTensor<float32, shape=(1, 1024, 1, 1)>
        %13 = multiply(%11, %12)               # EncryptedTensor<float64, shape=(1, 1024, 14, 14)>
        %14 = [[[[ 0.019 ... 200806]]]]        # ClearTensor<float32, shape=(1, 1024, 1, 1)>
        %15 = add(%13, %14)                    # EncryptedTensor<float64, shape=(1, 1024, 14, 14)>
        %16 = 0.8297937                        # ClearScalar<float32>
        %17 = divide(%15, %16)                 # EncryptedTensor<float64, shape=(1, 1024, 14, 14)>
        %18 = 0.0                              # ClearScalar<float32>
        %19 = add(%17, %18)                    # EncryptedTensor<float64, shape=(1, 1024, 14, 14)>
        %20 = -8.0                             # ClearScalar<float64>
        %21 = 7.0                              # ClearScalar<float64>
        %22 = clip(%19, %20, %21)              # EncryptedTensor<float64, shape=(1, 1024, 14, 14)>
        %23 = rint(%22)                        # EncryptedTensor<float64, shape=(1, 1024, 14, 14)>
        %24 = 0.0                              # ClearScalar<float32>
        %25 = subtract(%23, %24)               # EncryptedTensor<float64, shape=(1, 1024, 14, 14)>
        %26 = 0.8297937                        # ClearScalar<float32>
        %27 = multiply(%25, %26)               # EncryptedTensor<float64, shape=(1, 1024, 14, 14)>
        %28 = 0.8297936916351318               # ClearScalar<float64>
        %29 = divide(%27, %28)                 # EncryptedTensor<float64, shape=(1, 1024, 14, 14)>
        %30 = 0                                # ClearScalar<uint1>
        %31 = add(%29, %30)                    # EncryptedTensor<float64, shape=(1, 1024, 14, 14)>
        %32 = rint(%31)                        # EncryptedTensor<float64, shape=(1, 1024, 14, 14)>
        %33 = astype(%32, dtype=int_)          # EncryptedTensor<uint1, shape=(1, 1024, 14, 14)>
        return %33

    %195 = subgraph(%193):

         %0 = input                         # EncryptedTensor<uint1, shape=(1, 1024, 14, 14)>
         %1 = 0.0                           # ClearScalar<float64>
         %2 = subtract(%0, %1)              # EncryptedTensor<float64, shape=(1, 1024, 14, 14)>
         %3 = 0.9954144358634949            # ClearScalar<float64>
         %4 = multiply(%3, %2)              # EncryptedTensor<float64, shape=(1, 1024, 14, 14)>
         %5 = 0.5887768153221377            # ClearScalar<float64>
         %6 = divide(%4, %5)                # EncryptedTensor<float64, shape=(1, 1024, 14, 14)>
         %7 = 0                             # ClearScalar<uint1>
         %8 = add(%6, %7)                   # EncryptedTensor<float64, shape=(1, 1024, 14, 14)>
         %9 = rint(%8)                      # EncryptedTensor<float64, shape=(1, 1024, 14, 14)>
        %10 = astype(%9, dtype=int_)        # EncryptedTensor<uint1, shape=(1, 1024, 14, 14)>
        return %10

    %196 = subgraph(%194):

         %0 = input                         # EncryptedTensor<uint1, shape=(1, 1024, 14, 14)>
         %1 = 0.0                           # ClearScalar<float64>
         %2 = subtract(%0, %1)              # EncryptedTensor<float64, shape=(1, 1024, 14, 14)>
         %3 = 0.8297936916351318            # ClearScalar<float64>
         %4 = multiply(%3, %2)              # EncryptedTensor<float64, shape=(1, 1024, 14, 14)>
         %5 = 0.5887768153221377            # ClearScalar<float64>
         %6 = divide(%4, %5)                # EncryptedTensor<float64, shape=(1, 1024, 14, 14)>
         %7 = 0                             # ClearScalar<uint1>
         %8 = add(%6, %7)                   # EncryptedTensor<float64, shape=(1, 1024, 14, 14)>
         %9 = rint(%8)                      # EncryptedTensor<float64, shape=(1, 1024, 14, 14)>
        %10 = astype(%9, dtype=int_)        # EncryptedTensor<uint1, shape=(1, 1024, 14, 14)>
        return %10

    %200 = subgraph(%199):

         %0 = input                          # EncryptedTensor<uint2, shape=(1, 1024, 14, 14)>
         %1 = 0.0                            # ClearScalar<float64>
         %2 = subtract(%0, %1)               # EncryptedTensor<float64, shape=(1, 1024, 14, 14)>
         %3 = 0.5887768153221377             # ClearScalar<float64>
         %4 = multiply(%3, %2)               # EncryptedTensor<float64, shape=(1, 1024, 14, 14)>
         %5 = 0                              # ClearScalar<uint1>
         %6 = maximum(%4, %5)                # EncryptedTensor<float64, shape=(1, 1024, 14, 14)>
         %7 = 0.7911163                      # ClearScalar<float32>
         %8 = divide(%6, %7)                 # EncryptedTensor<float64, shape=(1, 1024, 14, 14)>
         %9 = 0.0                            # ClearScalar<float32>
        %10 = add(%8, %9)                    # EncryptedTensor<float64, shape=(1, 1024, 14, 14)>
        %11 = 0.0                            # ClearScalar<float64>
        %12 = 15.0                           # ClearScalar<float64>
        %13 = clip(%10, %11, %12)            # EncryptedTensor<float64, shape=(1, 1024, 14, 14)>
        %14 = rint(%13)                      # EncryptedTensor<float64, shape=(1, 1024, 14, 14)>
        %15 = 0.0                            # ClearScalar<float32>
        %16 = subtract(%14, %15)             # EncryptedTensor<float64, shape=(1, 1024, 14, 14)>
        %17 = 0.7911163                      # ClearScalar<float32>
        %18 = multiply(%16, %17)             # EncryptedTensor<float64, shape=(1, 1024, 14, 14)>
        %19 = 0.7911162972450256             # ClearScalar<float64>
        %20 = divide(%18, %19)               # EncryptedTensor<float64, shape=(1, 1024, 14, 14)>
        %21 = 0                              # ClearScalar<uint1>
        %22 = add(%20, %21)                  # EncryptedTensor<float64, shape=(1, 1024, 14, 14)>
        %23 = rint(%22)                      # EncryptedTensor<float64, shape=(1, 1024, 14, 14)>
        %24 = astype(%23, dtype=int_)        # EncryptedTensor<uint1, shape=(1, 1024, 14, 14)>
        return %24

    %204 = subgraph(%203):

         %0 = input                            # EncryptedTensor<uint1, shape=(1, 256, 14, 14)>          @ /trunk/trunk.12/C1/Conv.conv_rounding
         %1 = astype(%0, dtype=float64)        # EncryptedTensor<float64, shape=(1, 256, 14, 14)>
         %2 = 0                                # ClearScalar<uint1>
         %3 = add(%1, %2)                      # EncryptedTensor<float64, shape=(1, 256, 14, 14)>
         %4 = [[[[0]]  [ ... ]  [[0]]]]        # ClearTensor<uint1, shape=(1, 256, 1, 1)>
         %5 = subtract(%3, %4)                 # EncryptedTensor<float64, shape=(1, 256, 14, 14)>
         %6 = 0.04323009769756814              # ClearScalar<float64>
         %7 = multiply(%6, %5)                 # EncryptedTensor<float64, shape=(1, 256, 14, 14)>
         %8 = [[[[ 2.497 ... 49e+00]]]]        # ClearTensor<float32, shape=(1, 256, 1, 1)>
         %9 = subtract(%7, %8)                 # EncryptedTensor<float64, shape=(1, 256, 14, 14)>
        %10 = [[[[3.4108 ... 186428]]]]        # ClearTensor<float32, shape=(1, 256, 1, 1)>
        %11 = divide(%9, %10)                  # EncryptedTensor<float64, shape=(1, 256, 14, 14)>
        %12 = [[[[0.9028 ... 377367]]]]        # ClearTensor<float32, shape=(1, 256, 1, 1)>
        %13 = multiply(%11, %12)               # EncryptedTensor<float64, shape=(1, 256, 14, 14)>
        %14 = [[[[ 0.031 ... 074784]]]]        # ClearTensor<float32, shape=(1, 256, 1, 1)>
        %15 = add(%13, %14)                    # EncryptedTensor<float64, shape=(1, 256, 14, 14)>
        %16 = 0                                # ClearScalar<uint1>
        %17 = maximum(%15, %16)                # EncryptedTensor<float64, shape=(1, 256, 14, 14)>
        %18 = 0.5059603                        # ClearScalar<float32>
        %19 = divide(%17, %18)                 # EncryptedTensor<float64, shape=(1, 256, 14, 14)>
        %20 = 0.0                              # ClearScalar<float32>
        %21 = add(%19, %20)                    # EncryptedTensor<float64, shape=(1, 256, 14, 14)>
        %22 = 0.0                              # ClearScalar<float64>
        %23 = 15.0                             # ClearScalar<float64>
        %24 = clip(%21, %22, %23)              # EncryptedTensor<float64, shape=(1, 256, 14, 14)>
        %25 = rint(%24)                        # EncryptedTensor<float64, shape=(1, 256, 14, 14)>
        %26 = 0.0                              # ClearScalar<float32>
        %27 = subtract(%25, %26)               # EncryptedTensor<float64, shape=(1, 256, 14, 14)>
        %28 = 0.5059603                        # ClearScalar<float32>
        %29 = multiply(%27, %28)               # EncryptedTensor<float64, shape=(1, 256, 14, 14)>
        %30 = 0.5059602856636047               # ClearScalar<float64>
        %31 = divide(%29, %30)                 # EncryptedTensor<float64, shape=(1, 256, 14, 14)>
        %32 = 0                                # ClearScalar<uint1>
        %33 = add(%31, %32)                    # EncryptedTensor<float64, shape=(1, 256, 14, 14)>
        %34 = rint(%33)                        # EncryptedTensor<float64, shape=(1, 256, 14, 14)>
        %35 = astype(%34, dtype=int_)          # EncryptedTensor<uint1, shape=(1, 256, 14, 14)>
        return %35

    %212 = subgraph(%211):

         %0 = input                            # EncryptedTensor<uint1, shape=(1, 256, 14, 14)>          @ /trunk/trunk.12/C2/Conv.conv_rounding
         %1 = astype(%0, dtype=float64)        # EncryptedTensor<float64, shape=(1, 256, 14, 14)>
         %2 = 0                                # ClearScalar<uint1>
         %3 = add(%1, %2)                      # EncryptedTensor<float64, shape=(1, 256, 14, 14)>
         %4 = [[[[0]]  [ ... ]  [[0]]]]        # ClearTensor<uint1, shape=(1, 256, 1, 1)>
         %5 = subtract(%3, %4)                 # EncryptedTensor<float64, shape=(1, 256, 14, 14)>
         %6 = 0.010400375943401263             # ClearScalar<float64>
         %7 = multiply(%6, %5)                 # EncryptedTensor<float64, shape=(1, 256, 14, 14)>
         %8 = [[[[-1.466 ... 61e+00]]]]        # ClearTensor<float32, shape=(1, 256, 1, 1)>
         %9 = subtract(%7, %8)                 # EncryptedTensor<float64, shape=(1, 256, 14, 14)>
        %10 = [[[[2.0236 ... 891586]]]]        # ClearTensor<float32, shape=(1, 256, 1, 1)>
        %11 = divide(%9, %10)                  # EncryptedTensor<float64, shape=(1, 256, 14, 14)>
        %12 = [[[[0.9130 ... 92654 ]]]]        # ClearTensor<float32, shape=(1, 256, 1, 1)>
        %13 = multiply(%11, %12)               # EncryptedTensor<float64, shape=(1, 256, 14, 14)>
        %14 = [[[[-2.629 ... 66e-02]]]]        # ClearTensor<float32, shape=(1, 256, 1, 1)>
        %15 = add(%13, %14)                    # EncryptedTensor<float64, shape=(1, 256, 14, 14)>
        %16 = 0                                # ClearScalar<uint1>
        %17 = maximum(%15, %16)                # EncryptedTensor<float64, shape=(1, 256, 14, 14)>
        %18 = 0.51907784                       # ClearScalar<float32>
        %19 = divide(%17, %18)                 # EncryptedTensor<float64, shape=(1, 256, 14, 14)>
        %20 = 0.0                              # ClearScalar<float32>
        %21 = add(%19, %20)                    # EncryptedTensor<float64, shape=(1, 256, 14, 14)>
        %22 = 0.0                              # ClearScalar<float64>
        %23 = 15.0                             # ClearScalar<float64>
        %24 = clip(%21, %22, %23)              # EncryptedTensor<float64, shape=(1, 256, 14, 14)>
        %25 = rint(%24)                        # EncryptedTensor<float64, shape=(1, 256, 14, 14)>
        %26 = 0.0                              # ClearScalar<float32>
        %27 = subtract(%25, %26)               # EncryptedTensor<float64, shape=(1, 256, 14, 14)>
        %28 = 0.51907784                       # ClearScalar<float32>
        %29 = multiply(%27, %28)               # EncryptedTensor<float64, shape=(1, 256, 14, 14)>
        %30 = 0.5190778374671936               # ClearScalar<float64>
        %31 = divide(%29, %30)                 # EncryptedTensor<float64, shape=(1, 256, 14, 14)>
        %32 = 0                                # ClearScalar<uint1>
        %33 = add(%31, %32)                    # EncryptedTensor<float64, shape=(1, 256, 14, 14)>
        %34 = rint(%33)                        # EncryptedTensor<float64, shape=(1, 256, 14, 14)>
        %35 = astype(%34, dtype=int_)          # EncryptedTensor<uint1, shape=(1, 256, 14, 14)>
        return %35

    %216 = subgraph(%215):

         %0 = input                            # EncryptedTensor<uint1, shape=(1, 1024, 14, 14)>          @ /trunk/trunk.12/C3/Conv.conv_rounding
         %1 = astype(%0, dtype=float64)        # EncryptedTensor<float64, shape=(1, 1024, 14, 14)>
         %2 = 0                                # ClearScalar<uint1>
         %3 = add(%1, %2)                      # EncryptedTensor<float64, shape=(1, 1024, 14, 14)>
         %4 = [[[[0]]  [ ... ]  [[0]]]]        # ClearTensor<uint1, shape=(1, 1024, 1, 1)>
         %5 = subtract(%3, %4)                 # EncryptedTensor<float64, shape=(1, 1024, 14, 14)>
         %6 = 0.016973566034982346             # ClearScalar<float64>
         %7 = multiply(%6, %5)                 # EncryptedTensor<float64, shape=(1, 1024, 14, 14)>
         %8 = [[[[-0.070 ... 369054]]]]        # ClearTensor<float32, shape=(1, 1024, 1, 1)>
         %9 = subtract(%7, %8)                 # EncryptedTensor<float64, shape=(1, 1024, 14, 14)>
        %10 = [[[[0.5739 ... 866636]]]]        # ClearTensor<float32, shape=(1, 1024, 1, 1)>
        %11 = divide(%9, %10)                  # EncryptedTensor<float64, shape=(1, 1024, 14, 14)>
        %12 = [[[[0.7695 ... 710825]]]]        # ClearTensor<float32, shape=(1, 1024, 1, 1)>
        %13 = multiply(%11, %12)               # EncryptedTensor<float64, shape=(1, 1024, 14, 14)>
        %14 = [[[[ 0.036 ... 42907 ]]]]        # ClearTensor<float32, shape=(1, 1024, 1, 1)>
        %15 = add(%13, %14)                    # EncryptedTensor<float64, shape=(1, 1024, 14, 14)>
        %16 = 1.0898393                        # ClearScalar<float32>
        %17 = divide(%15, %16)                 # EncryptedTensor<float64, shape=(1, 1024, 14, 14)>
        %18 = 0.0                              # ClearScalar<float32>
        %19 = add(%17, %18)                    # EncryptedTensor<float64, shape=(1, 1024, 14, 14)>
        %20 = -8.0                             # ClearScalar<float64>
        %21 = 7.0                              # ClearScalar<float64>
        %22 = clip(%19, %20, %21)              # EncryptedTensor<float64, shape=(1, 1024, 14, 14)>
        %23 = rint(%22)                        # EncryptedTensor<float64, shape=(1, 1024, 14, 14)>
        %24 = 0.0                              # ClearScalar<float32>
        %25 = subtract(%23, %24)               # EncryptedTensor<float64, shape=(1, 1024, 14, 14)>
        %26 = 1.0898393                        # ClearScalar<float32>
        %27 = multiply(%25, %26)               # EncryptedTensor<float64, shape=(1, 1024, 14, 14)>
        %28 = 1.0898393392562866               # ClearScalar<float64>
        %29 = divide(%27, %28)                 # EncryptedTensor<float64, shape=(1, 1024, 14, 14)>
        %30 = 0                                # ClearScalar<uint1>
        %31 = add(%29, %30)                    # EncryptedTensor<float64, shape=(1, 1024, 14, 14)>
        %32 = rint(%31)                        # EncryptedTensor<float64, shape=(1, 1024, 14, 14)>
        %33 = astype(%32, dtype=int_)          # EncryptedTensor<uint1, shape=(1, 1024, 14, 14)>
        return %33

    %217 = subgraph(%199):

         %0 = input                          # EncryptedTensor<uint2, shape=(1, 1024, 14, 14)>
         %1 = 0.0                            # ClearScalar<float64>
         %2 = subtract(%0, %1)               # EncryptedTensor<float64, shape=(1, 1024, 14, 14)>
         %3 = 0.5887768153221377             # ClearScalar<float64>
         %4 = multiply(%3, %2)               # EncryptedTensor<float64, shape=(1, 1024, 14, 14)>
         %5 = 0                              # ClearScalar<uint1>
         %6 = maximum(%4, %5)                # EncryptedTensor<float64, shape=(1, 1024, 14, 14)>
         %7 = 0.7911163                      # ClearScalar<float32>
         %8 = divide(%6, %7)                 # EncryptedTensor<float64, shape=(1, 1024, 14, 14)>
         %9 = 0.0                            # ClearScalar<float32>
        %10 = add(%8, %9)                    # EncryptedTensor<float64, shape=(1, 1024, 14, 14)>
        %11 = 0.0                            # ClearScalar<float64>
        %12 = 15.0                           # ClearScalar<float64>
        %13 = clip(%10, %11, %12)            # EncryptedTensor<float64, shape=(1, 1024, 14, 14)>
        %14 = rint(%13)                      # EncryptedTensor<float64, shape=(1, 1024, 14, 14)>
        %15 = 0.0                            # ClearScalar<float32>
        %16 = subtract(%14, %15)             # EncryptedTensor<float64, shape=(1, 1024, 14, 14)>
        %17 = 0.7911163                      # ClearScalar<float32>
        %18 = multiply(%16, %17)             # EncryptedTensor<float64, shape=(1, 1024, 14, 14)>
        %19 = 0.7911162972450256             # ClearScalar<float64>
        %20 = divide(%18, %19)               # EncryptedTensor<float64, shape=(1, 1024, 14, 14)>
        %21 = 0                              # ClearScalar<uint1>
        %22 = add(%20, %21)                  # EncryptedTensor<float64, shape=(1, 1024, 14, 14)>
        %23 = rint(%22)                      # EncryptedTensor<float64, shape=(1, 1024, 14, 14)>
        %24 = astype(%23, dtype=int_)        # EncryptedTensor<uint1, shape=(1, 1024, 14, 14)>
        return %24

    %218 = subgraph(%216):

         %0 = input                         # EncryptedTensor<uint1, shape=(1, 1024, 14, 14)>
         %1 = 0.0                           # ClearScalar<float64>
         %2 = subtract(%0, %1)              # EncryptedTensor<float64, shape=(1, 1024, 14, 14)>
         %3 = 1.0898393392562866            # ClearScalar<float64>
         %4 = multiply(%3, %2)              # EncryptedTensor<float64, shape=(1, 1024, 14, 14)>
         %5 = 0.5874874284190517            # ClearScalar<float64>
         %6 = divide(%4, %5)                # EncryptedTensor<float64, shape=(1, 1024, 14, 14)>
         %7 = 0                             # ClearScalar<uint1>
         %8 = add(%6, %7)                   # EncryptedTensor<float64, shape=(1, 1024, 14, 14)>
         %9 = rint(%8)                      # EncryptedTensor<float64, shape=(1, 1024, 14, 14)>
        %10 = astype(%9, dtype=int_)        # EncryptedTensor<uint1, shape=(1, 1024, 14, 14)>
        return %10

    %219 = subgraph(%217):

         %0 = input                         # EncryptedTensor<uint1, shape=(1, 1024, 14, 14)>
         %1 = 0.0                           # ClearScalar<float64>
         %2 = subtract(%0, %1)              # EncryptedTensor<float64, shape=(1, 1024, 14, 14)>
         %3 = 0.7911162972450256            # ClearScalar<float64>
         %4 = multiply(%3, %2)              # EncryptedTensor<float64, shape=(1, 1024, 14, 14)>
         %5 = 0.5874874284190517            # ClearScalar<float64>
         %6 = divide(%4, %5)                # EncryptedTensor<float64, shape=(1, 1024, 14, 14)>
         %7 = 0                             # ClearScalar<uint1>
         %8 = add(%6, %7)                   # EncryptedTensor<float64, shape=(1, 1024, 14, 14)>
         %9 = rint(%8)                      # EncryptedTensor<float64, shape=(1, 1024, 14, 14)>
        %10 = astype(%9, dtype=int_)        # EncryptedTensor<uint1, shape=(1, 1024, 14, 14)>
        return %10

    %223 = subgraph(%222):

         %0 = input                          # EncryptedTensor<uint2, shape=(1, 1024, 14, 14)>
         %1 = 0.0                            # ClearScalar<float64>
         %2 = subtract(%0, %1)               # EncryptedTensor<float64, shape=(1, 1024, 14, 14)>
         %3 = 0.5874874284190517             # ClearScalar<float64>
         %4 = multiply(%3, %2)               # EncryptedTensor<float64, shape=(1, 1024, 14, 14)>
         %5 = 0                              # ClearScalar<uint1>
         %6 = maximum(%4, %5)                # EncryptedTensor<float64, shape=(1, 1024, 14, 14)>
         %7 = 1.10721                        # ClearScalar<float32>
         %8 = divide(%6, %7)                 # EncryptedTensor<float64, shape=(1, 1024, 14, 14)>
         %9 = 0.0                            # ClearScalar<float32>
        %10 = add(%8, %9)                    # EncryptedTensor<float64, shape=(1, 1024, 14, 14)>
        %11 = 0.0                            # ClearScalar<float64>
        %12 = 15.0                           # ClearScalar<float64>
        %13 = clip(%10, %11, %12)            # EncryptedTensor<float64, shape=(1, 1024, 14, 14)>
        %14 = rint(%13)                      # EncryptedTensor<float64, shape=(1, 1024, 14, 14)>
        %15 = 0.0                            # ClearScalar<float32>
        %16 = subtract(%14, %15)             # EncryptedTensor<float64, shape=(1, 1024, 14, 14)>
        %17 = 1.10721                        # ClearScalar<float32>
        %18 = multiply(%16, %17)             # EncryptedTensor<float64, shape=(1, 1024, 14, 14)>
        %19 = 1.1072100400924683             # ClearScalar<float64>
        %20 = divide(%18, %19)               # EncryptedTensor<float64, shape=(1, 1024, 14, 14)>
        %21 = 0                              # ClearScalar<uint1>
        %22 = add(%20, %21)                  # EncryptedTensor<float64, shape=(1, 1024, 14, 14)>
        %23 = rint(%22)                      # EncryptedTensor<float64, shape=(1, 1024, 14, 14)>
        %24 = astype(%23, dtype=int_)        # EncryptedTensor<uint1, shape=(1, 1024, 14, 14)>
        return %24

    %227 = subgraph(%226):

         %0 = input                            # EncryptedTensor<uint1, shape=(1, 256, 14, 14)>          @ /trunk/trunk.13/C1/Conv.conv_rounding
         %1 = astype(%0, dtype=float64)        # EncryptedTensor<float64, shape=(1, 256, 14, 14)>
         %2 = 0                                # ClearScalar<uint1>
         %3 = add(%1, %2)                      # EncryptedTensor<float64, shape=(1, 256, 14, 14)>
         %4 = [[[[0]]  [ ... ]  [[0]]]]        # ClearTensor<uint1, shape=(1, 256, 1, 1)>
         %5 = subtract(%3, %4)                 # EncryptedTensor<float64, shape=(1, 256, 14, 14)>
         %6 = 0.06638247369895556              # ClearScalar<float64>
         %7 = multiply(%6, %5)                 # EncryptedTensor<float64, shape=(1, 256, 14, 14)>
         %8 = [[[[ 8.952 ... 65e-01]]]]        # ClearTensor<float32, shape=(1, 256, 1, 1)>
         %9 = subtract(%7, %8)                 # EncryptedTensor<float64, shape=(1, 256, 14, 14)>
        %10 = [[[[4.5645 ... 869684]]]]        # ClearTensor<float32, shape=(1, 256, 1, 1)>
        %11 = divide(%9, %10)                  # EncryptedTensor<float64, shape=(1, 256, 14, 14)>
        %12 = [[[[0.9380 ... 31578 ]]]]        # ClearTensor<float32, shape=(1, 256, 1, 1)>
        %13 = multiply(%11, %12)               # EncryptedTensor<float64, shape=(1, 256, 14, 14)>
        %14 = [[[[-2.268 ... 67e-04]]]]        # ClearTensor<float32, shape=(1, 256, 1, 1)>
        %15 = add(%13, %14)                    # EncryptedTensor<float64, shape=(1, 256, 14, 14)>
        %16 = 0                                # ClearScalar<uint1>
        %17 = maximum(%15, %16)                # EncryptedTensor<float64, shape=(1, 256, 14, 14)>
        %18 = 0.47896156                       # ClearScalar<float32>
        %19 = divide(%17, %18)                 # EncryptedTensor<float64, shape=(1, 256, 14, 14)>
        %20 = 0.0                              # ClearScalar<float32>
        %21 = add(%19, %20)                    # EncryptedTensor<float64, shape=(1, 256, 14, 14)>
        %22 = 0.0                              # ClearScalar<float64>
        %23 = 15.0                             # ClearScalar<float64>
        %24 = clip(%21, %22, %23)              # EncryptedTensor<float64, shape=(1, 256, 14, 14)>
        %25 = rint(%24)                        # EncryptedTensor<float64, shape=(1, 256, 14, 14)>
        %26 = 0.0                              # ClearScalar<float32>
        %27 = subtract(%25, %26)               # EncryptedTensor<float64, shape=(1, 256, 14, 14)>
        %28 = 0.47896156                       # ClearScalar<float32>
        %29 = multiply(%27, %28)               # EncryptedTensor<float64, shape=(1, 256, 14, 14)>
        %30 = 0.4789615571498871               # ClearScalar<float64>
        %31 = divide(%29, %30)                 # EncryptedTensor<float64, shape=(1, 256, 14, 14)>
        %32 = 0                                # ClearScalar<uint1>
        %33 = add(%31, %32)                    # EncryptedTensor<float64, shape=(1, 256, 14, 14)>
        %34 = rint(%33)                        # EncryptedTensor<float64, shape=(1, 256, 14, 14)>
        %35 = astype(%34, dtype=int_)          # EncryptedTensor<uint1, shape=(1, 256, 14, 14)>
        return %35

    %235 = subgraph(%234):

         %0 = input                            # EncryptedTensor<uint1, shape=(1, 256, 14, 14)>          @ /trunk/trunk.13/C2/Conv.conv_rounding
         %1 = astype(%0, dtype=float64)        # EncryptedTensor<float64, shape=(1, 256, 14, 14)>
         %2 = 0                                # ClearScalar<uint1>
         %3 = add(%1, %2)                      # EncryptedTensor<float64, shape=(1, 256, 14, 14)>
         %4 = [[[[0]]  [ ... ]  [[0]]]]        # ClearTensor<uint1, shape=(1, 256, 1, 1)>
         %5 = subtract(%3, %4)                 # EncryptedTensor<float64, shape=(1, 256, 14, 14)>
         %6 = 0.008909799272959429             # ClearScalar<float64>
         %7 = multiply(%6, %5)                 # EncryptedTensor<float64, shape=(1, 256, 14, 14)>
         %8 = [[[[-1.860 ... 57e+00]]]]        # ClearTensor<float32, shape=(1, 256, 1, 1)>
         %9 = subtract(%7, %8)                 # EncryptedTensor<float64, shape=(1, 256, 14, 14)>
        %10 = [[[[1.8196 ... 909038]]]]        # ClearTensor<float32, shape=(1, 256, 1, 1)>
        %11 = divide(%9, %10)                  # EncryptedTensor<float64, shape=(1, 256, 14, 14)>
        %12 = [[[[0.9393 ... 21998 ]]]]        # ClearTensor<float32, shape=(1, 256, 1, 1)>
        %13 = multiply(%11, %12)               # EncryptedTensor<float64, shape=(1, 256, 14, 14)>
        %14 = [[[[ 9.301 ... 26e-03]]]]        # ClearTensor<float32, shape=(1, 256, 1, 1)>
        %15 = add(%13, %14)                    # EncryptedTensor<float64, shape=(1, 256, 14, 14)>
        %16 = 0                                # ClearScalar<uint1>
        %17 = maximum(%15, %16)                # EncryptedTensor<float64, shape=(1, 256, 14, 14)>
        %18 = 0.5471614                        # ClearScalar<float32>
        %19 = divide(%17, %18)                 # EncryptedTensor<float64, shape=(1, 256, 14, 14)>
        %20 = 0.0                              # ClearScalar<float32>
        %21 = add(%19, %20)                    # EncryptedTensor<float64, shape=(1, 256, 14, 14)>
        %22 = 0.0                              # ClearScalar<float64>
        %23 = 15.0                             # ClearScalar<float64>
        %24 = clip(%21, %22, %23)              # EncryptedTensor<float64, shape=(1, 256, 14, 14)>
        %25 = rint(%24)                        # EncryptedTensor<float64, shape=(1, 256, 14, 14)>
        %26 = 0.0                              # ClearScalar<float32>
        %27 = subtract(%25, %26)               # EncryptedTensor<float64, shape=(1, 256, 14, 14)>
        %28 = 0.5471614                        # ClearScalar<float32>
        %29 = multiply(%27, %28)               # EncryptedTensor<float64, shape=(1, 256, 14, 14)>
        %30 = 0.5471614003181458               # ClearScalar<float64>
        %31 = divide(%29, %30)                 # EncryptedTensor<float64, shape=(1, 256, 14, 14)>
        %32 = 0                                # ClearScalar<uint1>
        %33 = add(%31, %32)                    # EncryptedTensor<float64, shape=(1, 256, 14, 14)>
        %34 = rint(%33)                        # EncryptedTensor<float64, shape=(1, 256, 14, 14)>
        %35 = astype(%34, dtype=int_)          # EncryptedTensor<uint1, shape=(1, 256, 14, 14)>
        return %35

    %239 = subgraph(%238):

         %0 = input                            # EncryptedTensor<uint1, shape=(1, 1024, 14, 14)>          @ /trunk/trunk.13/C3/Conv.conv_rounding
         %1 = astype(%0, dtype=float64)        # EncryptedTensor<float64, shape=(1, 1024, 14, 14)>
         %2 = 0                                # ClearScalar<uint1>
         %3 = add(%1, %2)                      # EncryptedTensor<float64, shape=(1, 1024, 14, 14)>
         %4 = [[[[0]]  [ ... ]  [[0]]]]        # ClearTensor<uint1, shape=(1, 1024, 1, 1)>
         %5 = subtract(%3, %4)                 # EncryptedTensor<float64, shape=(1, 1024, 14, 14)>
         %6 = 0.016324649393072987             # ClearScalar<float64>
         %7 = multiply(%6, %5)                 # EncryptedTensor<float64, shape=(1, 1024, 14, 14)>
         %8 = [[[[-0.276 ... 140718]]]]        # ClearTensor<float32, shape=(1, 1024, 1, 1)>
         %9 = subtract(%7, %8)                 # EncryptedTensor<float64, shape=(1, 1024, 14, 14)>
        %10 = [[[[0.7178 ... 61505 ]]]]        # ClearTensor<float32, shape=(1, 1024, 1, 1)>
        %11 = divide(%9, %10)                  # EncryptedTensor<float64, shape=(1, 1024, 14, 14)>
        %12 = [[[[0.8584 ... 07245 ]]]]        # ClearTensor<float32, shape=(1, 1024, 1, 1)>
        %13 = multiply(%11, %12)               # EncryptedTensor<float64, shape=(1, 1024, 14, 14)>
        %14 = [[[[ 0.010 ... 072867]]]]        # ClearTensor<float32, shape=(1, 1024, 1, 1)>
        %15 = add(%13, %14)                    # EncryptedTensor<float64, shape=(1, 1024, 14, 14)>
        %16 = 1.0994004                        # ClearScalar<float32>
        %17 = divide(%15, %16)                 # EncryptedTensor<float64, shape=(1, 1024, 14, 14)>
        %18 = 0.0                              # ClearScalar<float32>
        %19 = add(%17, %18)                    # EncryptedTensor<float64, shape=(1, 1024, 14, 14)>
        %20 = -8.0                             # ClearScalar<float64>
        %21 = 7.0                              # ClearScalar<float64>
        %22 = clip(%19, %20, %21)              # EncryptedTensor<float64, shape=(1, 1024, 14, 14)>
        %23 = rint(%22)                        # EncryptedTensor<float64, shape=(1, 1024, 14, 14)>
        %24 = 0.0                              # ClearScalar<float32>
        %25 = subtract(%23, %24)               # EncryptedTensor<float64, shape=(1, 1024, 14, 14)>
        %26 = 1.0994004                        # ClearScalar<float32>
        %27 = multiply(%25, %26)               # EncryptedTensor<float64, shape=(1, 1024, 14, 14)>
        %28 = 1.0994004011154175               # ClearScalar<float64>
        %29 = divide(%27, %28)                 # EncryptedTensor<float64, shape=(1, 1024, 14, 14)>
        %30 = 0                                # ClearScalar<uint1>
        %31 = add(%29, %30)                    # EncryptedTensor<float64, shape=(1, 1024, 14, 14)>
        %32 = rint(%31)                        # EncryptedTensor<float64, shape=(1, 1024, 14, 14)>
        %33 = astype(%32, dtype=int_)          # EncryptedTensor<uint1, shape=(1, 1024, 14, 14)>
        return %33

    %240 = subgraph(%222):

         %0 = input                          # EncryptedTensor<uint2, shape=(1, 1024, 14, 14)>
         %1 = 0.0                            # ClearScalar<float64>
         %2 = subtract(%0, %1)               # EncryptedTensor<float64, shape=(1, 1024, 14, 14)>
         %3 = 0.5874874284190517             # ClearScalar<float64>
         %4 = multiply(%3, %2)               # EncryptedTensor<float64, shape=(1, 1024, 14, 14)>
         %5 = 0                              # ClearScalar<uint1>
         %6 = maximum(%4, %5)                # EncryptedTensor<float64, shape=(1, 1024, 14, 14)>
         %7 = 1.10721                        # ClearScalar<float32>
         %8 = divide(%6, %7)                 # EncryptedTensor<float64, shape=(1, 1024, 14, 14)>
         %9 = 0.0                            # ClearScalar<float32>
        %10 = add(%8, %9)                    # EncryptedTensor<float64, shape=(1, 1024, 14, 14)>
        %11 = 0.0                            # ClearScalar<float64>
        %12 = 15.0                           # ClearScalar<float64>
        %13 = clip(%10, %11, %12)            # EncryptedTensor<float64, shape=(1, 1024, 14, 14)>
        %14 = rint(%13)                      # EncryptedTensor<float64, shape=(1, 1024, 14, 14)>
        %15 = 0.0                            # ClearScalar<float32>
        %16 = subtract(%14, %15)             # EncryptedTensor<float64, shape=(1, 1024, 14, 14)>
        %17 = 1.10721                        # ClearScalar<float32>
        %18 = multiply(%16, %17)             # EncryptedTensor<float64, shape=(1, 1024, 14, 14)>
        %19 = 1.1072100400924683             # ClearScalar<float64>
        %20 = divide(%18, %19)               # EncryptedTensor<float64, shape=(1, 1024, 14, 14)>
        %21 = 0                              # ClearScalar<uint1>
        %22 = add(%20, %21)                  # EncryptedTensor<float64, shape=(1, 1024, 14, 14)>
        %23 = rint(%22)                      # EncryptedTensor<float64, shape=(1, 1024, 14, 14)>
        %24 = astype(%23, dtype=int_)        # EncryptedTensor<uint1, shape=(1, 1024, 14, 14)>
        return %24

    %241 = subgraph(%239):

         %0 = input                         # EncryptedTensor<uint1, shape=(1, 1024, 14, 14)>
         %1 = 0.0                           # ClearScalar<float64>
         %2 = subtract(%0, %1)              # EncryptedTensor<float64, shape=(1, 1024, 14, 14)>
         %3 = 1.0994004011154175            # ClearScalar<float64>
         %4 = multiply(%3, %2)              # EncryptedTensor<float64, shape=(1, 1024, 14, 14)>
         %5 = 0.7480301203266266            # ClearScalar<float64>
         %6 = divide(%4, %5)                # EncryptedTensor<float64, shape=(1, 1024, 14, 14)>
         %7 = 0                             # ClearScalar<uint1>
         %8 = add(%6, %7)                   # EncryptedTensor<float64, shape=(1, 1024, 14, 14)>
         %9 = rint(%8)                      # EncryptedTensor<float64, shape=(1, 1024, 14, 14)>
        %10 = astype(%9, dtype=int_)        # EncryptedTensor<uint1, shape=(1, 1024, 14, 14)>
        return %10

    %242 = subgraph(%240):

         %0 = input                         # EncryptedTensor<uint1, shape=(1, 1024, 14, 14)>
         %1 = 0.0                           # ClearScalar<float64>
         %2 = subtract(%0, %1)              # EncryptedTensor<float64, shape=(1, 1024, 14, 14)>
         %3 = 1.1072100400924683            # ClearScalar<float64>
         %4 = multiply(%3, %2)              # EncryptedTensor<float64, shape=(1, 1024, 14, 14)>
         %5 = 0.7480301203266266            # ClearScalar<float64>
         %6 = divide(%4, %5)                # EncryptedTensor<float64, shape=(1, 1024, 14, 14)>
         %7 = 0                             # ClearScalar<uint1>
         %8 = add(%6, %7)                   # EncryptedTensor<float64, shape=(1, 1024, 14, 14)>
         %9 = rint(%8)                      # EncryptedTensor<float64, shape=(1, 1024, 14, 14)>
        %10 = astype(%9, dtype=int_)        # EncryptedTensor<uint1, shape=(1, 1024, 14, 14)>
        return %10

    %246 = subgraph(%245):

         %0 = input                          # EncryptedTensor<uint2, shape=(1, 1024, 14, 14)>
         %1 = 0.0                            # ClearScalar<float64>
         %2 = subtract(%0, %1)               # EncryptedTensor<float64, shape=(1, 1024, 14, 14)>
         %3 = 0.7480301203266266             # ClearScalar<float64>
         %4 = multiply(%3, %2)               # EncryptedTensor<float64, shape=(1, 1024, 14, 14)>
         %5 = 0                              # ClearScalar<uint1>
         %6 = maximum(%4, %5)                # EncryptedTensor<float64, shape=(1, 1024, 14, 14)>
         %7 = 1.3953582                      # ClearScalar<float32>
         %8 = divide(%6, %7)                 # EncryptedTensor<float64, shape=(1, 1024, 14, 14)>
         %9 = 0.0                            # ClearScalar<float32>
        %10 = add(%8, %9)                    # EncryptedTensor<float64, shape=(1, 1024, 14, 14)>
        %11 = 0.0                            # ClearScalar<float64>
        %12 = 15.0                           # ClearScalar<float64>
        %13 = clip(%10, %11, %12)            # EncryptedTensor<float64, shape=(1, 1024, 14, 14)>
        %14 = rint(%13)                      # EncryptedTensor<float64, shape=(1, 1024, 14, 14)>
        %15 = 0.0                            # ClearScalar<float32>
        %16 = subtract(%14, %15)             # EncryptedTensor<float64, shape=(1, 1024, 14, 14)>
        %17 = 1.3953582                      # ClearScalar<float32>
        %18 = multiply(%16, %17)             # EncryptedTensor<float64, shape=(1, 1024, 14, 14)>
        %19 = 1.3953582048416138             # ClearScalar<float64>
        %20 = divide(%18, %19)               # EncryptedTensor<float64, shape=(1, 1024, 14, 14)>
        %21 = 0                              # ClearScalar<uint1>
        %22 = add(%20, %21)                  # EncryptedTensor<float64, shape=(1, 1024, 14, 14)>
        %23 = rint(%22)                      # EncryptedTensor<float64, shape=(1, 1024, 14, 14)>
        %24 = astype(%23, dtype=int_)        # EncryptedTensor<uint1, shape=(1, 1024, 14, 14)>
        return %24

    %250 = subgraph(%249):

         %0 = input                            # EncryptedTensor<uint1, shape=(1, 256, 14, 14)>          @ /trunk/trunk.14/C1/Conv.conv_rounding
         %1 = astype(%0, dtype=float64)        # EncryptedTensor<float64, shape=(1, 256, 14, 14)>
         %2 = 0                                # ClearScalar<uint1>
         %3 = add(%1, %2)                      # EncryptedTensor<float64, shape=(1, 256, 14, 14)>
         %4 = [[[[0]]  [ ... ]  [[0]]]]        # ClearTensor<uint1, shape=(1, 256, 1, 1)>
         %5 = subtract(%3, %4)                 # EncryptedTensor<float64, shape=(1, 256, 14, 14)>
         %6 = 0.08068586439288561              # ClearScalar<float64>
         %7 = multiply(%6, %5)                 # EncryptedTensor<float64, shape=(1, 256, 14, 14)>
         %8 = [[[[-3.515 ... 08e+00]]]]        # ClearTensor<float32, shape=(1, 256, 1, 1)>
         %9 = subtract(%7, %8)                 # EncryptedTensor<float64, shape=(1, 256, 14, 14)>
        %10 = [[[[5.4623 ... 45962 ]]]]        # ClearTensor<float32, shape=(1, 256, 1, 1)>
        %11 = divide(%9, %10)                  # EncryptedTensor<float64, shape=(1, 256, 14, 14)>
        %12 = [[[[0.7689 ... 82306 ]]]]        # ClearTensor<float32, shape=(1, 256, 1, 1)>
        %13 = multiply(%11, %12)               # EncryptedTensor<float64, shape=(1, 256, 14, 14)>
        %14 = [[[[ 0.028 ... 282443]]]]        # ClearTensor<float32, shape=(1, 256, 1, 1)>
        %15 = add(%13, %14)                    # EncryptedTensor<float64, shape=(1, 256, 14, 14)>
        %16 = 0                                # ClearScalar<uint1>
        %17 = maximum(%15, %16)                # EncryptedTensor<float64, shape=(1, 256, 14, 14)>
        %18 = 0.49638796                       # ClearScalar<float32>
        %19 = divide(%17, %18)                 # EncryptedTensor<float64, shape=(1, 256, 14, 14)>
        %20 = 0.0                              # ClearScalar<float32>
        %21 = add(%19, %20)                    # EncryptedTensor<float64, shape=(1, 256, 14, 14)>
        %22 = 0.0                              # ClearScalar<float64>
        %23 = 15.0                             # ClearScalar<float64>
        %24 = clip(%21, %22, %23)              # EncryptedTensor<float64, shape=(1, 256, 14, 14)>
        %25 = rint(%24)                        # EncryptedTensor<float64, shape=(1, 256, 14, 14)>
        %26 = 0.0                              # ClearScalar<float32>
        %27 = subtract(%25, %26)               # EncryptedTensor<float64, shape=(1, 256, 14, 14)>
        %28 = 0.49638796                       # ClearScalar<float32>
        %29 = multiply(%27, %28)               # EncryptedTensor<float64, shape=(1, 256, 14, 14)>
        %30 = 0.49638795852661133              # ClearScalar<float64>
        %31 = divide(%29, %30)                 # EncryptedTensor<float64, shape=(1, 256, 14, 14)>
        %32 = 0                                # ClearScalar<uint1>
        %33 = add(%31, %32)                    # EncryptedTensor<float64, shape=(1, 256, 14, 14)>
        %34 = rint(%33)                        # EncryptedTensor<float64, shape=(1, 256, 14, 14)>
        %35 = astype(%34, dtype=int_)          # EncryptedTensor<uint1, shape=(1, 256, 14, 14)>
        return %35

    %258 = subgraph(%257):

         %0 = input                            # EncryptedTensor<uint1, shape=(1, 256, 14, 14)>          @ /trunk/trunk.14/C2/Conv.conv_rounding
         %1 = astype(%0, dtype=float64)        # EncryptedTensor<float64, shape=(1, 256, 14, 14)>
         %2 = 0                                # ClearScalar<uint1>
         %3 = add(%1, %2)                      # EncryptedTensor<float64, shape=(1, 256, 14, 14)>
         %4 = [[[[0]]  [ ... ]  [[0]]]]        # ClearTensor<uint1, shape=(1, 256, 1, 1)>
         %5 = subtract(%3, %4)                 # EncryptedTensor<float64, shape=(1, 256, 14, 14)>
         %6 = 0.009948085236823445             # ClearScalar<float64>
         %7 = multiply(%6, %5)                 # EncryptedTensor<float64, shape=(1, 256, 14, 14)>
         %8 = [[[[-8.710 ... 26e-01]]]]        # ClearTensor<float32, shape=(1, 256, 1, 1)>
         %9 = subtract(%7, %8)                 # EncryptedTensor<float64, shape=(1, 256, 14, 14)>
        %10 = [[[[1.5233 ... 67506 ]]]]        # ClearTensor<float32, shape=(1, 256, 1, 1)>
        %11 = divide(%9, %10)                  # EncryptedTensor<float64, shape=(1, 256, 14, 14)>
        %12 = [[[[0.9130 ... 23884 ]]]]        # ClearTensor<float32, shape=(1, 256, 1, 1)>
        %13 = multiply(%11, %12)               # EncryptedTensor<float64, shape=(1, 256, 14, 14)>
        %14 = [[[[ 0.013 ... 850995]]]]        # ClearTensor<float32, shape=(1, 256, 1, 1)>
        %15 = add(%13, %14)                    # EncryptedTensor<float64, shape=(1, 256, 14, 14)>
        %16 = 0                                # ClearScalar<uint1>
        %17 = maximum(%15, %16)                # EncryptedTensor<float64, shape=(1, 256, 14, 14)>
        %18 = 0.5625382                        # ClearScalar<float32>
        %19 = divide(%17, %18)                 # EncryptedTensor<float64, shape=(1, 256, 14, 14)>
        %20 = 0.0                              # ClearScalar<float32>
        %21 = add(%19, %20)                    # EncryptedTensor<float64, shape=(1, 256, 14, 14)>
        %22 = 0.0                              # ClearScalar<float64>
        %23 = 15.0                             # ClearScalar<float64>
        %24 = clip(%21, %22, %23)              # EncryptedTensor<float64, shape=(1, 256, 14, 14)>
        %25 = rint(%24)                        # EncryptedTensor<float64, shape=(1, 256, 14, 14)>
        %26 = 0.0                              # ClearScalar<float32>
        %27 = subtract(%25, %26)               # EncryptedTensor<float64, shape=(1, 256, 14, 14)>
        %28 = 0.5625382                        # ClearScalar<float32>
        %29 = multiply(%27, %28)               # EncryptedTensor<float64, shape=(1, 256, 14, 14)>
        %30 = 0.562538206577301                # ClearScalar<float64>
        %31 = divide(%29, %30)                 # EncryptedTensor<float64, shape=(1, 256, 14, 14)>
        %32 = 0                                # ClearScalar<uint1>
        %33 = add(%31, %32)                    # EncryptedTensor<float64, shape=(1, 256, 14, 14)>
        %34 = rint(%33)                        # EncryptedTensor<float64, shape=(1, 256, 14, 14)>
        %35 = astype(%34, dtype=int_)          # EncryptedTensor<uint1, shape=(1, 256, 14, 14)>
        return %35

    %262 = subgraph(%261):

         %0 = input                            # EncryptedTensor<uint1, shape=(1, 1024, 14, 14)>          @ /trunk/trunk.14/C3/Conv.conv_rounding
         %1 = astype(%0, dtype=float64)        # EncryptedTensor<float64, shape=(1, 1024, 14, 14)>
         %2 = 0                                # ClearScalar<uint1>
         %3 = add(%1, %2)                      # EncryptedTensor<float64, shape=(1, 1024, 14, 14)>
         %4 = [[[[0]]  [ ... ]  [[0]]]]        # ClearTensor<uint1, shape=(1, 1024, 1, 1)>
         %5 = subtract(%3, %4)                 # EncryptedTensor<float64, shape=(1, 1024, 14, 14)>
         %6 = 0.014816328188843597             # ClearScalar<float64>
         %7 = multiply(%6, %5)                 # EncryptedTensor<float64, shape=(1, 1024, 14, 14)>
         %8 = [[[[ 0.032 ... 32278 ]]]]        # ClearTensor<float32, shape=(1, 1024, 1, 1)>
         %9 = subtract(%7, %8)                 # EncryptedTensor<float64, shape=(1, 1024, 14, 14)>
        %10 = [[[[0.3670 ... 10197 ]]]]        # ClearTensor<float32, shape=(1, 1024, 1, 1)>
        %11 = divide(%9, %10)                  # EncryptedTensor<float64, shape=(1, 1024, 14, 14)>
        %12 = [[[[0.7022 ... 75686 ]]]]        # ClearTensor<float32, shape=(1, 1024, 1, 1)>
        %13 = multiply(%11, %12)               # EncryptedTensor<float64, shape=(1, 1024, 14, 14)>
        %14 = [[[[ 0.019 ... 179327]]]]        # ClearTensor<float32, shape=(1, 1024, 1, 1)>
        %15 = add(%13, %14)                    # EncryptedTensor<float64, shape=(1, 1024, 14, 14)>
        %16 = 1.1140108                        # ClearScalar<float32>
        %17 = divide(%15, %16)                 # EncryptedTensor<float64, shape=(1, 1024, 14, 14)>
        %18 = 0.0                              # ClearScalar<float32>
        %19 = add(%17, %18)                    # EncryptedTensor<float64, shape=(1, 1024, 14, 14)>
        %20 = -8.0                             # ClearScalar<float64>
        %21 = 7.0                              # ClearScalar<float64>
        %22 = clip(%19, %20, %21)              # EncryptedTensor<float64, shape=(1, 1024, 14, 14)>
        %23 = rint(%22)                        # EncryptedTensor<float64, shape=(1, 1024, 14, 14)>
        %24 = 0.0                              # ClearScalar<float32>
        %25 = subtract(%23, %24)               # EncryptedTensor<float64, shape=(1, 1024, 14, 14)>
        %26 = 1.1140108                        # ClearScalar<float32>
        %27 = multiply(%25, %26)               # EncryptedTensor<float64, shape=(1, 1024, 14, 14)>
        %28 = 1.1140108108520508               # ClearScalar<float64>
        %29 = divide(%27, %28)                 # EncryptedTensor<float64, shape=(1, 1024, 14, 14)>
        %30 = 0                                # ClearScalar<uint1>
        %31 = add(%29, %30)                    # EncryptedTensor<float64, shape=(1, 1024, 14, 14)>
        %32 = rint(%31)                        # EncryptedTensor<float64, shape=(1, 1024, 14, 14)>
        %33 = astype(%32, dtype=int_)          # EncryptedTensor<uint1, shape=(1, 1024, 14, 14)>
        return %33

    %263 = subgraph(%245):

         %0 = input                          # EncryptedTensor<uint2, shape=(1, 1024, 14, 14)>
         %1 = 0.0                            # ClearScalar<float64>
         %2 = subtract(%0, %1)               # EncryptedTensor<float64, shape=(1, 1024, 14, 14)>
         %3 = 0.7480301203266266             # ClearScalar<float64>
         %4 = multiply(%3, %2)               # EncryptedTensor<float64, shape=(1, 1024, 14, 14)>
         %5 = 0                              # ClearScalar<uint1>
         %6 = maximum(%4, %5)                # EncryptedTensor<float64, shape=(1, 1024, 14, 14)>
         %7 = 1.3953582                      # ClearScalar<float32>
         %8 = divide(%6, %7)                 # EncryptedTensor<float64, shape=(1, 1024, 14, 14)>
         %9 = 0.0                            # ClearScalar<float32>
        %10 = add(%8, %9)                    # EncryptedTensor<float64, shape=(1, 1024, 14, 14)>
        %11 = 0.0                            # ClearScalar<float64>
        %12 = 15.0                           # ClearScalar<float64>
        %13 = clip(%10, %11, %12)            # EncryptedTensor<float64, shape=(1, 1024, 14, 14)>
        %14 = rint(%13)                      # EncryptedTensor<float64, shape=(1, 1024, 14, 14)>
        %15 = 0.0                            # ClearScalar<float32>
        %16 = subtract(%14, %15)             # EncryptedTensor<float64, shape=(1, 1024, 14, 14)>
        %17 = 1.3953582                      # ClearScalar<float32>
        %18 = multiply(%16, %17)             # EncryptedTensor<float64, shape=(1, 1024, 14, 14)>
        %19 = 1.3953582048416138             # ClearScalar<float64>
        %20 = divide(%18, %19)               # EncryptedTensor<float64, shape=(1, 1024, 14, 14)>
        %21 = 0                              # ClearScalar<uint1>
        %22 = add(%20, %21)                  # EncryptedTensor<float64, shape=(1, 1024, 14, 14)>
        %23 = rint(%22)                      # EncryptedTensor<float64, shape=(1, 1024, 14, 14)>
        %24 = astype(%23, dtype=int_)        # EncryptedTensor<uint1, shape=(1, 1024, 14, 14)>
        return %24

    %264 = subgraph(%262):

         %0 = input                         # EncryptedTensor<uint1, shape=(1, 1024, 14, 14)>
         %1 = 0.0                           # ClearScalar<float64>
         %2 = subtract(%0, %1)              # EncryptedTensor<float64, shape=(1, 1024, 14, 14)>
         %3 = 1.1140108108520508            # ClearScalar<float64>
         %4 = multiply(%3, %2)              # EncryptedTensor<float64, shape=(1, 1024, 14, 14)>
         %5 = 0.8367010431904947            # ClearScalar<float64>
         %6 = divide(%4, %5)                # EncryptedTensor<float64, shape=(1, 1024, 14, 14)>
         %7 = 0                             # ClearScalar<uint1>
         %8 = add(%6, %7)                   # EncryptedTensor<float64, shape=(1, 1024, 14, 14)>
         %9 = rint(%8)                      # EncryptedTensor<float64, shape=(1, 1024, 14, 14)>
        %10 = astype(%9, dtype=int_)        # EncryptedTensor<uint1, shape=(1, 1024, 14, 14)>
        return %10

    %265 = subgraph(%263):

         %0 = input                         # EncryptedTensor<uint1, shape=(1, 1024, 14, 14)>
         %1 = 0.0                           # ClearScalar<float64>
         %2 = subtract(%0, %1)              # EncryptedTensor<float64, shape=(1, 1024, 14, 14)>
         %3 = 1.3953582048416138            # ClearScalar<float64>
         %4 = multiply(%3, %2)              # EncryptedTensor<float64, shape=(1, 1024, 14, 14)>
         %5 = 0.8367010431904947            # ClearScalar<float64>
         %6 = divide(%4, %5)                # EncryptedTensor<float64, shape=(1, 1024, 14, 14)>
         %7 = 0                             # ClearScalar<uint1>
         %8 = add(%6, %7)                   # EncryptedTensor<float64, shape=(1, 1024, 14, 14)>
         %9 = rint(%8)                      # EncryptedTensor<float64, shape=(1, 1024, 14, 14)>
        %10 = astype(%9, dtype=int_)        # EncryptedTensor<uint1, shape=(1, 1024, 14, 14)>
        return %10

    %269 = subgraph(%268):

         %0 = input                          # EncryptedTensor<uint2, shape=(1, 1024, 14, 14)>
         %1 = 0.0                            # ClearScalar<float64>
         %2 = subtract(%0, %1)               # EncryptedTensor<float64, shape=(1, 1024, 14, 14)>
         %3 = 0.8367010431904947             # ClearScalar<float64>
         %4 = multiply(%3, %2)               # EncryptedTensor<float64, shape=(1, 1024, 14, 14)>
         %5 = 0                              # ClearScalar<uint1>
         %6 = maximum(%4, %5)                # EncryptedTensor<float64, shape=(1, 1024, 14, 14)>
         %7 = 1.7060955                      # ClearScalar<float32>
         %8 = divide(%6, %7)                 # EncryptedTensor<float64, shape=(1, 1024, 14, 14)>
         %9 = 0.0                            # ClearScalar<float32>
        %10 = add(%8, %9)                    # EncryptedTensor<float64, shape=(1, 1024, 14, 14)>
        %11 = 0.0                            # ClearScalar<float64>
        %12 = 15.0                           # ClearScalar<float64>
        %13 = clip(%10, %11, %12)            # EncryptedTensor<float64, shape=(1, 1024, 14, 14)>
        %14 = rint(%13)                      # EncryptedTensor<float64, shape=(1, 1024, 14, 14)>
        %15 = 0.0                            # ClearScalar<float32>
        %16 = subtract(%14, %15)             # EncryptedTensor<float64, shape=(1, 1024, 14, 14)>
        %17 = 1.7060955                      # ClearScalar<float32>
        %18 = multiply(%16, %17)             # EncryptedTensor<float64, shape=(1, 1024, 14, 14)>
        %19 = 1.7060954570770264             # ClearScalar<float64>
        %20 = divide(%18, %19)               # EncryptedTensor<float64, shape=(1, 1024, 14, 14)>
        %21 = 0                              # ClearScalar<uint1>
        %22 = add(%20, %21)                  # EncryptedTensor<float64, shape=(1, 1024, 14, 14)>
        %23 = rint(%22)                      # EncryptedTensor<float64, shape=(1, 1024, 14, 14)>
        %24 = astype(%23, dtype=int_)        # EncryptedTensor<uint1, shape=(1, 1024, 14, 14)>
        return %24

    %273 = subgraph(%272):

         %0 = input                            # EncryptedTensor<uint1, shape=(1, 256, 14, 14)>          @ /trunk/trunk.15/C1/Conv.conv_rounding
         %1 = astype(%0, dtype=float64)        # EncryptedTensor<float64, shape=(1, 256, 14, 14)>
         %2 = 0                                # ClearScalar<uint1>
         %3 = add(%1, %2)                      # EncryptedTensor<float64, shape=(1, 256, 14, 14)>
         %4 = [[[[0]]  [ ... ]  [[0]]]]        # ClearTensor<uint1, shape=(1, 256, 1, 1)>
         %5 = subtract(%3, %4)                 # EncryptedTensor<float64, shape=(1, 256, 14, 14)>
         %6 = 0.09488283437982403              # ClearScalar<float64>
         %7 = multiply(%6, %5)                 # EncryptedTensor<float64, shape=(1, 256, 14, 14)>
         %8 = [[[[-2.108 ... 73028 ]]]]        # ClearTensor<float32, shape=(1, 256, 1, 1)>
         %9 = subtract(%7, %8)                 # EncryptedTensor<float64, shape=(1, 256, 14, 14)>
        %10 = [[[[ 4.992 ... 863214]]]]        # ClearTensor<float32, shape=(1, 256, 1, 1)>
        %11 = divide(%9, %10)                  # EncryptedTensor<float64, shape=(1, 256, 14, 14)>
        %12 = [[[[0.8470 ... 78743 ]]]]        # ClearTensor<float32, shape=(1, 256, 1, 1)>
        %13 = multiply(%11, %12)               # EncryptedTensor<float64, shape=(1, 256, 14, 14)>
        %14 = [[[[ 1.602 ... 45e-02]]]]        # ClearTensor<float32, shape=(1, 256, 1, 1)>
        %15 = add(%13, %14)                    # EncryptedTensor<float64, shape=(1, 256, 14, 14)>
        %16 = 0                                # ClearScalar<uint1>
        %17 = maximum(%15, %16)                # EncryptedTensor<float64, shape=(1, 256, 14, 14)>
        %18 = 0.5220031                        # ClearScalar<float32>
        %19 = divide(%17, %18)                 # EncryptedTensor<float64, shape=(1, 256, 14, 14)>
        %20 = 0.0                              # ClearScalar<float32>
        %21 = add(%19, %20)                    # EncryptedTensor<float64, shape=(1, 256, 14, 14)>
        %22 = 0.0                              # ClearScalar<float64>
        %23 = 15.0                             # ClearScalar<float64>
        %24 = clip(%21, %22, %23)              # EncryptedTensor<float64, shape=(1, 256, 14, 14)>
        %25 = rint(%24)                        # EncryptedTensor<float64, shape=(1, 256, 14, 14)>
        %26 = 0.0                              # ClearScalar<float32>
        %27 = subtract(%25, %26)               # EncryptedTensor<float64, shape=(1, 256, 14, 14)>
        %28 = 0.5220031                        # ClearScalar<float32>
        %29 = multiply(%27, %28)               # EncryptedTensor<float64, shape=(1, 256, 14, 14)>
        %30 = 0.5220031142234802               # ClearScalar<float64>
        %31 = divide(%29, %30)                 # EncryptedTensor<float64, shape=(1, 256, 14, 14)>
        %32 = 0                                # ClearScalar<uint1>
        %33 = add(%31, %32)                    # EncryptedTensor<float64, shape=(1, 256, 14, 14)>
        %34 = rint(%33)                        # EncryptedTensor<float64, shape=(1, 256, 14, 14)>
        %35 = astype(%34, dtype=int_)          # EncryptedTensor<uint1, shape=(1, 256, 14, 14)>
        return %35

    %281 = subgraph(%280):

         %0 = input                            # EncryptedTensor<uint1, shape=(1, 256, 14, 14)>          @ /trunk/trunk.15/C2/Conv.conv_rounding
         %1 = astype(%0, dtype=float64)        # EncryptedTensor<float64, shape=(1, 256, 14, 14)>
         %2 = 0                                # ClearScalar<uint1>
         %3 = add(%1, %2)                      # EncryptedTensor<float64, shape=(1, 256, 14, 14)>
         %4 = [[[[0]]  [ ... ]  [[0]]]]        # ClearTensor<uint1, shape=(1, 256, 1, 1)>
         %5 = subtract(%3, %4)                 # EncryptedTensor<float64, shape=(1, 256, 14, 14)>
         %6 = 0.010832597769761643             # ClearScalar<float64>
         %7 = multiply(%6, %5)                 # EncryptedTensor<float64, shape=(1, 256, 14, 14)>
         %8 = [[[[-0.701 ... 94726 ]]]]        # ClearTensor<float32, shape=(1, 256, 1, 1)>
         %9 = subtract(%7, %8)                 # EncryptedTensor<float64, shape=(1, 256, 14, 14)>
        %10 = [[[[1.5902 ... 448051]]]]        # ClearTensor<float32, shape=(1, 256, 1, 1)>
        %11 = divide(%9, %10)                  # EncryptedTensor<float64, shape=(1, 256, 14, 14)>
        %12 = [[[[0.9141 ... 411345]]]]        # ClearTensor<float32, shape=(1, 256, 1, 1)>
        %13 = multiply(%11, %12)               # EncryptedTensor<float64, shape=(1, 256, 14, 14)>
        %14 = [[[[ 4.536 ... 67e-02]]]]        # ClearTensor<float32, shape=(1, 256, 1, 1)>
        %15 = add(%13, %14)                    # EncryptedTensor<float64, shape=(1, 256, 14, 14)>
        %16 = 0                                # ClearScalar<uint1>
        %17 = maximum(%15, %16)                # EncryptedTensor<float64, shape=(1, 256, 14, 14)>
        %18 = 0.5832792                        # ClearScalar<float32>
        %19 = divide(%17, %18)                 # EncryptedTensor<float64, shape=(1, 256, 14, 14)>
        %20 = 0.0                              # ClearScalar<float32>
        %21 = add(%19, %20)                    # EncryptedTensor<float64, shape=(1, 256, 14, 14)>
        %22 = 0.0                              # ClearScalar<float64>
        %23 = 15.0                             # ClearScalar<float64>
        %24 = clip(%21, %22, %23)              # EncryptedTensor<float64, shape=(1, 256, 14, 14)>
        %25 = rint(%24)                        # EncryptedTensor<float64, shape=(1, 256, 14, 14)>
        %26 = 0.0                              # ClearScalar<float32>
        %27 = subtract(%25, %26)               # EncryptedTensor<float64, shape=(1, 256, 14, 14)>
        %28 = 0.5832792                        # ClearScalar<float32>
        %29 = multiply(%27, %28)               # EncryptedTensor<float64, shape=(1, 256, 14, 14)>
        %30 = 0.5832791924476624               # ClearScalar<float64>
        %31 = divide(%29, %30)                 # EncryptedTensor<float64, shape=(1, 256, 14, 14)>
        %32 = 0                                # ClearScalar<uint1>
        %33 = add(%31, %32)                    # EncryptedTensor<float64, shape=(1, 256, 14, 14)>
        %34 = rint(%33)                        # EncryptedTensor<float64, shape=(1, 256, 14, 14)>
        %35 = astype(%34, dtype=int_)          # EncryptedTensor<uint1, shape=(1, 256, 14, 14)>
        return %35

    %285 = subgraph(%284):

         %0 = input                            # EncryptedTensor<uint1, shape=(1, 1024, 14, 14)>          @ /trunk/trunk.15/C3/Conv.conv_rounding
         %1 = astype(%0, dtype=float64)        # EncryptedTensor<float64, shape=(1, 1024, 14, 14)>
         %2 = 0                                # ClearScalar<uint1>
         %3 = add(%1, %2)                      # EncryptedTensor<float64, shape=(1, 1024, 14, 14)>
         %4 = [[[[0]]  [ ... ]  [[0]]]]        # ClearTensor<uint1, shape=(1, 1024, 1, 1)>
         %5 = subtract(%3, %4)                 # EncryptedTensor<float64, shape=(1, 1024, 14, 14)>
         %6 = 0.015123480183330984             # ClearScalar<float64>
         %7 = multiply(%6, %5)                 # EncryptedTensor<float64, shape=(1, 1024, 14, 14)>
         %8 = [[[[-0.116 ... 259237]]]]        # ClearTensor<float32, shape=(1, 1024, 1, 1)>
         %9 = subtract(%7, %8)                 # EncryptedTensor<float64, shape=(1, 1024, 14, 14)>
        %10 = [[[[0.5480 ... 959697]]]]        # ClearTensor<float32, shape=(1, 1024, 1, 1)>
        %11 = divide(%9, %10)                  # EncryptedTensor<float64, shape=(1, 1024, 14, 14)>
        %12 = [[[[0.8965 ... 17647 ]]]]        # ClearTensor<float32, shape=(1, 1024, 1, 1)>
        %13 = multiply(%11, %12)               # EncryptedTensor<float64, shape=(1, 1024, 14, 14)>
        %14 = [[[[ 0.004 ... 538484]]]]        # ClearTensor<float32, shape=(1, 1024, 1, 1)>
        %15 = add(%13, %14)                    # EncryptedTensor<float64, shape=(1, 1024, 14, 14)>
        %16 = 1.1737438                        # ClearScalar<float32>
        %17 = divide(%15, %16)                 # EncryptedTensor<float64, shape=(1, 1024, 14, 14)>
        %18 = 0.0                              # ClearScalar<float32>
        %19 = add(%17, %18)                    # EncryptedTensor<float64, shape=(1, 1024, 14, 14)>
        %20 = -8.0                             # ClearScalar<float64>
        %21 = 7.0                              # ClearScalar<float64>
        %22 = clip(%19, %20, %21)              # EncryptedTensor<float64, shape=(1, 1024, 14, 14)>
        %23 = rint(%22)                        # EncryptedTensor<float64, shape=(1, 1024, 14, 14)>
        %24 = 0.0                              # ClearScalar<float32>
        %25 = subtract(%23, %24)               # EncryptedTensor<float64, shape=(1, 1024, 14, 14)>
        %26 = 1.1737438                        # ClearScalar<float32>
        %27 = multiply(%25, %26)               # EncryptedTensor<float64, shape=(1, 1024, 14, 14)>
        %28 = 1.1737438440322876               # ClearScalar<float64>
        %29 = divide(%27, %28)                 # EncryptedTensor<float64, shape=(1, 1024, 14, 14)>
        %30 = 0                                # ClearScalar<uint1>
        %31 = add(%29, %30)                    # EncryptedTensor<float64, shape=(1, 1024, 14, 14)>
        %32 = rint(%31)                        # EncryptedTensor<float64, shape=(1, 1024, 14, 14)>
        %33 = astype(%32, dtype=int_)          # EncryptedTensor<uint1, shape=(1, 1024, 14, 14)>
        return %33

    %286 = subgraph(%268):

         %0 = input                          # EncryptedTensor<uint2, shape=(1, 1024, 14, 14)>
         %1 = 0.0                            # ClearScalar<float64>
         %2 = subtract(%0, %1)               # EncryptedTensor<float64, shape=(1, 1024, 14, 14)>
         %3 = 0.8367010431904947             # ClearScalar<float64>
         %4 = multiply(%3, %2)               # EncryptedTensor<float64, shape=(1, 1024, 14, 14)>
         %5 = 0                              # ClearScalar<uint1>
         %6 = maximum(%4, %5)                # EncryptedTensor<float64, shape=(1, 1024, 14, 14)>
         %7 = 1.7060955                      # ClearScalar<float32>
         %8 = divide(%6, %7)                 # EncryptedTensor<float64, shape=(1, 1024, 14, 14)>
         %9 = 0.0                            # ClearScalar<float32>
        %10 = add(%8, %9)                    # EncryptedTensor<float64, shape=(1, 1024, 14, 14)>
        %11 = 0.0                            # ClearScalar<float64>
        %12 = 15.0                           # ClearScalar<float64>
        %13 = clip(%10, %11, %12)            # EncryptedTensor<float64, shape=(1, 1024, 14, 14)>
        %14 = rint(%13)                      # EncryptedTensor<float64, shape=(1, 1024, 14, 14)>
        %15 = 0.0                            # ClearScalar<float32>
        %16 = subtract(%14, %15)             # EncryptedTensor<float64, shape=(1, 1024, 14, 14)>
        %17 = 1.7060955                      # ClearScalar<float32>
        %18 = multiply(%16, %17)             # EncryptedTensor<float64, shape=(1, 1024, 14, 14)>
        %19 = 1.7060954570770264             # ClearScalar<float64>
        %20 = divide(%18, %19)               # EncryptedTensor<float64, shape=(1, 1024, 14, 14)>
        %21 = 0                              # ClearScalar<uint1>
        %22 = add(%20, %21)                  # EncryptedTensor<float64, shape=(1, 1024, 14, 14)>
        %23 = rint(%22)                      # EncryptedTensor<float64, shape=(1, 1024, 14, 14)>
        %24 = astype(%23, dtype=int_)        # EncryptedTensor<uint1, shape=(1, 1024, 14, 14)>
        return %24

    %287 = subgraph(%285):

         %0 = input                         # EncryptedTensor<uint1, shape=(1, 1024, 14, 14)>
         %1 = 0.0                           # ClearScalar<float64>
         %2 = subtract(%0, %1)              # EncryptedTensor<float64, shape=(1, 1024, 14, 14)>
         %3 = 1.1737438440322876            # ClearScalar<float64>
         %4 = multiply(%3, %2)              # EncryptedTensor<float64, shape=(1, 1024, 14, 14)>
         %5 = 0.9804983177492695            # ClearScalar<float64>
         %6 = divide(%4, %5)                # EncryptedTensor<float64, shape=(1, 1024, 14, 14)>
         %7 = 0                             # ClearScalar<uint1>
         %8 = add(%6, %7)                   # EncryptedTensor<float64, shape=(1, 1024, 14, 14)>
         %9 = rint(%8)                      # EncryptedTensor<float64, shape=(1, 1024, 14, 14)>
        %10 = astype(%9, dtype=int_)        # EncryptedTensor<uint1, shape=(1, 1024, 14, 14)>
        return %10

    %288 = subgraph(%286):

         %0 = input                         # EncryptedTensor<uint1, shape=(1, 1024, 14, 14)>
         %1 = 0.0                           # ClearScalar<float64>
         %2 = subtract(%0, %1)              # EncryptedTensor<float64, shape=(1, 1024, 14, 14)>
         %3 = 1.7060954570770264            # ClearScalar<float64>
         %4 = multiply(%3, %2)              # EncryptedTensor<float64, shape=(1, 1024, 14, 14)>
         %5 = 0.9804983177492695            # ClearScalar<float64>
         %6 = divide(%4, %5)                # EncryptedTensor<float64, shape=(1, 1024, 14, 14)>
         %7 = 0                             # ClearScalar<uint1>
         %8 = add(%6, %7)                   # EncryptedTensor<float64, shape=(1, 1024, 14, 14)>
         %9 = rint(%8)                      # EncryptedTensor<float64, shape=(1, 1024, 14, 14)>
        %10 = astype(%9, dtype=int_)        # EncryptedTensor<uint1, shape=(1, 1024, 14, 14)>
        return %10

    %292 = subgraph(%291):

         %0 = input                          # EncryptedTensor<uint2, shape=(1, 1024, 14, 14)>
         %1 = 0.0                            # ClearScalar<float64>
         %2 = subtract(%0, %1)               # EncryptedTensor<float64, shape=(1, 1024, 14, 14)>
         %3 = 0.9804983177492695             # ClearScalar<float64>
         %4 = multiply(%3, %2)               # EncryptedTensor<float64, shape=(1, 1024, 14, 14)>
         %5 = 0                              # ClearScalar<uint1>
         %6 = maximum(%4, %5)                # EncryptedTensor<float64, shape=(1, 1024, 14, 14)>
         %7 = 2.0925648                      # ClearScalar<float32>
         %8 = divide(%6, %7)                 # EncryptedTensor<float64, shape=(1, 1024, 14, 14)>
         %9 = 0.0                            # ClearScalar<float32>
        %10 = add(%8, %9)                    # EncryptedTensor<float64, shape=(1, 1024, 14, 14)>
        %11 = 0.0                            # ClearScalar<float64>
        %12 = 15.0                           # ClearScalar<float64>
        %13 = clip(%10, %11, %12)            # EncryptedTensor<float64, shape=(1, 1024, 14, 14)>
        %14 = rint(%13)                      # EncryptedTensor<float64, shape=(1, 1024, 14, 14)>
        %15 = 0.0                            # ClearScalar<float32>
        %16 = subtract(%14, %15)             # EncryptedTensor<float64, shape=(1, 1024, 14, 14)>
        %17 = 2.0925648                      # ClearScalar<float32>
        %18 = multiply(%16, %17)             # EncryptedTensor<float64, shape=(1, 1024, 14, 14)>
        %19 = 2.092564821243286              # ClearScalar<float64>
        %20 = divide(%18, %19)               # EncryptedTensor<float64, shape=(1, 1024, 14, 14)>
        %21 = 0                              # ClearScalar<uint1>
        %22 = add(%20, %21)                  # EncryptedTensor<float64, shape=(1, 1024, 14, 14)>
        %23 = rint(%22)                      # EncryptedTensor<float64, shape=(1, 1024, 14, 14)>
        %24 = astype(%23, dtype=int_)        # EncryptedTensor<uint1, shape=(1, 1024, 14, 14)>
        return %24

    %296 = subgraph(%295):

         %0 = input                            # EncryptedTensor<uint1, shape=(1, 256, 14, 14)>          @ /trunk/trunk.16/C1/Conv.conv_rounding
         %1 = astype(%0, dtype=float64)        # EncryptedTensor<float64, shape=(1, 256, 14, 14)>
         %2 = 0                                # ClearScalar<uint1>
         %3 = add(%1, %2)                      # EncryptedTensor<float64, shape=(1, 256, 14, 14)>
         %4 = [[[[0]]  [ ... ]  [[0]]]]        # ClearTensor<uint1, shape=(1, 256, 1, 1)>
         %5 = subtract(%3, %4)                 # EncryptedTensor<float64, shape=(1, 256, 14, 14)>
         %6 = 0.12528908413746898              # ClearScalar<float64>
         %7 = multiply(%6, %5)                 # EncryptedTensor<float64, shape=(1, 256, 14, 14)>
         %8 = [[[[  1.38 ... 65173 ]]]]        # ClearTensor<float32, shape=(1, 256, 1, 1)>
         %9 = subtract(%7, %8)                 # EncryptedTensor<float64, shape=(1, 256, 14, 14)>
        %10 = [[[[ 5.029 ... 42927 ]]]]        # ClearTensor<float32, shape=(1, 256, 1, 1)>
        %11 = divide(%9, %10)                  # EncryptedTensor<float64, shape=(1, 256, 14, 14)>
        %12 = [[[[0.8389 ... 06273 ]]]]        # ClearTensor<float32, shape=(1, 256, 1, 1)>
        %13 = multiply(%11, %12)               # EncryptedTensor<float64, shape=(1, 256, 14, 14)>
        %14 = [[[[-0.000 ... 37349 ]]]]        # ClearTensor<float32, shape=(1, 256, 1, 1)>
        %15 = add(%13, %14)                    # EncryptedTensor<float64, shape=(1, 256, 14, 14)>
        %16 = 0                                # ClearScalar<uint1>
        %17 = maximum(%15, %16)                # EncryptedTensor<float64, shape=(1, 256, 14, 14)>
        %18 = 0.48446745                       # ClearScalar<float32>
        %19 = divide(%17, %18)                 # EncryptedTensor<float64, shape=(1, 256, 14, 14)>
        %20 = 0.0                              # ClearScalar<float32>
        %21 = add(%19, %20)                    # EncryptedTensor<float64, shape=(1, 256, 14, 14)>
        %22 = 0.0                              # ClearScalar<float64>
        %23 = 15.0                             # ClearScalar<float64>
        %24 = clip(%21, %22, %23)              # EncryptedTensor<float64, shape=(1, 256, 14, 14)>
        %25 = rint(%24)                        # EncryptedTensor<float64, shape=(1, 256, 14, 14)>
        %26 = 0.0                              # ClearScalar<float32>
        %27 = subtract(%25, %26)               # EncryptedTensor<float64, shape=(1, 256, 14, 14)>
        %28 = 0.48446745                       # ClearScalar<float32>
        %29 = multiply(%27, %28)               # EncryptedTensor<float64, shape=(1, 256, 14, 14)>
        %30 = 0.48446744680404663              # ClearScalar<float64>
        %31 = divide(%29, %30)                 # EncryptedTensor<float64, shape=(1, 256, 14, 14)>
        %32 = 0                                # ClearScalar<uint1>
        %33 = add(%31, %32)                    # EncryptedTensor<float64, shape=(1, 256, 14, 14)>
        %34 = rint(%33)                        # EncryptedTensor<float64, shape=(1, 256, 14, 14)>
        %35 = astype(%34, dtype=int_)          # EncryptedTensor<uint1, shape=(1, 256, 14, 14)>
        return %35

    %304 = subgraph(%303):

         %0 = input                            # EncryptedTensor<uint1, shape=(1, 256, 14, 14)>          @ /trunk/trunk.16/C2/Conv.conv_rounding
         %1 = astype(%0, dtype=float64)        # EncryptedTensor<float64, shape=(1, 256, 14, 14)>
         %2 = 0                                # ClearScalar<uint1>
         %3 = add(%1, %2)                      # EncryptedTensor<float64, shape=(1, 256, 14, 14)>
         %4 = [[[[0]]  [ ... ]  [[0]]]]        # ClearTensor<uint1, shape=(1, 256, 1, 1)>
         %5 = subtract(%3, %4)                 # EncryptedTensor<float64, shape=(1, 256, 14, 14)>
         %6 = 0.009946321685028736             # ClearScalar<float64>
         %7 = multiply(%6, %5)                 # EncryptedTensor<float64, shape=(1, 256, 14, 14)>
         %8 = [[[[-0.049 ... 66981 ]]]]        # ClearTensor<float32, shape=(1, 256, 1, 1)>
         %9 = subtract(%7, %8)                 # EncryptedTensor<float64, shape=(1, 256, 14, 14)>
        %10 = [[[[1.3150 ... 4504  ]]]]        # ClearTensor<float32, shape=(1, 256, 1, 1)>
        %11 = divide(%9, %10)                  # EncryptedTensor<float64, shape=(1, 256, 14, 14)>
        %12 = [[[[0.9493 ... 72514 ]]]]        # ClearTensor<float32, shape=(1, 256, 1, 1)>
        %13 = multiply(%11, %12)               # EncryptedTensor<float64, shape=(1, 256, 14, 14)>
        %14 = [[[[ 3.206 ... 09e-03]]]]        # ClearTensor<float32, shape=(1, 256, 1, 1)>
        %15 = add(%13, %14)                    # EncryptedTensor<float64, shape=(1, 256, 14, 14)>
        %16 = 0                                # ClearScalar<uint1>
        %17 = maximum(%15, %16)                # EncryptedTensor<float64, shape=(1, 256, 14, 14)>
        %18 = 0.54089737                       # ClearScalar<float32>
        %19 = divide(%17, %18)                 # EncryptedTensor<float64, shape=(1, 256, 14, 14)>
        %20 = 0.0                              # ClearScalar<float32>
        %21 = add(%19, %20)                    # EncryptedTensor<float64, shape=(1, 256, 14, 14)>
        %22 = 0.0                              # ClearScalar<float64>
        %23 = 15.0                             # ClearScalar<float64>
        %24 = clip(%21, %22, %23)              # EncryptedTensor<float64, shape=(1, 256, 14, 14)>
        %25 = rint(%24)                        # EncryptedTensor<float64, shape=(1, 256, 14, 14)>
        %26 = 0.0                              # ClearScalar<float32>
        %27 = subtract(%25, %26)               # EncryptedTensor<float64, shape=(1, 256, 14, 14)>
        %28 = 0.54089737                       # ClearScalar<float32>
        %29 = multiply(%27, %28)               # EncryptedTensor<float64, shape=(1, 256, 14, 14)>
        %30 = 0.5408973693847656               # ClearScalar<float64>
        %31 = divide(%29, %30)                 # EncryptedTensor<float64, shape=(1, 256, 14, 14)>
        %32 = 0                                # ClearScalar<uint1>
        %33 = add(%31, %32)                    # EncryptedTensor<float64, shape=(1, 256, 14, 14)>
        %34 = rint(%33)                        # EncryptedTensor<float64, shape=(1, 256, 14, 14)>
        %35 = astype(%34, dtype=int_)          # EncryptedTensor<uint1, shape=(1, 256, 14, 14)>
        return %35

    %308 = subgraph(%307):

         %0 = input                            # EncryptedTensor<uint1, shape=(1, 1024, 14, 14)>          @ /trunk/trunk.16/C3/Conv.conv_rounding
         %1 = astype(%0, dtype=float64)        # EncryptedTensor<float64, shape=(1, 1024, 14, 14)>
         %2 = 0                                # ClearScalar<uint1>
         %3 = add(%1, %2)                      # EncryptedTensor<float64, shape=(1, 1024, 14, 14)>
         %4 = [[[[0]]  [ ... ]  [[0]]]]        # ClearTensor<uint1, shape=(1, 1024, 1, 1)>
         %5 = subtract(%3, %4)                 # EncryptedTensor<float64, shape=(1, 1024, 14, 14)>
         %6 = 0.016818165967457332             # ClearScalar<float64>
         %7 = multiply(%6, %5)                 # EncryptedTensor<float64, shape=(1, 1024, 14, 14)>
         %8 = [[[[-0.215 ... 224158]]]]        # ClearTensor<float32, shape=(1, 1024, 1, 1)>
         %9 = subtract(%7, %8)                 # EncryptedTensor<float64, shape=(1, 1024, 14, 14)>
        %10 = [[[[0.6474 ... 229215]]]]        # ClearTensor<float32, shape=(1, 1024, 1, 1)>
        %11 = divide(%9, %10)                  # EncryptedTensor<float64, shape=(1, 1024, 14, 14)>
        %12 = [[[[0.8288 ... 94238 ]]]]        # ClearTensor<float32, shape=(1, 1024, 1, 1)>
        %13 = multiply(%11, %12)               # EncryptedTensor<float64, shape=(1, 1024, 14, 14)>
        %14 = [[[[-0.004 ... 74286 ]]]]        # ClearTensor<float32, shape=(1, 1024, 1, 1)>
        %15 = add(%13, %14)                    # EncryptedTensor<float64, shape=(1, 1024, 14, 14)>
        %16 = 1.0591937                        # ClearScalar<float32>
        %17 = divide(%15, %16)                 # EncryptedTensor<float64, shape=(1, 1024, 14, 14)>
        %18 = 0.0                              # ClearScalar<float32>
        %19 = add(%17, %18)                    # EncryptedTensor<float64, shape=(1, 1024, 14, 14)>
        %20 = -8.0                             # ClearScalar<float64>
        %21 = 7.0                              # ClearScalar<float64>
        %22 = clip(%19, %20, %21)              # EncryptedTensor<float64, shape=(1, 1024, 14, 14)>
        %23 = rint(%22)                        # EncryptedTensor<float64, shape=(1, 1024, 14, 14)>
        %24 = 0.0                              # ClearScalar<float32>
        %25 = subtract(%23, %24)               # EncryptedTensor<float64, shape=(1, 1024, 14, 14)>
        %26 = 1.0591937                        # ClearScalar<float32>
        %27 = multiply(%25, %26)               # EncryptedTensor<float64, shape=(1, 1024, 14, 14)>
        %28 = 1.059193730354309                # ClearScalar<float64>
        %29 = divide(%27, %28)                 # EncryptedTensor<float64, shape=(1, 1024, 14, 14)>
        %30 = 0                                # ClearScalar<uint1>
        %31 = add(%29, %30)                    # EncryptedTensor<float64, shape=(1, 1024, 14, 14)>
        %32 = rint(%31)                        # EncryptedTensor<float64, shape=(1, 1024, 14, 14)>
        %33 = astype(%32, dtype=int_)          # EncryptedTensor<uint1, shape=(1, 1024, 14, 14)>
        return %33

    %309 = subgraph(%291):

         %0 = input                          # EncryptedTensor<uint2, shape=(1, 1024, 14, 14)>
         %1 = 0.0                            # ClearScalar<float64>
         %2 = subtract(%0, %1)               # EncryptedTensor<float64, shape=(1, 1024, 14, 14)>
         %3 = 0.9804983177492695             # ClearScalar<float64>
         %4 = multiply(%3, %2)               # EncryptedTensor<float64, shape=(1, 1024, 14, 14)>
         %5 = 0                              # ClearScalar<uint1>
         %6 = maximum(%4, %5)                # EncryptedTensor<float64, shape=(1, 1024, 14, 14)>
         %7 = 2.0925648                      # ClearScalar<float32>
         %8 = divide(%6, %7)                 # EncryptedTensor<float64, shape=(1, 1024, 14, 14)>
         %9 = 0.0                            # ClearScalar<float32>
        %10 = add(%8, %9)                    # EncryptedTensor<float64, shape=(1, 1024, 14, 14)>
        %11 = 0.0                            # ClearScalar<float64>
        %12 = 15.0                           # ClearScalar<float64>
        %13 = clip(%10, %11, %12)            # EncryptedTensor<float64, shape=(1, 1024, 14, 14)>
        %14 = rint(%13)                      # EncryptedTensor<float64, shape=(1, 1024, 14, 14)>
        %15 = 0.0                            # ClearScalar<float32>
        %16 = subtract(%14, %15)             # EncryptedTensor<float64, shape=(1, 1024, 14, 14)>
        %17 = 2.0925648                      # ClearScalar<float32>
        %18 = multiply(%16, %17)             # EncryptedTensor<float64, shape=(1, 1024, 14, 14)>
        %19 = 2.092564821243286              # ClearScalar<float64>
        %20 = divide(%18, %19)               # EncryptedTensor<float64, shape=(1, 1024, 14, 14)>
        %21 = 0                              # ClearScalar<uint1>
        %22 = add(%20, %21)                  # EncryptedTensor<float64, shape=(1, 1024, 14, 14)>
        %23 = rint(%22)                      # EncryptedTensor<float64, shape=(1, 1024, 14, 14)>
        %24 = astype(%23, dtype=int_)        # EncryptedTensor<uint1, shape=(1, 1024, 14, 14)>
        return %24

    %310 = subgraph(%308):

         %0 = input                         # EncryptedTensor<uint1, shape=(1, 1024, 14, 14)>
         %1 = 0.0                           # ClearScalar<float64>
         %2 = subtract(%0, %1)              # EncryptedTensor<float64, shape=(1, 1024, 14, 14)>
         %3 = 1.059193730354309             # ClearScalar<float64>
         %4 = multiply(%3, %2)              # EncryptedTensor<float64, shape=(1, 1024, 14, 14)>
         %5 = 1.1850350403016614            # ClearScalar<float64>
         %6 = divide(%4, %5)                # EncryptedTensor<float64, shape=(1, 1024, 14, 14)>
         %7 = 0                             # ClearScalar<uint1>
         %8 = add(%6, %7)                   # EncryptedTensor<float64, shape=(1, 1024, 14, 14)>
         %9 = rint(%8)                      # EncryptedTensor<float64, shape=(1, 1024, 14, 14)>
        %10 = astype(%9, dtype=int_)        # EncryptedTensor<uint1, shape=(1, 1024, 14, 14)>
        return %10

    %311 = subgraph(%309):

         %0 = input                         # EncryptedTensor<uint1, shape=(1, 1024, 14, 14)>
         %1 = 0.0                           # ClearScalar<float64>
         %2 = subtract(%0, %1)              # EncryptedTensor<float64, shape=(1, 1024, 14, 14)>
         %3 = 2.092564821243286             # ClearScalar<float64>
         %4 = multiply(%3, %2)              # EncryptedTensor<float64, shape=(1, 1024, 14, 14)>
         %5 = 1.1850350403016614            # ClearScalar<float64>
         %6 = divide(%4, %5)                # EncryptedTensor<float64, shape=(1, 1024, 14, 14)>
         %7 = 0                             # ClearScalar<uint1>
         %8 = add(%6, %7)                   # EncryptedTensor<float64, shape=(1, 1024, 14, 14)>
         %9 = rint(%8)                      # EncryptedTensor<float64, shape=(1, 1024, 14, 14)>
        %10 = astype(%9, dtype=int_)        # EncryptedTensor<uint1, shape=(1, 1024, 14, 14)>
        return %10

    %315 = subgraph(%314):

         %0 = input                          # EncryptedTensor<uint2, shape=(1, 1024, 14, 14)>
         %1 = 0.0                            # ClearScalar<float64>
         %2 = subtract(%0, %1)               # EncryptedTensor<float64, shape=(1, 1024, 14, 14)>
         %3 = 1.1850350403016614             # ClearScalar<float64>
         %4 = multiply(%3, %2)               # EncryptedTensor<float64, shape=(1, 1024, 14, 14)>
         %5 = 0                              # ClearScalar<uint1>
         %6 = maximum(%4, %5)                # EncryptedTensor<float64, shape=(1, 1024, 14, 14)>
         %7 = 2.424031                       # ClearScalar<float32>
         %8 = divide(%6, %7)                 # EncryptedTensor<float64, shape=(1, 1024, 14, 14)>
         %9 = 0.0                            # ClearScalar<float32>
        %10 = add(%8, %9)                    # EncryptedTensor<float64, shape=(1, 1024, 14, 14)>
        %11 = 0.0                            # ClearScalar<float64>
        %12 = 15.0                           # ClearScalar<float64>
        %13 = clip(%10, %11, %12)            # EncryptedTensor<float64, shape=(1, 1024, 14, 14)>
        %14 = rint(%13)                      # EncryptedTensor<float64, shape=(1, 1024, 14, 14)>
        %15 = 0.0                            # ClearScalar<float32>
        %16 = subtract(%14, %15)             # EncryptedTensor<float64, shape=(1, 1024, 14, 14)>
        %17 = 2.424031                       # ClearScalar<float32>
        %18 = multiply(%16, %17)             # EncryptedTensor<float64, shape=(1, 1024, 14, 14)>
        %19 = 2.4240310192108154             # ClearScalar<float64>
        %20 = divide(%18, %19)               # EncryptedTensor<float64, shape=(1, 1024, 14, 14)>
        %21 = 0                              # ClearScalar<uint1>
        %22 = add(%20, %21)                  # EncryptedTensor<float64, shape=(1, 1024, 14, 14)>
        %23 = rint(%22)                      # EncryptedTensor<float64, shape=(1, 1024, 14, 14)>
        %24 = astype(%23, dtype=int_)        # EncryptedTensor<uint1, shape=(1, 1024, 14, 14)>
        return %24

    %319 = subgraph(%318):

         %0 = input                            # EncryptedTensor<uint1, shape=(1, 512, 14, 14)>          @ /trunk/trunk.17/C1/Conv.conv_rounding
         %1 = astype(%0, dtype=float64)        # EncryptedTensor<float64, shape=(1, 512, 14, 14)>
         %2 = 0                                # ClearScalar<uint1>
         %3 = add(%1, %2)                      # EncryptedTensor<float64, shape=(1, 512, 14, 14)>
         %4 = [[[[0]]  [ ... ]  [[0]]]]        # ClearTensor<uint1, shape=(1, 512, 1, 1)>
         %5 = subtract(%3, %4)                 # EncryptedTensor<float64, shape=(1, 512, 14, 14)>
         %6 = 0.10771144369867613              # ClearScalar<float64>
         %7 = multiply(%6, %5)                 # EncryptedTensor<float64, shape=(1, 512, 14, 14)>
         %8 = [[[[ 4.012 ... 55e+00]]]]        # ClearTensor<float32, shape=(1, 512, 1, 1)>
         %9 = subtract(%7, %8)                 # EncryptedTensor<float64, shape=(1, 512, 14, 14)>
        %10 = [[[[ 7.005 ... 549766]]]]        # ClearTensor<float32, shape=(1, 512, 1, 1)>
        %11 = divide(%9, %10)                  # EncryptedTensor<float64, shape=(1, 512, 14, 14)>
        %12 = [[[[0.8851 ... 7493  ]]]]        # ClearTensor<float32, shape=(1, 512, 1, 1)>
        %13 = multiply(%11, %12)               # EncryptedTensor<float64, shape=(1, 512, 14, 14)>
        %14 = [[[[ 6.805 ... 39e-03]]]]        # ClearTensor<float32, shape=(1, 512, 1, 1)>
        %15 = add(%13, %14)                    # EncryptedTensor<float64, shape=(1, 512, 14, 14)>
        %16 = 0                                # ClearScalar<uint1>
        %17 = maximum(%15, %16)                # EncryptedTensor<float64, shape=(1, 512, 14, 14)>
        %18 = 0.5131304                        # ClearScalar<float32>
        %19 = divide(%17, %18)                 # EncryptedTensor<float64, shape=(1, 512, 14, 14)>
        %20 = 0.0                              # ClearScalar<float32>
        %21 = add(%19, %20)                    # EncryptedTensor<float64, shape=(1, 512, 14, 14)>
        %22 = 0.0                              # ClearScalar<float64>
        %23 = 15.0                             # ClearScalar<float64>
        %24 = clip(%21, %22, %23)              # EncryptedTensor<float64, shape=(1, 512, 14, 14)>
        %25 = rint(%24)                        # EncryptedTensor<float64, shape=(1, 512, 14, 14)>
        %26 = 0.0                              # ClearScalar<float32>
        %27 = subtract(%25, %26)               # EncryptedTensor<float64, shape=(1, 512, 14, 14)>
        %28 = 0.5131304                        # ClearScalar<float32>
        %29 = multiply(%27, %28)               # EncryptedTensor<float64, shape=(1, 512, 14, 14)>
        %30 = 0.5131304264068604               # ClearScalar<float64>
        %31 = divide(%29, %30)                 # EncryptedTensor<float64, shape=(1, 512, 14, 14)>
        %32 = 0                                # ClearScalar<uint1>
        %33 = add(%31, %32)                    # EncryptedTensor<float64, shape=(1, 512, 14, 14)>
        %34 = rint(%33)                        # EncryptedTensor<float64, shape=(1, 512, 14, 14)>
        %35 = astype(%34, dtype=int_)          # EncryptedTensor<uint1, shape=(1, 512, 14, 14)>
        return %35

    %327 = subgraph(%326):

         %0 = input                            # EncryptedTensor<uint1, shape=(1, 512, 7, 7)>          @ /trunk/trunk.17/C2/Conv.conv_rounding
         %1 = astype(%0, dtype=float64)        # EncryptedTensor<float64, shape=(1, 512, 7, 7)>
         %2 = 0                                # ClearScalar<uint1>
         %3 = add(%1, %2)                      # EncryptedTensor<float64, shape=(1, 512, 7, 7)>
         %4 = [[[[0]]  [ ... ]  [[0]]]]        # ClearTensor<uint1, shape=(1, 512, 1, 1)>
         %5 = subtract(%3, %4)                 # EncryptedTensor<float64, shape=(1, 512, 7, 7)>
         %6 = 0.007396648268026551             # ClearScalar<float64>
         %7 = multiply(%6, %5)                 # EncryptedTensor<float64, shape=(1, 512, 7, 7)>
         %8 = [[[[ 0.922 ... 9495  ]]]]        # ClearTensor<float32, shape=(1, 512, 1, 1)>
         %9 = subtract(%7, %8)                 # EncryptedTensor<float64, shape=(1, 512, 7, 7)>
        %10 = [[[[3.2833 ... 294299]]]]        # ClearTensor<float32, shape=(1, 512, 1, 1)>
        %11 = divide(%9, %10)                  # EncryptedTensor<float64, shape=(1, 512, 7, 7)>
        %12 = [[[[0.9538 ... 34142 ]]]]        # ClearTensor<float32, shape=(1, 512, 1, 1)>
        %13 = multiply(%11, %12)               # EncryptedTensor<float64, shape=(1, 512, 7, 7)>
        %14 = [[[[ 1.510 ... 16e-03]]]]        # ClearTensor<float32, shape=(1, 512, 1, 1)>
        %15 = add(%13, %14)                    # EncryptedTensor<float64, shape=(1, 512, 7, 7)>
        %16 = 0                                # ClearScalar<uint1>
        %17 = maximum(%15, %16)                # EncryptedTensor<float64, shape=(1, 512, 7, 7)>
        %18 = 0.5161495                        # ClearScalar<float32>
        %19 = divide(%17, %18)                 # EncryptedTensor<float64, shape=(1, 512, 7, 7)>
        %20 = 0.0                              # ClearScalar<float32>
        %21 = add(%19, %20)                    # EncryptedTensor<float64, shape=(1, 512, 7, 7)>
        %22 = 0.0                              # ClearScalar<float64>
        %23 = 15.0                             # ClearScalar<float64>
        %24 = clip(%21, %22, %23)              # EncryptedTensor<float64, shape=(1, 512, 7, 7)>
        %25 = rint(%24)                        # EncryptedTensor<float64, shape=(1, 512, 7, 7)>
        %26 = 0.0                              # ClearScalar<float32>
        %27 = subtract(%25, %26)               # EncryptedTensor<float64, shape=(1, 512, 7, 7)>
        %28 = 0.5161495                        # ClearScalar<float32>
        %29 = multiply(%27, %28)               # EncryptedTensor<float64, shape=(1, 512, 7, 7)>
        %30 = 0.5161495208740234               # ClearScalar<float64>
        %31 = divide(%29, %30)                 # EncryptedTensor<float64, shape=(1, 512, 7, 7)>
        %32 = 0                                # ClearScalar<uint1>
        %33 = add(%31, %32)                    # EncryptedTensor<float64, shape=(1, 512, 7, 7)>
        %34 = rint(%33)                        # EncryptedTensor<float64, shape=(1, 512, 7, 7)>
        %35 = astype(%34, dtype=int_)          # EncryptedTensor<uint1, shape=(1, 512, 7, 7)>
        return %35

    %331 = subgraph(%314):

         %0 = input                          # EncryptedTensor<uint2, shape=(1, 1024, 14, 14)>
         %1 = 0.0                            # ClearScalar<float64>
         %2 = subtract(%0, %1)               # EncryptedTensor<float64, shape=(1, 1024, 14, 14)>
         %3 = 1.1850350403016614             # ClearScalar<float64>
         %4 = multiply(%3, %2)               # EncryptedTensor<float64, shape=(1, 1024, 14, 14)>
         %5 = 0                              # ClearScalar<uint1>
         %6 = maximum(%4, %5)                # EncryptedTensor<float64, shape=(1, 1024, 14, 14)>
         %7 = 2.424031                       # ClearScalar<float32>
         %8 = divide(%6, %7)                 # EncryptedTensor<float64, shape=(1, 1024, 14, 14)>
         %9 = 0.0                            # ClearScalar<float32>
        %10 = add(%8, %9)                    # EncryptedTensor<float64, shape=(1, 1024, 14, 14)>
        %11 = 0.0                            # ClearScalar<float64>
        %12 = 15.0                           # ClearScalar<float64>
        %13 = clip(%10, %11, %12)            # EncryptedTensor<float64, shape=(1, 1024, 14, 14)>
        %14 = rint(%13)                      # EncryptedTensor<float64, shape=(1, 1024, 14, 14)>
        %15 = 0.0                            # ClearScalar<float32>
        %16 = subtract(%14, %15)             # EncryptedTensor<float64, shape=(1, 1024, 14, 14)>
        %17 = 2.424031                       # ClearScalar<float32>
        %18 = multiply(%16, %17)             # EncryptedTensor<float64, shape=(1, 1024, 14, 14)>
        %19 = 2.4240310192108154             # ClearScalar<float64>
        %20 = divide(%18, %19)               # EncryptedTensor<float64, shape=(1, 1024, 14, 14)>
        %21 = 0                              # ClearScalar<uint1>
        %22 = add(%20, %21)                  # EncryptedTensor<float64, shape=(1, 1024, 14, 14)>
        %23 = rint(%22)                      # EncryptedTensor<float64, shape=(1, 1024, 14, 14)>
        %24 = astype(%23, dtype=int_)        # EncryptedTensor<uint1, shape=(1, 1024, 14, 14)>
        return %24

    %335 = subgraph(%330):

         %0 = input                            # EncryptedTensor<uint1, shape=(1, 2048, 7, 7)>          @ /trunk/trunk.17/C3/Conv.conv_rounding
         %1 = astype(%0, dtype=float64)        # EncryptedTensor<float64, shape=(1, 2048, 7, 7)>
         %2 = 0                                # ClearScalar<uint1>
         %3 = add(%1, %2)                      # EncryptedTensor<float64, shape=(1, 2048, 7, 7)>
         %4 = [[[[0]]  [ ... ]  [[0]]]]        # ClearTensor<uint1, shape=(1, 2048, 1, 1)>
         %5 = subtract(%3, %4)                 # EncryptedTensor<float64, shape=(1, 2048, 7, 7)>
         %6 = 0.011474934128187897             # ClearScalar<float64>
         %7 = multiply(%6, %5)                 # EncryptedTensor<float64, shape=(1, 2048, 7, 7)>
         %8 = [[[[ 0.489 ... 505743]]]]        # ClearTensor<float32, shape=(1, 2048, 1, 1)>
         %9 = subtract(%7, %8)                 # EncryptedTensor<float64, shape=(1, 2048, 7, 7)>
        %10 = [[[[1.2299 ... 800416]]]]        # ClearTensor<float32, shape=(1, 2048, 1, 1)>
        %11 = divide(%9, %10)                  # EncryptedTensor<float64, shape=(1, 2048, 7, 7)>
        %12 = [[[[0.9503 ... 118294]]]]        # ClearTensor<float32, shape=(1, 2048, 1, 1)>
        %13 = multiply(%11, %12)               # EncryptedTensor<float64, shape=(1, 2048, 7, 7)>
        %14 = [[[[-0.020 ... 631014]]]]        # ClearTensor<float32, shape=(1, 2048, 1, 1)>
        %15 = add(%13, %14)                    # EncryptedTensor<float64, shape=(1, 2048, 7, 7)>
        %16 = 1.0645207                        # ClearScalar<float32>
        %17 = divide(%15, %16)                 # EncryptedTensor<float64, shape=(1, 2048, 7, 7)>
        %18 = 0.0                              # ClearScalar<float32>
        %19 = add(%17, %18)                    # EncryptedTensor<float64, shape=(1, 2048, 7, 7)>
        %20 = -8.0                             # ClearScalar<float64>
        %21 = 7.0                              # ClearScalar<float64>
        %22 = clip(%19, %20, %21)              # EncryptedTensor<float64, shape=(1, 2048, 7, 7)>
        %23 = rint(%22)                        # EncryptedTensor<float64, shape=(1, 2048, 7, 7)>
        %24 = 0.0                              # ClearScalar<float32>
        %25 = subtract(%23, %24)               # EncryptedTensor<float64, shape=(1, 2048, 7, 7)>
        %26 = 1.0645207                        # ClearScalar<float32>
        %27 = multiply(%25, %26)               # EncryptedTensor<float64, shape=(1, 2048, 7, 7)>
        %28 = 1.0645207166671753               # ClearScalar<float64>
        %29 = divide(%27, %28)                 # EncryptedTensor<float64, shape=(1, 2048, 7, 7)>
        %30 = 0                                # ClearScalar<uint1>
        %31 = add(%29, %30)                    # EncryptedTensor<float64, shape=(1, 2048, 7, 7)>
        %32 = rint(%31)                        # EncryptedTensor<float64, shape=(1, 2048, 7, 7)>
        %33 = astype(%32, dtype=int_)          # EncryptedTensor<uint1, shape=(1, 2048, 7, 7)>
        return %33

    %336 = subgraph(%334):

         %0 = input                            # EncryptedTensor<uint1, shape=(1, 2048, 7, 7)>          @ /trunk/trunk.17/shortcut/Conv.conv_rounding
         %1 = astype(%0, dtype=float64)        # EncryptedTensor<float64, shape=(1, 2048, 7, 7)>
         %2 = 0                                # ClearScalar<uint1>
         %3 = add(%1, %2)                      # EncryptedTensor<float64, shape=(1, 2048, 7, 7)>
         %4 = [[[[0]]  [ ... ]  [[0]]]]        # ClearTensor<uint1, shape=(1, 2048, 1, 1)>
         %5 = subtract(%3, %4)                 # EncryptedTensor<float64, shape=(1, 2048, 7, 7)>
         %6 = 0.04991289785898401              # ClearScalar<float64>
         %7 = multiply(%6, %5)                 # EncryptedTensor<float64, shape=(1, 2048, 7, 7)>
         %8 = [[[[ 6.781 ... 24452 ]]]]        # ClearTensor<float32, shape=(1, 2048, 1, 1)>
         %9 = subtract(%7, %8)                 # EncryptedTensor<float64, shape=(1, 2048, 7, 7)>
        %10 = [[[[4.9551 ... 683395]]]]        # ClearTensor<float32, shape=(1, 2048, 1, 1)>
        %11 = divide(%9, %10)                  # EncryptedTensor<float64, shape=(1, 2048, 7, 7)>
        %12 = [[[[0.9870 ... 05591 ]]]]        # ClearTensor<float32, shape=(1, 2048, 1, 1)>
        %13 = multiply(%11, %12)               # EncryptedTensor<float64, shape=(1, 2048, 7, 7)>
        %14 = [[[[-0.000 ... 631014]]]]        # ClearTensor<float32, shape=(1, 2048, 1, 1)>
        %15 = add(%13, %14)                    # EncryptedTensor<float64, shape=(1, 2048, 7, 7)>
        %16 = 1.0424247                        # ClearScalar<float32>
        %17 = divide(%15, %16)                 # EncryptedTensor<float64, shape=(1, 2048, 7, 7)>
        %18 = 0.0                              # ClearScalar<float32>
        %19 = add(%17, %18)                    # EncryptedTensor<float64, shape=(1, 2048, 7, 7)>
        %20 = -8.0                             # ClearScalar<float64>
        %21 = 7.0                              # ClearScalar<float64>
        %22 = clip(%19, %20, %21)              # EncryptedTensor<float64, shape=(1, 2048, 7, 7)>
        %23 = rint(%22)                        # EncryptedTensor<float64, shape=(1, 2048, 7, 7)>
        %24 = 0.0                              # ClearScalar<float32>
        %25 = subtract(%23, %24)               # EncryptedTensor<float64, shape=(1, 2048, 7, 7)>
        %26 = 1.0424247                        # ClearScalar<float32>
        %27 = multiply(%25, %26)               # EncryptedTensor<float64, shape=(1, 2048, 7, 7)>
        %28 = 1.0424246788024902               # ClearScalar<float64>
        %29 = divide(%27, %28)                 # EncryptedTensor<float64, shape=(1, 2048, 7, 7)>
        %30 = 0                                # ClearScalar<uint1>
        %31 = add(%29, %30)                    # EncryptedTensor<float64, shape=(1, 2048, 7, 7)>
        %32 = rint(%31)                        # EncryptedTensor<float64, shape=(1, 2048, 7, 7)>
        %33 = astype(%32, dtype=int_)          # EncryptedTensor<uint1, shape=(1, 2048, 7, 7)>
        return %33

    %337 = subgraph(%335):

         %0 = input                         # EncryptedTensor<uint1, shape=(1, 2048, 7, 7)>
         %1 = 0.0                           # ClearScalar<float64>
         %2 = subtract(%0, %1)              # EncryptedTensor<float64, shape=(1, 2048, 7, 7)>
         %3 = 1.0645207166671753            # ClearScalar<float64>
         %4 = multiply(%3, %2)              # EncryptedTensor<float64, shape=(1, 2048, 7, 7)>
         %5 = 0.6796598049902147            # ClearScalar<float64>
         %6 = divide(%4, %5)                # EncryptedTensor<float64, shape=(1, 2048, 7, 7)>
         %7 = 0                             # ClearScalar<uint1>
         %8 = add(%6, %7)                   # EncryptedTensor<float64, shape=(1, 2048, 7, 7)>
         %9 = rint(%8)                      # EncryptedTensor<float64, shape=(1, 2048, 7, 7)>
        %10 = astype(%9, dtype=int_)        # EncryptedTensor<uint1, shape=(1, 2048, 7, 7)>
        return %10

    %338 = subgraph(%336):

         %0 = input                         # EncryptedTensor<uint1, shape=(1, 2048, 7, 7)>
         %1 = 0.0                           # ClearScalar<float64>
         %2 = subtract(%0, %1)              # EncryptedTensor<float64, shape=(1, 2048, 7, 7)>
         %3 = 1.0424246788024902            # ClearScalar<float64>
         %4 = multiply(%3, %2)              # EncryptedTensor<float64, shape=(1, 2048, 7, 7)>
         %5 = 0.6796598049902147            # ClearScalar<float64>
         %6 = divide(%4, %5)                # EncryptedTensor<float64, shape=(1, 2048, 7, 7)>
         %7 = 0                             # ClearScalar<uint1>
         %8 = add(%6, %7)                   # EncryptedTensor<float64, shape=(1, 2048, 7, 7)>
         %9 = rint(%8)                      # EncryptedTensor<float64, shape=(1, 2048, 7, 7)>
        %10 = astype(%9, dtype=int_)        # EncryptedTensor<uint1, shape=(1, 2048, 7, 7)>
        return %10

    %342 = subgraph(%341):

         %0 = input                          # EncryptedTensor<uint2, shape=(1, 2048, 7, 7)>
         %1 = 0.0                            # ClearScalar<float64>
         %2 = subtract(%0, %1)               # EncryptedTensor<float64, shape=(1, 2048, 7, 7)>
         %3 = 0.6796598049902147             # ClearScalar<float64>
         %4 = multiply(%3, %2)               # EncryptedTensor<float64, shape=(1, 2048, 7, 7)>
         %5 = 0                              # ClearScalar<uint1>
         %6 = maximum(%4, %5)                # EncryptedTensor<float64, shape=(1, 2048, 7, 7)>
         %7 = 0.9619039                      # ClearScalar<float32>
         %8 = divide(%6, %7)                 # EncryptedTensor<float64, shape=(1, 2048, 7, 7)>
         %9 = 0.0                            # ClearScalar<float32>
        %10 = add(%8, %9)                    # EncryptedTensor<float64, shape=(1, 2048, 7, 7)>
        %11 = 0.0                            # ClearScalar<float64>
        %12 = 15.0                           # ClearScalar<float64>
        %13 = clip(%10, %11, %12)            # EncryptedTensor<float64, shape=(1, 2048, 7, 7)>
        %14 = rint(%13)                      # EncryptedTensor<float64, shape=(1, 2048, 7, 7)>
        %15 = 0.0                            # ClearScalar<float32>
        %16 = subtract(%14, %15)             # EncryptedTensor<float64, shape=(1, 2048, 7, 7)>
        %17 = 0.9619039                      # ClearScalar<float32>
        %18 = multiply(%16, %17)             # EncryptedTensor<float64, shape=(1, 2048, 7, 7)>
        %19 = 0.9619039297103882             # ClearScalar<float64>
        %20 = divide(%18, %19)               # EncryptedTensor<float64, shape=(1, 2048, 7, 7)>
        %21 = 0                              # ClearScalar<uint1>
        %22 = add(%20, %21)                  # EncryptedTensor<float64, shape=(1, 2048, 7, 7)>
        %23 = rint(%22)                      # EncryptedTensor<float64, shape=(1, 2048, 7, 7)>
        %24 = astype(%23, dtype=int_)        # EncryptedTensor<uint1, shape=(1, 2048, 7, 7)>
        return %24

    %346 = subgraph(%345):

         %0 = input                            # EncryptedTensor<uint1, shape=(1, 512, 7, 7)>          @ /trunk/trunk.18/C1/Conv.conv_rounding
         %1 = astype(%0, dtype=float64)        # EncryptedTensor<float64, shape=(1, 512, 7, 7)>
         %2 = 0                                # ClearScalar<uint1>
         %3 = add(%1, %2)                      # EncryptedTensor<float64, shape=(1, 512, 7, 7)>
         %4 = [[[[0]]  [ ... ]  [[0]]]]        # ClearTensor<uint1, shape=(1, 512, 1, 1)>
         %5 = subtract(%3, %4)                 # EncryptedTensor<float64, shape=(1, 512, 7, 7)>
         %6 = 0.045945020290782956             # ClearScalar<float64>
         %7 = multiply(%6, %5)                 # EncryptedTensor<float64, shape=(1, 512, 7, 7)>
         %8 = [[[[ 1.289 ... 18852 ]]]]        # ClearTensor<float32, shape=(1, 512, 1, 1)>
         %9 = subtract(%7, %8)                 # EncryptedTensor<float64, shape=(1, 512, 7, 7)>
        %10 = [[[[4.1519 ... 52797 ]]]]        # ClearTensor<float32, shape=(1, 512, 1, 1)>
        %11 = divide(%9, %10)                  # EncryptedTensor<float64, shape=(1, 512, 7, 7)>
        %12 = [[[[0.8257 ... 63314 ]]]]        # ClearTensor<float32, shape=(1, 512, 1, 1)>
        %13 = multiply(%11, %12)               # EncryptedTensor<float64, shape=(1, 512, 7, 7)>
        %14 = [[[[-5.429 ... 93e-02]]]]        # ClearTensor<float32, shape=(1, 512, 1, 1)>
        %15 = add(%13, %14)                    # EncryptedTensor<float64, shape=(1, 512, 7, 7)>
        %16 = 0                                # ClearScalar<uint1>
        %17 = maximum(%15, %16)                # EncryptedTensor<float64, shape=(1, 512, 7, 7)>
        %18 = 0.51200575                       # ClearScalar<float32>
        %19 = divide(%17, %18)                 # EncryptedTensor<float64, shape=(1, 512, 7, 7)>
        %20 = 0.0                              # ClearScalar<float32>
        %21 = add(%19, %20)                    # EncryptedTensor<float64, shape=(1, 512, 7, 7)>
        %22 = 0.0                              # ClearScalar<float64>
        %23 = 15.0                             # ClearScalar<float64>
        %24 = clip(%21, %22, %23)              # EncryptedTensor<float64, shape=(1, 512, 7, 7)>
        %25 = rint(%24)                        # EncryptedTensor<float64, shape=(1, 512, 7, 7)>
        %26 = 0.0                              # ClearScalar<float32>
        %27 = subtract(%25, %26)               # EncryptedTensor<float64, shape=(1, 512, 7, 7)>
        %28 = 0.51200575                       # ClearScalar<float32>
        %29 = multiply(%27, %28)               # EncryptedTensor<float64, shape=(1, 512, 7, 7)>
        %30 = 0.5120057463645935               # ClearScalar<float64>
        %31 = divide(%29, %30)                 # EncryptedTensor<float64, shape=(1, 512, 7, 7)>
        %32 = 0                                # ClearScalar<uint1>
        %33 = add(%31, %32)                    # EncryptedTensor<float64, shape=(1, 512, 7, 7)>
        %34 = rint(%33)                        # EncryptedTensor<float64, shape=(1, 512, 7, 7)>
        %35 = astype(%34, dtype=int_)          # EncryptedTensor<uint1, shape=(1, 512, 7, 7)>
        return %35

    %354 = subgraph(%353):

         %0 = input                            # EncryptedTensor<uint1, shape=(1, 512, 7, 7)>          @ /trunk/trunk.18/C2/Conv.conv_rounding
         %1 = astype(%0, dtype=float64)        # EncryptedTensor<float64, shape=(1, 512, 7, 7)>
         %2 = 0                                # ClearScalar<uint1>
         %3 = add(%1, %2)                      # EncryptedTensor<float64, shape=(1, 512, 7, 7)>
         %4 = [[[[0]]  [ ... ]  [[0]]]]        # ClearTensor<uint1, shape=(1, 512, 1, 1)>
         %5 = subtract(%3, %4)                 # EncryptedTensor<float64, shape=(1, 512, 7, 7)>
         %6 = 0.008621565305923506             # ClearScalar<float64>
         %7 = multiply(%6, %5)                 # EncryptedTensor<float64, shape=(1, 512, 7, 7)>
         %8 = [[[[ 6.230 ... 80e+00]]]]        # ClearTensor<float32, shape=(1, 512, 1, 1)>
         %9 = subtract(%7, %8)                 # EncryptedTensor<float64, shape=(1, 512, 7, 7)>
        %10 = [[[[2.4734 ... 017458]]]]        # ClearTensor<float32, shape=(1, 512, 1, 1)>
        %11 = divide(%9, %10)                  # EncryptedTensor<float64, shape=(1, 512, 7, 7)>
        %12 = [[[[0.9572 ... 49831 ]]]]        # ClearTensor<float32, shape=(1, 512, 1, 1)>
        %13 = multiply(%11, %12)               # EncryptedTensor<float64, shape=(1, 512, 7, 7)>
        %14 = [[[[-1.067 ... 15e-03]]]]        # ClearTensor<float32, shape=(1, 512, 1, 1)>
        %15 = add(%13, %14)                    # EncryptedTensor<float64, shape=(1, 512, 7, 7)>
        %16 = 0                                # ClearScalar<uint1>
        %17 = maximum(%15, %16)                # EncryptedTensor<float64, shape=(1, 512, 7, 7)>
        %18 = 0.5708927                        # ClearScalar<float32>
        %19 = divide(%17, %18)                 # EncryptedTensor<float64, shape=(1, 512, 7, 7)>
        %20 = 0.0                              # ClearScalar<float32>
        %21 = add(%19, %20)                    # EncryptedTensor<float64, shape=(1, 512, 7, 7)>
        %22 = 0.0                              # ClearScalar<float64>
        %23 = 15.0                             # ClearScalar<float64>
        %24 = clip(%21, %22, %23)              # EncryptedTensor<float64, shape=(1, 512, 7, 7)>
        %25 = rint(%24)                        # EncryptedTensor<float64, shape=(1, 512, 7, 7)>
        %26 = 0.0                              # ClearScalar<float32>
        %27 = subtract(%25, %26)               # EncryptedTensor<float64, shape=(1, 512, 7, 7)>
        %28 = 0.5708927                        # ClearScalar<float32>
        %29 = multiply(%27, %28)               # EncryptedTensor<float64, shape=(1, 512, 7, 7)>
        %30 = 0.5708926916122437               # ClearScalar<float64>
        %31 = divide(%29, %30)                 # EncryptedTensor<float64, shape=(1, 512, 7, 7)>
        %32 = 0                                # ClearScalar<uint1>
        %33 = add(%31, %32)                    # EncryptedTensor<float64, shape=(1, 512, 7, 7)>
        %34 = rint(%33)                        # EncryptedTensor<float64, shape=(1, 512, 7, 7)>
        %35 = astype(%34, dtype=int_)          # EncryptedTensor<uint1, shape=(1, 512, 7, 7)>
        return %35

    %358 = subgraph(%357):

         %0 = input                            # EncryptedTensor<uint1, shape=(1, 2048, 7, 7)>          @ /trunk/trunk.18/C3/Conv.conv_rounding
         %1 = astype(%0, dtype=float64)        # EncryptedTensor<float64, shape=(1, 2048, 7, 7)>
         %2 = 0                                # ClearScalar<uint1>
         %3 = add(%1, %2)                      # EncryptedTensor<float64, shape=(1, 2048, 7, 7)>
         %4 = [[[[0]]  [ ... ]  [[0]]]]        # ClearTensor<uint1, shape=(1, 2048, 1, 1)>
         %5 = subtract(%3, %4)                 # EncryptedTensor<float64, shape=(1, 2048, 7, 7)>
         %6 = 0.013007171383947469             # ClearScalar<float64>
         %7 = multiply(%6, %5)                 # EncryptedTensor<float64, shape=(1, 2048, 7, 7)>
         %8 = [[[[-0.211 ... 10218 ]]]]        # ClearTensor<float32, shape=(1, 2048, 1, 1)>
         %9 = subtract(%7, %8)                 # EncryptedTensor<float64, shape=(1, 2048, 7, 7)>
        %10 = [[[[0.6593 ... 106956]]]]        # ClearTensor<float32, shape=(1, 2048, 1, 1)>
        %11 = divide(%9, %10)                  # EncryptedTensor<float64, shape=(1, 2048, 7, 7)>
        %12 = [[[[0.6657 ... 80068 ]]]]        # ClearTensor<float32, shape=(1, 2048, 1, 1)>
        %13 = multiply(%11, %12)               # EncryptedTensor<float64, shape=(1, 2048, 7, 7)>
        %14 = [[[[-0.019 ... 698472]]]]        # ClearTensor<float32, shape=(1, 2048, 1, 1)>
        %15 = add(%13, %14)                    # EncryptedTensor<float64, shape=(1, 2048, 7, 7)>
        %16 = 1.1149497                        # ClearScalar<float32>
        %17 = divide(%15, %16)                 # EncryptedTensor<float64, shape=(1, 2048, 7, 7)>
        %18 = 0.0                              # ClearScalar<float32>
        %19 = add(%17, %18)                    # EncryptedTensor<float64, shape=(1, 2048, 7, 7)>
        %20 = -8.0                             # ClearScalar<float64>
        %21 = 7.0                              # ClearScalar<float64>
        %22 = clip(%19, %20, %21)              # EncryptedTensor<float64, shape=(1, 2048, 7, 7)>
        %23 = rint(%22)                        # EncryptedTensor<float64, shape=(1, 2048, 7, 7)>
        %24 = 0.0                              # ClearScalar<float32>
        %25 = subtract(%23, %24)               # EncryptedTensor<float64, shape=(1, 2048, 7, 7)>
        %26 = 1.1149497                        # ClearScalar<float32>
        %27 = multiply(%25, %26)               # EncryptedTensor<float64, shape=(1, 2048, 7, 7)>
        %28 = 1.1149497032165527               # ClearScalar<float64>
        %29 = divide(%27, %28)                 # EncryptedTensor<float64, shape=(1, 2048, 7, 7)>
        %30 = 0                                # ClearScalar<uint1>
        %31 = add(%29, %30)                    # EncryptedTensor<float64, shape=(1, 2048, 7, 7)>
        %32 = rint(%31)                        # EncryptedTensor<float64, shape=(1, 2048, 7, 7)>
        %33 = astype(%32, dtype=int_)          # EncryptedTensor<uint1, shape=(1, 2048, 7, 7)>
        return %33

    %359 = subgraph(%341):

         %0 = input                          # EncryptedTensor<uint2, shape=(1, 2048, 7, 7)>
         %1 = 0.0                            # ClearScalar<float64>
         %2 = subtract(%0, %1)               # EncryptedTensor<float64, shape=(1, 2048, 7, 7)>
         %3 = 0.6796598049902147             # ClearScalar<float64>
         %4 = multiply(%3, %2)               # EncryptedTensor<float64, shape=(1, 2048, 7, 7)>
         %5 = 0                              # ClearScalar<uint1>
         %6 = maximum(%4, %5)                # EncryptedTensor<float64, shape=(1, 2048, 7, 7)>
         %7 = 0.9619039                      # ClearScalar<float32>
         %8 = divide(%6, %7)                 # EncryptedTensor<float64, shape=(1, 2048, 7, 7)>
         %9 = 0.0                            # ClearScalar<float32>
        %10 = add(%8, %9)                    # EncryptedTensor<float64, shape=(1, 2048, 7, 7)>
        %11 = 0.0                            # ClearScalar<float64>
        %12 = 15.0                           # ClearScalar<float64>
        %13 = clip(%10, %11, %12)            # EncryptedTensor<float64, shape=(1, 2048, 7, 7)>
        %14 = rint(%13)                      # EncryptedTensor<float64, shape=(1, 2048, 7, 7)>
        %15 = 0.0                            # ClearScalar<float32>
        %16 = subtract(%14, %15)             # EncryptedTensor<float64, shape=(1, 2048, 7, 7)>
        %17 = 0.9619039                      # ClearScalar<float32>
        %18 = multiply(%16, %17)             # EncryptedTensor<float64, shape=(1, 2048, 7, 7)>
        %19 = 0.9619039297103882             # ClearScalar<float64>
        %20 = divide(%18, %19)               # EncryptedTensor<float64, shape=(1, 2048, 7, 7)>
        %21 = 0                              # ClearScalar<uint1>
        %22 = add(%20, %21)                  # EncryptedTensor<float64, shape=(1, 2048, 7, 7)>
        %23 = rint(%22)                      # EncryptedTensor<float64, shape=(1, 2048, 7, 7)>
        %24 = astype(%23, dtype=int_)        # EncryptedTensor<uint1, shape=(1, 2048, 7, 7)>
        return %24

    %360 = subgraph(%358):

         %0 = input                         # EncryptedTensor<uint1, shape=(1, 2048, 7, 7)>
         %1 = 0.0                           # ClearScalar<float64>
         %2 = subtract(%0, %1)              # EncryptedTensor<float64, shape=(1, 2048, 7, 7)>
         %3 = 1.1149497032165527            # ClearScalar<float64>
         %4 = multiply(%3, %2)              # EncryptedTensor<float64, shape=(1, 2048, 7, 7)>
         %5 = 0.700981943838058             # ClearScalar<float64>
         %6 = divide(%4, %5)                # EncryptedTensor<float64, shape=(1, 2048, 7, 7)>
         %7 = 0                             # ClearScalar<uint1>
         %8 = add(%6, %7)                   # EncryptedTensor<float64, shape=(1, 2048, 7, 7)>
         %9 = rint(%8)                      # EncryptedTensor<float64, shape=(1, 2048, 7, 7)>
        %10 = astype(%9, dtype=int_)        # EncryptedTensor<uint1, shape=(1, 2048, 7, 7)>
        return %10

    %361 = subgraph(%359):

         %0 = input                         # EncryptedTensor<uint1, shape=(1, 2048, 7, 7)>
         %1 = 0.0                           # ClearScalar<float64>
         %2 = subtract(%0, %1)              # EncryptedTensor<float64, shape=(1, 2048, 7, 7)>
         %3 = 0.9619039297103882            # ClearScalar<float64>
         %4 = multiply(%3, %2)              # EncryptedTensor<float64, shape=(1, 2048, 7, 7)>
         %5 = 0.700981943838058             # ClearScalar<float64>
         %6 = divide(%4, %5)                # EncryptedTensor<float64, shape=(1, 2048, 7, 7)>
         %7 = 0                             # ClearScalar<uint1>
         %8 = add(%6, %7)                   # EncryptedTensor<float64, shape=(1, 2048, 7, 7)>
         %9 = rint(%8)                      # EncryptedTensor<float64, shape=(1, 2048, 7, 7)>
        %10 = astype(%9, dtype=int_)        # EncryptedTensor<uint1, shape=(1, 2048, 7, 7)>
        return %10

    %365 = subgraph(%364):

         %0 = input                          # EncryptedTensor<uint2, shape=(1, 2048, 7, 7)>
         %1 = 0.0                            # ClearScalar<float64>
         %2 = subtract(%0, %1)               # EncryptedTensor<float64, shape=(1, 2048, 7, 7)>
         %3 = 0.700981943838058              # ClearScalar<float64>
         %4 = multiply(%3, %2)               # EncryptedTensor<float64, shape=(1, 2048, 7, 7)>
         %5 = 0                              # ClearScalar<uint1>
         %6 = maximum(%4, %5)                # EncryptedTensor<float64, shape=(1, 2048, 7, 7)>
         %7 = 1.4110655                      # ClearScalar<float32>
         %8 = divide(%6, %7)                 # EncryptedTensor<float64, shape=(1, 2048, 7, 7)>
         %9 = 0.0                            # ClearScalar<float32>
        %10 = add(%8, %9)                    # EncryptedTensor<float64, shape=(1, 2048, 7, 7)>
        %11 = 0.0                            # ClearScalar<float64>
        %12 = 15.0                           # ClearScalar<float64>
        %13 = clip(%10, %11, %12)            # EncryptedTensor<float64, shape=(1, 2048, 7, 7)>
        %14 = rint(%13)                      # EncryptedTensor<float64, shape=(1, 2048, 7, 7)>
        %15 = 0.0                            # ClearScalar<float32>
        %16 = subtract(%14, %15)             # EncryptedTensor<float64, shape=(1, 2048, 7, 7)>
        %17 = 1.4110655                      # ClearScalar<float32>
        %18 = multiply(%16, %17)             # EncryptedTensor<float64, shape=(1, 2048, 7, 7)>
        %19 = 1.4110654592514038             # ClearScalar<float64>
        %20 = divide(%18, %19)               # EncryptedTensor<float64, shape=(1, 2048, 7, 7)>
        %21 = 0                              # ClearScalar<uint1>
        %22 = add(%20, %21)                  # EncryptedTensor<float64, shape=(1, 2048, 7, 7)>
        %23 = rint(%22)                      # EncryptedTensor<float64, shape=(1, 2048, 7, 7)>
        %24 = astype(%23, dtype=int_)        # EncryptedTensor<uint1, shape=(1, 2048, 7, 7)>
        return %24

    %369 = subgraph(%368):

         %0 = input                            # EncryptedTensor<uint1, shape=(1, 512, 7, 7)>          @ /trunk/trunk.19/C1/Conv.conv_rounding
         %1 = astype(%0, dtype=float64)        # EncryptedTensor<float64, shape=(1, 512, 7, 7)>
         %2 = 0                                # ClearScalar<uint1>
         %3 = add(%1, %2)                      # EncryptedTensor<float64, shape=(1, 512, 7, 7)>
         %4 = [[[[0]]  [ ... ]  [[0]]]]        # ClearTensor<uint1, shape=(1, 512, 1, 1)>
         %5 = subtract(%3, %4)                 # EncryptedTensor<float64, shape=(1, 512, 7, 7)>
         %6 = 0.05837173141926                 # ClearScalar<float64>
         %7 = multiply(%6, %5)                 # EncryptedTensor<float64, shape=(1, 512, 7, 7)>
         %8 = [[[[ 3.760 ... 95128 ]]]]        # ClearTensor<float32, shape=(1, 512, 1, 1)>
         %9 = subtract(%7, %8)                 # EncryptedTensor<float64, shape=(1, 512, 7, 7)>
        %10 = [[[[ 8.938 ... 025666]]]]        # ClearTensor<float32, shape=(1, 512, 1, 1)>
        %11 = divide(%9, %10)                  # EncryptedTensor<float64, shape=(1, 512, 7, 7)>
        %12 = [[[[0.8755 ... 84989 ]]]]        # ClearTensor<float32, shape=(1, 512, 1, 1)>
        %13 = multiply(%11, %12)               # EncryptedTensor<float64, shape=(1, 512, 7, 7)>
        %14 = [[[[ 2.889 ... 52e-02]]]]        # ClearTensor<float32, shape=(1, 512, 1, 1)>
        %15 = add(%13, %14)                    # EncryptedTensor<float64, shape=(1, 512, 7, 7)>
        %16 = 0                                # ClearScalar<uint1>
        %17 = maximum(%15, %16)                # EncryptedTensor<float64, shape=(1, 512, 7, 7)>
        %18 = 0.52432126                       # ClearScalar<float32>
        %19 = divide(%17, %18)                 # EncryptedTensor<float64, shape=(1, 512, 7, 7)>
        %20 = 0.0                              # ClearScalar<float32>
        %21 = add(%19, %20)                    # EncryptedTensor<float64, shape=(1, 512, 7, 7)>
        %22 = 0.0                              # ClearScalar<float64>
        %23 = 15.0                             # ClearScalar<float64>
        %24 = clip(%21, %22, %23)              # EncryptedTensor<float64, shape=(1, 512, 7, 7)>
        %25 = rint(%24)                        # EncryptedTensor<float64, shape=(1, 512, 7, 7)>
        %26 = 0.0                              # ClearScalar<float32>
        %27 = subtract(%25, %26)               # EncryptedTensor<float64, shape=(1, 512, 7, 7)>
        %28 = 0.52432126                       # ClearScalar<float32>
        %29 = multiply(%27, %28)               # EncryptedTensor<float64, shape=(1, 512, 7, 7)>
        %30 = 0.5243212580680847               # ClearScalar<float64>
        %31 = divide(%29, %30)                 # EncryptedTensor<float64, shape=(1, 512, 7, 7)>
        %32 = 0                                # ClearScalar<uint1>
        %33 = add(%31, %32)                    # EncryptedTensor<float64, shape=(1, 512, 7, 7)>
        %34 = rint(%33)                        # EncryptedTensor<float64, shape=(1, 512, 7, 7)>
        %35 = astype(%34, dtype=int_)          # EncryptedTensor<uint1, shape=(1, 512, 7, 7)>
        return %35

    %377 = subgraph(%376):

         %0 = input                            # EncryptedTensor<uint1, shape=(1, 512, 7, 7)>          @ /trunk/trunk.19/C2/Conv.conv_rounding
         %1 = astype(%0, dtype=float64)        # EncryptedTensor<float64, shape=(1, 512, 7, 7)>
         %2 = 0                                # ClearScalar<uint1>
         %3 = add(%1, %2)                      # EncryptedTensor<float64, shape=(1, 512, 7, 7)>
         %4 = [[[[0]]  [ ... ]  [[0]]]]        # ClearTensor<uint1, shape=(1, 512, 1, 1)>
         %5 = subtract(%3, %4)                 # EncryptedTensor<float64, shape=(1, 512, 7, 7)>
         %6 = 0.008527874913509814             # ClearScalar<float64>
         %7 = multiply(%6, %5)                 # EncryptedTensor<float64, shape=(1, 512, 7, 7)>
         %8 = [[[[-1.320 ... 43876 ]]]]        # ClearTensor<float32, shape=(1, 512, 1, 1)>
         %9 = subtract(%7, %8)                 # EncryptedTensor<float64, shape=(1, 512, 7, 7)>
        %10 = [[[[3.2783 ... 616314]]]]        # ClearTensor<float32, shape=(1, 512, 1, 1)>
        %11 = divide(%9, %10)                  # EncryptedTensor<float64, shape=(1, 512, 7, 7)>
        %12 = [[[[0.8193 ... 843505]]]]        # ClearTensor<float32, shape=(1, 512, 1, 1)>
        %13 = multiply(%11, %12)               # EncryptedTensor<float64, shape=(1, 512, 7, 7)>
        %14 = [[[[-0.026 ... 162859]]]]        # ClearTensor<float32, shape=(1, 512, 1, 1)>
        %15 = add(%13, %14)                    # EncryptedTensor<float64, shape=(1, 512, 7, 7)>
        %16 = 0                                # ClearScalar<uint1>
        %17 = maximum(%15, %16)                # EncryptedTensor<float64, shape=(1, 512, 7, 7)>
        %18 = 0.51961327                       # ClearScalar<float32>
        %19 = divide(%17, %18)                 # EncryptedTensor<float64, shape=(1, 512, 7, 7)>
        %20 = 0.0                              # ClearScalar<float32>
        %21 = add(%19, %20)                    # EncryptedTensor<float64, shape=(1, 512, 7, 7)>
        %22 = 0.0                              # ClearScalar<float64>
        %23 = 15.0                             # ClearScalar<float64>
        %24 = clip(%21, %22, %23)              # EncryptedTensor<float64, shape=(1, 512, 7, 7)>
        %25 = rint(%24)                        # EncryptedTensor<float64, shape=(1, 512, 7, 7)>
        %26 = 0.0                              # ClearScalar<float32>
        %27 = subtract(%25, %26)               # EncryptedTensor<float64, shape=(1, 512, 7, 7)>
        %28 = 0.51961327                       # ClearScalar<float32>
        %29 = multiply(%27, %28)               # EncryptedTensor<float64, shape=(1, 512, 7, 7)>
        %30 = 0.5196132659912109               # ClearScalar<float64>
        %31 = divide(%29, %30)                 # EncryptedTensor<float64, shape=(1, 512, 7, 7)>
        %32 = 0                                # ClearScalar<uint1>
        %33 = add(%31, %32)                    # EncryptedTensor<float64, shape=(1, 512, 7, 7)>
        %34 = rint(%33)                        # EncryptedTensor<float64, shape=(1, 512, 7, 7)>
        %35 = astype(%34, dtype=int_)          # EncryptedTensor<uint1, shape=(1, 512, 7, 7)>
        return %35

    %381 = subgraph(%380):

         %0 = input                            # EncryptedTensor<uint1, shape=(1, 2048, 7, 7)>          @ /trunk/trunk.19/C3/Conv.conv_rounding
         %1 = astype(%0, dtype=float64)        # EncryptedTensor<float64, shape=(1, 2048, 7, 7)>
         %2 = 0                                # ClearScalar<uint1>
         %3 = add(%1, %2)                      # EncryptedTensor<float64, shape=(1, 2048, 7, 7)>
         %4 = [[[[0]]  [ ... ]  [[0]]]]        # ClearTensor<uint1, shape=(1, 2048, 1, 1)>
         %5 = subtract(%3, %4)                 # EncryptedTensor<float64, shape=(1, 2048, 7, 7)>
         %6 = 0.012065125250252606             # ClearScalar<float64>
         %7 = multiply(%6, %5)                 # EncryptedTensor<float64, shape=(1, 2048, 7, 7)>
         %8 = [[[[-0.178 ... 356856]]]]        # ClearTensor<float32, shape=(1, 2048, 1, 1)>
         %9 = subtract(%7, %8)                 # EncryptedTensor<float64, shape=(1, 2048, 7, 7)>
        %10 = [[[[0.5664 ... 31917 ]]]]        # ClearTensor<float32, shape=(1, 2048, 1, 1)>
        %11 = divide(%9, %10)                  # EncryptedTensor<float64, shape=(1, 2048, 7, 7)>
        %12 = [[[[0.4180 ... 076336]]]]        # ClearTensor<float32, shape=(1, 2048, 1, 1)>
        %13 = multiply(%11, %12)               # EncryptedTensor<float64, shape=(1, 2048, 7, 7)>
        %14 = [[[[-0.014 ... 702776]]]]        # ClearTensor<float32, shape=(1, 2048, 1, 1)>
        %15 = add(%13, %14)                    # EncryptedTensor<float64, shape=(1, 2048, 7, 7)>
        %16 = 1.019117                         # ClearScalar<float32>
        %17 = divide(%15, %16)                 # EncryptedTensor<float64, shape=(1, 2048, 7, 7)>
        %18 = 0.0                              # ClearScalar<float32>
        %19 = add(%17, %18)                    # EncryptedTensor<float64, shape=(1, 2048, 7, 7)>
        %20 = -8.0                             # ClearScalar<float64>
        %21 = 7.0                              # ClearScalar<float64>
        %22 = clip(%19, %20, %21)              # EncryptedTensor<float64, shape=(1, 2048, 7, 7)>
        %23 = rint(%22)                        # EncryptedTensor<float64, shape=(1, 2048, 7, 7)>
        %24 = 0.0                              # ClearScalar<float32>
        %25 = subtract(%23, %24)               # EncryptedTensor<float64, shape=(1, 2048, 7, 7)>
        %26 = 1.019117                         # ClearScalar<float32>
        %27 = multiply(%25, %26)               # EncryptedTensor<float64, shape=(1, 2048, 7, 7)>
        %28 = 1.019116997718811                # ClearScalar<float64>
        %29 = divide(%27, %28)                 # EncryptedTensor<float64, shape=(1, 2048, 7, 7)>
        %30 = 0                                # ClearScalar<uint1>
        %31 = add(%29, %30)                    # EncryptedTensor<float64, shape=(1, 2048, 7, 7)>
        %32 = rint(%31)                        # EncryptedTensor<float64, shape=(1, 2048, 7, 7)>
        %33 = astype(%32, dtype=int_)          # EncryptedTensor<uint1, shape=(1, 2048, 7, 7)>
        return %33

    %382 = subgraph(%364):

         %0 = input                          # EncryptedTensor<uint2, shape=(1, 2048, 7, 7)>
         %1 = 0.0                            # ClearScalar<float64>
         %2 = subtract(%0, %1)               # EncryptedTensor<float64, shape=(1, 2048, 7, 7)>
         %3 = 0.700981943838058              # ClearScalar<float64>
         %4 = multiply(%3, %2)               # EncryptedTensor<float64, shape=(1, 2048, 7, 7)>
         %5 = 0                              # ClearScalar<uint1>
         %6 = maximum(%4, %5)                # EncryptedTensor<float64, shape=(1, 2048, 7, 7)>
         %7 = 1.4110655                      # ClearScalar<float32>
         %8 = divide(%6, %7)                 # EncryptedTensor<float64, shape=(1, 2048, 7, 7)>
         %9 = 0.0                            # ClearScalar<float32>
        %10 = add(%8, %9)                    # EncryptedTensor<float64, shape=(1, 2048, 7, 7)>
        %11 = 0.0                            # ClearScalar<float64>
        %12 = 15.0                           # ClearScalar<float64>
        %13 = clip(%10, %11, %12)            # EncryptedTensor<float64, shape=(1, 2048, 7, 7)>
        %14 = rint(%13)                      # EncryptedTensor<float64, shape=(1, 2048, 7, 7)>
        %15 = 0.0                            # ClearScalar<float32>
        %16 = subtract(%14, %15)             # EncryptedTensor<float64, shape=(1, 2048, 7, 7)>
        %17 = 1.4110655                      # ClearScalar<float32>
        %18 = multiply(%16, %17)             # EncryptedTensor<float64, shape=(1, 2048, 7, 7)>
        %19 = 1.4110654592514038             # ClearScalar<float64>
        %20 = divide(%18, %19)               # EncryptedTensor<float64, shape=(1, 2048, 7, 7)>
        %21 = 0                              # ClearScalar<uint1>
        %22 = add(%20, %21)                  # EncryptedTensor<float64, shape=(1, 2048, 7, 7)>
        %23 = rint(%22)                      # EncryptedTensor<float64, shape=(1, 2048, 7, 7)>
        %24 = astype(%23, dtype=int_)        # EncryptedTensor<uint1, shape=(1, 2048, 7, 7)>
        return %24

    %383 = subgraph(%381):

         %0 = input                         # EncryptedTensor<uint1, shape=(1, 2048, 7, 7)>
         %1 = 0.0                           # ClearScalar<float64>
         %2 = subtract(%0, %1)              # EncryptedTensor<float64, shape=(1, 2048, 7, 7)>
         %3 = 1.019116997718811             # ClearScalar<float64>
         %4 = multiply(%3, %2)              # EncryptedTensor<float64, shape=(1, 2048, 7, 7)>
         %5 = 0.7636985817263203            # ClearScalar<float64>
         %6 = divide(%4, %5)                # EncryptedTensor<float64, shape=(1, 2048, 7, 7)>
         %7 = 0                             # ClearScalar<uint1>
         %8 = add(%6, %7)                   # EncryptedTensor<float64, shape=(1, 2048, 7, 7)>
         %9 = rint(%8)                      # EncryptedTensor<float64, shape=(1, 2048, 7, 7)>
        %10 = astype(%9, dtype=int_)        # EncryptedTensor<uint1, shape=(1, 2048, 7, 7)>
        return %10

    %384 = subgraph(%382):

         %0 = input                         # EncryptedTensor<uint1, shape=(1, 2048, 7, 7)>
         %1 = 0.0                           # ClearScalar<float64>
         %2 = subtract(%0, %1)              # EncryptedTensor<float64, shape=(1, 2048, 7, 7)>
         %3 = 1.4110654592514038            # ClearScalar<float64>
         %4 = multiply(%3, %2)              # EncryptedTensor<float64, shape=(1, 2048, 7, 7)>
         %5 = 0.7636985817263203            # ClearScalar<float64>
         %6 = divide(%4, %5)                # EncryptedTensor<float64, shape=(1, 2048, 7, 7)>
         %7 = 0                             # ClearScalar<uint1>
         %8 = add(%6, %7)                   # EncryptedTensor<float64, shape=(1, 2048, 7, 7)>
         %9 = rint(%8)                      # EncryptedTensor<float64, shape=(1, 2048, 7, 7)>
        %10 = astype(%9, dtype=int_)        # EncryptedTensor<uint1, shape=(1, 2048, 7, 7)>
        return %10

    %388 = subgraph(%387):

         %0 = input                          # EncryptedTensor<uint2, shape=(1, 2048, 7, 7)>
         %1 = 0.0                            # ClearScalar<float64>
         %2 = subtract(%0, %1)               # EncryptedTensor<float64, shape=(1, 2048, 7, 7)>
         %3 = 0.7636985817263203             # ClearScalar<float64>
         %4 = multiply(%3, %2)               # EncryptedTensor<float64, shape=(1, 2048, 7, 7)>
         %5 = 0                              # ClearScalar<uint1>
         %6 = maximum(%4, %5)                # EncryptedTensor<float64, shape=(1, 2048, 7, 7)>
         %7 = 1.5702503                      # ClearScalar<float32>
         %8 = divide(%6, %7)                 # EncryptedTensor<float64, shape=(1, 2048, 7, 7)>
         %9 = 0.0                            # ClearScalar<float32>
        %10 = add(%8, %9)                    # EncryptedTensor<float64, shape=(1, 2048, 7, 7)>
        %11 = 0.0                            # ClearScalar<float64>
        %12 = 15.0                           # ClearScalar<float64>
        %13 = clip(%10, %11, %12)            # EncryptedTensor<float64, shape=(1, 2048, 7, 7)>
        %14 = rint(%13)                      # EncryptedTensor<float64, shape=(1, 2048, 7, 7)>
        %15 = 0.0                            # ClearScalar<float32>
        %16 = subtract(%14, %15)             # EncryptedTensor<float64, shape=(1, 2048, 7, 7)>
        %17 = 1.5702503                      # ClearScalar<float32>
        %18 = multiply(%16, %17)             # EncryptedTensor<float64, shape=(1, 2048, 7, 7)>
        %19 = 1.5702502727508545             # ClearScalar<float64>
        %20 = divide(%18, %19)               # EncryptedTensor<float64, shape=(1, 2048, 7, 7)>
        %21 = 0                              # ClearScalar<uint1>
        %22 = add(%20, %21)                  # EncryptedTensor<float64, shape=(1, 2048, 7, 7)>
        %23 = rint(%22)                      # EncryptedTensor<float64, shape=(1, 2048, 7, 7)>
        %24 = astype(%23, dtype=int_)        # EncryptedTensor<uint1, shape=(1, 2048, 7, 7)>
        return %24

    %391 = subgraph(%390):

         %0 = input                            # EncryptedTensor<uint1, shape=(1, 2048, 1, 1)>          @ /trunk/trunk.20/AveragePool.avgpool
         %1 = astype(%0, dtype=float64)        # EncryptedTensor<float64, shape=(1, 2048, 1, 1)>
         %2 = 0.04                             # ClearScalar<float64>
         %3 = multiply(%1, %2)                 # EncryptedTensor<float64, shape=(1, 2048, 1, 1)>
         %4 = 0                                # ClearScalar<uint1>
         %5 = subtract(%3, %4)                 # EncryptedTensor<float64, shape=(1, 2048, 1, 1)>
         %6 = 1.5702502727508545               # ClearScalar<float64>
         %7 = multiply(%5, %6)                 # EncryptedTensor<float64, shape=(1, 2048, 1, 1)>
         %8 = 0.4186586                        # ClearScalar<float32>
         %9 = divide(%7, %8)                   # EncryptedTensor<float64, shape=(1, 2048, 1, 1)>
        %10 = 0.0                              # ClearScalar<float32>
        %11 = add(%9, %10)                     # EncryptedTensor<float64, shape=(1, 2048, 1, 1)>
        %12 = -8.0                             # ClearScalar<float64>
        %13 = 7.0                              # ClearScalar<float64>
        %14 = clip(%11, %12, %13)              # EncryptedTensor<float64, shape=(1, 2048, 1, 1)>
        %15 = rint(%14)                        # EncryptedTensor<float64, shape=(1, 2048, 1, 1)>
        %16 = 0.0                              # ClearScalar<float32>
        %17 = subtract(%15, %16)               # EncryptedTensor<float64, shape=(1, 2048, 1, 1)>
        %18 = 0.4186586                        # ClearScalar<float32>
        %19 = multiply(%17, %18)               # EncryptedTensor<float64, shape=(1, 2048, 1, 1)>
        %20 = 0.41865861415863037              # ClearScalar<float64>
        %21 = divide(%19, %20)                 # EncryptedTensor<float64, shape=(1, 2048, 1, 1)>
        %22 = 0                                # ClearScalar<uint1>
        %23 = add(%21, %22)                    # EncryptedTensor<float64, shape=(1, 2048, 1, 1)>
        %24 = rint(%23)                        # EncryptedTensor<float64, shape=(1, 2048, 1, 1)>
        %25 = astype(%24, dtype=int_)          # EncryptedTensor<uint1, shape=(1, 2048, 1, 1)>
        return %25
--------------------------------------------------------------------------------

Bit-Width Constraints
--------------------------------------------------------------------------------
%0:
    main.%0 >= 4
%1:
    main.%1 >= 4
%2:
    main.%2 >= 8
    main.%0 == main.%1
    main.%1 == main.%2
%3:
    main.%3 >= 8
%4:
    main.%4 >= 4
%5:
    main.%5 >= 4
%6:
    main.%6 >= 10
    main.%4 == main.%5
    main.%5 == main.%6
%7:
    main.%7 >= 10
%8:
    main.%8 >= 4
%9:
    main.%9 >= 1
%10:
    main.%10 >= 1
%11:
    main.%11 >= 1
    main.%9 == main.%10
    main.%10 == main.%11
%12:
    main.%12 >= 4
    main.%11 == main.%8
    main.%8 == main.%12
%13:
    main.%13 >= 4
%14:
    main.%14 >= 12
    main.%12 == main.%13
    main.%13 == main.%14
%15:
    main.%15 >= 12
%16:
    main.%16 >= 4
%17:
    main.%17 >= 4
%18:
    main.%18 >= 10
    main.%16 == main.%17
    main.%17 == main.%18
%19:
    main.%19 >= 10
%20:
    main.%20 >= 4
%21:
    main.%21 >= 4
%22:
    main.%22 >= 10
    main.%20 == main.%21
    main.%21 == main.%22
%23:
    main.%23 >= 10
%24:
    main.%24 >= 4
%25:
    main.%25 >= 4
%26:
    main.%26 >= 5
%27:
    main.%27 >= 5
%28:
    main.%28 >= 1
%29:
    main.%29 >= 5
    main.%28 == main.%27
    main.%27 == main.%29
%30:
    main.%30 >= 6
    main.%26 == main.%29
    main.%29 == main.%30
%31:
    main.%31 >= 4
%32:
    main.%32 >= 4
%33:
    main.%33 >= 11
    main.%31 == main.%32
    main.%32 == main.%33
%34:
    main.%34 >= 11
%35:
    main.%35 >= 4
%36:
    main.%36 >= 1
%37:
    main.%37 >= 1
%38:
    main.%38 >= 1
    main.%36 == main.%37
    main.%37 == main.%38
%39:
    main.%39 >= 4
    main.%38 == main.%35
    main.%35 == main.%39
%40:
    main.%40 >= 4
%41:
    main.%41 >= 12
    main.%39 == main.%40
    main.%40 == main.%41
%42:
    main.%42 >= 12
%43:
    main.%43 >= 4
%44:
    main.%44 >= 4
%45:
    main.%45 >= 10
    main.%43 == main.%44
    main.%44 == main.%45
%46:
    main.%46 >= 10
%47:
    main.%47 >= 4
%48:
    main.%48 >= 4
%49:
    main.%49 >= 5
%50:
    main.%50 >= 5
%51:
    main.%51 >= 1
%52:
    main.%52 >= 5
    main.%51 == main.%50
    main.%50 == main.%52
%53:
    main.%53 >= 6
    main.%49 == main.%52
    main.%52 == main.%53
%54:
    main.%54 >= 4
%55:
    main.%55 >= 4
%56:
    main.%56 >= 11
    main.%54 == main.%55
    main.%55 == main.%56
%57:
    main.%57 >= 11
%58:
    main.%58 >= 4
%59:
    main.%59 >= 1
%60:
    main.%60 >= 1
%61:
    main.%61 >= 1
    main.%59 == main.%60
    main.%60 == main.%61
%62:
    main.%62 >= 4
    main.%61 == main.%58
    main.%58 == main.%62
%63:
    main.%63 >= 4
%64:
    main.%64 >= 12
    main.%62 == main.%63
    main.%63 == main.%64
%65:
    main.%65 >= 12
%66:
    main.%66 >= 4
%67:
    main.%67 >= 4
%68:
    main.%68 >= 10
    main.%66 == main.%67
    main.%67 == main.%68
%69:
    main.%69 >= 10
%70:
    main.%70 >= 4
%71:
    main.%71 >= 4
%72:
    main.%72 >= 5
%73:
    main.%73 >= 5
%74:
    main.%74 >= 1
%75:
    main.%75 >= 5
    main.%74 == main.%73
    main.%73 == main.%75
%76:
    main.%76 >= 6
    main.%72 == main.%75
    main.%75 == main.%76
%77:
    main.%77 >= 4
%78:
    main.%78 >= 4
%79:
    main.%79 >= 11
    main.%77 == main.%78
    main.%78 == main.%79
%80:
    main.%80 >= 11
%81:
    main.%81 >= 4
%82:
    main.%82 >= 1
%83:
    main.%83 >= 1
%84:
    main.%84 >= 1
    main.%82 == main.%83
    main.%83 == main.%84
%85:
    main.%85 >= 4
    main.%84 == main.%81
    main.%81 == main.%85
%86:
    main.%86 >= 4
%87:
    main.%87 >= 12
    main.%85 == main.%86
    main.%86 == main.%87
%88:
    main.%88 >= 12
%89:
    main.%89 >= 4
%90:
    main.%90 >= 4
%91:
    main.%91 >= 11
    main.%89 == main.%90
    main.%90 == main.%91
%92:
    main.%92 >= 11
%93:
    main.%93 >= 4
%94:
    main.%94 >= 4
%95:
    main.%95 >= 11
    main.%93 == main.%94
    main.%94 == main.%95
%96:
    main.%96 >= 11
%97:
    main.%97 >= 4
%98:
    main.%98 >= 4
%99:
    main.%99 >= 5
%100:
    main.%100 >= 5
%101:
    main.%101 >= 1
%102:
    main.%102 >= 5
    main.%101 == main.%100
    main.%100 == main.%102
%103:
    main.%103 >= 6
    main.%99 == main.%102
    main.%102 == main.%103
%104:
    main.%104 >= 4
%105:
    main.%105 >= 4
%106:
    main.%106 >= 12
    main.%104 == main.%105
    main.%105 == main.%106
%107:
    main.%107 >= 12
%108:
    main.%108 >= 4
%109:
    main.%109 >= 1
%110:
    main.%110 >= 1
%111:
    main.%111 >= 1
    main.%109 == main.%110
    main.%110 == main.%111
%112:
    main.%112 >= 4
    main.%111 == main.%108
    main.%108 == main.%112
%113:
    main.%113 >= 4
%114:
    main.%114 >= 13
    main.%112 == main.%113
    main.%113 == main.%114
%115:
    main.%115 >= 13
%116:
    main.%116 >= 4
%117:
    main.%117 >= 4
%118:
    main.%118 >= 11
    main.%116 == main.%117
    main.%117 == main.%118
%119:
    main.%119 >= 11
%120:
    main.%120 >= 4
%121:
    main.%121 >= 4
%122:
    main.%122 >= 5
%123:
    main.%123 >= 5
%124:
    main.%124 >= 1
%125:
    main.%125 >= 5
    main.%124 == main.%123
    main.%123 == main.%125
%126:
    main.%126 >= 6
    main.%122 == main.%125
    main.%125 == main.%126
%127:
    main.%127 >= 4
%128:
    main.%128 >= 4
%129:
    main.%129 >= 12
    main.%127 == main.%128
    main.%128 == main.%129
%130:
    main.%130 >= 12
%131:
    main.%131 >= 4
%132:
    main.%132 >= 1
%133:
    main.%133 >= 1
%134:
    main.%134 >= 1
    main.%132 == main.%133
    main.%133 == main.%134
%135:
    main.%135 >= 4
    main.%134 == main.%131
    main.%131 == main.%135
%136:
    main.%136 >= 4
%137:
    main.%137 >= 12
    main.%135 == main.%136
    main.%136 == main.%137
%138:
    main.%138 >= 12
%139:
    main.%139 >= 4
%140:
    main.%140 >= 4
%141:
    main.%141 >= 10
    main.%139 == main.%140
    main.%140 == main.%141
%142:
    main.%142 >= 10
%143:
    main.%143 >= 4
%144:
    main.%144 >= 4
%145:
    main.%145 >= 5
%146:
    main.%146 >= 5
%147:
    main.%147 >= 1
%148:
    main.%148 >= 5
    main.%147 == main.%146
    main.%146 == main.%148
%149:
    main.%149 >= 6
    main.%145 == main.%148
    main.%148 == main.%149
%150:
    main.%150 >= 4
%151:
    main.%151 >= 4
%152:
    main.%152 >= 11
    main.%150 == main.%151
    main.%151 == main.%152
%153:
    main.%153 >= 11
%154:
    main.%154 >= 4
%155:
    main.%155 >= 1
%156:
    main.%156 >= 1
%157:
    main.%157 >= 1
    main.%155 == main.%156
    main.%156 == main.%157
%158:
    main.%158 >= 4
    main.%157 == main.%154
    main.%154 == main.%158
%159:
    main.%159 >= 4
%160:
    main.%160 >= 12
    main.%158 == main.%159
    main.%159 == main.%160
%161:
    main.%161 >= 12
%162:
    main.%162 >= 4
%163:
    main.%163 >= 4
%164:
    main.%164 >= 10
    main.%162 == main.%163
    main.%163 == main.%164
%165:
    main.%165 >= 10
%166:
    main.%166 >= 4
%167:
    main.%167 >= 4
%168:
    main.%168 >= 5
%169:
    main.%169 >= 5
%170:
    main.%170 >= 1
%171:
    main.%171 >= 5
    main.%170 == main.%169
    main.%169 == main.%171
%172:
    main.%172 >= 6
    main.%168 == main.%171
    main.%171 == main.%172
%173:
    main.%173 >= 4
%174:
    main.%174 >= 4
%175:
    main.%175 >= 11
    main.%173 == main.%174
    main.%174 == main.%175
%176:
    main.%176 >= 11
%177:
    main.%177 >= 4
%178:
    main.%178 >= 1
%179:
    main.%179 >= 1
%180:
    main.%180 >= 1
    main.%178 == main.%179
    main.%179 == main.%180
%181:
    main.%181 >= 4
    main.%180 == main.%177
    main.%177 == main.%181
%182:
    main.%182 >= 4
%183:
    main.%183 >= 13
    main.%181 == main.%182
    main.%182 == main.%183
%184:
    main.%184 >= 13
%185:
    main.%185 >= 4
%186:
    main.%186 >= 4
%187:
    main.%187 >= 11
    main.%185 == main.%186
    main.%186 == main.%187
%188:
    main.%188 >= 11
%189:
    main.%189 >= 4
%190:
    main.%190 >= 4
%191:
    main.%191 >= 11
    main.%189 == main.%190
    main.%190 == main.%191
%192:
    main.%192 >= 11
%193:
    main.%193 >= 4
%194:
    main.%194 >= 4
%195:
    main.%195 >= 5
%196:
    main.%196 >= 5
%197:
    main.%197 >= 1
%198:
    main.%198 >= 5
    main.%197 == main.%196
    main.%196 == main.%198
%199:
    main.%199 >= 6
    main.%195 == main.%198
    main.%198 == main.%199
%200:
    main.%200 >= 4
%201:
    main.%201 >= 4
%202:
    main.%202 >= 12
    main.%200 == main.%201
    main.%201 == main.%202
%203:
    main.%203 >= 12
%204:
    main.%204 >= 4
%205:
    main.%205 >= 1
%206:
    main.%206 >= 1
%207:
    main.%207 >= 1
    main.%205 == main.%206
    main.%206 == main.%207
%208:
    main.%208 >= 4
    main.%207 == main.%204
    main.%204 == main.%208
%209:
    main.%209 >= 4
%210:
    main.%210 >= 13
    main.%208 == main.%209
    main.%209 == main.%210
%211:
    main.%211 >= 13
%212:
    main.%212 >= 4
%213:
    main.%213 >= 4
%214:
    main.%214 >= 11
    main.%212 == main.%213
    main.%213 == main.%214
%215:
    main.%215 >= 11
%216:
    main.%216 >= 4
%217:
    main.%217 >= 4
%218:
    main.%218 >= 5
%219:
    main.%219 >= 5
%220:
    main.%220 >= 1
%221:
    main.%221 >= 5
    main.%220 == main.%219
    main.%219 == main.%221
%222:
    main.%222 >= 7
    main.%218 == main.%221
    main.%221 == main.%222
%223:
    main.%223 >= 4
%224:
    main.%224 >= 4
%225:
    main.%225 >= 12
    main.%223 == main.%224
    main.%224 == main.%225
%226:
    main.%226 >= 12
%227:
    main.%227 >= 4
%228:
    main.%228 >= 1
%229:
    main.%229 >= 1
%230:
    main.%230 >= 1
    main.%228 == main.%229
    main.%229 == main.%230
%231:
    main.%231 >= 4
    main.%230 == main.%227
    main.%227 == main.%231
%232:
    main.%232 >= 4
%233:
    main.%233 >= 13
    main.%231 == main.%232
    main.%232 == main.%233
%234:
    main.%234 >= 13
%235:
    main.%235 >= 4
%236:
    main.%236 >= 4
%237:
    main.%237 >= 11
    main.%235 == main.%236
    main.%236 == main.%237
%238:
    main.%238 >= 11
%239:
    main.%239 >= 4
%240:
    main.%240 >= 4
%241:
    main.%241 >= 5
%242:
    main.%242 >= 5
%243:
    main.%243 >= 1
%244:
    main.%244 >= 5
    main.%243 == main.%242
    main.%242 == main.%244
%245:
    main.%245 >= 7
    main.%241 == main.%244
    main.%244 == main.%245
%246:
    main.%246 >= 4
%247:
    main.%247 >= 4
%248:
    main.%248 >= 11
    main.%246 == main.%247
    main.%247 == main.%248
%249:
    main.%249 >= 11
%250:
    main.%250 >= 4
%251:
    main.%251 >= 1
%252:
    main.%252 >= 1
%253:
    main.%253 >= 1
    main.%251 == main.%252
    main.%252 == main.%253
%254:
    main.%254 >= 4
    main.%253 == main.%250
    main.%250 == main.%254
%255:
    main.%255 >= 4
%256:
    main.%256 >= 13
    main.%254 == main.%255
    main.%255 == main.%256
%257:
    main.%257 >= 13
%258:
    main.%258 >= 4
%259:
    main.%259 >= 4
%260:
    main.%260 >= 11
    main.%258 == main.%259
    main.%259 == main.%260
%261:
    main.%261 >= 11
%262:
    main.%262 >= 4
%263:
    main.%263 >= 4
%264:
    main.%264 >= 5
%265:
    main.%265 >= 5
%266:
    main.%266 >= 1
%267:
    main.%267 >= 5
    main.%266 == main.%265
    main.%265 == main.%267
%268:
    main.%268 >= 7
    main.%264 == main.%267
    main.%267 == main.%268
%269:
    main.%269 >= 4
%270:
    main.%270 >= 4
%271:
    main.%271 >= 11
    main.%269 == main.%270
    main.%270 == main.%271
%272:
    main.%272 >= 11
%273:
    main.%273 >= 4
%274:
    main.%274 >= 1
%275:
    main.%275 >= 1
%276:
    main.%276 >= 1
    main.%274 == main.%275
    main.%275 == main.%276
%277:
    main.%277 >= 4
    main.%276 == main.%273
    main.%273 == main.%277
%278:
    main.%278 >= 4
%279:
    main.%279 >= 13
    main.%277 == main.%278
    main.%278 == main.%279
%280:
    main.%280 >= 13
%281:
    main.%281 >= 4
%282:
    main.%282 >= 4
%283:
    main.%283 >= 11
    main.%281 == main.%282
    main.%282 == main.%283
%284:
    main.%284 >= 11
%285:
    main.%285 >= 4
%286:
    main.%286 >= 4
%287:
    main.%287 >= 5
%288:
    main.%288 >= 5
%289:
    main.%289 >= 1
%290:
    main.%290 >= 5
    main.%289 == main.%288
    main.%288 == main.%290
%291:
    main.%291 >= 7
    main.%287 == main.%290
    main.%290 == main.%291
%292:
    main.%292 >= 4
%293:
    main.%293 >= 4
%294:
    main.%294 >= 11
    main.%292 == main.%293
    main.%293 == main.%294
%295:
    main.%295 >= 11
%296:
    main.%296 >= 4
%297:
    main.%297 >= 1
%298:
    main.%298 >= 1
%299:
    main.%299 >= 1
    main.%297 == main.%298
    main.%298 == main.%299
%300:
    main.%300 >= 4
    main.%299 == main.%296
    main.%296 == main.%300
%301:
    main.%301 >= 4
%302:
    main.%302 >= 13
    main.%300 == main.%301
    main.%301 == main.%302
%303:
    main.%303 >= 13
%304:
    main.%304 >= 4
%305:
    main.%305 >= 4
%306:
    main.%306 >= 11
    main.%304 == main.%305
    main.%305 == main.%306
%307:
    main.%307 >= 11
%308:
    main.%308 >= 4
%309:
    main.%309 >= 4
%310:
    main.%310 >= 4
%311:
    main.%311 >= 5
%312:
    main.%312 >= 1
%313:
    main.%313 >= 5
    main.%312 == main.%311
    main.%311 == main.%313
%314:
    main.%314 >= 7
    main.%310 == main.%313
    main.%313 == main.%314
%315:
    main.%315 >= 4
%316:
    main.%316 >= 4
%317:
    main.%317 >= 12
    main.%315 == main.%316
    main.%316 == main.%317
%318:
    main.%318 >= 12
%319:
    main.%319 >= 4
%320:
    main.%320 >= 1
%321:
    main.%321 >= 1
%322:
    main.%322 >= 1
    main.%320 == main.%321
    main.%321 == main.%322
%323:
    main.%323 >= 4
    main.%322 == main.%319
    main.%319 == main.%323
%324:
    main.%324 >= 4
%325:
    main.%325 >= 14
    main.%323 == main.%324
    main.%324 == main.%325
%326:
    main.%326 >= 14
%327:
    main.%327 >= 4
%328:
    main.%328 >= 4
%329:
    main.%329 >= 13
    main.%327 == main.%328
    main.%328 == main.%329
%330:
    main.%330 >= 13
%331:
    main.%331 >= 4
%332:
    main.%332 >= 4
%333:
    main.%333 >= 13
    main.%331 == main.%332
    main.%332 == main.%333
%334:
    main.%334 >= 13
%335:
    main.%335 >= 4
%336:
    main.%336 >= 4
%337:
    main.%337 >= 5
%338:
    main.%338 >= 5
%339:
    main.%339 >= 1
%340:
    main.%340 >= 5
    main.%339 == main.%338
    main.%338 == main.%340
%341:
    main.%341 >= 6
    main.%337 == main.%340
    main.%340 == main.%341
%342:
    main.%342 >= 4
%343:
    main.%343 >= 4
%344:
    main.%344 >= 12
    main.%342 == main.%343
    main.%343 == main.%344
%345:
    main.%345 >= 12
%346:
    main.%346 >= 4
%347:
    main.%347 >= 1
%348:
    main.%348 >= 1
%349:
    main.%349 >= 1
    main.%347 == main.%348
    main.%348 == main.%349
%350:
    main.%350 >= 4
    main.%349 == main.%346
    main.%346 == main.%350
%351:
    main.%351 >= 4
%352:
    main.%352 >= 14
    main.%350 == main.%351
    main.%351 == main.%352
%353:
    main.%353 >= 14
%354:
    main.%354 >= 4
%355:
    main.%355 >= 4
%356:
    main.%356 >= 12
    main.%354 == main.%355
    main.%355 == main.%356
%357:
    main.%357 >= 12
%358:
    main.%358 >= 4
%359:
    main.%359 >= 4
%360:
    main.%360 >= 5
%361:
    main.%361 >= 5
%362:
    main.%362 >= 1
%363:
    main.%363 >= 5
    main.%362 == main.%361
    main.%361 == main.%363
%364:
    main.%364 >= 7
    main.%360 == main.%363
    main.%363 == main.%364
%365:
    main.%365 >= 4
%366:
    main.%366 >= 4
%367:
    main.%367 >= 13
    main.%365 == main.%366
    main.%366 == main.%367
%368:
    main.%368 >= 13
%369:
    main.%369 >= 4
%370:
    main.%370 >= 1
%371:
    main.%371 >= 1
%372:
    main.%372 >= 1
    main.%370 == main.%371
    main.%371 == main.%372
%373:
    main.%373 >= 4
    main.%372 == main.%369
    main.%369 == main.%373
%374:
    main.%374 >= 4
%375:
    main.%375 >= 14
    main.%373 == main.%374
    main.%374 == main.%375
%376:
    main.%376 >= 14
%377:
    main.%377 >= 4
%378:
    main.%378 >= 4
%379:
    main.%379 >= 13
    main.%377 == main.%378
    main.%378 == main.%379
%380:
    main.%380 >= 13
%381:
    main.%381 >= 4
%382:
    main.%382 >= 4
%383:
    main.%383 >= 5
%384:
    main.%384 >= 5
%385:
    main.%385 >= 1
%386:
    main.%386 >= 5
    main.%385 == main.%384
    main.%384 == main.%386
%387:
    main.%387 >= 7
    main.%383 == main.%386
    main.%386 == main.%387
%388:
    main.%388 >= 4
%389:
    main.%389 >= 1
%390:
    main.%390 >= 7
    main.%388 == main.%389
    main.%389 == main.%390
%391:
    main.%391 >= 3
%392:
    main.%392 >= 3
    main.%391 == main.%392
--------------------------------------------------------------------------------

Bit-Width Assignments
--------------------------------------------------------------------------------
  main.%0 = 8
  main.%1 = 8
  main.%2 = 8
  main.%3 = 8
  main.%4 = 10
  main.%5 = 10
  main.%6 = 10
  main.%7 = 10
  main.%8 = 12
  main.%9 = 12
 main.%10 = 12
 main.%11 = 12
 main.%12 = 12
 main.%13 = 12
 main.%14 = 12
 main.%15 = 12
 main.%16 = 10
 main.%17 = 10
 main.%18 = 10
 main.%19 = 10
 main.%20 = 10
 main.%21 = 10
 main.%22 = 10
 main.%23 = 10
 main.%24 = 4
 main.%25 = 4
 main.%26 = 6
 main.%27 = 6
 main.%28 = 6
 main.%29 = 6
 main.%30 = 6
 main.%31 = 11
 main.%32 = 11
 main.%33 = 11
 main.%34 = 11
 main.%35 = 12
 main.%36 = 12
 main.%37 = 12
 main.%38 = 12
 main.%39 = 12
 main.%40 = 12
 main.%41 = 12
 main.%42 = 12
 main.%43 = 10
 main.%44 = 10
 main.%45 = 10
 main.%46 = 10
 main.%47 = 4
 main.%48 = 4
 main.%49 = 6
 main.%50 = 6
 main.%51 = 6
 main.%52 = 6
 main.%53 = 6
 main.%54 = 11
 main.%55 = 11
 main.%56 = 11
 main.%57 = 11
 main.%58 = 12
 main.%59 = 12
 main.%60 = 12
 main.%61 = 12
 main.%62 = 12
 main.%63 = 12
 main.%64 = 12
 main.%65 = 12
 main.%66 = 10
 main.%67 = 10
 main.%68 = 10
 main.%69 = 10
 main.%70 = 4
 main.%71 = 4
 main.%72 = 6
 main.%73 = 6
 main.%74 = 6
 main.%75 = 6
 main.%76 = 6
 main.%77 = 11
 main.%78 = 11
 main.%79 = 11
 main.%80 = 11
 main.%81 = 12
 main.%82 = 12
 main.%83 = 12
 main.%84 = 12
 main.%85 = 12
 main.%86 = 12
 main.%87 = 12
 main.%88 = 12
 main.%89 = 11
 main.%90 = 11
 main.%91 = 11
 main.%92 = 11
 main.%93 = 11
 main.%94 = 11
 main.%95 = 11
 main.%96 = 11
 main.%97 = 4
 main.%98 = 4
 main.%99 = 6
main.%100 = 6
main.%101 = 6
main.%102 = 6
main.%103 = 6
main.%104 = 12
main.%105 = 12
main.%106 = 12
main.%107 = 12
main.%108 = 13
main.%109 = 13
main.%110 = 13
main.%111 = 13
main.%112 = 13
main.%113 = 13
main.%114 = 13
main.%115 = 13
main.%116 = 11
main.%117 = 11
main.%118 = 11
main.%119 = 11
main.%120 = 4
main.%121 = 4
main.%122 = 6
main.%123 = 6
main.%124 = 6
main.%125 = 6
main.%126 = 6
main.%127 = 12
main.%128 = 12
main.%129 = 12
main.%130 = 12
main.%131 = 12
main.%132 = 12
main.%133 = 12
main.%134 = 12
main.%135 = 12
main.%136 = 12
main.%137 = 12
main.%138 = 12
main.%139 = 10
main.%140 = 10
main.%141 = 10
main.%142 = 10
main.%143 = 4
main.%144 = 4
main.%145 = 6
main.%146 = 6
main.%147 = 6
main.%148 = 6
main.%149 = 6
main.%150 = 11
main.%151 = 11
main.%152 = 11
main.%153 = 11
main.%154 = 12
main.%155 = 12
main.%156 = 12
main.%157 = 12
main.%158 = 12
main.%159 = 12
main.%160 = 12
main.%161 = 12
main.%162 = 10
main.%163 = 10
main.%164 = 10
main.%165 = 10
main.%166 = 4
main.%167 = 4
main.%168 = 6
main.%169 = 6
main.%170 = 6
main.%171 = 6
main.%172 = 6
main.%173 = 11
main.%174 = 11
main.%175 = 11
main.%176 = 11
main.%177 = 13
main.%178 = 13
main.%179 = 13
main.%180 = 13
main.%181 = 13
main.%182 = 13
main.%183 = 13
main.%184 = 13
main.%185 = 11
main.%186 = 11
main.%187 = 11
main.%188 = 11
main.%189 = 11
main.%190 = 11
main.%191 = 11
main.%192 = 11
main.%193 = 4
main.%194 = 4
main.%195 = 6
main.%196 = 6
main.%197 = 6
main.%198 = 6
main.%199 = 6
main.%200 = 12
main.%201 = 12
main.%202 = 12
main.%203 = 12
main.%204 = 13
main.%205 = 13
main.%206 = 13
main.%207 = 13
main.%208 = 13
main.%209 = 13
main.%210 = 13
main.%211 = 13
main.%212 = 11
main.%213 = 11
main.%214 = 11
main.%215 = 11
main.%216 = 4
main.%217 = 4
main.%218 = 7
main.%219 = 7
main.%220 = 7
main.%221 = 7
main.%222 = 7
main.%223 = 12
main.%224 = 12
main.%225 = 12
main.%226 = 12
main.%227 = 13
main.%228 = 13
main.%229 = 13
main.%230 = 13
main.%231 = 13
main.%232 = 13
main.%233 = 13
main.%234 = 13
main.%235 = 11
main.%236 = 11
main.%237 = 11
main.%238 = 11
main.%239 = 4
main.%240 = 4
main.%241 = 7
main.%242 = 7
main.%243 = 7
main.%244 = 7
main.%245 = 7
main.%246 = 11
main.%247 = 11
main.%248 = 11
main.%249 = 11
main.%250 = 13
main.%251 = 13
main.%252 = 13
main.%253 = 13
main.%254 = 13
main.%255 = 13
main.%256 = 13
main.%257 = 13
main.%258 = 11
main.%259 = 11
main.%260 = 11
main.%261 = 11
main.%262 = 4
main.%263 = 4
main.%264 = 7
main.%265 = 7
main.%266 = 7
main.%267 = 7
main.%268 = 7
main.%269 = 11
main.%270 = 11
main.%271 = 11
main.%272 = 11
main.%273 = 13
main.%274 = 13
main.%275 = 13
main.%276 = 13
main.%277 = 13
main.%278 = 13
main.%279 = 13
main.%280 = 13
main.%281 = 11
main.%282 = 11
main.%283 = 11
main.%284 = 11
main.%285 = 4
main.%286 = 4
main.%287 = 7
main.%288 = 7
main.%289 = 7
main.%290 = 7
main.%291 = 7
main.%292 = 11
main.%293 = 11
main.%294 = 11
main.%295 = 11
main.%296 = 13
main.%297 = 13
main.%298 = 13
main.%299 = 13
main.%300 = 13
main.%301 = 13
main.%302 = 13
main.%303 = 13
main.%304 = 11
main.%305 = 11
main.%306 = 11
main.%307 = 11
main.%308 = 4
main.%309 = 4
main.%310 = 7
main.%311 = 7
main.%312 = 7
main.%313 = 7
main.%314 = 7
main.%315 = 12
main.%316 = 12
main.%317 = 12
main.%318 = 12
main.%319 = 14
main.%320 = 14
main.%321 = 14
main.%322 = 14
main.%323 = 14
main.%324 = 14
main.%325 = 14
main.%326 = 14
main.%327 = 13
main.%328 = 13
main.%329 = 13
main.%330 = 13
main.%331 = 13
main.%332 = 13
main.%333 = 13
main.%334 = 13
main.%335 = 4
main.%336 = 4
main.%337 = 6
main.%338 = 6
main.%339 = 6
main.%340 = 6
main.%341 = 6
main.%342 = 12
main.%343 = 12
main.%344 = 12
main.%345 = 12
main.%346 = 14
main.%347 = 14
main.%348 = 14
main.%349 = 14
main.%350 = 14
main.%351 = 14
main.%352 = 14
main.%353 = 14
main.%354 = 12
main.%355 = 12
main.%356 = 12
main.%357 = 12
main.%358 = 4
main.%359 = 4
main.%360 = 7
main.%361 = 7
main.%362 = 7
main.%363 = 7
main.%364 = 7
main.%365 = 13
main.%366 = 13
main.%367 = 13
main.%368 = 13
main.%369 = 14
main.%370 = 14
main.%371 = 14
main.%372 = 14
main.%373 = 14
main.%374 = 14
main.%375 = 14
main.%376 = 14
main.%377 = 13
main.%378 = 13
main.%379 = 13
main.%380 = 13
main.%381 = 4
main.%382 = 4
main.%383 = 7
main.%384 = 7
main.%385 = 7
main.%386 = 7
main.%387 = 7
main.%388 = 7
main.%389 = 7
main.%390 = 7
main.%391 = 3
main.%392 = 3
 main.max = 14
--------------------------------------------------------------------------------

Bit-Width Assigned Computation Graph
--------------------------------------------------------------------------------
  %0 = _inp_1                                                                                                             # EncryptedTensor<int8, shape=(1, 24, 56, 56)>            ∈ [-8, 7]
  %1 = [[[[ 0]]   ...   [[ 1]]]]                                                                                          # ClearTensor<int5, shape=(64, 24, 1, 1)>                 ∈ [-6, 7]              @ /trunk/trunk.1/Conv.conv
  %2 = conv2d(%0, %1, [0 0 0 0 0 ... 0 0 0 0 0], pads=[0, 0, 0, 0], strides=(1, 1), dilations=(1, 1), group=1)            # EncryptedTensor<int8, shape=(1, 64, 56, 56)>            ∈ [-98, 98]            @ /trunk/trunk.1/Conv.conv
  %3 = round_bit_pattern(%2, lsbs_to_remove=1, overflow_protection=False, exactness=Exactness.EXACT)                      # EncryptedTensor<int8, shape=(1, 64, 56, 56)>            ∈ [-98, 98]            @ /trunk/trunk.1/Conv.conv_rounding
  %4 = subgraph(%3)                                                                                                       # EncryptedTensor<int10, shape=(1, 64, 56, 56)>           ∈ [-8, 7]
  %5 = [[[[ 4]]   ...   [[ 0]]]]                                                                                          # ClearTensor<int5, shape=(64, 64, 1, 1)>                 ∈ [-7, 7]              @ /trunk/trunk.4/C1/Conv.conv
  %6 = conv2d(%4, %5, [0 0 0 0 0 ... 0 0 0 0 0], pads=[0, 0, 0, 0], strides=(1, 1), dilations=(1, 1), group=1)            # EncryptedTensor<int10, shape=(1, 64, 56, 56)>           ∈ [-271, 272]          @ /trunk/trunk.4/C1/Conv.conv
  %7 = round_bit_pattern(%6, lsbs_to_remove=3, overflow_protection=False, exactness=Exactness.EXACT)                      # EncryptedTensor<int10, shape=(1, 64, 56, 56)>           ∈ [-272, 272]          @ /trunk/trunk.4/C1/Conv.conv_rounding
  %8 = subgraph(%7)                                                                                                       # EncryptedTensor<uint12, shape=(1, 64, 56, 56)>          ∈ [0, 15]
  %9 = ones()                                                                                                             # EncryptedTensor<uint12, shape=(1, 64, 58, 58)>          ∈ [1, 1]
 %10 = 0                                                                                                                  # ClearScalar<uint2>                                      ∈ [0, 0]
 %11 = multiply(%9, %10)                                                                                                  # EncryptedTensor<uint12, shape=(1, 64, 58, 58)>          ∈ [0, 0]
 %12 = (%11[:, :, 1:57, 1:57] = %8)                                                                                       # EncryptedTensor<uint12, shape=(1, 64, 58, 58)>          ∈ [0, 15]
 %13 = [[[[ 0  1  ...   1  1]]]]                                                                                          # ClearTensor<int5, shape=(64, 64, 3, 3)>                 ∈ [-7, 7]              @ /trunk/trunk.4/C2/Conv.conv
 %14 = conv2d(%12, %13, [0 0 0 0 0 ... 0 0 0 0 0], pads=[0, 0, 0, 0], strides=(1, 1), dilations=(1, 1), group=1)          # EncryptedTensor<int12, shape=(1, 64, 56, 56)>           ∈ [-956, 1128]         @ /trunk/trunk.4/C2/Conv.conv
 %15 = round_bit_pattern(%14, lsbs_to_remove=4, overflow_protection=False, exactness=Exactness.EXACT)                     # EncryptedTensor<int12, shape=(1, 64, 56, 56)>           ∈ [-960, 1136]         @ /trunk/trunk.4/C2/Conv.conv_rounding
 %16 = subgraph(%15)                                                                                                      # EncryptedTensor<uint10, shape=(1, 64, 56, 56)>          ∈ [0, 15]
 %17 = [[[[-2]]   ...   [[ 1]]]]                                                                                          # ClearTensor<int5, shape=(256, 64, 1, 1)>                ∈ [-7, 7]              @ /trunk/trunk.4/C3/Conv.conv
 %18 = conv2d(%16, %17, [0 0 0 0 0 ... 0 0 0 0 0], pads=[0, 0, 0, 0], strides=(1, 1), dilations=(1, 1), group=1)          # EncryptedTensor<int10, shape=(1, 256, 56, 56)>          ∈ [-399, 403]          @ /trunk/trunk.4/C3/Conv.conv
 %19 = round_bit_pattern(%18, lsbs_to_remove=3, overflow_protection=False, exactness=Exactness.EXACT)                     # EncryptedTensor<int10, shape=(1, 256, 56, 56)>          ∈ [-400, 400]          @ /trunk/trunk.4/C3/Conv.conv_rounding
 %20 = subgraph(%3)                                                                                                       # EncryptedTensor<int10, shape=(1, 64, 56, 56)>           ∈ [-8, 7]
 %21 = [[[[ 3]]   ...   [[-4]]]]                                                                                          # ClearTensor<int5, shape=(256, 64, 1, 1)>                ∈ [-7, 7]              @ /trunk/trunk.4/shortcut/Conv.conv
 %22 = conv2d(%20, %21, [0 0 0 0 0 ... 0 0 0 0 0], pads=[0, 0, 0, 0], strides=(1, 1), dilations=(1, 1), group=1)          # EncryptedTensor<int10, shape=(1, 256, 56, 56)>          ∈ [-271, 290]          @ /trunk/trunk.4/shortcut/Conv.conv
 %23 = round_bit_pattern(%22, lsbs_to_remove=2, overflow_protection=False, exactness=Exactness.EXACT)                     # EncryptedTensor<int10, shape=(1, 256, 56, 56)>          ∈ [-272, 292]          @ /trunk/trunk.4/shortcut/Conv.conv_rounding
 %24 = subgraph(%19)                                                                                                      # EncryptedTensor<int4, shape=(1, 256, 56, 56)>           ∈ [-8, 7]
 %25 = subgraph(%23)                                                                                                      # EncryptedTensor<int4, shape=(1, 256, 56, 56)>           ∈ [-8, 7]
 %26 = subgraph(%24)                                                                                                      # EncryptedTensor<int6, shape=(1, 256, 56, 56)>           ∈ [-11, 10]
 %27 = subgraph(%25)                                                                                                      # EncryptedTensor<int6, shape=(1, 256, 56, 56)>           ∈ [-13, 12]
 %28 = 1                                                                                                                  # ClearScalar<uint2>                                      ∈ [1, 1]
 %29 = multiply(%28, %27)                                                                                                 # EncryptedTensor<int6, shape=(1, 256, 56, 56)>           ∈ [-13, 12]
 %30 = add(%26, %29)                                                                                                      # EncryptedTensor<int6, shape=(1, 256, 56, 56)>           ∈ [-24, 22]
 %31 = subgraph(%30)                                                                                                      # EncryptedTensor<uint11, shape=(1, 256, 56, 56)>         ∈ [0, 15]
 %32 = [[[[ 2]]   ...   [[ 2]]]]                                                                                          # ClearTensor<int5, shape=(64, 256, 1, 1)>                ∈ [-7, 7]              @ /trunk/trunk.5/C1/Conv.conv
 %33 = conv2d(%31, %32, [0 0 0 0 0 ... 0 0 0 0 0], pads=[0, 0, 0, 0], strides=(1, 1), dilations=(1, 1), group=1)          # EncryptedTensor<int11, shape=(1, 64, 56, 56)>           ∈ [-637, 640]          @ /trunk/trunk.5/C1/Conv.conv
 %34 = round_bit_pattern(%33, lsbs_to_remove=4, overflow_protection=False, exactness=Exactness.EXACT)                     # EncryptedTensor<int11, shape=(1, 64, 56, 56)>           ∈ [-640, 640]          @ /trunk/trunk.5/C1/Conv.conv_rounding
 %35 = subgraph(%34)                                                                                                      # EncryptedTensor<uint12, shape=(1, 64, 56, 56)>          ∈ [0, 15]
 %36 = ones()                                                                                                             # EncryptedTensor<uint12, shape=(1, 64, 58, 58)>          ∈ [1, 1]
 %37 = 0                                                                                                                  # ClearScalar<uint2>                                      ∈ [0, 0]
 %38 = multiply(%36, %37)                                                                                                 # EncryptedTensor<uint12, shape=(1, 64, 58, 58)>          ∈ [0, 0]
 %39 = (%38[:, :, 1:57, 1:57] = %35)                                                                                      # EncryptedTensor<uint12, shape=(1, 64, 58, 58)>          ∈ [0, 15]
 %40 = [[[[ 1  1  ...   3  1]]]]                                                                                          # ClearTensor<int5, shape=(64, 64, 3, 3)>                 ∈ [-7, 7]              @ /trunk/trunk.5/C2/Conv.conv
 %41 = conv2d(%39, %40, [0 0 0 0 0 ... 0 0 0 0 0], pads=[0, 0, 0, 0], strides=(1, 1), dilations=(1, 1), group=1)          # EncryptedTensor<int12, shape=(1, 64, 56, 56)>           ∈ [-1210, 1123]        @ /trunk/trunk.5/C2/Conv.conv
 %42 = round_bit_pattern(%41, lsbs_to_remove=4, overflow_protection=False, exactness=Exactness.EXACT)                     # EncryptedTensor<int12, shape=(1, 64, 56, 56)>           ∈ [-1216, 1120]        @ /trunk/trunk.5/C2/Conv.conv_rounding
 %43 = subgraph(%42)                                                                                                      # EncryptedTensor<uint10, shape=(1, 64, 56, 56)>          ∈ [0, 15]
 %44 = [[[[ 1]]   ...   [[-2]]]]                                                                                          # ClearTensor<int5, shape=(256, 64, 1, 1)>                ∈ [-7, 7]              @ /trunk/trunk.5/C3/Conv.conv
 %45 = conv2d(%43, %44, [0 0 0 0 0 ... 0 0 0 0 0], pads=[0, 0, 0, 0], strides=(1, 1), dilations=(1, 1), group=1)          # EncryptedTensor<int10, shape=(1, 256, 56, 56)>          ∈ [-377, 352]          @ /trunk/trunk.5/C3/Conv.conv
 %46 = round_bit_pattern(%45, lsbs_to_remove=3, overflow_protection=False, exactness=Exactness.EXACT)                     # EncryptedTensor<int10, shape=(1, 256, 56, 56)>          ∈ [-376, 352]          @ /trunk/trunk.5/C3/Conv.conv_rounding
 %47 = subgraph(%46)                                                                                                      # EncryptedTensor<int4, shape=(1, 256, 56, 56)>           ∈ [-8, 7]
 %48 = subgraph(%30)                                                                                                      # EncryptedTensor<uint4, shape=(1, 256, 56, 56)>          ∈ [0, 15]
 %49 = subgraph(%47)                                                                                                      # EncryptedTensor<int6, shape=(1, 256, 56, 56)>           ∈ [-12, 10]
 %50 = subgraph(%48)                                                                                                      # EncryptedTensor<uint6, shape=(1, 256, 56, 56)>          ∈ [0, 18]
 %51 = 1                                                                                                                  # ClearScalar<uint2>                                      ∈ [1, 1]
 %52 = multiply(%51, %50)                                                                                                 # EncryptedTensor<uint6, shape=(1, 256, 56, 56)>          ∈ [0, 18]
 %53 = add(%49, %52)                                                                                                      # EncryptedTensor<int6, shape=(1, 256, 56, 56)>           ∈ [-12, 28]
 %54 = subgraph(%53)                                                                                                      # EncryptedTensor<uint11, shape=(1, 256, 56, 56)>         ∈ [0, 15]
 %55 = [[[[-2]]   ...   [[ 2]]]]                                                                                          # ClearTensor<int5, shape=(64, 256, 1, 1)>                ∈ [-6, 7]              @ /trunk/trunk.6/C1/Conv.conv
 %56 = conv2d(%54, %55, [0 0 0 0 0 ... 0 0 0 0 0], pads=[0, 0, 0, 0], strides=(1, 1), dilations=(1, 1), group=1)          # EncryptedTensor<int11, shape=(1, 64, 56, 56)>           ∈ [-597, 598]          @ /trunk/trunk.6/C1/Conv.conv
 %57 = round_bit_pattern(%56, lsbs_to_remove=3, overflow_protection=False, exactness=Exactness.EXACT)                     # EncryptedTensor<int11, shape=(1, 64, 56, 56)>           ∈ [-600, 600]          @ /trunk/trunk.6/C1/Conv.conv_rounding
 %58 = subgraph(%57)                                                                                                      # EncryptedTensor<uint12, shape=(1, 64, 56, 56)>          ∈ [0, 15]
 %59 = ones()                                                                                                             # EncryptedTensor<uint12, shape=(1, 64, 58, 58)>          ∈ [1, 1]
 %60 = 0                                                                                                                  # ClearScalar<uint2>                                      ∈ [0, 0]
 %61 = multiply(%59, %60)                                                                                                 # EncryptedTensor<uint12, shape=(1, 64, 58, 58)>          ∈ [0, 0]
 %62 = (%61[:, :, 1:57, 1:57] = %58)                                                                                      # EncryptedTensor<uint12, shape=(1, 64, 58, 58)>          ∈ [0, 15]
 %63 = [[[[-2  3  ...  -1  4]]]]                                                                                          # ClearTensor<int5, shape=(64, 64, 3, 3)>                 ∈ [-7, 7]              @ /trunk/trunk.6/C2/Conv.conv
 %64 = conv2d(%62, %63, [0 0 0 0 0 ... 0 0 0 0 0], pads=[0, 0, 0, 0], strides=(1, 1), dilations=(1, 1), group=1)          # EncryptedTensor<int12, shape=(1, 64, 56, 56)>           ∈ [-1224, 1174]        @ /trunk/trunk.6/C2/Conv.conv
 %65 = round_bit_pattern(%64, lsbs_to_remove=4, overflow_protection=False, exactness=Exactness.EXACT)                     # EncryptedTensor<int12, shape=(1, 64, 56, 56)>           ∈ [-1216, 1168]        @ /trunk/trunk.6/C2/Conv.conv_rounding
 %66 = subgraph(%65)                                                                                                      # EncryptedTensor<uint10, shape=(1, 64, 56, 56)>          ∈ [0, 15]
 %67 = [[[[-1]]   ...   [[-1]]]]                                                                                          # ClearTensor<int5, shape=(256, 64, 1, 1)>                ∈ [-7, 7]              @ /trunk/trunk.6/C3/Conv.conv
 %68 = conv2d(%66, %67, [0 0 0 0 0 ... 0 0 0 0 0], pads=[0, 0, 0, 0], strides=(1, 1), dilations=(1, 1), group=1)          # EncryptedTensor<int10, shape=(1, 256, 56, 56)>          ∈ [-390, 430]          @ /trunk/trunk.6/C3/Conv.conv
 %69 = round_bit_pattern(%68, lsbs_to_remove=3, overflow_protection=False, exactness=Exactness.EXACT)                     # EncryptedTensor<int10, shape=(1, 256, 56, 56)>          ∈ [-392, 432]          @ /trunk/trunk.6/C3/Conv.conv_rounding
 %70 = subgraph(%69)                                                                                                      # EncryptedTensor<int4, shape=(1, 256, 56, 56)>           ∈ [-8, 7]
 %71 = subgraph(%53)                                                                                                      # EncryptedTensor<uint4, shape=(1, 256, 56, 56)>          ∈ [0, 15]
 %72 = subgraph(%70)                                                                                                      # EncryptedTensor<int6, shape=(1, 256, 56, 56)>           ∈ [-9, 8]
 %73 = subgraph(%71)                                                                                                      # EncryptedTensor<uint6, shape=(1, 256, 56, 56)>          ∈ [0, 19]
 %74 = 1                                                                                                                  # ClearScalar<uint2>                                      ∈ [1, 1]
 %75 = multiply(%74, %73)                                                                                                 # EncryptedTensor<uint6, shape=(1, 256, 56, 56)>          ∈ [0, 19]
 %76 = add(%72, %75)                                                                                                      # EncryptedTensor<int6, shape=(1, 256, 56, 56)>           ∈ [-9, 27]
 %77 = subgraph(%76)                                                                                                      # EncryptedTensor<uint11, shape=(1, 256, 56, 56)>         ∈ [0, 15]
 %78 = [[[[ 1]]   ...   [[ 0]]]]                                                                                          # ClearTensor<int5, shape=(128, 256, 1, 1)>               ∈ [-6, 7]              @ /trunk/trunk.7/C1/Conv.conv
 %79 = conv2d(%77, %78, [0 0 0 0 0 ... 0 0 0 0 0], pads=[0, 0, 0, 0], strides=(1, 1), dilations=(1, 1), group=1)          # EncryptedTensor<int11, shape=(1, 128, 56, 56)>          ∈ [-563, 608]          @ /trunk/trunk.7/C1/Conv.conv
 %80 = round_bit_pattern(%79, lsbs_to_remove=3, overflow_protection=False, exactness=Exactness.EXACT)                     # EncryptedTensor<int11, shape=(1, 128, 56, 56)>          ∈ [-560, 608]          @ /trunk/trunk.7/C1/Conv.conv_rounding
 %81 = subgraph(%80)                                                                                                      # EncryptedTensor<uint12, shape=(1, 128, 56, 56)>         ∈ [0, 15]
 %82 = ones()                                                                                                             # EncryptedTensor<uint12, shape=(1, 128, 58, 58)>         ∈ [1, 1]
 %83 = 0                                                                                                                  # ClearScalar<uint2>                                      ∈ [0, 0]
 %84 = multiply(%82, %83)                                                                                                 # EncryptedTensor<uint12, shape=(1, 128, 58, 58)>         ∈ [0, 0]
 %85 = (%84[:, :, 1:57, 1:57] = %81)                                                                                      # EncryptedTensor<uint12, shape=(1, 128, 58, 58)>         ∈ [0, 15]
 %86 = [[[[-1  0  ...  -2 -1]]]]                                                                                          # ClearTensor<int5, shape=(128, 128, 3, 3)>               ∈ [-7, 7]              @ /trunk/trunk.7/C2/Conv.conv
 %87 = conv2d(%85, %86, [0 0 0 0 0 ... 0 0 0 0 0], pads=[0, 0, 0, 0], strides=(2, 2), dilations=(1, 1), group=1)          # EncryptedTensor<int12, shape=(1, 128, 28, 28)>          ∈ [-1918, 1770]        @ /trunk/trunk.7/C2/Conv.conv
 %88 = round_bit_pattern(%87, lsbs_to_remove=5, overflow_protection=False, exactness=Exactness.EXACT)                     # EncryptedTensor<int12, shape=(1, 128, 28, 28)>          ∈ [-1920, 1760]        @ /trunk/trunk.7/C2/Conv.conv_rounding
 %89 = subgraph(%88)                                                                                                      # EncryptedTensor<uint11, shape=(1, 128, 28, 28)>         ∈ [0, 15]
 %90 = [[[[-1]]   ...   [[-3]]]]                                                                                          # ClearTensor<int5, shape=(512, 128, 1, 1)>               ∈ [-6, 7]              @ /trunk/trunk.7/C3/Conv.conv
 %91 = conv2d(%89, %90, [0 0 0 0 0 ... 0 0 0 0 0], pads=[0, 0, 0, 0], strides=(1, 1), dilations=(1, 1), group=1)          # EncryptedTensor<int11, shape=(1, 512, 28, 28)>          ∈ [-559, 617]          @ /trunk/trunk.7/C3/Conv.conv
 %92 = round_bit_pattern(%91, lsbs_to_remove=3, overflow_protection=False, exactness=Exactness.EXACT)                     # EncryptedTensor<int11, shape=(1, 512, 28, 28)>          ∈ [-560, 616]          @ /trunk/trunk.7/C3/Conv.conv_rounding
 %93 = subgraph(%76)                                                                                                      # EncryptedTensor<uint11, shape=(1, 256, 56, 56)>         ∈ [0, 15]
 %94 = [[[[ 1]]   ...   [[ 0]]]]                                                                                          # ClearTensor<int5, shape=(512, 256, 1, 1)>               ∈ [-7, 7]              @ /trunk/trunk.7/shortcut/Conv.conv
 %95 = conv2d(%93, %94, [0 0 0 0 0 ... 0 0 0 0 0], pads=[0, 0, 0, 0], strides=(2, 2), dilations=(1, 1), group=1)          # EncryptedTensor<int11, shape=(1, 512, 28, 28)>          ∈ [-622, 800]          @ /trunk/trunk.7/shortcut/Conv.conv
 %96 = round_bit_pattern(%95, lsbs_to_remove=4, overflow_protection=False, exactness=Exactness.EXACT)                     # EncryptedTensor<int11, shape=(1, 512, 28, 28)>          ∈ [-624, 800]          @ /trunk/trunk.7/shortcut/Conv.conv_rounding
 %97 = subgraph(%92)                                                                                                      # EncryptedTensor<int4, shape=(1, 512, 28, 28)>           ∈ [-8, 7]
 %98 = subgraph(%96)                                                                                                      # EncryptedTensor<int4, shape=(1, 512, 28, 28)>           ∈ [-8, 7]
 %99 = subgraph(%97)                                                                                                      # EncryptedTensor<int6, shape=(1, 512, 28, 28)>           ∈ [-12, 11]
%100 = subgraph(%98)                                                                                                      # EncryptedTensor<int6, shape=(1, 512, 28, 28)>           ∈ [-12, 11]
%101 = 1                                                                                                                  # ClearScalar<uint2>                                      ∈ [1, 1]
%102 = multiply(%101, %100)                                                                                               # EncryptedTensor<int6, shape=(1, 512, 28, 28)>           ∈ [-12, 11]
%103 = add(%99, %102)                                                                                                     # EncryptedTensor<int6, shape=(1, 512, 28, 28)>           ∈ [-24, 22]
%104 = subgraph(%103)                                                                                                     # EncryptedTensor<uint12, shape=(1, 512, 28, 28)>         ∈ [0, 15]
%105 = [[[[-1]]   ...   [[ 0]]]]                                                                                          # ClearTensor<int5, shape=(128, 512, 1, 1)>               ∈ [-6, 7]              @ /trunk/trunk.8/C1/Conv.conv
%106 = conv2d(%104, %105, [0 0 0 0 0 ... 0 0 0 0 0], pads=[0, 0, 0, 0], strides=(1, 1), dilations=(1, 1), group=1)        # EncryptedTensor<int12, shape=(1, 128, 28, 28)>          ∈ [-878, 1157]         @ /trunk/trunk.8/C1/Conv.conv
%107 = round_bit_pattern(%106, lsbs_to_remove=4, overflow_protection=False, exactness=Exactness.EXACT)                    # EncryptedTensor<int12, shape=(1, 128, 28, 28)>          ∈ [-880, 1152]         @ /trunk/trunk.8/C1/Conv.conv_rounding
%108 = subgraph(%107)                                                                                                     # EncryptedTensor<uint13, shape=(1, 128, 28, 28)>         ∈ [0, 15]
%109 = ones()                                                                                                             # EncryptedTensor<uint13, shape=(1, 128, 30, 30)>         ∈ [1, 1]
%110 = 0                                                                                                                  # ClearScalar<uint2>                                      ∈ [0, 0]
%111 = multiply(%109, %110)                                                                                               # EncryptedTensor<uint13, shape=(1, 128, 30, 30)>         ∈ [0, 0]
%112 = (%111[:, :, 1:29, 1:29] = %108)                                                                                    # EncryptedTensor<uint13, shape=(1, 128, 30, 30)>         ∈ [0, 15]
%113 = [[[[-2 -1  ...   1  0]]]]                                                                                          # ClearTensor<int5, shape=(128, 128, 3, 3)>               ∈ [-7, 7]              @ /trunk/trunk.8/C2/Conv.conv
%114 = conv2d(%112, %113, [0 0 0 0 0 ... 0 0 0 0 0], pads=[0, 0, 0, 0], strides=(1, 1), dilations=(1, 1), group=1)        # EncryptedTensor<int13, shape=(1, 128, 28, 28)>          ∈ [-2072, 1821]        @ /trunk/trunk.8/C2/Conv.conv
%115 = round_bit_pattern(%114, lsbs_to_remove=5, overflow_protection=False, exactness=Exactness.EXACT)                    # EncryptedTensor<int13, shape=(1, 128, 28, 28)>          ∈ [-2080, 1824]        @ /trunk/trunk.8/C2/Conv.conv_rounding
%116 = subgraph(%115)                                                                                                     # EncryptedTensor<uint11, shape=(1, 128, 28, 28)>         ∈ [0, 15]
%117 = [[[[-2]]   ...   [[ 0]]]]                                                                                          # ClearTensor<int5, shape=(512, 128, 1, 1)>               ∈ [-7, 7]              @ /trunk/trunk.8/C3/Conv.conv
%118 = conv2d(%116, %117, [0 0 0 0 0 ... 0 0 0 0 0], pads=[0, 0, 0, 0], strides=(1, 1), dilations=(1, 1), group=1)        # EncryptedTensor<int11, shape=(1, 512, 28, 28)>          ∈ [-494, 533]          @ /trunk/trunk.8/C3/Conv.conv
%119 = round_bit_pattern(%118, lsbs_to_remove=3, overflow_protection=False, exactness=Exactness.EXACT)                    # EncryptedTensor<int11, shape=(1, 512, 28, 28)>          ∈ [-496, 536]          @ /trunk/trunk.8/C3/Conv.conv_rounding
%120 = subgraph(%119)                                                                                                     # EncryptedTensor<int4, shape=(1, 512, 28, 28)>           ∈ [-8, 7]
%121 = subgraph(%103)                                                                                                     # EncryptedTensor<uint4, shape=(1, 512, 28, 28)>          ∈ [0, 15]
%122 = subgraph(%120)                                                                                                     # EncryptedTensor<int6, shape=(1, 512, 28, 28)>           ∈ [-13, 11]
%123 = subgraph(%121)                                                                                                     # EncryptedTensor<uint6, shape=(1, 512, 28, 28)>          ∈ [0, 18]
%124 = 1                                                                                                                  # ClearScalar<uint2>                                      ∈ [1, 1]
%125 = multiply(%124, %123)                                                                                               # EncryptedTensor<uint6, shape=(1, 512, 28, 28)>          ∈ [0, 18]
%126 = add(%122, %125)                                                                                                    # EncryptedTensor<int6, shape=(1, 512, 28, 28)>           ∈ [-13, 29]
%127 = subgraph(%126)                                                                                                     # EncryptedTensor<uint12, shape=(1, 512, 28, 28)>         ∈ [0, 15]
%128 = [[[[-2]]   ...   [[ 2]]]]                                                                                          # ClearTensor<int5, shape=(128, 512, 1, 1)>               ∈ [-6, 7]              @ /trunk/trunk.9/C1/Conv.conv
%129 = conv2d(%127, %128, [0 0 0 0 0 ... 0 0 0 0 0], pads=[0, 0, 0, 0], strides=(1, 1), dilations=(1, 1), group=1)        # EncryptedTensor<int12, shape=(1, 128, 28, 28)>          ∈ [-835, 1100]         @ /trunk/trunk.9/C1/Conv.conv
%130 = round_bit_pattern(%129, lsbs_to_remove=4, overflow_protection=False, exactness=Exactness.EXACT)                    # EncryptedTensor<int12, shape=(1, 128, 28, 28)>          ∈ [-832, 1104]         @ /trunk/trunk.9/C1/Conv.conv_rounding
%131 = subgraph(%130)                                                                                                     # EncryptedTensor<uint12, shape=(1, 128, 28, 28)>         ∈ [0, 15]
%132 = ones()                                                                                                             # EncryptedTensor<uint12, shape=(1, 128, 30, 30)>         ∈ [1, 1]
%133 = 0                                                                                                                  # ClearScalar<uint2>                                      ∈ [0, 0]
%134 = multiply(%132, %133)                                                                                               # EncryptedTensor<uint12, shape=(1, 128, 30, 30)>         ∈ [0, 0]
%135 = (%134[:, :, 1:29, 1:29] = %131)                                                                                    # EncryptedTensor<uint12, shape=(1, 128, 30, 30)>         ∈ [0, 15]
%136 = [[[[-2 -1  ...  -2  0]]]]                                                                                          # ClearTensor<int5, shape=(128, 128, 3, 3)>               ∈ [-7, 6]              @ /trunk/trunk.9/C2/Conv.conv
%137 = conv2d(%135, %136, [0 0 0 0 0 ... 0 0 0 0 0], pads=[0, 0, 0, 0], strides=(1, 1), dilations=(1, 1), group=1)        # EncryptedTensor<int12, shape=(1, 128, 28, 28)>          ∈ [-1787, 1479]        @ /trunk/trunk.9/C2/Conv.conv
%138 = round_bit_pattern(%137, lsbs_to_remove=5, overflow_protection=False, exactness=Exactness.EXACT)                    # EncryptedTensor<int12, shape=(1, 128, 28, 28)>          ∈ [-1792, 1472]        @ /trunk/trunk.9/C2/Conv.conv_rounding
%139 = subgraph(%138)                                                                                                     # EncryptedTensor<uint10, shape=(1, 128, 28, 28)>         ∈ [0, 15]
%140 = [[[[ 0]]   ...   [[ 2]]]]                                                                                          # ClearTensor<int5, shape=(512, 128, 1, 1)>               ∈ [-6, 7]              @ /trunk/trunk.9/C3/Conv.conv
%141 = conv2d(%139, %140, [0 0 0 0 0 ... 0 0 0 0 0], pads=[0, 0, 0, 0], strides=(1, 1), dilations=(1, 1), group=1)        # EncryptedTensor<int10, shape=(1, 512, 28, 28)>          ∈ [-465, 477]          @ /trunk/trunk.9/C3/Conv.conv
%142 = round_bit_pattern(%141, lsbs_to_remove=3, overflow_protection=False, exactness=Exactness.EXACT)                    # EncryptedTensor<int10, shape=(1, 512, 28, 28)>          ∈ [-464, 480]          @ /trunk/trunk.9/C3/Conv.conv_rounding
%143 = subgraph(%142)                                                                                                     # EncryptedTensor<int4, shape=(1, 512, 28, 28)>           ∈ [-8, 7]
%144 = subgraph(%126)                                                                                                     # EncryptedTensor<uint4, shape=(1, 512, 28, 28)>          ∈ [0, 15]
%145 = subgraph(%143)                                                                                                     # EncryptedTensor<int6, shape=(1, 512, 28, 28)>           ∈ [-10, 9]
%146 = subgraph(%144)                                                                                                     # EncryptedTensor<uint6, shape=(1, 512, 28, 28)>          ∈ [0, 18]
%147 = 1                                                                                                                  # ClearScalar<uint2>                                      ∈ [1, 1]
%148 = multiply(%147, %146)                                                                                               # EncryptedTensor<uint6, shape=(1, 512, 28, 28)>          ∈ [0, 18]
%149 = add(%145, %148)                                                                                                    # EncryptedTensor<int6, shape=(1, 512, 28, 28)>           ∈ [-10, 27]
%150 = subgraph(%149)                                                                                                     # EncryptedTensor<uint11, shape=(1, 512, 28, 28)>         ∈ [0, 15]
%151 = [[[[ 1]]   ...   [[ 0]]]]                                                                                          # ClearTensor<int5, shape=(128, 512, 1, 1)>               ∈ [-6, 7]              @ /trunk/trunk.10/C1/Conv.conv
%152 = conv2d(%150, %151, [0 0 0 0 0 ... 0 0 0 0 0], pads=[0, 0, 0, 0], strides=(1, 1), dilations=(1, 1), group=1)        # EncryptedTensor<int11, shape=(1, 128, 28, 28)>          ∈ [-673, 892]          @ /trunk/trunk.10/C1/Conv.conv
%153 = round_bit_pattern(%152, lsbs_to_remove=4, overflow_protection=False, exactness=Exactness.EXACT)                    # EncryptedTensor<int11, shape=(1, 128, 28, 28)>          ∈ [-672, 896]          @ /trunk/trunk.10/C1/Conv.conv_rounding
%154 = subgraph(%153)                                                                                                     # EncryptedTensor<uint12, shape=(1, 128, 28, 28)>         ∈ [0, 15]
%155 = ones()                                                                                                             # EncryptedTensor<uint12, shape=(1, 128, 30, 30)>         ∈ [1, 1]
%156 = 0                                                                                                                  # ClearScalar<uint2>                                      ∈ [0, 0]
%157 = multiply(%155, %156)                                                                                               # EncryptedTensor<uint12, shape=(1, 128, 30, 30)>         ∈ [0, 0]
%158 = (%157[:, :, 1:29, 1:29] = %154)                                                                                    # EncryptedTensor<uint12, shape=(1, 128, 30, 30)>         ∈ [0, 15]
%159 = [[[[-1  0  ...  -2  1]]]]                                                                                          # ClearTensor<int5, shape=(128, 128, 3, 3)>               ∈ [-7, 6]              @ /trunk/trunk.10/C2/Conv.conv
%160 = conv2d(%158, %159, [0 0 0 0 0 ... 0 0 0 0 0], pads=[0, 0, 0, 0], strides=(1, 1), dilations=(1, 1), group=1)        # EncryptedTensor<int12, shape=(1, 128, 28, 28)>          ∈ [-1563, 1638]        @ /trunk/trunk.10/C2/Conv.conv
%161 = round_bit_pattern(%160, lsbs_to_remove=5, overflow_protection=False, exactness=Exactness.EXACT)                    # EncryptedTensor<int12, shape=(1, 128, 28, 28)>          ∈ [-1568, 1632]        @ /trunk/trunk.10/C2/Conv.conv_rounding
%162 = subgraph(%161)                                                                                                     # EncryptedTensor<uint10, shape=(1, 128, 28, 28)>         ∈ [0, 15]
%163 = [[[[-1]]   ...   [[-2]]]]                                                                                          # ClearTensor<int5, shape=(512, 128, 1, 1)>               ∈ [-6, 7]              @ /trunk/trunk.10/C3/Conv.conv
%164 = conv2d(%162, %163, [0 0 0 0 0 ... 0 0 0 0 0], pads=[0, 0, 0, 0], strides=(1, 1), dilations=(1, 1), group=1)        # EncryptedTensor<int10, shape=(1, 512, 28, 28)>          ∈ [-460, 496]          @ /trunk/trunk.10/C3/Conv.conv
%165 = round_bit_pattern(%164, lsbs_to_remove=3, overflow_protection=False, exactness=Exactness.EXACT)                    # EncryptedTensor<int10, shape=(1, 512, 28, 28)>          ∈ [-456, 496]          @ /trunk/trunk.10/C3/Conv.conv_rounding
%166 = subgraph(%165)                                                                                                     # EncryptedTensor<int4, shape=(1, 512, 28, 28)>           ∈ [-8, 7]
%167 = subgraph(%149)                                                                                                     # EncryptedTensor<uint4, shape=(1, 512, 28, 28)>          ∈ [0, 15]
%168 = subgraph(%166)                                                                                                     # EncryptedTensor<int6, shape=(1, 512, 28, 28)>           ∈ [-9, 8]
%169 = subgraph(%167)                                                                                                     # EncryptedTensor<uint6, shape=(1, 512, 28, 28)>          ∈ [0, 20]
%170 = 1                                                                                                                  # ClearScalar<uint2>                                      ∈ [1, 1]
%171 = multiply(%170, %169)                                                                                               # EncryptedTensor<uint6, shape=(1, 512, 28, 28)>          ∈ [0, 20]
%172 = add(%168, %171)                                                                                                    # EncryptedTensor<int6, shape=(1, 512, 28, 28)>           ∈ [-9, 28]
%173 = subgraph(%172)                                                                                                     # EncryptedTensor<uint11, shape=(1, 512, 28, 28)>         ∈ [0, 15]
%174 = [[[[-2]]   ...   [[ 1]]]]                                                                                          # ClearTensor<int5, shape=(256, 512, 1, 1)>               ∈ [-7, 6]              @ /trunk/trunk.11/C1/Conv.conv
%175 = conv2d(%173, %174, [0 0 0 0 0 ... 0 0 0 0 0], pads=[0, 0, 0, 0], strides=(1, 1), dilations=(1, 1), group=1)        # EncryptedTensor<int11, shape=(1, 256, 28, 28)>          ∈ [-648, 864]          @ /trunk/trunk.11/C1/Conv.conv
%176 = round_bit_pattern(%175, lsbs_to_remove=4, overflow_protection=False, exactness=Exactness.EXACT)                    # EncryptedTensor<int11, shape=(1, 256, 28, 28)>          ∈ [-640, 864]          @ /trunk/trunk.11/C1/Conv.conv_rounding
%177 = subgraph(%176)                                                                                                     # EncryptedTensor<uint13, shape=(1, 256, 28, 28)>         ∈ [0, 15]
%178 = ones()                                                                                                             # EncryptedTensor<uint13, shape=(1, 256, 30, 30)>         ∈ [1, 1]
%179 = 0                                                                                                                  # ClearScalar<uint2>                                      ∈ [0, 0]
%180 = multiply(%178, %179)                                                                                               # EncryptedTensor<uint13, shape=(1, 256, 30, 30)>         ∈ [0, 0]
%181 = (%180[:, :, 1:29, 1:29] = %177)                                                                                    # EncryptedTensor<uint13, shape=(1, 256, 30, 30)>         ∈ [0, 15]
%182 = [[[[ 0 -2  ...   1  2]]]]                                                                                          # ClearTensor<int5, shape=(256, 256, 3, 3)>               ∈ [-7, 7]              @ /trunk/trunk.11/C2/Conv.conv
%183 = conv2d(%181, %182, [0 0 0 0 0 ... 0 0 0 0 0], pads=[0, 0, 0, 0], strides=(2, 2), dilations=(1, 1), group=1)        # EncryptedTensor<int13, shape=(1, 256, 14, 14)>          ∈ [-2785, 3776]        @ /trunk/trunk.11/C2/Conv.conv
%184 = round_bit_pattern(%183, lsbs_to_remove=6, overflow_protection=False, exactness=Exactness.EXACT)                    # EncryptedTensor<int13, shape=(1, 256, 14, 14)>          ∈ [-2816, 3776]        @ /trunk/trunk.11/C2/Conv.conv_rounding
%185 = subgraph(%184)                                                                                                     # EncryptedTensor<uint11, shape=(1, 256, 14, 14)>         ∈ [0, 15]
%186 = [[[[ 1]]   ...   [[ 3]]]]                                                                                          # ClearTensor<int5, shape=(1024, 256, 1, 1)>              ∈ [-6, 7]              @ /trunk/trunk.11/C3/Conv.conv
%187 = conv2d(%185, %186, [0 0 0 ... 0 0 0], pads=[0, 0, 0, 0], strides=(1, 1), dilations=(1, 1), group=1)                # EncryptedTensor<int11, shape=(1, 1024, 14, 14)>         ∈ [-679, 719]          @ /trunk/trunk.11/C3/Conv.conv
%188 = round_bit_pattern(%187, lsbs_to_remove=4, overflow_protection=False, exactness=Exactness.EXACT)                    # EncryptedTensor<int11, shape=(1, 1024, 14, 14)>         ∈ [-672, 720]          @ /trunk/trunk.11/C3/Conv.conv_rounding
%189 = subgraph(%172)                                                                                                     # EncryptedTensor<uint11, shape=(1, 512, 28, 28)>         ∈ [0, 15]
%190 = [[[[ 1]]   ...   [[ 0]]]]                                                                                          # ClearTensor<int5, shape=(1024, 512, 1, 1)>              ∈ [-7, 6]              @ /trunk/trunk.11/shortcut/Conv.conv
%191 = conv2d(%189, %190, [0 0 0 ... 0 0 0], pads=[0, 0, 0, 0], strides=(2, 2), dilations=(1, 1), group=1)                # EncryptedTensor<int11, shape=(1, 1024, 14, 14)>         ∈ [-904, 985]          @ /trunk/trunk.11/shortcut/Conv.conv
%192 = round_bit_pattern(%191, lsbs_to_remove=4, overflow_protection=False, exactness=Exactness.EXACT)                    # EncryptedTensor<int11, shape=(1, 1024, 14, 14)>         ∈ [-896, 992]          @ /trunk/trunk.11/shortcut/Conv.conv_rounding
%193 = subgraph(%188)                                                                                                     # EncryptedTensor<int4, shape=(1, 1024, 14, 14)>          ∈ [-8, 7]
%194 = subgraph(%192)                                                                                                     # EncryptedTensor<int4, shape=(1, 1024, 14, 14)>          ∈ [-8, 7]
%195 = subgraph(%193)                                                                                                     # EncryptedTensor<int6, shape=(1, 1024, 14, 14)>          ∈ [-14, 12]
%196 = subgraph(%194)                                                                                                     # EncryptedTensor<int6, shape=(1, 1024, 14, 14)>          ∈ [-11, 10]
%197 = 1                                                                                                                  # ClearScalar<uint2>                                      ∈ [1, 1]
%198 = multiply(%197, %196)                                                                                               # EncryptedTensor<int6, shape=(1, 1024, 14, 14)>          ∈ [-11, 10]
%199 = add(%195, %198)                                                                                                    # EncryptedTensor<int6, shape=(1, 1024, 14, 14)>          ∈ [-25, 22]
%200 = subgraph(%199)                                                                                                     # EncryptedTensor<uint12, shape=(1, 1024, 14, 14)>        ∈ [0, 15]
%201 = [[[[-1]]   ...   [[ 0]]]]                                                                                          # ClearTensor<int5, shape=(256, 1024, 1, 1)>              ∈ [-6, 7]              @ /trunk/trunk.12/C1/Conv.conv
%202 = conv2d(%200, %201, [0 0 0 0 0 ... 0 0 0 0 0], pads=[0, 0, 0, 0], strides=(1, 1), dilations=(1, 1), group=1)        # EncryptedTensor<int12, shape=(1, 256, 14, 14)>          ∈ [-1179, 1619]        @ /trunk/trunk.12/C1/Conv.conv
%203 = round_bit_pattern(%202, lsbs_to_remove=5, overflow_protection=False, exactness=Exactness.EXACT)                    # EncryptedTensor<int12, shape=(1, 256, 14, 14)>          ∈ [-1184, 1632]        @ /trunk/trunk.12/C1/Conv.conv_rounding
%204 = subgraph(%203)                                                                                                     # EncryptedTensor<uint13, shape=(1, 256, 14, 14)>         ∈ [0, 15]
%205 = ones()                                                                                                             # EncryptedTensor<uint13, shape=(1, 256, 16, 16)>         ∈ [1, 1]
%206 = 0                                                                                                                  # ClearScalar<uint2>                                      ∈ [0, 0]
%207 = multiply(%205, %206)                                                                                               # EncryptedTensor<uint13, shape=(1, 256, 16, 16)>         ∈ [0, 0]
%208 = (%207[:, :, 1:15, 1:15] = %204)                                                                                    # EncryptedTensor<uint13, shape=(1, 256, 16, 16)>         ∈ [0, 15]
%209 = [[[[ 1  1  ...  -3 -1]]]]                                                                                          # ClearTensor<int5, shape=(256, 256, 3, 3)>               ∈ [-7, 7]              @ /trunk/trunk.12/C2/Conv.conv
%210 = conv2d(%208, %209, [0 0 0 0 0 ... 0 0 0 0 0], pads=[0, 0, 0, 0], strides=(1, 1), dilations=(1, 1), group=1)        # EncryptedTensor<int13, shape=(1, 256, 14, 14)>          ∈ [-3227, 2902]        @ /trunk/trunk.12/C2/Conv.conv
%211 = round_bit_pattern(%210, lsbs_to_remove=6, overflow_protection=False, exactness=Exactness.EXACT)                    # EncryptedTensor<int13, shape=(1, 256, 14, 14)>          ∈ [-3200, 2880]        @ /trunk/trunk.12/C2/Conv.conv_rounding
%212 = subgraph(%211)                                                                                                     # EncryptedTensor<uint11, shape=(1, 256, 14, 14)>         ∈ [0, 15]
%213 = [[[[ 1]]   ...   [[-1]]]]                                                                                          # ClearTensor<int5, shape=(1024, 256, 1, 1)>              ∈ [-7, 6]              @ /trunk/trunk.12/C3/Conv.conv
%214 = conv2d(%212, %213, [0 0 0 ... 0 0 0], pads=[0, 0, 0, 0], strides=(1, 1), dilations=(1, 1), group=1)                # EncryptedTensor<int11, shape=(1, 1024, 14, 14)>         ∈ [-512, 560]          @ /trunk/trunk.12/C3/Conv.conv
%215 = round_bit_pattern(%214, lsbs_to_remove=3, overflow_protection=False, exactness=Exactness.EXACT)                    # EncryptedTensor<int11, shape=(1, 1024, 14, 14)>         ∈ [-512, 560]          @ /trunk/trunk.12/C3/Conv.conv_rounding
%216 = subgraph(%215)                                                                                                     # EncryptedTensor<int4, shape=(1, 1024, 14, 14)>          ∈ [-8, 7]
%217 = subgraph(%199)                                                                                                     # EncryptedTensor<uint4, shape=(1, 1024, 14, 14)>         ∈ [0, 15]
%218 = subgraph(%216)                                                                                                     # EncryptedTensor<int7, shape=(1, 1024, 14, 14)>          ∈ [-15, 13]
%219 = subgraph(%217)                                                                                                     # EncryptedTensor<uint7, shape=(1, 1024, 14, 14)>         ∈ [0, 20]
%220 = 1                                                                                                                  # ClearScalar<uint2>                                      ∈ [1, 1]
%221 = multiply(%220, %219)                                                                                               # EncryptedTensor<uint7, shape=(1, 1024, 14, 14)>         ∈ [0, 20]
%222 = add(%218, %221)                                                                                                    # EncryptedTensor<int7, shape=(1, 1024, 14, 14)>          ∈ [-15, 33]
%223 = subgraph(%222)                                                                                                     # EncryptedTensor<uint12, shape=(1, 1024, 14, 14)>        ∈ [0, 15]
%224 = [[[[ 0]]   ...   [[ 1]]]]                                                                                          # ClearTensor<int5, shape=(256, 1024, 1, 1)>              ∈ [-7, 5]              @ /trunk/trunk.13/C1/Conv.conv
%225 = conv2d(%223, %224, [0 0 0 0 0 ... 0 0 0 0 0], pads=[0, 0, 0, 0], strides=(1, 1), dilations=(1, 1), group=1)        # EncryptedTensor<int12, shape=(1, 256, 14, 14)>          ∈ [-892, 1089]         @ /trunk/trunk.13/C1/Conv.conv
%226 = round_bit_pattern(%225, lsbs_to_remove=4, overflow_protection=False, exactness=Exactness.EXACT)                    # EncryptedTensor<int12, shape=(1, 256, 14, 14)>          ∈ [-896, 1088]         @ /trunk/trunk.13/C1/Conv.conv_rounding
%227 = subgraph(%226)                                                                                                     # EncryptedTensor<uint13, shape=(1, 256, 14, 14)>         ∈ [0, 15]
%228 = ones()                                                                                                             # EncryptedTensor<uint13, shape=(1, 256, 16, 16)>         ∈ [1, 1]
%229 = 0                                                                                                                  # ClearScalar<uint2>                                      ∈ [0, 0]
%230 = multiply(%228, %229)                                                                                               # EncryptedTensor<uint13, shape=(1, 256, 16, 16)>         ∈ [0, 0]
%231 = (%230[:, :, 1:15, 1:15] = %227)                                                                                    # EncryptedTensor<uint13, shape=(1, 256, 16, 16)>         ∈ [0, 15]
%232 = [[[[ 1 -2  ...  -1  0]]]]                                                                                          # ClearTensor<int5, shape=(256, 256, 3, 3)>               ∈ [-7, 7]              @ /trunk/trunk.13/C2/Conv.conv
%233 = conv2d(%231, %232, [0 0 0 0 0 ... 0 0 0 0 0], pads=[0, 0, 0, 0], strides=(1, 1), dilations=(1, 1), group=1)        # EncryptedTensor<int13, shape=(1, 256, 14, 14)>          ∈ [-3348, 3514]        @ /trunk/trunk.13/C2/Conv.conv
%234 = round_bit_pattern(%233, lsbs_to_remove=6, overflow_protection=False, exactness=Exactness.EXACT)                    # EncryptedTensor<int13, shape=(1, 256, 14, 14)>          ∈ [-3328, 3520]        @ /trunk/trunk.13/C2/Conv.conv_rounding
%235 = subgraph(%234)                                                                                                     # EncryptedTensor<uint11, shape=(1, 256, 14, 14)>         ∈ [0, 15]
%236 = [[[[ 0]]   ...   [[-2]]]]                                                                                          # ClearTensor<int5, shape=(1024, 256, 1, 1)>              ∈ [-6, 7]              @ /trunk/trunk.13/C3/Conv.conv
%237 = conv2d(%235, %236, [0 0 0 ... 0 0 0], pads=[0, 0, 0, 0], strides=(1, 1), dilations=(1, 1), group=1)                # EncryptedTensor<int11, shape=(1, 1024, 14, 14)>         ∈ [-540, 644]          @ /trunk/trunk.13/C3/Conv.conv
%238 = round_bit_pattern(%237, lsbs_to_remove=3, overflow_protection=False, exactness=Exactness.EXACT)                    # EncryptedTensor<int11, shape=(1, 1024, 14, 14)>         ∈ [-536, 648]          @ /trunk/trunk.13/C3/Conv.conv_rounding
%239 = subgraph(%238)                                                                                                     # EncryptedTensor<int4, shape=(1, 1024, 14, 14)>          ∈ [-8, 7]
%240 = subgraph(%222)                                                                                                     # EncryptedTensor<uint4, shape=(1, 1024, 14, 14)>         ∈ [0, 15]
%241 = subgraph(%239)                                                                                                     # EncryptedTensor<int7, shape=(1, 1024, 14, 14)>          ∈ [-12, 10]
%242 = subgraph(%240)                                                                                                     # EncryptedTensor<uint7, shape=(1, 1024, 14, 14)>         ∈ [0, 22]
%243 = 1                                                                                                                  # ClearScalar<uint2>                                      ∈ [1, 1]
%244 = multiply(%243, %242)                                                                                               # EncryptedTensor<uint7, shape=(1, 1024, 14, 14)>         ∈ [0, 22]
%245 = add(%241, %244)                                                                                                    # EncryptedTensor<int7, shape=(1, 1024, 14, 14)>          ∈ [-12, 32]
%246 = subgraph(%245)                                                                                                     # EncryptedTensor<uint11, shape=(1, 1024, 14, 14)>        ∈ [0, 15]
%247 = [[[[ 1]]   ...   [[ 0]]]]                                                                                          # ClearTensor<int5, shape=(256, 1024, 1, 1)>              ∈ [-5, 7]              @ /trunk/trunk.14/C1/Conv.conv
%248 = conv2d(%246, %247, [0 0 0 0 0 ... 0 0 0 0 0], pads=[0, 0, 0, 0], strides=(1, 1), dilations=(1, 1), group=1)        # EncryptedTensor<int11, shape=(1, 256, 14, 14)>          ∈ [-770, 990]          @ /trunk/trunk.14/C1/Conv.conv
%249 = round_bit_pattern(%248, lsbs_to_remove=4, overflow_protection=False, exactness=Exactness.EXACT)                    # EncryptedTensor<int11, shape=(1, 256, 14, 14)>          ∈ [-768, 992]          @ /trunk/trunk.14/C1/Conv.conv_rounding
%250 = subgraph(%249)                                                                                                     # EncryptedTensor<uint13, shape=(1, 256, 14, 14)>         ∈ [0, 15]
%251 = ones()                                                                                                             # EncryptedTensor<uint13, shape=(1, 256, 16, 16)>         ∈ [1, 1]
%252 = 0                                                                                                                  # ClearScalar<uint2>                                      ∈ [0, 0]
%253 = multiply(%251, %252)                                                                                               # EncryptedTensor<uint13, shape=(1, 256, 16, 16)>         ∈ [0, 0]
%254 = (%253[:, :, 1:15, 1:15] = %250)                                                                                    # EncryptedTensor<uint13, shape=(1, 256, 16, 16)>         ∈ [0, 15]
%255 = [[[[ 1  0  ...   0 -2]]]]                                                                                          # ClearTensor<int5, shape=(256, 256, 3, 3)>               ∈ [-7, 7]              @ /trunk/trunk.14/C2/Conv.conv
%256 = conv2d(%254, %255, [0 0 0 0 0 ... 0 0 0 0 0], pads=[0, 0, 0, 0], strides=(1, 1), dilations=(1, 1), group=1)        # EncryptedTensor<int13, shape=(1, 256, 14, 14)>          ∈ [-2204, 2500]        @ /trunk/trunk.14/C2/Conv.conv
%257 = round_bit_pattern(%256, lsbs_to_remove=5, overflow_protection=False, exactness=Exactness.EXACT)                    # EncryptedTensor<int13, shape=(1, 256, 14, 14)>          ∈ [-2208, 2496]        @ /trunk/trunk.14/C2/Conv.conv_rounding
%258 = subgraph(%257)                                                                                                     # EncryptedTensor<uint11, shape=(1, 256, 14, 14)>         ∈ [0, 15]
%259 = [[[[-1]]   ...   [[-1]]]]                                                                                          # ClearTensor<int5, shape=(1024, 256, 1, 1)>              ∈ [-7, 7]              @ /trunk/trunk.14/C3/Conv.conv
%260 = conv2d(%258, %259, [0 0 0 ... 0 0 0], pads=[0, 0, 0, 0], strides=(1, 1), dilations=(1, 1), group=1)                # EncryptedTensor<int11, shape=(1, 1024, 14, 14)>         ∈ [-647, 623]          @ /trunk/trunk.14/C3/Conv.conv
%261 = round_bit_pattern(%260, lsbs_to_remove=3, overflow_protection=False, exactness=Exactness.EXACT)                    # EncryptedTensor<int11, shape=(1, 1024, 14, 14)>         ∈ [-648, 624]          @ /trunk/trunk.14/C3/Conv.conv_rounding
%262 = subgraph(%261)                                                                                                     # EncryptedTensor<int4, shape=(1, 1024, 14, 14)>          ∈ [-8, 7]
%263 = subgraph(%245)                                                                                                     # EncryptedTensor<uint4, shape=(1, 1024, 14, 14)>         ∈ [0, 15]
%264 = subgraph(%262)                                                                                                     # EncryptedTensor<int7, shape=(1, 1024, 14, 14)>          ∈ [-11, 9]
%265 = subgraph(%263)                                                                                                     # EncryptedTensor<uint7, shape=(1, 1024, 14, 14)>         ∈ [0, 25]
%266 = 1                                                                                                                  # ClearScalar<uint2>                                      ∈ [1, 1]
%267 = multiply(%266, %265)                                                                                               # EncryptedTensor<uint7, shape=(1, 1024, 14, 14)>         ∈ [0, 25]
%268 = add(%264, %267)                                                                                                    # EncryptedTensor<int7, shape=(1, 1024, 14, 14)>          ∈ [-11, 34]
%269 = subgraph(%268)                                                                                                     # EncryptedTensor<uint11, shape=(1, 1024, 14, 14)>        ∈ [0, 15]
%270 = [[[[ 0]]   ...   [[ 0]]]]                                                                                          # ClearTensor<int5, shape=(256, 1024, 1, 1)>              ∈ [-6, 7]              @ /trunk/trunk.15/C1/Conv.conv
%271 = conv2d(%269, %270, [0 0 0 0 0 ... 0 0 0 0 0], pads=[0, 0, 0, 0], strides=(1, 1), dilations=(1, 1), group=1)        # EncryptedTensor<int11, shape=(1, 256, 14, 14)>          ∈ [-861, 1014]         @ /trunk/trunk.15/C1/Conv.conv
%272 = round_bit_pattern(%271, lsbs_to_remove=4, overflow_protection=False, exactness=Exactness.EXACT)                    # EncryptedTensor<int11, shape=(1, 256, 14, 14)>          ∈ [-864, 1008]         @ /trunk/trunk.15/C1/Conv.conv_rounding
%273 = subgraph(%272)                                                                                                     # EncryptedTensor<uint13, shape=(1, 256, 14, 14)>         ∈ [0, 15]
%274 = ones()                                                                                                             # EncryptedTensor<uint13, shape=(1, 256, 16, 16)>         ∈ [1, 1]
%275 = 0                                                                                                                  # ClearScalar<uint2>                                      ∈ [0, 0]
%276 = multiply(%274, %275)                                                                                               # EncryptedTensor<uint13, shape=(1, 256, 16, 16)>         ∈ [0, 0]
%277 = (%276[:, :, 1:15, 1:15] = %273)                                                                                    # EncryptedTensor<uint13, shape=(1, 256, 16, 16)>         ∈ [0, 15]
%278 = [[[[ 0 -1  ...  -2  1]]]]                                                                                          # ClearTensor<int5, shape=(256, 256, 3, 3)>               ∈ [-6, 7]              @ /trunk/trunk.15/C2/Conv.conv
%279 = conv2d(%277, %278, [0 0 0 0 0 ... 0 0 0 0 0], pads=[0, 0, 0, 0], strides=(1, 1), dilations=(1, 1), group=1)        # EncryptedTensor<int13, shape=(1, 256, 14, 14)>          ∈ [-1990, 2064]        @ /trunk/trunk.15/C2/Conv.conv
%280 = round_bit_pattern(%279, lsbs_to_remove=5, overflow_protection=False, exactness=Exactness.EXACT)                    # EncryptedTensor<int13, shape=(1, 256, 14, 14)>          ∈ [-1984, 2080]        @ /trunk/trunk.15/C2/Conv.conv_rounding
%281 = subgraph(%280)                                                                                                     # EncryptedTensor<uint11, shape=(1, 256, 14, 14)>         ∈ [0, 15]
%282 = [[[[-1]]   ...   [[ 1]]]]                                                                                          # ClearTensor<int5, shape=(1024, 256, 1, 1)>              ∈ [-6, 7]              @ /trunk/trunk.15/C3/Conv.conv
%283 = conv2d(%281, %282, [0 0 0 ... 0 0 0], pads=[0, 0, 0, 0], strides=(1, 1), dilations=(1, 1), group=1)                # EncryptedTensor<int11, shape=(1, 1024, 14, 14)>         ∈ [-703, 695]          @ /trunk/trunk.15/C3/Conv.conv
%284 = round_bit_pattern(%283, lsbs_to_remove=3, overflow_protection=False, exactness=Exactness.EXACT)                    # EncryptedTensor<int11, shape=(1, 1024, 14, 14)>         ∈ [-704, 696]          @ /trunk/trunk.15/C3/Conv.conv_rounding
%285 = subgraph(%284)                                                                                                     # EncryptedTensor<int4, shape=(1, 1024, 14, 14)>          ∈ [-8, 7]
%286 = subgraph(%268)                                                                                                     # EncryptedTensor<uint4, shape=(1, 1024, 14, 14)>         ∈ [0, 15]
%287 = subgraph(%285)                                                                                                     # EncryptedTensor<int7, shape=(1, 1024, 14, 14)>          ∈ [-10, 8]
%288 = subgraph(%286)                                                                                                     # EncryptedTensor<uint7, shape=(1, 1024, 14, 14)>         ∈ [0, 26]
%289 = 1                                                                                                                  # ClearScalar<uint2>                                      ∈ [1, 1]
%290 = multiply(%289, %288)                                                                                               # EncryptedTensor<uint7, shape=(1, 1024, 14, 14)>         ∈ [0, 26]
%291 = add(%287, %290)                                                                                                    # EncryptedTensor<int7, shape=(1, 1024, 14, 14)>          ∈ [-10, 34]
%292 = subgraph(%291)                                                                                                     # EncryptedTensor<uint11, shape=(1, 1024, 14, 14)>        ∈ [0, 15]
%293 = [[[[ 0]]   ...   [[ 1]]]]                                                                                          # ClearTensor<int5, shape=(256, 1024, 1, 1)>              ∈ [-7, 6]              @ /trunk/trunk.16/C1/Conv.conv
%294 = conv2d(%292, %293, [0 0 0 0 0 ... 0 0 0 0 0], pads=[0, 0, 0, 0], strides=(1, 1), dilations=(1, 1), group=1)        # EncryptedTensor<int11, shape=(1, 256, 14, 14)>          ∈ [-829, 826]          @ /trunk/trunk.16/C1/Conv.conv
%295 = round_bit_pattern(%294, lsbs_to_remove=4, overflow_protection=False, exactness=Exactness.EXACT)                    # EncryptedTensor<int11, shape=(1, 256, 14, 14)>          ∈ [-832, 832]          @ /trunk/trunk.16/C1/Conv.conv_rounding
%296 = subgraph(%295)                                                                                                     # EncryptedTensor<uint13, shape=(1, 256, 14, 14)>         ∈ [0, 15]
%297 = ones()                                                                                                             # EncryptedTensor<uint13, shape=(1, 256, 16, 16)>         ∈ [1, 1]
%298 = 0                                                                                                                  # ClearScalar<uint2>                                      ∈ [0, 0]
%299 = multiply(%297, %298)                                                                                               # EncryptedTensor<uint13, shape=(1, 256, 16, 16)>         ∈ [0, 0]
%300 = (%299[:, :, 1:15, 1:15] = %296)                                                                                    # EncryptedTensor<uint13, shape=(1, 256, 16, 16)>         ∈ [0, 15]
%301 = [[[[ 1  1  ...  -1  0]]]]                                                                                          # ClearTensor<int5, shape=(256, 256, 3, 3)>               ∈ [-7, 6]              @ /trunk/trunk.16/C2/Conv.conv
%302 = conv2d(%300, %301, [0 0 0 0 0 ... 0 0 0 0 0], pads=[0, 0, 0, 0], strides=(1, 1), dilations=(1, 1), group=1)        # EncryptedTensor<int13, shape=(1, 256, 14, 14)>          ∈ [-2035, 2169]        @ /trunk/trunk.16/C2/Conv.conv
%303 = round_bit_pattern(%302, lsbs_to_remove=5, overflow_protection=False, exactness=Exactness.EXACT)                    # EncryptedTensor<int13, shape=(1, 256, 14, 14)>          ∈ [-2048, 2176]        @ /trunk/trunk.16/C2/Conv.conv_rounding
%304 = subgraph(%303)                                                                                                     # EncryptedTensor<uint11, shape=(1, 256, 14, 14)>         ∈ [0, 15]
%305 = [[[[ 1]]   ...   [[ 1]]]]                                                                                          # ClearTensor<int5, shape=(1024, 256, 1, 1)>              ∈ [-7, 6]              @ /trunk/trunk.16/C3/Conv.conv
%306 = conv2d(%304, %305, [0 0 0 ... 0 0 0], pads=[0, 0, 0, 0], strides=(1, 1), dilations=(1, 1), group=1)                # EncryptedTensor<int11, shape=(1, 1024, 14, 14)>         ∈ [-604, 586]          @ /trunk/trunk.16/C3/Conv.conv
%307 = round_bit_pattern(%306, lsbs_to_remove=3, overflow_protection=False, exactness=Exactness.EXACT)                    # EncryptedTensor<int11, shape=(1, 1024, 14, 14)>         ∈ [-600, 584]          @ /trunk/trunk.16/C3/Conv.conv_rounding
%308 = subgraph(%307)                                                                                                     # EncryptedTensor<int4, shape=(1, 1024, 14, 14)>          ∈ [-8, 7]
%309 = subgraph(%291)                                                                                                     # EncryptedTensor<uint4, shape=(1, 1024, 14, 14)>         ∈ [0, 15]
%310 = subgraph(%308)                                                                                                     # EncryptedTensor<int7, shape=(1, 1024, 14, 14)>          ∈ [-7, 6]
%311 = subgraph(%309)                                                                                                     # EncryptedTensor<uint7, shape=(1, 1024, 14, 14)>         ∈ [0, 26]
%312 = 1                                                                                                                  # ClearScalar<uint2>                                      ∈ [1, 1]
%313 = multiply(%312, %311)                                                                                               # EncryptedTensor<uint7, shape=(1, 1024, 14, 14)>         ∈ [0, 26]
%314 = add(%310, %313)                                                                                                    # EncryptedTensor<int7, shape=(1, 1024, 14, 14)>          ∈ [-7, 32]
%315 = subgraph(%314)                                                                                                     # EncryptedTensor<uint12, shape=(1, 1024, 14, 14)>        ∈ [0, 15]
%316 = [[[[ 0]]   ...   [[ 1]]]]                                                                                          # ClearTensor<int5, shape=(512, 1024, 1, 1)>              ∈ [-7, 6]              @ /trunk/trunk.17/C1/Conv.conv
%317 = conv2d(%315, %316, [0 0 0 0 0 ... 0 0 0 0 0], pads=[0, 0, 0, 0], strides=(1, 1), dilations=(1, 1), group=1)        # EncryptedTensor<int12, shape=(1, 512, 14, 14)>          ∈ [-846, 1080]         @ /trunk/trunk.17/C1/Conv.conv
%318 = round_bit_pattern(%317, lsbs_to_remove=4, overflow_protection=False, exactness=Exactness.EXACT)                    # EncryptedTensor<int12, shape=(1, 512, 14, 14)>          ∈ [-848, 1088]         @ /trunk/trunk.17/C1/Conv.conv_rounding
%319 = subgraph(%318)                                                                                                     # EncryptedTensor<uint14, shape=(1, 512, 14, 14)>         ∈ [0, 15]
%320 = ones()                                                                                                             # EncryptedTensor<uint14, shape=(1, 512, 16, 16)>         ∈ [1, 1]
%321 = 0                                                                                                                  # ClearScalar<uint2>                                      ∈ [0, 0]
%322 = multiply(%320, %321)                                                                                               # EncryptedTensor<uint14, shape=(1, 512, 16, 16)>         ∈ [0, 0]
%323 = (%322[:, :, 1:15, 1:15] = %319)                                                                                    # EncryptedTensor<uint14, shape=(1, 512, 16, 16)>         ∈ [0, 15]
%324 = [[[[ 0  1  ...   1  1]]]]                                                                                          # ClearTensor<int5, shape=(512, 512, 3, 3)>               ∈ [-7, 7]              @ /trunk/trunk.17/C2/Conv.conv
%325 = conv2d(%323, %324, [0 0 0 0 0 ... 0 0 0 0 0], pads=[0, 0, 0, 0], strides=(2, 2), dilations=(1, 1), group=1)        # EncryptedTensor<int14, shape=(1, 512, 7, 7)>            ∈ [-6146, 7211]        @ /trunk/trunk.17/C2/Conv.conv
%326 = round_bit_pattern(%325, lsbs_to_remove=7, overflow_protection=False, exactness=Exactness.EXACT)                    # EncryptedTensor<int14, shape=(1, 512, 7, 7)>            ∈ [-6144, 7168]        @ /trunk/trunk.17/C2/Conv.conv_rounding
%327 = subgraph(%326)                                                                                                     # EncryptedTensor<uint13, shape=(1, 512, 7, 7)>           ∈ [0, 15]
%328 = [[[[ 0]]   ...   [[ 0]]]]                                                                                          # ClearTensor<int5, shape=(2048, 512, 1, 1)>              ∈ [-7, 6]              @ /trunk/trunk.17/C3/Conv.conv
%329 = conv2d(%327, %328, [0 0 0 ... 0 0 0], pads=[0, 0, 0, 0], strides=(1, 1), dilations=(1, 1), group=1)                # EncryptedTensor<int13, shape=(1, 2048, 7, 7)>           ∈ [-2821, 2653]        @ /trunk/trunk.17/C3/Conv.conv
%330 = round_bit_pattern(%329, lsbs_to_remove=6, overflow_protection=False, exactness=Exactness.EXACT)                    # EncryptedTensor<int13, shape=(1, 2048, 7, 7)>           ∈ [-2816, 2624]        @ /trunk/trunk.17/C3/Conv.conv_rounding
%331 = subgraph(%314)                                                                                                     # EncryptedTensor<uint13, shape=(1, 1024, 14, 14)>        ∈ [0, 15]
%332 = [[[[ 1]]   ...   [[ 0]]]]                                                                                          # ClearTensor<int5, shape=(2048, 1024, 1, 1)>             ∈ [-7, 7]              @ /trunk/trunk.17/shortcut/Conv.conv
%333 = conv2d(%331, %332, [0 0 0 ... 0 0 0], pads=[0, 0, 0, 0], strides=(2, 2), dilations=(1, 1), group=1)                # EncryptedTensor<int13, shape=(1, 2048, 7, 7)>           ∈ [-2394, 2565]        @ /trunk/trunk.17/shortcut/Conv.conv
%334 = round_bit_pattern(%333, lsbs_to_remove=5, overflow_protection=False, exactness=Exactness.EXACT)                    # EncryptedTensor<int13, shape=(1, 2048, 7, 7)>           ∈ [-2400, 2560]        @ /trunk/trunk.17/shortcut/Conv.conv_rounding
%335 = subgraph(%330)                                                                                                     # EncryptedTensor<int4, shape=(1, 2048, 7, 7)>            ∈ [-8, 7]
%336 = subgraph(%334)                                                                                                     # EncryptedTensor<int4, shape=(1, 2048, 7, 7)>            ∈ [-8, 7]
%337 = subgraph(%335)                                                                                                     # EncryptedTensor<int6, shape=(1, 2048, 7, 7)>            ∈ [-13, 11]
%338 = subgraph(%336)                                                                                                     # EncryptedTensor<int6, shape=(1, 2048, 7, 7)>            ∈ [-12, 11]
%339 = 1                                                                                                                  # ClearScalar<uint2>                                      ∈ [1, 1]
%340 = multiply(%339, %338)                                                                                               # EncryptedTensor<int6, shape=(1, 2048, 7, 7)>            ∈ [-12, 11]
%341 = add(%337, %340)                                                                                                    # EncryptedTensor<int6, shape=(1, 2048, 7, 7)>            ∈ [-25, 22]
%342 = subgraph(%341)                                                                                                     # EncryptedTensor<uint12, shape=(1, 2048, 7, 7)>          ∈ [0, 15]
%343 = [[[[ 1]]   ...   [[-1]]]]                                                                                          # ClearTensor<int5, shape=(512, 2048, 1, 1)>              ∈ [-5, 7]              @ /trunk/trunk.18/C1/Conv.conv
%344 = conv2d(%342, %343, [0 0 0 0 0 ... 0 0 0 0 0], pads=[0, 0, 0, 0], strides=(1, 1), dilations=(1, 1), group=1)        # EncryptedTensor<int12, shape=(1, 512, 7, 7)>            ∈ [-1295, 1419]        @ /trunk/trunk.18/C1/Conv.conv
%345 = round_bit_pattern(%344, lsbs_to_remove=5, overflow_protection=False, exactness=Exactness.EXACT)                    # EncryptedTensor<int12, shape=(1, 512, 7, 7)>            ∈ [-1280, 1408]        @ /trunk/trunk.18/C1/Conv.conv_rounding
%346 = subgraph(%345)                                                                                                     # EncryptedTensor<uint14, shape=(1, 512, 7, 7)>           ∈ [0, 15]
%347 = ones()                                                                                                             # EncryptedTensor<uint14, shape=(1, 512, 9, 9)>           ∈ [1, 1]
%348 = 0                                                                                                                  # ClearScalar<uint2>                                      ∈ [0, 0]
%349 = multiply(%347, %348)                                                                                               # EncryptedTensor<uint14, shape=(1, 512, 9, 9)>           ∈ [0, 0]
%350 = (%349[:, :, 1:8, 1:8] = %346)                                                                                      # EncryptedTensor<uint14, shape=(1, 512, 9, 9)>           ∈ [0, 15]
%351 = [[[[ 1 -1  ...   0  1]]]]                                                                                          # ClearTensor<int5, shape=(512, 512, 3, 3)>               ∈ [-6, 7]              @ /trunk/trunk.18/C2/Conv.conv
%352 = conv2d(%350, %351, [0 0 0 0 0 ... 0 0 0 0 0], pads=[0, 0, 0, 0], strides=(1, 1), dilations=(1, 1), group=1)        # EncryptedTensor<int14, shape=(1, 512, 7, 7)>            ∈ [-5749, 5089]        @ /trunk/trunk.18/C2/Conv.conv
%353 = round_bit_pattern(%352, lsbs_to_remove=6, overflow_protection=False, exactness=Exactness.EXACT)                    # EncryptedTensor<int14, shape=(1, 512, 7, 7)>            ∈ [-5760, 5120]        @ /trunk/trunk.18/C2/Conv.conv_rounding
%354 = subgraph(%353)                                                                                                     # EncryptedTensor<uint12, shape=(1, 512, 7, 7)>           ∈ [0, 15]
%355 = [[[[ 0]]   ...   [[-1]]]]                                                                                          # ClearTensor<int5, shape=(2048, 512, 1, 1)>              ∈ [-6, 7]              @ /trunk/trunk.18/C3/Conv.conv
%356 = conv2d(%354, %355, [0 0 0 ... 0 0 0], pads=[0, 0, 0, 0], strides=(1, 1), dilations=(1, 1), group=1)                # EncryptedTensor<int12, shape=(1, 2048, 7, 7)>           ∈ [-1902, 1689]        @ /trunk/trunk.18/C3/Conv.conv
%357 = round_bit_pattern(%356, lsbs_to_remove=5, overflow_protection=False, exactness=Exactness.EXACT)                    # EncryptedTensor<int12, shape=(1, 2048, 7, 7)>           ∈ [-1888, 1696]        @ /trunk/trunk.18/C3/Conv.conv_rounding
%358 = subgraph(%357)                                                                                                     # EncryptedTensor<int4, shape=(1, 2048, 7, 7)>            ∈ [-8, 7]
%359 = subgraph(%341)                                                                                                     # EncryptedTensor<uint4, shape=(1, 2048, 7, 7)>           ∈ [0, 15]
%360 = subgraph(%358)                                                                                                     # EncryptedTensor<int7, shape=(1, 2048, 7, 7)>            ∈ [-13, 11]
%361 = subgraph(%359)                                                                                                     # EncryptedTensor<uint7, shape=(1, 2048, 7, 7)>           ∈ [0, 21]
%362 = 1                                                                                                                  # ClearScalar<uint2>                                      ∈ [1, 1]
%363 = multiply(%362, %361)                                                                                               # EncryptedTensor<uint7, shape=(1, 2048, 7, 7)>           ∈ [0, 21]
%364 = add(%360, %363)                                                                                                    # EncryptedTensor<int7, shape=(1, 2048, 7, 7)>            ∈ [-13, 32]
%365 = subgraph(%364)                                                                                                     # EncryptedTensor<uint13, shape=(1, 2048, 7, 7)>          ∈ [0, 15]
%366 = [[[[ 2]]   ...   [[ 0]]]]                                                                                          # ClearTensor<int5, shape=(512, 2048, 1, 1)>              ∈ [-7, 6]              @ /trunk/trunk.19/C1/Conv.conv
%367 = conv2d(%365, %366, [0 0 0 0 0 ... 0 0 0 0 0], pads=[0, 0, 0, 0], strides=(1, 1), dilations=(1, 1), group=1)        # EncryptedTensor<int13, shape=(1, 512, 7, 7)>            ∈ [-1195, 2082]        @ /trunk/trunk.19/C1/Conv.conv
%368 = round_bit_pattern(%367, lsbs_to_remove=5, overflow_protection=False, exactness=Exactness.EXACT)                    # EncryptedTensor<int13, shape=(1, 512, 7, 7)>            ∈ [-1184, 2080]        @ /trunk/trunk.19/C1/Conv.conv_rounding
%369 = subgraph(%368)                                                                                                     # EncryptedTensor<uint14, shape=(1, 512, 7, 7)>           ∈ [0, 15]
%370 = ones()                                                                                                             # EncryptedTensor<uint14, shape=(1, 512, 9, 9)>           ∈ [1, 1]
%371 = 0                                                                                                                  # ClearScalar<uint2>                                      ∈ [0, 0]
%372 = multiply(%370, %371)                                                                                               # EncryptedTensor<uint14, shape=(1, 512, 9, 9)>           ∈ [0, 0]
%373 = (%372[:, :, 1:8, 1:8] = %369)                                                                                      # EncryptedTensor<uint14, shape=(1, 512, 9, 9)>           ∈ [0, 15]
%374 = [[[[ 0  0  ...  -1  0]]]]                                                                                          # ClearTensor<int5, shape=(512, 512, 3, 3)>               ∈ [-7, 7]              @ /trunk/trunk.19/C2/Conv.conv
%375 = conv2d(%373, %374, [0 0 0 0 0 ... 0 0 0 0 0], pads=[0, 0, 0, 0], strides=(1, 1), dilations=(1, 1), group=1)        # EncryptedTensor<int14, shape=(1, 512, 7, 7)>            ∈ [-5506, 5090]        @ /trunk/trunk.19/C2/Conv.conv
%376 = round_bit_pattern(%375, lsbs_to_remove=6, overflow_protection=False, exactness=Exactness.EXACT)                    # EncryptedTensor<int14, shape=(1, 512, 7, 7)>            ∈ [-5504, 5120]        @ /trunk/trunk.19/C2/Conv.conv_rounding
%377 = subgraph(%376)                                                                                                     # EncryptedTensor<uint13, shape=(1, 512, 7, 7)>           ∈ [0, 15]
%378 = [[[[ 0]]   ...   [[ 0]]]]                                                                                          # ClearTensor<int5, shape=(2048, 512, 1, 1)>              ∈ [-6, 7]              @ /trunk/trunk.19/C3/Conv.conv
%379 = conv2d(%377, %378, [0 0 0 ... 0 0 0], pads=[0, 0, 0, 0], strides=(1, 1), dilations=(1, 1), group=1)                # EncryptedTensor<int13, shape=(1, 2048, 7, 7)>           ∈ [-3220, 3257]        @ /trunk/trunk.19/C3/Conv.conv
%380 = round_bit_pattern(%379, lsbs_to_remove=5, overflow_protection=False, exactness=Exactness.EXACT)                    # EncryptedTensor<int13, shape=(1, 2048, 7, 7)>           ∈ [-3232, 3264]        @ /trunk/trunk.19/C3/Conv.conv_rounding
%381 = subgraph(%380)                                                                                                     # EncryptedTensor<int4, shape=(1, 2048, 7, 7)>            ∈ [-8, 7]
%382 = subgraph(%364)                                                                                                     # EncryptedTensor<uint4, shape=(1, 2048, 7, 7)>           ∈ [0, 15]
%383 = subgraph(%381)                                                                                                     # EncryptedTensor<int7, shape=(1, 2048, 7, 7)>            ∈ [-11, 9]
%384 = subgraph(%382)                                                                                                     # EncryptedTensor<uint7, shape=(1, 2048, 7, 7)>           ∈ [0, 28]
%385 = 1                                                                                                                  # ClearScalar<uint2>                                      ∈ [1, 1]
%386 = multiply(%385, %384)                                                                                               # EncryptedTensor<uint7, shape=(1, 2048, 7, 7)>           ∈ [0, 28]
%387 = add(%383, %386)                                                                                                    # EncryptedTensor<int7, shape=(1, 2048, 7, 7)>            ∈ [-11, 37]
%388 = subgraph(%387)                                                                                                     # EncryptedTensor<uint7, shape=(1, 2048, 7, 7)>           ∈ [0, 15]
%389 = [[[[1 1 1  ...  1 1 1]]]]                                                                                          # ClearTensor<uint2, shape=(2048, 2048, 5, 5)>            ∈ [0, 1]               @ /trunk/trunk.20/AveragePool.avgpool
%390 = conv2d(%388, %389, [0 0 0 ... 0 0 0], pads=[0, 0, 0, 0], strides=(5, 5), dilations=(1, 1), group=1)                # EncryptedTensor<uint7, shape=(1, 2048, 1, 1)>           ∈ [0, 76]              @ /trunk/trunk.20/AveragePool.avgpool
%391 = subgraph(%390)                                                                                                     # EncryptedTensor<uint3, shape=(1, 2048, 1, 1)>           ∈ [0, 7]
%392 = reshape(%391, newshape=(1, 2048))                                                                                  # EncryptedTensor<uint3, shape=(1, 2048)>                 ∈ [0, 7]
return %392

Subgraphs:

    %4 = subgraph(%3):

         %0 = input                            # EncryptedTensor<int4, shape=(1, 64, 56, 56)>           @ /trunk/trunk.1/Conv.conv_rounding
         %1 = astype(%0, dtype=float64)        # EncryptedTensor<float64, shape=(1, 64, 56, 56)>
         %2 = 0                                # ClearScalar<uint1>
         %3 = add(%1, %2)                      # EncryptedTensor<float64, shape=(1, 64, 56, 56)>
         %4 = [[[[0]]  [ ... ]  [[0]]]]        # ClearTensor<uint1, shape=(1, 64, 1, 1)>
         %5 = subtract(%3, %4)                 # EncryptedTensor<float64, shape=(1, 64, 56, 56)>
         %6 = 4.336093436695876                # ClearScalar<float64>
         %7 = multiply(%6, %5)                 # EncryptedTensor<float64, shape=(1, 64, 56, 56)>
         %8 = [[[[-0.130 ... 695105]]]]        # ClearTensor<float32, shape=(1, 64, 1, 1)>
         %9 = subtract(%7, %8)                 # EncryptedTensor<float64, shape=(1, 64, 56, 56)>
        %10 = [[[[13.689 ... 269718]]]]        # ClearTensor<float32, shape=(1, 64, 1, 1)>
        %11 = divide(%9, %10)                  # EncryptedTensor<float64, shape=(1, 64, 56, 56)>
        %12 = [[[[1.0264 ... 17723 ]]]]        # ClearTensor<float32, shape=(1, 64, 1, 1)>
        %13 = multiply(%11, %12)               # EncryptedTensor<float64, shape=(1, 64, 56, 56)>
        %14 = [[[[-0.004 ... 475713]]]]        # ClearTensor<float32, shape=(1, 64, 1, 1)>
        %15 = add(%13, %14)                    # EncryptedTensor<float64, shape=(1, 64, 56, 56)>
        %16 = 1.4706209                        # ClearScalar<float32>
        %17 = divide(%15, %16)                 # EncryptedTensor<float64, shape=(1, 64, 56, 56)>
        %18 = 0.0                              # ClearScalar<float32>
        %19 = add(%17, %18)                    # EncryptedTensor<float64, shape=(1, 64, 56, 56)>
        %20 = -8.0                             # ClearScalar<float64>
        %21 = 7.0                              # ClearScalar<float64>
        %22 = clip(%19, %20, %21)              # EncryptedTensor<float64, shape=(1, 64, 56, 56)>
        %23 = rint(%22)                        # EncryptedTensor<float64, shape=(1, 64, 56, 56)>
        %24 = 0.0                              # ClearScalar<float32>
        %25 = subtract(%23, %24)               # EncryptedTensor<float64, shape=(1, 64, 56, 56)>
        %26 = 1.4706209                        # ClearScalar<float32>
        %27 = multiply(%25, %26)               # EncryptedTensor<float64, shape=(1, 64, 56, 56)>
        %28 = 1.47062087059021                 # ClearScalar<float64>
        %29 = divide(%27, %28)                 # EncryptedTensor<float64, shape=(1, 64, 56, 56)>
        %30 = 0                                # ClearScalar<uint1>
        %31 = add(%29, %30)                    # EncryptedTensor<float64, shape=(1, 64, 56, 56)>
        %32 = rint(%31)                        # EncryptedTensor<float64, shape=(1, 64, 56, 56)>
        %33 = astype(%32, dtype=int_)          # EncryptedTensor<uint1, shape=(1, 64, 56, 56)>
        return %33

    %8 = subgraph(%7):

         %0 = input                            # EncryptedTensor<uint1, shape=(1, 64, 56, 56)>          @ /trunk/trunk.4/C1/Conv.conv_rounding
         %1 = astype(%0, dtype=float64)        # EncryptedTensor<float64, shape=(1, 64, 56, 56)>
         %2 = 0                                # ClearScalar<uint1>
         %3 = add(%1, %2)                      # EncryptedTensor<float64, shape=(1, 64, 56, 56)>
         %4 = [[[[0]]  [ ... ]  [[0]]]]        # ClearTensor<uint1, shape=(1, 64, 1, 1)>
         %5 = subtract(%3, %4)                 # EncryptedTensor<float64, shape=(1, 64, 56, 56)>
         %6 = 0.12366464325810078              # ClearScalar<float64>
         %7 = multiply(%6, %5)                 # EncryptedTensor<float64, shape=(1, 64, 56, 56)>
         %8 = [[[[ 0.016 ... 564646]]]]        # ClearTensor<float32, shape=(1, 64, 1, 1)>
         %9 = subtract(%7, %8)                 # EncryptedTensor<float64, shape=(1, 64, 56, 56)>
        %10 = [[[[1.2937 ... 858399]]]]        # ClearTensor<float32, shape=(1, 64, 1, 1)>
        %11 = divide(%9, %10)                  # EncryptedTensor<float64, shape=(1, 64, 56, 56)>
        %12 = [[[[1.0307 ... 50379 ]]]]        # ClearTensor<float32, shape=(1, 64, 1, 1)>
        %13 = multiply(%11, %12)               # EncryptedTensor<float64, shape=(1, 64, 56, 56)>
        %14 = [[[[ 0.005 ... 420712]]]]        # ClearTensor<float32, shape=(1, 64, 1, 1)>
        %15 = add(%13, %14)                    # EncryptedTensor<float64, shape=(1, 64, 56, 56)>
        %16 = 0                                # ClearScalar<uint1>
        %17 = maximum(%15, %16)                # EncryptedTensor<float64, shape=(1, 64, 56, 56)>
        %18 = 0.6321019                        # ClearScalar<float32>
        %19 = divide(%17, %18)                 # EncryptedTensor<float64, shape=(1, 64, 56, 56)>
        %20 = 0.0                              # ClearScalar<float32>
        %21 = add(%19, %20)                    # EncryptedTensor<float64, shape=(1, 64, 56, 56)>
        %22 = 0.0                              # ClearScalar<float64>
        %23 = 15.0                             # ClearScalar<float64>
        %24 = clip(%21, %22, %23)              # EncryptedTensor<float64, shape=(1, 64, 56, 56)>
        %25 = rint(%24)                        # EncryptedTensor<float64, shape=(1, 64, 56, 56)>
        %26 = 0.0                              # ClearScalar<float32>
        %27 = subtract(%25, %26)               # EncryptedTensor<float64, shape=(1, 64, 56, 56)>
        %28 = 0.6321019                        # ClearScalar<float32>
        %29 = multiply(%27, %28)               # EncryptedTensor<float64, shape=(1, 64, 56, 56)>
        %30 = 0.6321018934249878               # ClearScalar<float64>
        %31 = divide(%29, %30)                 # EncryptedTensor<float64, shape=(1, 64, 56, 56)>
        %32 = 0                                # ClearScalar<uint1>
        %33 = add(%31, %32)                    # EncryptedTensor<float64, shape=(1, 64, 56, 56)>
        %34 = rint(%33)                        # EncryptedTensor<float64, shape=(1, 64, 56, 56)>
        %35 = astype(%34, dtype=int_)          # EncryptedTensor<uint1, shape=(1, 64, 56, 56)>
        return %35

    %16 = subgraph(%15):

         %0 = input                            # EncryptedTensor<uint1, shape=(1, 64, 56, 56)>          @ /trunk/trunk.4/C2/Conv.conv_rounding
         %1 = astype(%0, dtype=float64)        # EncryptedTensor<float64, shape=(1, 64, 56, 56)>
         %2 = 0                                # ClearScalar<uint1>
         %3 = add(%1, %2)                      # EncryptedTensor<float64, shape=(1, 64, 56, 56)>
         %4 = [[[[0]]  [ ... ]  [[0]]]]        # ClearTensor<uint1, shape=(1, 64, 1, 1)>
         %5 = subtract(%3, %4)                 # EncryptedTensor<float64, shape=(1, 64, 56, 56)>
         %6 = 0.02214790754972551              # ClearScalar<float64>
         %7 = multiply(%6, %5)                 # EncryptedTensor<float64, shape=(1, 64, 56, 56)>
         %8 = [[[[-0.088 ... 53886 ]]]]        # ClearTensor<float32, shape=(1, 64, 1, 1)>
         %9 = subtract(%7, %8)                 # EncryptedTensor<float64, shape=(1, 64, 56, 56)>
        %10 = [[[[1.0334 ... 42958 ]]]]        # ClearTensor<float32, shape=(1, 64, 1, 1)>
        %11 = divide(%9, %10)                  # EncryptedTensor<float64, shape=(1, 64, 56, 56)>
        %12 = [[[[0.9989 ... 63006 ]]]]        # ClearTensor<float32, shape=(1, 64, 1, 1)>
        %13 = multiply(%11, %12)               # EncryptedTensor<float64, shape=(1, 64, 56, 56)>
        %14 = [[[[ 0.017 ... 29523 ]]]]        # ClearTensor<float32, shape=(1, 64, 1, 1)>
        %15 = add(%13, %14)                    # EncryptedTensor<float64, shape=(1, 64, 56, 56)>
        %16 = 0                                # ClearScalar<uint1>
        %17 = maximum(%15, %16)                # EncryptedTensor<float64, shape=(1, 64, 56, 56)>
        %18 = 0.57716393                       # ClearScalar<float32>
        %19 = divide(%17, %18)                 # EncryptedTensor<float64, shape=(1, 64, 56, 56)>
        %20 = 0.0                              # ClearScalar<float32>
        %21 = add(%19, %20)                    # EncryptedTensor<float64, shape=(1, 64, 56, 56)>
        %22 = 0.0                              # ClearScalar<float64>
        %23 = 15.0                             # ClearScalar<float64>
        %24 = clip(%21, %22, %23)              # EncryptedTensor<float64, shape=(1, 64, 56, 56)>
        %25 = rint(%24)                        # EncryptedTensor<float64, shape=(1, 64, 56, 56)>
        %26 = 0.0                              # ClearScalar<float32>
        %27 = subtract(%25, %26)               # EncryptedTensor<float64, shape=(1, 64, 56, 56)>
        %28 = 0.57716393                       # ClearScalar<float32>
        %29 = multiply(%27, %28)               # EncryptedTensor<float64, shape=(1, 64, 56, 56)>
        %30 = 0.5771639347076416               # ClearScalar<float64>
        %31 = divide(%29, %30)                 # EncryptedTensor<float64, shape=(1, 64, 56, 56)>
        %32 = 0                                # ClearScalar<uint1>
        %33 = add(%31, %32)                    # EncryptedTensor<float64, shape=(1, 64, 56, 56)>
        %34 = rint(%33)                        # EncryptedTensor<float64, shape=(1, 64, 56, 56)>
        %35 = astype(%34, dtype=int_)          # EncryptedTensor<uint1, shape=(1, 64, 56, 56)>
        return %35

    %20 = subgraph(%3):

         %0 = input                            # EncryptedTensor<int4, shape=(1, 64, 56, 56)>           @ /trunk/trunk.1/Conv.conv_rounding
         %1 = astype(%0, dtype=float64)        # EncryptedTensor<float64, shape=(1, 64, 56, 56)>
         %2 = 0                                # ClearScalar<uint1>
         %3 = add(%1, %2)                      # EncryptedTensor<float64, shape=(1, 64, 56, 56)>
         %4 = [[[[0]]  [ ... ]  [[0]]]]        # ClearTensor<uint1, shape=(1, 64, 1, 1)>
         %5 = subtract(%3, %4)                 # EncryptedTensor<float64, shape=(1, 64, 56, 56)>
         %6 = 4.336093436695876                # ClearScalar<float64>
         %7 = multiply(%6, %5)                 # EncryptedTensor<float64, shape=(1, 64, 56, 56)>
         %8 = [[[[-0.130 ... 695105]]]]        # ClearTensor<float32, shape=(1, 64, 1, 1)>
         %9 = subtract(%7, %8)                 # EncryptedTensor<float64, shape=(1, 64, 56, 56)>
        %10 = [[[[13.689 ... 269718]]]]        # ClearTensor<float32, shape=(1, 64, 1, 1)>
        %11 = divide(%9, %10)                  # EncryptedTensor<float64, shape=(1, 64, 56, 56)>
        %12 = [[[[1.0264 ... 17723 ]]]]        # ClearTensor<float32, shape=(1, 64, 1, 1)>
        %13 = multiply(%11, %12)               # EncryptedTensor<float64, shape=(1, 64, 56, 56)>
        %14 = [[[[-0.004 ... 475713]]]]        # ClearTensor<float32, shape=(1, 64, 1, 1)>
        %15 = add(%13, %14)                    # EncryptedTensor<float64, shape=(1, 64, 56, 56)>
        %16 = 1.4706209                        # ClearScalar<float32>
        %17 = divide(%15, %16)                 # EncryptedTensor<float64, shape=(1, 64, 56, 56)>
        %18 = 0.0                              # ClearScalar<float32>
        %19 = add(%17, %18)                    # EncryptedTensor<float64, shape=(1, 64, 56, 56)>
        %20 = -8.0                             # ClearScalar<float64>
        %21 = 7.0                              # ClearScalar<float64>
        %22 = clip(%19, %20, %21)              # EncryptedTensor<float64, shape=(1, 64, 56, 56)>
        %23 = rint(%22)                        # EncryptedTensor<float64, shape=(1, 64, 56, 56)>
        %24 = 0.0                              # ClearScalar<float32>
        %25 = subtract(%23, %24)               # EncryptedTensor<float64, shape=(1, 64, 56, 56)>
        %26 = 1.4706209                        # ClearScalar<float32>
        %27 = multiply(%25, %26)               # EncryptedTensor<float64, shape=(1, 64, 56, 56)>
        %28 = 1.47062087059021                 # ClearScalar<float64>
        %29 = divide(%27, %28)                 # EncryptedTensor<float64, shape=(1, 64, 56, 56)>
        %30 = 0                                # ClearScalar<uint1>
        %31 = add(%29, %30)                    # EncryptedTensor<float64, shape=(1, 64, 56, 56)>
        %32 = rint(%31)                        # EncryptedTensor<float64, shape=(1, 64, 56, 56)>
        %33 = astype(%32, dtype=int_)          # EncryptedTensor<uint1, shape=(1, 64, 56, 56)>
        return %33

    %24 = subgraph(%19):

         %0 = input                            # EncryptedTensor<uint1, shape=(1, 256, 56, 56)>          @ /trunk/trunk.4/C3/Conv.conv_rounding
         %1 = astype(%0, dtype=float64)        # EncryptedTensor<float64, shape=(1, 256, 56, 56)>
         %2 = 0                                # ClearScalar<uint1>
         %3 = add(%1, %2)                      # EncryptedTensor<float64, shape=(1, 256, 56, 56)>
         %4 = [[[[0]]  [ ... ]  [[0]]]]        # ClearTensor<uint1, shape=(1, 256, 1, 1)>
         %5 = subtract(%3, %4)                 # EncryptedTensor<float64, shape=(1, 256, 56, 56)>
         %6 = 0.0285377866354537               # ClearScalar<float64>
         %7 = multiply(%6, %5)                 # EncryptedTensor<float64, shape=(1, 256, 56, 56)>
         %8 = [[[[ 0.311 ... 45024 ]]]]        # ClearTensor<float32, shape=(1, 256, 1, 1)>
         %9 = subtract(%7, %8)                 # EncryptedTensor<float64, shape=(1, 256, 56, 56)>
        %10 = [[[[0.4349 ... 26987 ]]]]        # ClearTensor<float32, shape=(1, 256, 1, 1)>
        %11 = divide(%9, %10)                  # EncryptedTensor<float64, shape=(1, 256, 56, 56)>
        %12 = [[[[0.9833 ... 12613 ]]]]        # ClearTensor<float32, shape=(1, 256, 1, 1)>
        %13 = multiply(%11, %12)               # EncryptedTensor<float64, shape=(1, 256, 56, 56)>
        %14 = [[[[ 1.404 ... 69e-02]]]]        # ClearTensor<float32, shape=(1, 256, 1, 1)>
        %15 = add(%13, %14)                    # EncryptedTensor<float64, shape=(1, 256, 56, 56)>
        %16 = 1.141535                         # ClearScalar<float32>
        %17 = divide(%15, %16)                 # EncryptedTensor<float64, shape=(1, 256, 56, 56)>
        %18 = 0.0                              # ClearScalar<float32>
        %19 = add(%17, %18)                    # EncryptedTensor<float64, shape=(1, 256, 56, 56)>
        %20 = -8.0                             # ClearScalar<float64>
        %21 = 7.0                              # ClearScalar<float64>
        %22 = clip(%19, %20, %21)              # EncryptedTensor<float64, shape=(1, 256, 56, 56)>
        %23 = rint(%22)                        # EncryptedTensor<float64, shape=(1, 256, 56, 56)>
        %24 = 0.0                              # ClearScalar<float32>
        %25 = subtract(%23, %24)               # EncryptedTensor<float64, shape=(1, 256, 56, 56)>
        %26 = 1.141535                         # ClearScalar<float32>
        %27 = multiply(%25, %26)               # EncryptedTensor<float64, shape=(1, 256, 56, 56)>
        %28 = 1.1415350437164307               # ClearScalar<float64>
        %29 = divide(%27, %28)                 # EncryptedTensor<float64, shape=(1, 256, 56, 56)>
        %30 = 0                                # ClearScalar<uint1>
        %31 = add(%29, %30)                    # EncryptedTensor<float64, shape=(1, 256, 56, 56)>
        %32 = rint(%31)                        # EncryptedTensor<float64, shape=(1, 256, 56, 56)>
        %33 = astype(%32, dtype=int_)          # EncryptedTensor<uint1, shape=(1, 256, 56, 56)>
        return %33

    %25 = subgraph(%23):

         %0 = input                            # EncryptedTensor<uint1, shape=(1, 256, 56, 56)>          @ /trunk/trunk.4/shortcut/Conv.conv_rounding
         %1 = astype(%0, dtype=float64)        # EncryptedTensor<float64, shape=(1, 256, 56, 56)>
         %2 = 0                                # ClearScalar<uint1>
         %3 = add(%1, %2)                      # EncryptedTensor<float64, shape=(1, 256, 56, 56)>
         %4 = [[[[0]]  [ ... ]  [[0]]]]        # ClearTensor<uint1, shape=(1, 256, 1, 1)>
         %5 = subtract(%3, %4)                 # EncryptedTensor<float64, shape=(1, 256, 56, 56)>
         %6 = 0.06565728258423409              # ClearScalar<float64>
         %7 = multiply(%6, %5)                 # EncryptedTensor<float64, shape=(1, 256, 56, 56)>
         %8 = [[[[ 6.594 ... 12e-03]]]]        # ClearTensor<float32, shape=(1, 256, 1, 1)>
         %9 = subtract(%7, %8)                 # EncryptedTensor<float64, shape=(1, 256, 56, 56)>
        %10 = [[[[0.7908 ... 72521 ]]]]        # ClearTensor<float32, shape=(1, 256, 1, 1)>
        %11 = divide(%9, %10)                  # EncryptedTensor<float64, shape=(1, 256, 56, 56)>
        %12 = [[[[1.0285 ... 47996 ]]]]        # ClearTensor<float32, shape=(1, 256, 1, 1)>
        %13 = multiply(%11, %12)               # EncryptedTensor<float64, shape=(1, 256, 56, 56)>
        %14 = [[[[ 1.269 ... 94e-02]]]]        # ClearTensor<float32, shape=(1, 256, 1, 1)>
        %15 = add(%13, %14)                    # EncryptedTensor<float64, shape=(1, 256, 56, 56)>
        %16 = 1.3630817                        # ClearScalar<float32>
        %17 = divide(%15, %16)                 # EncryptedTensor<float64, shape=(1, 256, 56, 56)>
        %18 = 0.0                              # ClearScalar<float32>
        %19 = add(%17, %18)                    # EncryptedTensor<float64, shape=(1, 256, 56, 56)>
        %20 = -8.0                             # ClearScalar<float64>
        %21 = 7.0                              # ClearScalar<float64>
        %22 = clip(%19, %20, %21)              # EncryptedTensor<float64, shape=(1, 256, 56, 56)>
        %23 = rint(%22)                        # EncryptedTensor<float64, shape=(1, 256, 56, 56)>
        %24 = 0.0                              # ClearScalar<float32>
        %25 = subtract(%23, %24)               # EncryptedTensor<float64, shape=(1, 256, 56, 56)>
        %26 = 1.3630817                        # ClearScalar<float32>
        %27 = multiply(%25, %26)               # EncryptedTensor<float64, shape=(1, 256, 56, 56)>
        %28 = 1.363081693649292                # ClearScalar<float64>
        %29 = divide(%27, %28)                 # EncryptedTensor<float64, shape=(1, 256, 56, 56)>
        %30 = 0                                # ClearScalar<uint1>
        %31 = add(%29, %30)                    # EncryptedTensor<float64, shape=(1, 256, 56, 56)>
        %32 = rint(%31)                        # EncryptedTensor<float64, shape=(1, 256, 56, 56)>
        %33 = astype(%32, dtype=int_)          # EncryptedTensor<uint1, shape=(1, 256, 56, 56)>
        return %33

    %26 = subgraph(%24):

         %0 = input                         # EncryptedTensor<uint1, shape=(1, 256, 56, 56)>
         %1 = 0.0                           # ClearScalar<float64>
         %2 = subtract(%0, %1)              # EncryptedTensor<float64, shape=(1, 256, 56, 56)>
         %3 = 1.1415350437164307            # ClearScalar<float64>
         %4 = multiply(%3, %2)              # EncryptedTensor<float64, shape=(1, 256, 56, 56)>
         %5 = 0.8079408830212008            # ClearScalar<float64>
         %6 = divide(%4, %5)                # EncryptedTensor<float64, shape=(1, 256, 56, 56)>
         %7 = 0                             # ClearScalar<uint1>
         %8 = add(%6, %7)                   # EncryptedTensor<float64, shape=(1, 256, 56, 56)>
         %9 = rint(%8)                      # EncryptedTensor<float64, shape=(1, 256, 56, 56)>
        %10 = astype(%9, dtype=int_)        # EncryptedTensor<uint1, shape=(1, 256, 56, 56)>
        return %10

    %27 = subgraph(%25):

         %0 = input                         # EncryptedTensor<uint1, shape=(1, 256, 56, 56)>
         %1 = 0.0                           # ClearScalar<float64>
         %2 = subtract(%0, %1)              # EncryptedTensor<float64, shape=(1, 256, 56, 56)>
         %3 = 1.363081693649292             # ClearScalar<float64>
         %4 = multiply(%3, %2)              # EncryptedTensor<float64, shape=(1, 256, 56, 56)>
         %5 = 0.8079408830212008            # ClearScalar<float64>
         %6 = divide(%4, %5)                # EncryptedTensor<float64, shape=(1, 256, 56, 56)>
         %7 = 0                             # ClearScalar<uint1>
         %8 = add(%6, %7)                   # EncryptedTensor<float64, shape=(1, 256, 56, 56)>
         %9 = rint(%8)                      # EncryptedTensor<float64, shape=(1, 256, 56, 56)>
        %10 = astype(%9, dtype=int_)        # EncryptedTensor<uint1, shape=(1, 256, 56, 56)>
        return %10

    %31 = subgraph(%30):

         %0 = input                          # EncryptedTensor<uint2, shape=(1, 256, 56, 56)>
         %1 = 0.0                            # ClearScalar<float64>
         %2 = subtract(%0, %1)               # EncryptedTensor<float64, shape=(1, 256, 56, 56)>
         %3 = 0.8079408830212008             # ClearScalar<float64>
         %4 = multiply(%3, %2)               # EncryptedTensor<float64, shape=(1, 256, 56, 56)>
         %5 = 0                              # ClearScalar<uint1>
         %6 = maximum(%4, %5)                # EncryptedTensor<float64, shape=(1, 256, 56, 56)>
         %7 = 0.88038975                     # ClearScalar<float32>
         %8 = divide(%6, %7)                 # EncryptedTensor<float64, shape=(1, 256, 56, 56)>
         %9 = 0.0                            # ClearScalar<float32>
        %10 = add(%8, %9)                    # EncryptedTensor<float64, shape=(1, 256, 56, 56)>
        %11 = 0.0                            # ClearScalar<float64>
        %12 = 15.0                           # ClearScalar<float64>
        %13 = clip(%10, %11, %12)            # EncryptedTensor<float64, shape=(1, 256, 56, 56)>
        %14 = rint(%13)                      # EncryptedTensor<float64, shape=(1, 256, 56, 56)>
        %15 = 0.0                            # ClearScalar<float32>
        %16 = subtract(%14, %15)             # EncryptedTensor<float64, shape=(1, 256, 56, 56)>
        %17 = 0.88038975                     # ClearScalar<float32>
        %18 = multiply(%16, %17)             # EncryptedTensor<float64, shape=(1, 256, 56, 56)>
        %19 = 0.8803897500038147             # ClearScalar<float64>
        %20 = divide(%18, %19)               # EncryptedTensor<float64, shape=(1, 256, 56, 56)>
        %21 = 0                              # ClearScalar<uint1>
        %22 = add(%20, %21)                  # EncryptedTensor<float64, shape=(1, 256, 56, 56)>
        %23 = rint(%22)                      # EncryptedTensor<float64, shape=(1, 256, 56, 56)>
        %24 = astype(%23, dtype=int_)        # EncryptedTensor<uint1, shape=(1, 256, 56, 56)>
        return %24

    %35 = subgraph(%34):

         %0 = input                            # EncryptedTensor<uint1, shape=(1, 64, 56, 56)>          @ /trunk/trunk.5/C1/Conv.conv_rounding
         %1 = astype(%0, dtype=float64)        # EncryptedTensor<float64, shape=(1, 64, 56, 56)>
         %2 = 0                                # ClearScalar<uint1>
         %3 = add(%1, %2)                      # EncryptedTensor<float64, shape=(1, 64, 56, 56)>
         %4 = [[[[0]]  [ ... ]  [[0]]]]        # ClearTensor<uint1, shape=(1, 64, 1, 1)>
         %5 = subtract(%3, %4)                 # EncryptedTensor<float64, shape=(1, 64, 56, 56)>
         %6 = 0.08289389598056829              # ClearScalar<float64>
         %7 = multiply(%6, %5)                 # EncryptedTensor<float64, shape=(1, 64, 56, 56)>
         %8 = [[[[-1.011 ... 39627 ]]]]        # ClearTensor<float32, shape=(1, 64, 1, 1)>
         %9 = subtract(%7, %8)                 # EncryptedTensor<float64, shape=(1, 64, 56, 56)>
        %10 = [[[[3.2450 ... 593896]]]]        # ClearTensor<float32, shape=(1, 64, 1, 1)>
        %11 = divide(%9, %10)                  # EncryptedTensor<float64, shape=(1, 64, 56, 56)>
        %12 = [[[[0.9608 ... 96763 ]]]]        # ClearTensor<float32, shape=(1, 64, 1, 1)>
        %13 = multiply(%11, %12)               # EncryptedTensor<float64, shape=(1, 64, 56, 56)>
        %14 = [[[[-0.011 ... 25026 ]]]]        # ClearTensor<float32, shape=(1, 64, 1, 1)>
        %15 = add(%13, %14)                    # EncryptedTensor<float64, shape=(1, 64, 56, 56)>
        %16 = 0                                # ClearScalar<uint1>
        %17 = maximum(%15, %16)                # EncryptedTensor<float64, shape=(1, 64, 56, 56)>
        %18 = 0.586181                         # ClearScalar<float32>
        %19 = divide(%17, %18)                 # EncryptedTensor<float64, shape=(1, 64, 56, 56)>
        %20 = 0.0                              # ClearScalar<float32>
        %21 = add(%19, %20)                    # EncryptedTensor<float64, shape=(1, 64, 56, 56)>
        %22 = 0.0                              # ClearScalar<float64>
        %23 = 15.0                             # ClearScalar<float64>
        %24 = clip(%21, %22, %23)              # EncryptedTensor<float64, shape=(1, 64, 56, 56)>
        %25 = rint(%24)                        # EncryptedTensor<float64, shape=(1, 64, 56, 56)>
        %26 = 0.0                              # ClearScalar<float32>
        %27 = subtract(%25, %26)               # EncryptedTensor<float64, shape=(1, 64, 56, 56)>
        %28 = 0.586181                         # ClearScalar<float32>
        %29 = multiply(%27, %28)               # EncryptedTensor<float64, shape=(1, 64, 56, 56)>
        %30 = 0.5861809849739075               # ClearScalar<float64>
        %31 = divide(%29, %30)                 # EncryptedTensor<float64, shape=(1, 64, 56, 56)>
        %32 = 0                                # ClearScalar<uint1>
        %33 = add(%31, %32)                    # EncryptedTensor<float64, shape=(1, 64, 56, 56)>
        %34 = rint(%33)                        # EncryptedTensor<float64, shape=(1, 64, 56, 56)>
        %35 = astype(%34, dtype=int_)          # EncryptedTensor<uint1, shape=(1, 64, 56, 56)>
        return %35

    %43 = subgraph(%42):

         %0 = input                            # EncryptedTensor<uint1, shape=(1, 64, 56, 56)>          @ /trunk/trunk.5/C2/Conv.conv_rounding
         %1 = astype(%0, dtype=float64)        # EncryptedTensor<float64, shape=(1, 64, 56, 56)>
         %2 = 0                                # ClearScalar<uint1>
         %3 = add(%1, %2)                      # EncryptedTensor<float64, shape=(1, 64, 56, 56)>
         %4 = [[[[0]]  [ ... ]  [[0]]]]        # ClearTensor<uint1, shape=(1, 64, 1, 1)>
         %5 = subtract(%3, %4)                 # EncryptedTensor<float64, shape=(1, 64, 56, 56)>
         %6 = 0.019602047947088197             # ClearScalar<float64>
         %7 = multiply(%6, %5)                 # EncryptedTensor<float64, shape=(1, 64, 56, 56)>
         %8 = [[[[-0.295 ... 66362 ]]]]        # ClearTensor<float32, shape=(1, 64, 1, 1)>
         %9 = subtract(%7, %8)                 # EncryptedTensor<float64, shape=(1, 64, 56, 56)>
        %10 = [[[[1.0107 ... 99827 ]]]]        # ClearTensor<float32, shape=(1, 64, 1, 1)>
        %11 = divide(%9, %10)                  # EncryptedTensor<float64, shape=(1, 64, 56, 56)>
        %12 = [[[[1.0142 ... 6613  ]]]]        # ClearTensor<float32, shape=(1, 64, 1, 1)>
        %13 = multiply(%11, %12)               # EncryptedTensor<float64, shape=(1, 64, 56, 56)>
        %14 = [[[[ 0.013 ... 036285]]]]        # ClearTensor<float32, shape=(1, 64, 1, 1)>
        %15 = add(%13, %14)                    # EncryptedTensor<float64, shape=(1, 64, 56, 56)>
        %16 = 0                                # ClearScalar<uint1>
        %17 = maximum(%15, %16)                # EncryptedTensor<float64, shape=(1, 64, 56, 56)>
        %18 = 0.5284729                        # ClearScalar<float32>
        %19 = divide(%17, %18)                 # EncryptedTensor<float64, shape=(1, 64, 56, 56)>
        %20 = 0.0                              # ClearScalar<float32>
        %21 = add(%19, %20)                    # EncryptedTensor<float64, shape=(1, 64, 56, 56)>
        %22 = 0.0                              # ClearScalar<float64>
        %23 = 15.0                             # ClearScalar<float64>
        %24 = clip(%21, %22, %23)              # EncryptedTensor<float64, shape=(1, 64, 56, 56)>
        %25 = rint(%24)                        # EncryptedTensor<float64, shape=(1, 64, 56, 56)>
        %26 = 0.0                              # ClearScalar<float32>
        %27 = subtract(%25, %26)               # EncryptedTensor<float64, shape=(1, 64, 56, 56)>
        %28 = 0.5284729                        # ClearScalar<float32>
        %29 = multiply(%27, %28)               # EncryptedTensor<float64, shape=(1, 64, 56, 56)>
        %30 = 0.528472900390625                # ClearScalar<float64>
        %31 = divide(%29, %30)                 # EncryptedTensor<float64, shape=(1, 64, 56, 56)>
        %32 = 0                                # ClearScalar<uint1>
        %33 = add(%31, %32)                    # EncryptedTensor<float64, shape=(1, 64, 56, 56)>
        %34 = rint(%33)                        # EncryptedTensor<float64, shape=(1, 64, 56, 56)>
        %35 = astype(%34, dtype=int_)          # EncryptedTensor<uint1, shape=(1, 64, 56, 56)>
        return %35

    %47 = subgraph(%46):

         %0 = input                            # EncryptedTensor<uint1, shape=(1, 256, 56, 56)>          @ /trunk/trunk.5/C3/Conv.conv_rounding
         %1 = astype(%0, dtype=float64)        # EncryptedTensor<float64, shape=(1, 256, 56, 56)>
         %2 = 0                                # ClearScalar<uint1>
         %3 = add(%1, %2)                      # EncryptedTensor<float64, shape=(1, 256, 56, 56)>
         %4 = [[[[0]]  [ ... ]  [[0]]]]        # ClearTensor<uint1, shape=(1, 256, 1, 1)>
         %5 = subtract(%3, %4)                 # EncryptedTensor<float64, shape=(1, 256, 56, 56)>
         %6 = 0.0301932955551365               # ClearScalar<float64>
         %7 = multiply(%6, %5)                 # EncryptedTensor<float64, shape=(1, 256, 56, 56)>
         %8 = [[[[-1.853 ... 76e-01]]]]        # ClearTensor<float32, shape=(1, 256, 1, 1)>
         %9 = subtract(%7, %8)                 # EncryptedTensor<float64, shape=(1, 256, 56, 56)>
        %10 = [[[[0.5687 ... 23778 ]]]]        # ClearTensor<float32, shape=(1, 256, 1, 1)>
        %11 = divide(%9, %10)                  # EncryptedTensor<float64, shape=(1, 256, 56, 56)>
        %12 = [[[[0.9623 ... 9534  ]]]]        # ClearTensor<float32, shape=(1, 256, 1, 1)>
        %13 = multiply(%11, %12)               # EncryptedTensor<float64, shape=(1, 256, 56, 56)>
        %14 = [[[[-0.010 ... 231315]]]]        # ClearTensor<float32, shape=(1, 256, 1, 1)>
        %15 = add(%13, %14)                    # EncryptedTensor<float64, shape=(1, 256, 56, 56)>
        %16 = 1.0737511                        # ClearScalar<float32>
        %17 = divide(%15, %16)                 # EncryptedTensor<float64, shape=(1, 256, 56, 56)>
        %18 = 0.0                              # ClearScalar<float32>
        %19 = add(%17, %18)                    # EncryptedTensor<float64, shape=(1, 256, 56, 56)>
        %20 = -8.0                             # ClearScalar<float64>
        %21 = 7.0                              # ClearScalar<float64>
        %22 = clip(%19, %20, %21)              # EncryptedTensor<float64, shape=(1, 256, 56, 56)>
        %23 = rint(%22)                        # EncryptedTensor<float64, shape=(1, 256, 56, 56)>
        %24 = 0.0                              # ClearScalar<float32>
        %25 = subtract(%23, %24)               # EncryptedTensor<float64, shape=(1, 256, 56, 56)>
        %26 = 1.0737511                        # ClearScalar<float32>
        %27 = multiply(%25, %26)               # EncryptedTensor<float64, shape=(1, 256, 56, 56)>
        %28 = 1.0737510919570923               # ClearScalar<float64>
        %29 = divide(%27, %28)                 # EncryptedTensor<float64, shape=(1, 256, 56, 56)>
        %30 = 0                                # ClearScalar<uint1>
        %31 = add(%29, %30)                    # EncryptedTensor<float64, shape=(1, 256, 56, 56)>
        %32 = rint(%31)                        # EncryptedTensor<float64, shape=(1, 256, 56, 56)>
        %33 = astype(%32, dtype=int_)          # EncryptedTensor<uint1, shape=(1, 256, 56, 56)>
        return %33

    %48 = subgraph(%30):

         %0 = input                          # EncryptedTensor<uint2, shape=(1, 256, 56, 56)>
         %1 = 0.0                            # ClearScalar<float64>
         %2 = subtract(%0, %1)               # EncryptedTensor<float64, shape=(1, 256, 56, 56)>
         %3 = 0.8079408830212008             # ClearScalar<float64>
         %4 = multiply(%3, %2)               # EncryptedTensor<float64, shape=(1, 256, 56, 56)>
         %5 = 0                              # ClearScalar<uint1>
         %6 = maximum(%4, %5)                # EncryptedTensor<float64, shape=(1, 256, 56, 56)>
         %7 = 0.88038975                     # ClearScalar<float32>
         %8 = divide(%6, %7)                 # EncryptedTensor<float64, shape=(1, 256, 56, 56)>
         %9 = 0.0                            # ClearScalar<float32>
        %10 = add(%8, %9)                    # EncryptedTensor<float64, shape=(1, 256, 56, 56)>
        %11 = 0.0                            # ClearScalar<float64>
        %12 = 15.0                           # ClearScalar<float64>
        %13 = clip(%10, %11, %12)            # EncryptedTensor<float64, shape=(1, 256, 56, 56)>
        %14 = rint(%13)                      # EncryptedTensor<float64, shape=(1, 256, 56, 56)>
        %15 = 0.0                            # ClearScalar<float32>
        %16 = subtract(%14, %15)             # EncryptedTensor<float64, shape=(1, 256, 56, 56)>
        %17 = 0.88038975                     # ClearScalar<float32>
        %18 = multiply(%16, %17)             # EncryptedTensor<float64, shape=(1, 256, 56, 56)>
        %19 = 0.8803897500038147             # ClearScalar<float64>
        %20 = divide(%18, %19)               # EncryptedTensor<float64, shape=(1, 256, 56, 56)>
        %21 = 0                              # ClearScalar<uint1>
        %22 = add(%20, %21)                  # EncryptedTensor<float64, shape=(1, 256, 56, 56)>
        %23 = rint(%22)                      # EncryptedTensor<float64, shape=(1, 256, 56, 56)>
        %24 = astype(%23, dtype=int_)        # EncryptedTensor<uint1, shape=(1, 256, 56, 56)>
        return %24

    %49 = subgraph(%47):

         %0 = input                         # EncryptedTensor<uint1, shape=(1, 256, 56, 56)>
         %1 = 0.0                           # ClearScalar<float64>
         %2 = subtract(%0, %1)              # EncryptedTensor<float64, shape=(1, 256, 56, 56)>
         %3 = 1.0737510919570923            # ClearScalar<float64>
         %4 = multiply(%3, %2)              # EncryptedTensor<float64, shape=(1, 256, 56, 56)>
         %5 = 0.7439666909556235            # ClearScalar<float64>
         %6 = divide(%4, %5)                # EncryptedTensor<float64, shape=(1, 256, 56, 56)>
         %7 = 0                             # ClearScalar<uint1>
         %8 = add(%6, %7)                   # EncryptedTensor<float64, shape=(1, 256, 56, 56)>
         %9 = rint(%8)                      # EncryptedTensor<float64, shape=(1, 256, 56, 56)>
        %10 = astype(%9, dtype=int_)        # EncryptedTensor<uint1, shape=(1, 256, 56, 56)>
        return %10

    %50 = subgraph(%48):

         %0 = input                         # EncryptedTensor<uint1, shape=(1, 256, 56, 56)>
         %1 = 0.0                           # ClearScalar<float64>
         %2 = subtract(%0, %1)              # EncryptedTensor<float64, shape=(1, 256, 56, 56)>
         %3 = 0.8803897500038147            # ClearScalar<float64>
         %4 = multiply(%3, %2)              # EncryptedTensor<float64, shape=(1, 256, 56, 56)>
         %5 = 0.7439666909556235            # ClearScalar<float64>
         %6 = divide(%4, %5)                # EncryptedTensor<float64, shape=(1, 256, 56, 56)>
         %7 = 0                             # ClearScalar<uint1>
         %8 = add(%6, %7)                   # EncryptedTensor<float64, shape=(1, 256, 56, 56)>
         %9 = rint(%8)                      # EncryptedTensor<float64, shape=(1, 256, 56, 56)>
        %10 = astype(%9, dtype=int_)        # EncryptedTensor<uint1, shape=(1, 256, 56, 56)>
        return %10

    %54 = subgraph(%53):

         %0 = input                          # EncryptedTensor<uint2, shape=(1, 256, 56, 56)>
         %1 = 0.0                            # ClearScalar<float64>
         %2 = subtract(%0, %1)               # EncryptedTensor<float64, shape=(1, 256, 56, 56)>
         %3 = 0.7439666909556235             # ClearScalar<float64>
         %4 = multiply(%3, %2)               # EncryptedTensor<float64, shape=(1, 256, 56, 56)>
         %5 = 0                              # ClearScalar<uint1>
         %6 = maximum(%4, %5)                # EncryptedTensor<float64, shape=(1, 256, 56, 56)>
         %7 = 1.0484111                      # ClearScalar<float32>
         %8 = divide(%6, %7)                 # EncryptedTensor<float64, shape=(1, 256, 56, 56)>
         %9 = 0.0                            # ClearScalar<float32>
        %10 = add(%8, %9)                    # EncryptedTensor<float64, shape=(1, 256, 56, 56)>
        %11 = 0.0                            # ClearScalar<float64>
        %12 = 15.0                           # ClearScalar<float64>
        %13 = clip(%10, %11, %12)            # EncryptedTensor<float64, shape=(1, 256, 56, 56)>
        %14 = rint(%13)                      # EncryptedTensor<float64, shape=(1, 256, 56, 56)>
        %15 = 0.0                            # ClearScalar<float32>
        %16 = subtract(%14, %15)             # EncryptedTensor<float64, shape=(1, 256, 56, 56)>
        %17 = 1.0484111                      # ClearScalar<float32>
        %18 = multiply(%16, %17)             # EncryptedTensor<float64, shape=(1, 256, 56, 56)>
        %19 = 1.0484111309051514             # ClearScalar<float64>
        %20 = divide(%18, %19)               # EncryptedTensor<float64, shape=(1, 256, 56, 56)>
        %21 = 0                              # ClearScalar<uint1>
        %22 = add(%20, %21)                  # EncryptedTensor<float64, shape=(1, 256, 56, 56)>
        %23 = rint(%22)                      # EncryptedTensor<float64, shape=(1, 256, 56, 56)>
        %24 = astype(%23, dtype=int_)        # EncryptedTensor<uint1, shape=(1, 256, 56, 56)>
        return %24

    %58 = subgraph(%57):

         %0 = input                            # EncryptedTensor<uint1, shape=(1, 64, 56, 56)>          @ /trunk/trunk.6/C1/Conv.conv_rounding
         %1 = astype(%0, dtype=float64)        # EncryptedTensor<float64, shape=(1, 64, 56, 56)>
         %2 = 0                                # ClearScalar<uint1>
         %3 = add(%1, %2)                      # EncryptedTensor<float64, shape=(1, 64, 56, 56)>
         %4 = [[[[0]]  [ ... ]  [[0]]]]        # ClearTensor<uint1, shape=(1, 64, 1, 1)>
         %5 = subtract(%3, %4)                 # EncryptedTensor<float64, shape=(1, 64, 56, 56)>
         %6 = 0.11481161704248066              # ClearScalar<float64>
         %7 = multiply(%6, %5)                 # EncryptedTensor<float64, shape=(1, 64, 56, 56)>
         %8 = [[[[-0.993 ... 06662 ]]]]        # ClearTensor<float32, shape=(1, 64, 1, 1)>
         %9 = subtract(%7, %8)                 # EncryptedTensor<float64, shape=(1, 64, 56, 56)>
        %10 = [[[[3.4326 ... 026076]]]]        # ClearTensor<float32, shape=(1, 64, 1, 1)>
        %11 = divide(%9, %10)                  # EncryptedTensor<float64, shape=(1, 64, 56, 56)>
        %12 = [[[[1.0225 ... 854465]]]]        # ClearTensor<float32, shape=(1, 64, 1, 1)>
        %13 = multiply(%11, %12)               # EncryptedTensor<float64, shape=(1, 64, 56, 56)>
        %14 = [[[[ 0.029 ... 073019]]]]        # ClearTensor<float32, shape=(1, 64, 1, 1)>
        %15 = add(%13, %14)                    # EncryptedTensor<float64, shape=(1, 64, 56, 56)>
        %16 = 0                                # ClearScalar<uint1>
        %17 = maximum(%15, %16)                # EncryptedTensor<float64, shape=(1, 64, 56, 56)>
        %18 = 0.5167939                        # ClearScalar<float32>
        %19 = divide(%17, %18)                 # EncryptedTensor<float64, shape=(1, 64, 56, 56)>
        %20 = 0.0                              # ClearScalar<float32>
        %21 = add(%19, %20)                    # EncryptedTensor<float64, shape=(1, 64, 56, 56)>
        %22 = 0.0                              # ClearScalar<float64>
        %23 = 15.0                             # ClearScalar<float64>
        %24 = clip(%21, %22, %23)              # EncryptedTensor<float64, shape=(1, 64, 56, 56)>
        %25 = rint(%24)                        # EncryptedTensor<float64, shape=(1, 64, 56, 56)>
        %26 = 0.0                              # ClearScalar<float32>
        %27 = subtract(%25, %26)               # EncryptedTensor<float64, shape=(1, 64, 56, 56)>
        %28 = 0.5167939                        # ClearScalar<float32>
        %29 = multiply(%27, %28)               # EncryptedTensor<float64, shape=(1, 64, 56, 56)>
        %30 = 0.5167939066886902               # ClearScalar<float64>
        %31 = divide(%29, %30)                 # EncryptedTensor<float64, shape=(1, 64, 56, 56)>
        %32 = 0                                # ClearScalar<uint1>
        %33 = add(%31, %32)                    # EncryptedTensor<float64, shape=(1, 64, 56, 56)>
        %34 = rint(%33)                        # EncryptedTensor<float64, shape=(1, 64, 56, 56)>
        %35 = astype(%34, dtype=int_)          # EncryptedTensor<uint1, shape=(1, 64, 56, 56)>
        return %35

    %66 = subgraph(%65):

         %0 = input                            # EncryptedTensor<uint1, shape=(1, 64, 56, 56)>          @ /trunk/trunk.6/C2/Conv.conv_rounding
         %1 = astype(%0, dtype=float64)        # EncryptedTensor<float64, shape=(1, 64, 56, 56)>
         %2 = 0                                # ClearScalar<uint1>
         %3 = add(%1, %2)                      # EncryptedTensor<float64, shape=(1, 64, 56, 56)>
         %4 = [[[[0]]  [ ... ]  [[0]]]]        # ClearTensor<uint1, shape=(1, 64, 1, 1)>
         %5 = subtract(%3, %4)                 # EncryptedTensor<float64, shape=(1, 64, 56, 56)>
         %6 = 0.018053260142911975             # ClearScalar<float64>
         %7 = multiply(%6, %5)                 # EncryptedTensor<float64, shape=(1, 64, 56, 56)>
         %8 = [[[[ 0.290 ... 015367]]]]        # ClearTensor<float32, shape=(1, 64, 1, 1)>
         %9 = subtract(%7, %8)                 # EncryptedTensor<float64, shape=(1, 64, 56, 56)>
        %10 = [[[[0.8955 ... 1074  ]]]]        # ClearTensor<float32, shape=(1, 64, 1, 1)>
        %11 = divide(%9, %10)                  # EncryptedTensor<float64, shape=(1, 64, 56, 56)>
        %12 = [[[[0.9730 ... 34142 ]]]]        # ClearTensor<float32, shape=(1, 64, 1, 1)>
        %13 = multiply(%11, %12)               # EncryptedTensor<float64, shape=(1, 64, 56, 56)>
        %14 = [[[[-0.011 ... 775276]]]]        # ClearTensor<float32, shape=(1, 64, 1, 1)>
        %15 = add(%13, %14)                    # EncryptedTensor<float64, shape=(1, 64, 56, 56)>
        %16 = 0                                # ClearScalar<uint1>
        %17 = maximum(%15, %16)                # EncryptedTensor<float64, shape=(1, 64, 56, 56)>
        %18 = 0.4651601                        # ClearScalar<float32>
        %19 = divide(%17, %18)                 # EncryptedTensor<float64, shape=(1, 64, 56, 56)>
        %20 = 0.0                              # ClearScalar<float32>
        %21 = add(%19, %20)                    # EncryptedTensor<float64, shape=(1, 64, 56, 56)>
        %22 = 0.0                              # ClearScalar<float64>
        %23 = 15.0                             # ClearScalar<float64>
        %24 = clip(%21, %22, %23)              # EncryptedTensor<float64, shape=(1, 64, 56, 56)>
        %25 = rint(%24)                        # EncryptedTensor<float64, shape=(1, 64, 56, 56)>
        %26 = 0.0                              # ClearScalar<float32>
        %27 = subtract(%25, %26)               # EncryptedTensor<float64, shape=(1, 64, 56, 56)>
        %28 = 0.4651601                        # ClearScalar<float32>
        %29 = multiply(%27, %28)               # EncryptedTensor<float64, shape=(1, 64, 56, 56)>
        %30 = 0.4651601016521454               # ClearScalar<float64>
        %31 = divide(%29, %30)                 # EncryptedTensor<float64, shape=(1, 64, 56, 56)>
        %32 = 0                                # ClearScalar<uint1>
        %33 = add(%31, %32)                    # EncryptedTensor<float64, shape=(1, 64, 56, 56)>
        %34 = rint(%33)                        # EncryptedTensor<float64, shape=(1, 64, 56, 56)>
        %35 = astype(%34, dtype=int_)          # EncryptedTensor<uint1, shape=(1, 64, 56, 56)>
        return %35

    %70 = subgraph(%69):

         %0 = input                            # EncryptedTensor<uint1, shape=(1, 256, 56, 56)>          @ /trunk/trunk.6/C3/Conv.conv_rounding
         %1 = astype(%0, dtype=float64)        # EncryptedTensor<float64, shape=(1, 256, 56, 56)>
         %2 = 0                                # ClearScalar<uint1>
         %3 = add(%1, %2)                      # EncryptedTensor<float64, shape=(1, 256, 56, 56)>
         %4 = [[[[0]]  [ ... ]  [[0]]]]        # ClearTensor<uint1, shape=(1, 256, 1, 1)>
         %5 = subtract(%3, %4)                 # EncryptedTensor<float64, shape=(1, 256, 56, 56)>
         %6 = 0.020906207361339635             # ClearScalar<float64>
         %7 = multiply(%6, %5)                 # EncryptedTensor<float64, shape=(1, 256, 56, 56)>
         %8 = [[[[-2.783 ... 10e-01]]]]        # ClearTensor<float32, shape=(1, 256, 1, 1)>
         %9 = subtract(%7, %8)                 # EncryptedTensor<float64, shape=(1, 256, 56, 56)>
        %10 = [[[[0.4265 ... 34352 ]]]]        # ClearTensor<float32, shape=(1, 256, 1, 1)>
        %11 = divide(%9, %10)                  # EncryptedTensor<float64, shape=(1, 256, 56, 56)>
        %12 = [[[[0.9679 ... 75741 ]]]]        # ClearTensor<float32, shape=(1, 256, 1, 1)>
        %13 = multiply(%11, %12)               # EncryptedTensor<float64, shape=(1, 256, 56, 56)>
        %14 = [[[[-1.649 ... 75e-03]]]]        # ClearTensor<float32, shape=(1, 256, 1, 1)>
        %15 = add(%13, %14)                    # EncryptedTensor<float64, shape=(1, 256, 56, 56)>
        %16 = 0.9390777                        # ClearScalar<float32>
        %17 = divide(%15, %16)                 # EncryptedTensor<float64, shape=(1, 256, 56, 56)>
        %18 = 0.0                              # ClearScalar<float32>
        %19 = add(%17, %18)                    # EncryptedTensor<float64, shape=(1, 256, 56, 56)>
        %20 = -8.0                             # ClearScalar<float64>
        %21 = 7.0                              # ClearScalar<float64>
        %22 = clip(%19, %20, %21)              # EncryptedTensor<float64, shape=(1, 256, 56, 56)>
        %23 = rint(%22)                        # EncryptedTensor<float64, shape=(1, 256, 56, 56)>
        %24 = 0.0                              # ClearScalar<float32>
        %25 = subtract(%23, %24)               # EncryptedTensor<float64, shape=(1, 256, 56, 56)>
        %26 = 0.9390777                        # ClearScalar<float32>
        %27 = multiply(%25, %26)               # EncryptedTensor<float64, shape=(1, 256, 56, 56)>
        %28 = 0.9390776753425598               # ClearScalar<float64>
        %29 = divide(%27, %28)                 # EncryptedTensor<float64, shape=(1, 256, 56, 56)>
        %30 = 0                                # ClearScalar<uint1>
        %31 = add(%29, %30)                    # EncryptedTensor<float64, shape=(1, 256, 56, 56)>
        %32 = rint(%31)                        # EncryptedTensor<float64, shape=(1, 256, 56, 56)>
        %33 = astype(%32, dtype=int_)          # EncryptedTensor<uint1, shape=(1, 256, 56, 56)>
        return %33

    %71 = subgraph(%53):

         %0 = input                          # EncryptedTensor<uint2, shape=(1, 256, 56, 56)>
         %1 = 0.0                            # ClearScalar<float64>
         %2 = subtract(%0, %1)               # EncryptedTensor<float64, shape=(1, 256, 56, 56)>
         %3 = 0.7439666909556235             # ClearScalar<float64>
         %4 = multiply(%3, %2)               # EncryptedTensor<float64, shape=(1, 256, 56, 56)>
         %5 = 0                              # ClearScalar<uint1>
         %6 = maximum(%4, %5)                # EncryptedTensor<float64, shape=(1, 256, 56, 56)>
         %7 = 1.0484111                      # ClearScalar<float32>
         %8 = divide(%6, %7)                 # EncryptedTensor<float64, shape=(1, 256, 56, 56)>
         %9 = 0.0                            # ClearScalar<float32>
        %10 = add(%8, %9)                    # EncryptedTensor<float64, shape=(1, 256, 56, 56)>
        %11 = 0.0                            # ClearScalar<float64>
        %12 = 15.0                           # ClearScalar<float64>
        %13 = clip(%10, %11, %12)            # EncryptedTensor<float64, shape=(1, 256, 56, 56)>
        %14 = rint(%13)                      # EncryptedTensor<float64, shape=(1, 256, 56, 56)>
        %15 = 0.0                            # ClearScalar<float32>
        %16 = subtract(%14, %15)             # EncryptedTensor<float64, shape=(1, 256, 56, 56)>
        %17 = 1.0484111                      # ClearScalar<float32>
        %18 = multiply(%16, %17)             # EncryptedTensor<float64, shape=(1, 256, 56, 56)>
        %19 = 1.0484111309051514             # ClearScalar<float64>
        %20 = divide(%18, %19)               # EncryptedTensor<float64, shape=(1, 256, 56, 56)>
        %21 = 0                              # ClearScalar<uint1>
        %22 = add(%20, %21)                  # EncryptedTensor<float64, shape=(1, 256, 56, 56)>
        %23 = rint(%22)                      # EncryptedTensor<float64, shape=(1, 256, 56, 56)>
        %24 = astype(%23, dtype=int_)        # EncryptedTensor<uint1, shape=(1, 256, 56, 56)>
        return %24

    %72 = subgraph(%70):

         %0 = input                         # EncryptedTensor<uint1, shape=(1, 256, 56, 56)>
         %1 = 0.0                           # ClearScalar<float64>
         %2 = subtract(%0, %1)              # EncryptedTensor<float64, shape=(1, 256, 56, 56)>
         %3 = 0.9390776753425598            # ClearScalar<float64>
         %4 = multiply(%3, %2)              # EncryptedTensor<float64, shape=(1, 256, 56, 56)>
         %5 = 0.8102239908710602            # ClearScalar<float64>
         %6 = divide(%4, %5)                # EncryptedTensor<float64, shape=(1, 256, 56, 56)>
         %7 = 0                             # ClearScalar<uint1>
         %8 = add(%6, %7)                   # EncryptedTensor<float64, shape=(1, 256, 56, 56)>
         %9 = rint(%8)                      # EncryptedTensor<float64, shape=(1, 256, 56, 56)>
        %10 = astype(%9, dtype=int_)        # EncryptedTensor<uint1, shape=(1, 256, 56, 56)>
        return %10

    %73 = subgraph(%71):

         %0 = input                         # EncryptedTensor<uint1, shape=(1, 256, 56, 56)>
         %1 = 0.0                           # ClearScalar<float64>
         %2 = subtract(%0, %1)              # EncryptedTensor<float64, shape=(1, 256, 56, 56)>
         %3 = 1.0484111309051514            # ClearScalar<float64>
         %4 = multiply(%3, %2)              # EncryptedTensor<float64, shape=(1, 256, 56, 56)>
         %5 = 0.8102239908710602            # ClearScalar<float64>
         %6 = divide(%4, %5)                # EncryptedTensor<float64, shape=(1, 256, 56, 56)>
         %7 = 0                             # ClearScalar<uint1>
         %8 = add(%6, %7)                   # EncryptedTensor<float64, shape=(1, 256, 56, 56)>
         %9 = rint(%8)                      # EncryptedTensor<float64, shape=(1, 256, 56, 56)>
        %10 = astype(%9, dtype=int_)        # EncryptedTensor<uint1, shape=(1, 256, 56, 56)>
        return %10

    %77 = subgraph(%76):

         %0 = input                          # EncryptedTensor<uint2, shape=(1, 256, 56, 56)>
         %1 = 0.0                            # ClearScalar<float64>
         %2 = subtract(%0, %1)               # EncryptedTensor<float64, shape=(1, 256, 56, 56)>
         %3 = 0.8102239908710602             # ClearScalar<float64>
         %4 = multiply(%3, %2)               # EncryptedTensor<float64, shape=(1, 256, 56, 56)>
         %5 = 0                              # ClearScalar<uint1>
         %6 = maximum(%4, %5)                # EncryptedTensor<float64, shape=(1, 256, 56, 56)>
         %7 = 1.1744465                      # ClearScalar<float32>
         %8 = divide(%6, %7)                 # EncryptedTensor<float64, shape=(1, 256, 56, 56)>
         %9 = 0.0                            # ClearScalar<float32>
        %10 = add(%8, %9)                    # EncryptedTensor<float64, shape=(1, 256, 56, 56)>
        %11 = 0.0                            # ClearScalar<float64>
        %12 = 15.0                           # ClearScalar<float64>
        %13 = clip(%10, %11, %12)            # EncryptedTensor<float64, shape=(1, 256, 56, 56)>
        %14 = rint(%13)                      # EncryptedTensor<float64, shape=(1, 256, 56, 56)>
        %15 = 0.0                            # ClearScalar<float32>
        %16 = subtract(%14, %15)             # EncryptedTensor<float64, shape=(1, 256, 56, 56)>
        %17 = 1.1744465                      # ClearScalar<float32>
        %18 = multiply(%16, %17)             # EncryptedTensor<float64, shape=(1, 256, 56, 56)>
        %19 = 1.1744464635849                # ClearScalar<float64>
        %20 = divide(%18, %19)               # EncryptedTensor<float64, shape=(1, 256, 56, 56)>
        %21 = 0                              # ClearScalar<uint1>
        %22 = add(%20, %21)                  # EncryptedTensor<float64, shape=(1, 256, 56, 56)>
        %23 = rint(%22)                      # EncryptedTensor<float64, shape=(1, 256, 56, 56)>
        %24 = astype(%23, dtype=int_)        # EncryptedTensor<uint1, shape=(1, 256, 56, 56)>
        return %24

    %81 = subgraph(%80):

         %0 = input                            # EncryptedTensor<uint1, shape=(1, 128, 56, 56)>          @ /trunk/trunk.7/C1/Conv.conv_rounding
         %1 = astype(%0, dtype=float64)        # EncryptedTensor<float64, shape=(1, 128, 56, 56)>
         %2 = 0                                # ClearScalar<uint1>
         %3 = add(%1, %2)                      # EncryptedTensor<float64, shape=(1, 128, 56, 56)>
         %4 = [[[[0]]  [ ... ]  [[0]]]]        # ClearTensor<uint1, shape=(1, 128, 1, 1)>
         %5 = subtract(%3, %4)                 # EncryptedTensor<float64, shape=(1, 128, 56, 56)>
         %6 = 0.09635336064011124              # ClearScalar<float64>
         %7 = multiply(%6, %5)                 # EncryptedTensor<float64, shape=(1, 128, 56, 56)>
         %8 = [[[[ 0.927 ... 56585 ]]]]        # ClearTensor<float32, shape=(1, 128, 1, 1)>
         %9 = subtract(%7, %8)                 # EncryptedTensor<float64, shape=(1, 128, 56, 56)>
        %10 = [[[[2.4903 ... 339314]]]]        # ClearTensor<float32, shape=(1, 128, 1, 1)>
        %11 = divide(%9, %10)                  # EncryptedTensor<float64, shape=(1, 128, 56, 56)>
        %12 = [[[[0.9808 ... 69578 ]]]]        # ClearTensor<float32, shape=(1, 128, 1, 1)>
        %13 = multiply(%11, %12)               # EncryptedTensor<float64, shape=(1, 128, 56, 56)>
        %14 = [[[[-0.022 ... 789559]]]]        # ClearTensor<float32, shape=(1, 128, 1, 1)>
        %15 = add(%13, %14)                    # EncryptedTensor<float64, shape=(1, 128, 56, 56)>
        %16 = 0                                # ClearScalar<uint1>
        %17 = maximum(%15, %16)                # EncryptedTensor<float64, shape=(1, 128, 56, 56)>
        %18 = 0.44320253                       # ClearScalar<float32>
        %19 = divide(%17, %18)                 # EncryptedTensor<float64, shape=(1, 128, 56, 56)>
        %20 = 0.0                              # ClearScalar<float32>
        %21 = add(%19, %20)                    # EncryptedTensor<float64, shape=(1, 128, 56, 56)>
        %22 = 0.0                              # ClearScalar<float64>
        %23 = 15.0                             # ClearScalar<float64>
        %24 = clip(%21, %22, %23)              # EncryptedTensor<float64, shape=(1, 128, 56, 56)>
        %25 = rint(%24)                        # EncryptedTensor<float64, shape=(1, 128, 56, 56)>
        %26 = 0.0                              # ClearScalar<float32>
        %27 = subtract(%25, %26)               # EncryptedTensor<float64, shape=(1, 128, 56, 56)>
        %28 = 0.44320253                       # ClearScalar<float32>
        %29 = multiply(%27, %28)               # EncryptedTensor<float64, shape=(1, 128, 56, 56)>
        %30 = 0.44320252537727356              # ClearScalar<float64>
        %31 = divide(%29, %30)                 # EncryptedTensor<float64, shape=(1, 128, 56, 56)>
        %32 = 0                                # ClearScalar<uint1>
        %33 = add(%31, %32)                    # EncryptedTensor<float64, shape=(1, 128, 56, 56)>
        %34 = rint(%33)                        # EncryptedTensor<float64, shape=(1, 128, 56, 56)>
        %35 = astype(%34, dtype=int_)          # EncryptedTensor<uint1, shape=(1, 128, 56, 56)>
        return %35

    %89 = subgraph(%88):

         %0 = input                            # EncryptedTensor<uint1, shape=(1, 128, 28, 28)>          @ /trunk/trunk.7/C2/Conv.conv_rounding
         %1 = astype(%0, dtype=float64)        # EncryptedTensor<float64, shape=(1, 128, 28, 28)>
         %2 = 0                                # ClearScalar<uint1>
         %3 = add(%1, %2)                      # EncryptedTensor<float64, shape=(1, 128, 28, 28)>
         %4 = [[[[0]]  [ ... ]  [[0]]]]        # ClearTensor<uint1, shape=(1, 128, 1, 1)>
         %5 = subtract(%3, %4)                 # EncryptedTensor<float64, shape=(1, 128, 28, 28)>
         %6 = 0.011150877180075958             # ClearScalar<float64>
         %7 = multiply(%6, %5)                 # EncryptedTensor<float64, shape=(1, 128, 28, 28)>
         %8 = [[[[-0.591 ... 761955]]]]        # ClearTensor<float32, shape=(1, 128, 1, 1)>
         %9 = subtract(%7, %8)                 # EncryptedTensor<float64, shape=(1, 128, 28, 28)>
        %10 = [[[[0.9504 ... 98238 ]]]]        # ClearTensor<float32, shape=(1, 128, 1, 1)>
        %11 = divide(%9, %10)                  # EncryptedTensor<float64, shape=(1, 128, 28, 28)>
        %12 = [[[[0.9816 ... 70845 ]]]]        # ClearTensor<float32, shape=(1, 128, 1, 1)>
        %13 = multiply(%11, %12)               # EncryptedTensor<float64, shape=(1, 128, 28, 28)>
        %14 = [[[[-0.012 ... 75563 ]]]]        # ClearTensor<float32, shape=(1, 128, 1, 1)>
        %15 = add(%13, %14)                    # EncryptedTensor<float64, shape=(1, 128, 28, 28)>
        %16 = 0                                # ClearScalar<uint1>
        %17 = maximum(%15, %16)                # EncryptedTensor<float64, shape=(1, 128, 28, 28)>
        %18 = 0.41699275                       # ClearScalar<float32>
        %19 = divide(%17, %18)                 # EncryptedTensor<float64, shape=(1, 128, 28, 28)>
        %20 = 0.0                              # ClearScalar<float32>
        %21 = add(%19, %20)                    # EncryptedTensor<float64, shape=(1, 128, 28, 28)>
        %22 = 0.0                              # ClearScalar<float64>
        %23 = 15.0                             # ClearScalar<float64>
        %24 = clip(%21, %22, %23)              # EncryptedTensor<float64, shape=(1, 128, 28, 28)>
        %25 = rint(%24)                        # EncryptedTensor<float64, shape=(1, 128, 28, 28)>
        %26 = 0.0                              # ClearScalar<float32>
        %27 = subtract(%25, %26)               # EncryptedTensor<float64, shape=(1, 128, 28, 28)>
        %28 = 0.41699275                       # ClearScalar<float32>
        %29 = multiply(%27, %28)               # EncryptedTensor<float64, shape=(1, 128, 28, 28)>
        %30 = 0.41699275374412537              # ClearScalar<float64>
        %31 = divide(%29, %30)                 # EncryptedTensor<float64, shape=(1, 128, 28, 28)>
        %32 = 0                                # ClearScalar<uint1>
        %33 = add(%31, %32)                    # EncryptedTensor<float64, shape=(1, 128, 28, 28)>
        %34 = rint(%33)                        # EncryptedTensor<float64, shape=(1, 128, 28, 28)>
        %35 = astype(%34, dtype=int_)          # EncryptedTensor<uint1, shape=(1, 128, 28, 28)>
        return %35

    %93 = subgraph(%76):

         %0 = input                          # EncryptedTensor<uint2, shape=(1, 256, 56, 56)>
         %1 = 0.0                            # ClearScalar<float64>
         %2 = subtract(%0, %1)               # EncryptedTensor<float64, shape=(1, 256, 56, 56)>
         %3 = 0.8102239908710602             # ClearScalar<float64>
         %4 = multiply(%3, %2)               # EncryptedTensor<float64, shape=(1, 256, 56, 56)>
         %5 = 0                              # ClearScalar<uint1>
         %6 = maximum(%4, %5)                # EncryptedTensor<float64, shape=(1, 256, 56, 56)>
         %7 = 1.1744465                      # ClearScalar<float32>
         %8 = divide(%6, %7)                 # EncryptedTensor<float64, shape=(1, 256, 56, 56)>
         %9 = 0.0                            # ClearScalar<float32>
        %10 = add(%8, %9)                    # EncryptedTensor<float64, shape=(1, 256, 56, 56)>
        %11 = 0.0                            # ClearScalar<float64>
        %12 = 15.0                           # ClearScalar<float64>
        %13 = clip(%10, %11, %12)            # EncryptedTensor<float64, shape=(1, 256, 56, 56)>
        %14 = rint(%13)                      # EncryptedTensor<float64, shape=(1, 256, 56, 56)>
        %15 = 0.0                            # ClearScalar<float32>
        %16 = subtract(%14, %15)             # EncryptedTensor<float64, shape=(1, 256, 56, 56)>
        %17 = 1.1744465                      # ClearScalar<float32>
        %18 = multiply(%16, %17)             # EncryptedTensor<float64, shape=(1, 256, 56, 56)>
        %19 = 1.1744464635849                # ClearScalar<float64>
        %20 = divide(%18, %19)               # EncryptedTensor<float64, shape=(1, 256, 56, 56)>
        %21 = 0                              # ClearScalar<uint1>
        %22 = add(%20, %21)                  # EncryptedTensor<float64, shape=(1, 256, 56, 56)>
        %23 = rint(%22)                      # EncryptedTensor<float64, shape=(1, 256, 56, 56)>
        %24 = astype(%23, dtype=int_)        # EncryptedTensor<uint1, shape=(1, 256, 56, 56)>
        return %24

    %97 = subgraph(%92):

         %0 = input                            # EncryptedTensor<uint1, shape=(1, 512, 28, 28)>          @ /trunk/trunk.7/C3/Conv.conv_rounding
         %1 = astype(%0, dtype=float64)        # EncryptedTensor<float64, shape=(1, 512, 28, 28)>
         %2 = 0                                # ClearScalar<uint1>
         %3 = add(%1, %2)                      # EncryptedTensor<float64, shape=(1, 512, 28, 28)>
         %4 = [[[[0]]  [ ... ]  [[0]]]]        # ClearTensor<uint1, shape=(1, 512, 1, 1)>
         %5 = subtract(%3, %4)                 # EncryptedTensor<float64, shape=(1, 512, 28, 28)>
         %6 = 0.016541865583231674             # ClearScalar<float64>
         %7 = multiply(%6, %5)                 # EncryptedTensor<float64, shape=(1, 512, 28, 28)>
         %8 = [[[[ 0.470 ... 96801 ]]]]        # ClearTensor<float32, shape=(1, 512, 1, 1)>
         %9 = subtract(%7, %8)                 # EncryptedTensor<float64, shape=(1, 512, 28, 28)>
        %10 = [[[[0.6178 ... 595544]]]]        # ClearTensor<float32, shape=(1, 512, 1, 1)>
        %11 = divide(%9, %10)                  # EncryptedTensor<float64, shape=(1, 512, 28, 28)>
        %12 = [[[[0.9960 ... 552325]]]]        # ClearTensor<float32, shape=(1, 512, 1, 1)>
        %13 = multiply(%11, %12)               # EncryptedTensor<float64, shape=(1, 512, 28, 28)>
        %14 = [[[[ 2.036 ... 99e-02]]]]        # ClearTensor<float32, shape=(1, 512, 1, 1)>
        %15 = add(%13, %14)                    # EncryptedTensor<float64, shape=(1, 512, 28, 28)>
        %16 = 0.9019725                        # ClearScalar<float32>
        %17 = divide(%15, %16)                 # EncryptedTensor<float64, shape=(1, 512, 28, 28)>
        %18 = 0.0                              # ClearScalar<float32>
        %19 = add(%17, %18)                    # EncryptedTensor<float64, shape=(1, 512, 28, 28)>
        %20 = -8.0                             # ClearScalar<float64>
        %21 = 7.0                              # ClearScalar<float64>
        %22 = clip(%19, %20, %21)              # EncryptedTensor<float64, shape=(1, 512, 28, 28)>
        %23 = rint(%22)                        # EncryptedTensor<float64, shape=(1, 512, 28, 28)>
        %24 = 0.0                              # ClearScalar<float32>
        %25 = subtract(%23, %24)               # EncryptedTensor<float64, shape=(1, 512, 28, 28)>
        %26 = 0.9019725                        # ClearScalar<float32>
        %27 = multiply(%25, %26)               # EncryptedTensor<float64, shape=(1, 512, 28, 28)>
        %28 = 0.9019724726676941               # ClearScalar<float64>
        %29 = divide(%27, %28)                 # EncryptedTensor<float64, shape=(1, 512, 28, 28)>
        %30 = 0                                # ClearScalar<uint1>
        %31 = add(%29, %30)                    # EncryptedTensor<float64, shape=(1, 512, 28, 28)>
        %32 = rint(%31)                        # EncryptedTensor<float64, shape=(1, 512, 28, 28)>
        %33 = astype(%32, dtype=int_)          # EncryptedTensor<uint1, shape=(1, 512, 28, 28)>
        return %33

    %98 = subgraph(%96):

         %0 = input                            # EncryptedTensor<uint1, shape=(1, 512, 28, 28)>          @ /trunk/trunk.7/shortcut/Conv.conv_rounding
         %1 = astype(%0, dtype=float64)        # EncryptedTensor<float64, shape=(1, 512, 28, 28)>
         %2 = 0                                # ClearScalar<uint1>
         %3 = add(%1, %2)                      # EncryptedTensor<float64, shape=(1, 512, 28, 28)>
         %4 = [[[[0]]  [ ... ]  [[0]]]]        # ClearTensor<uint1, shape=(1, 512, 1, 1)>
         %5 = subtract(%3, %4)                 # EncryptedTensor<float64, shape=(1, 512, 28, 28)>
         %6 = 0.043359933257970606             # ClearScalar<float64>
         %7 = multiply(%6, %5)                 # EncryptedTensor<float64, shape=(1, 512, 28, 28)>
         %8 = [[[[-0.021 ... 060955]]]]        # ClearTensor<float32, shape=(1, 512, 1, 1)>
         %9 = subtract(%7, %8)                 # EncryptedTensor<float64, shape=(1, 512, 28, 28)>
        %10 = [[[[1.3087 ... 63099 ]]]]        # ClearTensor<float32, shape=(1, 512, 1, 1)>
        %11 = divide(%9, %10)                  # EncryptedTensor<float64, shape=(1, 512, 28, 28)>
        %12 = [[[[0.9779 ... 418896]]]]        # ClearTensor<float32, shape=(1, 512, 1, 1)>
        %13 = multiply(%11, %12)               # EncryptedTensor<float64, shape=(1, 512, 28, 28)>
        %14 = [[[[ 2.127 ... 99e-02]]]]        # ClearTensor<float32, shape=(1, 512, 1, 1)>
        %15 = add(%13, %14)                    # EncryptedTensor<float64, shape=(1, 512, 28, 28)>
        %16 = 0.9012733                        # ClearScalar<float32>
        %17 = divide(%15, %16)                 # EncryptedTensor<float64, shape=(1, 512, 28, 28)>
        %18 = 0.0                              # ClearScalar<float32>
        %19 = add(%17, %18)                    # EncryptedTensor<float64, shape=(1, 512, 28, 28)>
        %20 = -8.0                             # ClearScalar<float64>
        %21 = 7.0                              # ClearScalar<float64>
        %22 = clip(%19, %20, %21)              # EncryptedTensor<float64, shape=(1, 512, 28, 28)>
        %23 = rint(%22)                        # EncryptedTensor<float64, shape=(1, 512, 28, 28)>
        %24 = 0.0                              # ClearScalar<float32>
        %25 = subtract(%23, %24)               # EncryptedTensor<float64, shape=(1, 512, 28, 28)>
        %26 = 0.9012733                        # ClearScalar<float32>
        %27 = multiply(%25, %26)               # EncryptedTensor<float64, shape=(1, 512, 28, 28)>
        %28 = 0.9012733101844788               # ClearScalar<float64>
        %29 = divide(%27, %28)                 # EncryptedTensor<float64, shape=(1, 512, 28, 28)>
        %30 = 0                                # ClearScalar<uint1>
        %31 = add(%29, %30)                    # EncryptedTensor<float64, shape=(1, 512, 28, 28)>
        %32 = rint(%31)                        # EncryptedTensor<float64, shape=(1, 512, 28, 28)>
        %33 = astype(%32, dtype=int_)          # EncryptedTensor<uint1, shape=(1, 512, 28, 28)>
        return %33

    %99 = subgraph(%97):

         %0 = input                         # EncryptedTensor<uint1, shape=(1, 512, 28, 28)>
         %1 = 0.0                           # ClearScalar<float64>
         %2 = subtract(%0, %1)              # EncryptedTensor<float64, shape=(1, 512, 28, 28)>
         %3 = 0.9019724726676941            # ClearScalar<float64>
         %4 = multiply(%3, %2)              # EncryptedTensor<float64, shape=(1, 512, 28, 28)>
         %5 = 0.58169218801683              # ClearScalar<float64>
         %6 = divide(%4, %5)                # EncryptedTensor<float64, shape=(1, 512, 28, 28)>
         %7 = 0                             # ClearScalar<uint1>
         %8 = add(%6, %7)                   # EncryptedTensor<float64, shape=(1, 512, 28, 28)>
         %9 = rint(%8)                      # EncryptedTensor<float64, shape=(1, 512, 28, 28)>
        %10 = astype(%9, dtype=int_)        # EncryptedTensor<uint1, shape=(1, 512, 28, 28)>
        return %10

    %100 = subgraph(%98):

         %0 = input                         # EncryptedTensor<uint1, shape=(1, 512, 28, 28)>
         %1 = 0.0                           # ClearScalar<float64>
         %2 = subtract(%0, %1)              # EncryptedTensor<float64, shape=(1, 512, 28, 28)>
         %3 = 0.9012733101844788            # ClearScalar<float64>
         %4 = multiply(%3, %2)              # EncryptedTensor<float64, shape=(1, 512, 28, 28)>
         %5 = 0.58169218801683              # ClearScalar<float64>
         %6 = divide(%4, %5)                # EncryptedTensor<float64, shape=(1, 512, 28, 28)>
         %7 = 0                             # ClearScalar<uint1>
         %8 = add(%6, %7)                   # EncryptedTensor<float64, shape=(1, 512, 28, 28)>
         %9 = rint(%8)                      # EncryptedTensor<float64, shape=(1, 512, 28, 28)>
        %10 = astype(%9, dtype=int_)        # EncryptedTensor<uint1, shape=(1, 512, 28, 28)>
        return %10

    %104 = subgraph(%103):

         %0 = input                          # EncryptedTensor<uint2, shape=(1, 512, 28, 28)>
         %1 = 0.0                            # ClearScalar<float64>
         %2 = subtract(%0, %1)               # EncryptedTensor<float64, shape=(1, 512, 28, 28)>
         %3 = 0.58169218801683               # ClearScalar<float64>
         %4 = multiply(%3, %2)               # EncryptedTensor<float64, shape=(1, 512, 28, 28)>
         %5 = 0                              # ClearScalar<uint1>
         %6 = maximum(%4, %5)                # EncryptedTensor<float64, shape=(1, 512, 28, 28)>
         %7 = 0.7005621                      # ClearScalar<float32>
         %8 = divide(%6, %7)                 # EncryptedTensor<float64, shape=(1, 512, 28, 28)>
         %9 = 0.0                            # ClearScalar<float32>
        %10 = add(%8, %9)                    # EncryptedTensor<float64, shape=(1, 512, 28, 28)>
        %11 = 0.0                            # ClearScalar<float64>
        %12 = 15.0                           # ClearScalar<float64>
        %13 = clip(%10, %11, %12)            # EncryptedTensor<float64, shape=(1, 512, 28, 28)>
        %14 = rint(%13)                      # EncryptedTensor<float64, shape=(1, 512, 28, 28)>
        %15 = 0.0                            # ClearScalar<float32>
        %16 = subtract(%14, %15)             # EncryptedTensor<float64, shape=(1, 512, 28, 28)>
        %17 = 0.7005621                      # ClearScalar<float32>
        %18 = multiply(%16, %17)             # EncryptedTensor<float64, shape=(1, 512, 28, 28)>
        %19 = 0.7005621194839478             # ClearScalar<float64>
        %20 = divide(%18, %19)               # EncryptedTensor<float64, shape=(1, 512, 28, 28)>
        %21 = 0                              # ClearScalar<uint1>
        %22 = add(%20, %21)                  # EncryptedTensor<float64, shape=(1, 512, 28, 28)>
        %23 = rint(%22)                      # EncryptedTensor<float64, shape=(1, 512, 28, 28)>
        %24 = astype(%23, dtype=int_)        # EncryptedTensor<uint1, shape=(1, 512, 28, 28)>
        return %24

    %108 = subgraph(%107):

         %0 = input                            # EncryptedTensor<uint1, shape=(1, 128, 28, 28)>          @ /trunk/trunk.8/C1/Conv.conv_rounding
         %1 = astype(%0, dtype=float64)        # EncryptedTensor<float64, shape=(1, 128, 28, 28)>
         %2 = 0                                # ClearScalar<uint1>
         %3 = add(%1, %2)                      # EncryptedTensor<float64, shape=(1, 128, 28, 28)>
         %4 = [[[[0]]  [ ... ]  [[0]]]]        # ClearTensor<uint1, shape=(1, 128, 1, 1)>
         %5 = subtract(%3, %4)                 # EncryptedTensor<float64, shape=(1, 128, 28, 28)>
         %6 = 0.05417689108094681              # ClearScalar<float64>
         %7 = multiply(%6, %5)                 # EncryptedTensor<float64, shape=(1, 128, 28, 28)>
         %8 = [[[[ 0.835 ... 97708 ]]]]        # ClearTensor<float32, shape=(1, 128, 1, 1)>
         %9 = subtract(%7, %8)                 # EncryptedTensor<float64, shape=(1, 128, 28, 28)>
        %10 = [[[[4.2786 ... 138976]]]]        # ClearTensor<float32, shape=(1, 128, 1, 1)>
        %11 = divide(%9, %10)                  # EncryptedTensor<float64, shape=(1, 128, 28, 28)>
        %12 = [[[[0.9848 ... 246187]]]]        # ClearTensor<float32, shape=(1, 128, 1, 1)>
        %13 = multiply(%11, %12)               # EncryptedTensor<float64, shape=(1, 128, 28, 28)>
        %14 = [[[[ 0.008 ... 332009]]]]        # ClearTensor<float32, shape=(1, 128, 1, 1)>
        %15 = add(%13, %14)                    # EncryptedTensor<float64, shape=(1, 128, 28, 28)>
        %16 = 0                                # ClearScalar<uint1>
        %17 = maximum(%15, %16)                # EncryptedTensor<float64, shape=(1, 128, 28, 28)>
        %18 = 0.44198856                       # ClearScalar<float32>
        %19 = divide(%17, %18)                 # EncryptedTensor<float64, shape=(1, 128, 28, 28)>
        %20 = 0.0                              # ClearScalar<float32>
        %21 = add(%19, %20)                    # EncryptedTensor<float64, shape=(1, 128, 28, 28)>
        %22 = 0.0                              # ClearScalar<float64>
        %23 = 15.0                             # ClearScalar<float64>
        %24 = clip(%21, %22, %23)              # EncryptedTensor<float64, shape=(1, 128, 28, 28)>
        %25 = rint(%24)                        # EncryptedTensor<float64, shape=(1, 128, 28, 28)>
        %26 = 0.0                              # ClearScalar<float32>
        %27 = subtract(%25, %26)               # EncryptedTensor<float64, shape=(1, 128, 28, 28)>
        %28 = 0.44198856                       # ClearScalar<float32>
        %29 = multiply(%27, %28)               # EncryptedTensor<float64, shape=(1, 128, 28, 28)>
        %30 = 0.4419885575771332               # ClearScalar<float64>
        %31 = divide(%29, %30)                 # EncryptedTensor<float64, shape=(1, 128, 28, 28)>
        %32 = 0                                # ClearScalar<uint1>
        %33 = add(%31, %32)                    # EncryptedTensor<float64, shape=(1, 128, 28, 28)>
        %34 = rint(%33)                        # EncryptedTensor<float64, shape=(1, 128, 28, 28)>
        %35 = astype(%34, dtype=int_)          # EncryptedTensor<uint1, shape=(1, 128, 28, 28)>
        return %35

    %116 = subgraph(%115):

         %0 = input                            # EncryptedTensor<uint1, shape=(1, 128, 28, 28)>          @ /trunk/trunk.8/C2/Conv.conv_rounding
         %1 = astype(%0, dtype=float64)        # EncryptedTensor<float64, shape=(1, 128, 28, 28)>
         %2 = 0                                # ClearScalar<uint1>
         %3 = add(%1, %2)                      # EncryptedTensor<float64, shape=(1, 128, 28, 28)>
         %4 = [[[[0]]  [ ... ]  [[0]]]]        # ClearTensor<uint1, shape=(1, 128, 1, 1)>
         %5 = subtract(%3, %4)                 # EncryptedTensor<float64, shape=(1, 128, 28, 28)>
         %6 = 0.011549310901405596             # ClearScalar<float64>
         %7 = multiply(%6, %5)                 # EncryptedTensor<float64, shape=(1, 128, 28, 28)>
         %8 = [[[[-0.083 ... 92974 ]]]]        # ClearTensor<float32, shape=(1, 128, 1, 1)>
         %9 = subtract(%7, %8)                 # EncryptedTensor<float64, shape=(1, 128, 28, 28)>
        %10 = [[[[1.2025 ... 887797]]]]        # ClearTensor<float32, shape=(1, 128, 1, 1)>
        %11 = divide(%9, %10)                  # EncryptedTensor<float64, shape=(1, 128, 28, 28)>
        %12 = [[[[0.9829 ... 029326]]]]        # ClearTensor<float32, shape=(1, 128, 1, 1)>
        %13 = multiply(%11, %12)               # EncryptedTensor<float64, shape=(1, 128, 28, 28)>
        %14 = [[[[-1.324 ... 25e-02]]]]        # ClearTensor<float32, shape=(1, 128, 1, 1)>
        %15 = add(%13, %14)                    # EncryptedTensor<float64, shape=(1, 128, 28, 28)>
        %16 = 0                                # ClearScalar<uint1>
        %17 = maximum(%15, %16)                # EncryptedTensor<float64, shape=(1, 128, 28, 28)>
        %18 = 0.44969988                       # ClearScalar<float32>
        %19 = divide(%17, %18)                 # EncryptedTensor<float64, shape=(1, 128, 28, 28)>
        %20 = 0.0                              # ClearScalar<float32>
        %21 = add(%19, %20)                    # EncryptedTensor<float64, shape=(1, 128, 28, 28)>
        %22 = 0.0                              # ClearScalar<float64>
        %23 = 15.0                             # ClearScalar<float64>
        %24 = clip(%21, %22, %23)              # EncryptedTensor<float64, shape=(1, 128, 28, 28)>
        %25 = rint(%24)                        # EncryptedTensor<float64, shape=(1, 128, 28, 28)>
        %26 = 0.0                              # ClearScalar<float32>
        %27 = subtract(%25, %26)               # EncryptedTensor<float64, shape=(1, 128, 28, 28)>
        %28 = 0.44969988                       # ClearScalar<float32>
        %29 = multiply(%27, %28)               # EncryptedTensor<float64, shape=(1, 128, 28, 28)>
        %30 = 0.44969987869262695              # ClearScalar<float64>
        %31 = divide(%29, %30)                 # EncryptedTensor<float64, shape=(1, 128, 28, 28)>
        %32 = 0                                # ClearScalar<uint1>
        %33 = add(%31, %32)                    # EncryptedTensor<float64, shape=(1, 128, 28, 28)>
        %34 = rint(%33)                        # EncryptedTensor<float64, shape=(1, 128, 28, 28)>
        %35 = astype(%34, dtype=int_)          # EncryptedTensor<uint1, shape=(1, 128, 28, 28)>
        return %35

    %120 = subgraph(%119):

         %0 = input                            # EncryptedTensor<uint1, shape=(1, 512, 28, 28)>          @ /trunk/trunk.8/C3/Conv.conv_rounding
         %1 = astype(%0, dtype=float64)        # EncryptedTensor<float64, shape=(1, 512, 28, 28)>
         %2 = 0                                # ClearScalar<uint1>
         %3 = add(%1, %2)                      # EncryptedTensor<float64, shape=(1, 512, 28, 28)>
         %4 = [[[[0]]  [ ... ]  [[0]]]]        # ClearTensor<uint1, shape=(1, 512, 1, 1)>
         %5 = subtract(%3, %4)                 # EncryptedTensor<float64, shape=(1, 512, 28, 28)>
         %6 = 0.01666862326081464              # ClearScalar<float64>
         %7 = multiply(%6, %5)                 # EncryptedTensor<float64, shape=(1, 512, 28, 28)>
         %8 = [[[[-9.571 ... 03e-01]]]]        # ClearTensor<float32, shape=(1, 512, 1, 1)>
         %9 = subtract(%7, %8)                 # EncryptedTensor<float64, shape=(1, 512, 28, 28)>
        %10 = [[[[0.5763 ... 35622 ]]]]        # ClearTensor<float32, shape=(1, 512, 1, 1)>
        %11 = divide(%9, %10)                  # EncryptedTensor<float64, shape=(1, 512, 28, 28)>
        %12 = [[[[0.9516 ... 85377 ]]]]        # ClearTensor<float32, shape=(1, 512, 1, 1)>
        %13 = multiply(%11, %12)               # EncryptedTensor<float64, shape=(1, 512, 28, 28)>
        %14 = [[[[ 1.768 ... 26e-02]]]]        # ClearTensor<float32, shape=(1, 512, 1, 1)>
        %15 = add(%13, %14)                    # EncryptedTensor<float64, shape=(1, 512, 28, 28)>
        %16 = 0.95068026                       # ClearScalar<float32>
        %17 = divide(%15, %16)                 # EncryptedTensor<float64, shape=(1, 512, 28, 28)>
        %18 = 0.0                              # ClearScalar<float32>
        %19 = add(%17, %18)                    # EncryptedTensor<float64, shape=(1, 512, 28, 28)>
        %20 = -8.0                             # ClearScalar<float64>
        %21 = 7.0                              # ClearScalar<float64>
        %22 = clip(%19, %20, %21)              # EncryptedTensor<float64, shape=(1, 512, 28, 28)>
        %23 = rint(%22)                        # EncryptedTensor<float64, shape=(1, 512, 28, 28)>
        %24 = 0.0                              # ClearScalar<float32>
        %25 = subtract(%23, %24)               # EncryptedTensor<float64, shape=(1, 512, 28, 28)>
        %26 = 0.95068026                       # ClearScalar<float32>
        %27 = multiply(%25, %26)               # EncryptedTensor<float64, shape=(1, 512, 28, 28)>
        %28 = 0.9506802558898926               # ClearScalar<float64>
        %29 = divide(%27, %28)                 # EncryptedTensor<float64, shape=(1, 512, 28, 28)>
        %30 = 0                                # ClearScalar<uint1>
        %31 = add(%29, %30)                    # EncryptedTensor<float64, shape=(1, 512, 28, 28)>
        %32 = rint(%31)                        # EncryptedTensor<float64, shape=(1, 512, 28, 28)>
        %33 = astype(%32, dtype=int_)          # EncryptedTensor<uint1, shape=(1, 512, 28, 28)>
        return %33

    %121 = subgraph(%103):

         %0 = input                          # EncryptedTensor<uint2, shape=(1, 512, 28, 28)>
         %1 = 0.0                            # ClearScalar<float64>
         %2 = subtract(%0, %1)               # EncryptedTensor<float64, shape=(1, 512, 28, 28)>
         %3 = 0.58169218801683               # ClearScalar<float64>
         %4 = multiply(%3, %2)               # EncryptedTensor<float64, shape=(1, 512, 28, 28)>
         %5 = 0                              # ClearScalar<uint1>
         %6 = maximum(%4, %5)                # EncryptedTensor<float64, shape=(1, 512, 28, 28)>
         %7 = 0.7005621                      # ClearScalar<float32>
         %8 = divide(%6, %7)                 # EncryptedTensor<float64, shape=(1, 512, 28, 28)>
         %9 = 0.0                            # ClearScalar<float32>
        %10 = add(%8, %9)                    # EncryptedTensor<float64, shape=(1, 512, 28, 28)>
        %11 = 0.0                            # ClearScalar<float64>
        %12 = 15.0                           # ClearScalar<float64>
        %13 = clip(%10, %11, %12)            # EncryptedTensor<float64, shape=(1, 512, 28, 28)>
        %14 = rint(%13)                      # EncryptedTensor<float64, shape=(1, 512, 28, 28)>
        %15 = 0.0                            # ClearScalar<float32>
        %16 = subtract(%14, %15)             # EncryptedTensor<float64, shape=(1, 512, 28, 28)>
        %17 = 0.7005621                      # ClearScalar<float32>
        %18 = multiply(%16, %17)             # EncryptedTensor<float64, shape=(1, 512, 28, 28)>
        %19 = 0.7005621194839478             # ClearScalar<float64>
        %20 = divide(%18, %19)               # EncryptedTensor<float64, shape=(1, 512, 28, 28)>
        %21 = 0                              # ClearScalar<uint1>
        %22 = add(%20, %21)                  # EncryptedTensor<float64, shape=(1, 512, 28, 28)>
        %23 = rint(%22)                      # EncryptedTensor<float64, shape=(1, 512, 28, 28)>
        %24 = astype(%23, dtype=int_)        # EncryptedTensor<uint1, shape=(1, 512, 28, 28)>
        return %24

    %122 = subgraph(%120):

         %0 = input                         # EncryptedTensor<uint1, shape=(1, 512, 28, 28)>
         %1 = 0.0                           # ClearScalar<float64>
         %2 = subtract(%0, %1)              # EncryptedTensor<float64, shape=(1, 512, 28, 28)>
         %3 = 0.9506802558898926            # ClearScalar<float64>
         %4 = multiply(%3, %2)              # EncryptedTensor<float64, shape=(1, 512, 28, 28)>
         %5 = 0.6004551649093628            # ClearScalar<float64>
         %6 = divide(%4, %5)                # EncryptedTensor<float64, shape=(1, 512, 28, 28)>
         %7 = 0                             # ClearScalar<uint1>
         %8 = add(%6, %7)                   # EncryptedTensor<float64, shape=(1, 512, 28, 28)>
         %9 = rint(%8)                      # EncryptedTensor<float64, shape=(1, 512, 28, 28)>
        %10 = astype(%9, dtype=int_)        # EncryptedTensor<uint1, shape=(1, 512, 28, 28)>
        return %10

    %123 = subgraph(%121):

         %0 = input                         # EncryptedTensor<uint1, shape=(1, 512, 28, 28)>
         %1 = 0.0                           # ClearScalar<float64>
         %2 = subtract(%0, %1)              # EncryptedTensor<float64, shape=(1, 512, 28, 28)>
         %3 = 0.7005621194839478            # ClearScalar<float64>
         %4 = multiply(%3, %2)              # EncryptedTensor<float64, shape=(1, 512, 28, 28)>
         %5 = 0.6004551649093628            # ClearScalar<float64>
         %6 = divide(%4, %5)                # EncryptedTensor<float64, shape=(1, 512, 28, 28)>
         %7 = 0                             # ClearScalar<uint1>
         %8 = add(%6, %7)                   # EncryptedTensor<float64, shape=(1, 512, 28, 28)>
         %9 = rint(%8)                      # EncryptedTensor<float64, shape=(1, 512, 28, 28)>
        %10 = astype(%9, dtype=int_)        # EncryptedTensor<uint1, shape=(1, 512, 28, 28)>
        return %10

    %127 = subgraph(%126):

         %0 = input                          # EncryptedTensor<uint2, shape=(1, 512, 28, 28)>
         %1 = 0.0                            # ClearScalar<float64>
         %2 = subtract(%0, %1)               # EncryptedTensor<float64, shape=(1, 512, 28, 28)>
         %3 = 0.6004551649093628             # ClearScalar<float64>
         %4 = multiply(%3, %2)               # EncryptedTensor<float64, shape=(1, 512, 28, 28)>
         %5 = 0                              # ClearScalar<uint1>
         %6 = maximum(%4, %5)                # EncryptedTensor<float64, shape=(1, 512, 28, 28)>
         %7 = 0.92992944                     # ClearScalar<float32>
         %8 = divide(%6, %7)                 # EncryptedTensor<float64, shape=(1, 512, 28, 28)>
         %9 = 0.0                            # ClearScalar<float32>
        %10 = add(%8, %9)                    # EncryptedTensor<float64, shape=(1, 512, 28, 28)>
        %11 = 0.0                            # ClearScalar<float64>
        %12 = 15.0                           # ClearScalar<float64>
        %13 = clip(%10, %11, %12)            # EncryptedTensor<float64, shape=(1, 512, 28, 28)>
        %14 = rint(%13)                      # EncryptedTensor<float64, shape=(1, 512, 28, 28)>
        %15 = 0.0                            # ClearScalar<float32>
        %16 = subtract(%14, %15)             # EncryptedTensor<float64, shape=(1, 512, 28, 28)>
        %17 = 0.92992944                     # ClearScalar<float32>
        %18 = multiply(%16, %17)             # EncryptedTensor<float64, shape=(1, 512, 28, 28)>
        %19 = 0.9299294352531433             # ClearScalar<float64>
        %20 = divide(%18, %19)               # EncryptedTensor<float64, shape=(1, 512, 28, 28)>
        %21 = 0                              # ClearScalar<uint1>
        %22 = add(%20, %21)                  # EncryptedTensor<float64, shape=(1, 512, 28, 28)>
        %23 = rint(%22)                      # EncryptedTensor<float64, shape=(1, 512, 28, 28)>
        %24 = astype(%23, dtype=int_)        # EncryptedTensor<uint1, shape=(1, 512, 28, 28)>
        return %24

    %131 = subgraph(%130):

         %0 = input                            # EncryptedTensor<uint1, shape=(1, 128, 28, 28)>          @ /trunk/trunk.9/C1/Conv.conv_rounding
         %1 = astype(%0, dtype=float64)        # EncryptedTensor<float64, shape=(1, 128, 28, 28)>
         %2 = 0                                # ClearScalar<uint1>
         %3 = add(%1, %2)                      # EncryptedTensor<float64, shape=(1, 128, 28, 28)>
         %4 = [[[[0]]  [ ... ]  [[0]]]]        # ClearTensor<uint1, shape=(1, 128, 1, 1)>
         %5 = subtract(%3, %4)                 # EncryptedTensor<float64, shape=(1, 128, 28, 28)>
         %6 = 0.0653048907976137               # ClearScalar<float64>
         %7 = multiply(%6, %5)                 # EncryptedTensor<float64, shape=(1, 128, 28, 28)>
         %8 = [[[[-2.204 ... 47e+00]]]]        # ClearTensor<float32, shape=(1, 128, 1, 1)>
         %9 = subtract(%7, %8)                 # EncryptedTensor<float64, shape=(1, 128, 28, 28)>
        %10 = [[[[3.8344 ... 51668 ]]]]        # ClearTensor<float32, shape=(1, 128, 1, 1)>
        %11 = divide(%9, %10)                  # EncryptedTensor<float64, shape=(1, 128, 28, 28)>
        %12 = [[[[0.9786 ... 644593]]]]        # ClearTensor<float32, shape=(1, 128, 1, 1)>
        %13 = multiply(%11, %12)               # EncryptedTensor<float64, shape=(1, 128, 28, 28)>
        %14 = [[[[ 0.036 ... 195804]]]]        # ClearTensor<float32, shape=(1, 128, 1, 1)>
        %15 = add(%13, %14)                    # EncryptedTensor<float64, shape=(1, 128, 28, 28)>
        %16 = 0                                # ClearScalar<uint1>
        %17 = maximum(%15, %16)                # EncryptedTensor<float64, shape=(1, 128, 28, 28)>
        %18 = 0.44168082                       # ClearScalar<float32>
        %19 = divide(%17, %18)                 # EncryptedTensor<float64, shape=(1, 128, 28, 28)>
        %20 = 0.0                              # ClearScalar<float32>
        %21 = add(%19, %20)                    # EncryptedTensor<float64, shape=(1, 128, 28, 28)>
        %22 = 0.0                              # ClearScalar<float64>
        %23 = 15.0                             # ClearScalar<float64>
        %24 = clip(%21, %22, %23)              # EncryptedTensor<float64, shape=(1, 128, 28, 28)>
        %25 = rint(%24)                        # EncryptedTensor<float64, shape=(1, 128, 28, 28)>
        %26 = 0.0                              # ClearScalar<float32>
        %27 = subtract(%25, %26)               # EncryptedTensor<float64, shape=(1, 128, 28, 28)>
        %28 = 0.44168082                       # ClearScalar<float32>
        %29 = multiply(%27, %28)               # EncryptedTensor<float64, shape=(1, 128, 28, 28)>
        %30 = 0.44168081879615784              # ClearScalar<float64>
        %31 = divide(%29, %30)                 # EncryptedTensor<float64, shape=(1, 128, 28, 28)>
        %32 = 0                                # ClearScalar<uint1>
        %33 = add(%31, %32)                    # EncryptedTensor<float64, shape=(1, 128, 28, 28)>
        %34 = rint(%33)                        # EncryptedTensor<float64, shape=(1, 128, 28, 28)>
        %35 = astype(%34, dtype=int_)          # EncryptedTensor<uint1, shape=(1, 128, 28, 28)>
        return %35

    %139 = subgraph(%138):

         %0 = input                            # EncryptedTensor<uint1, shape=(1, 128, 28, 28)>          @ /trunk/trunk.9/C2/Conv.conv_rounding
         %1 = astype(%0, dtype=float64)        # EncryptedTensor<float64, shape=(1, 128, 28, 28)>
         %2 = 0                                # ClearScalar<uint1>
         %3 = add(%1, %2)                      # EncryptedTensor<float64, shape=(1, 128, 28, 28)>
         %4 = [[[[0]]  [ ... ]  [[0]]]]        # ClearTensor<uint1, shape=(1, 128, 1, 1)>
         %5 = subtract(%3, %4)                 # EncryptedTensor<float64, shape=(1, 128, 28, 28)>
         %6 = 0.013782041313672055             # ClearScalar<float64>
         %7 = multiply(%6, %5)                 # EncryptedTensor<float64, shape=(1, 128, 28, 28)>
         %8 = [[[[-0.942 ... 884057]]]]        # ClearTensor<float32, shape=(1, 128, 1, 1)>
         %9 = subtract(%7, %8)                 # EncryptedTensor<float64, shape=(1, 128, 28, 28)>
        %10 = [[[[2.4498 ... 13711 ]]]]        # ClearTensor<float32, shape=(1, 128, 1, 1)>
        %11 = divide(%9, %10)                  # EncryptedTensor<float64, shape=(1, 128, 28, 28)>
        %12 = [[[[0.9853 ... 6183  ]]]]        # ClearTensor<float32, shape=(1, 128, 1, 1)>
        %13 = multiply(%11, %12)               # EncryptedTensor<float64, shape=(1, 128, 28, 28)>
        %14 = [[[[-0.030 ... 860164]]]]        # ClearTensor<float32, shape=(1, 128, 1, 1)>
        %15 = add(%13, %14)                    # EncryptedTensor<float64, shape=(1, 128, 28, 28)>
        %16 = 0                                # ClearScalar<uint1>
        %17 = maximum(%15, %16)                # EncryptedTensor<float64, shape=(1, 128, 28, 28)>
        %18 = 0.4469815                        # ClearScalar<float32>
        %19 = divide(%17, %18)                 # EncryptedTensor<float64, shape=(1, 128, 28, 28)>
        %20 = 0.0                              # ClearScalar<float32>
        %21 = add(%19, %20)                    # EncryptedTensor<float64, shape=(1, 128, 28, 28)>
        %22 = 0.0                              # ClearScalar<float64>
        %23 = 15.0                             # ClearScalar<float64>
        %24 = clip(%21, %22, %23)              # EncryptedTensor<float64, shape=(1, 128, 28, 28)>
        %25 = rint(%24)                        # EncryptedTensor<float64, shape=(1, 128, 28, 28)>
        %26 = 0.0                              # ClearScalar<float32>
        %27 = subtract(%25, %26)               # EncryptedTensor<float64, shape=(1, 128, 28, 28)>
        %28 = 0.4469815                        # ClearScalar<float32>
        %29 = multiply(%27, %28)               # EncryptedTensor<float64, shape=(1, 128, 28, 28)>
        %30 = 0.4469814896583557               # ClearScalar<float64>
        %31 = divide(%29, %30)                 # EncryptedTensor<float64, shape=(1, 128, 28, 28)>
        %32 = 0                                # ClearScalar<uint1>
        %33 = add(%31, %32)                    # EncryptedTensor<float64, shape=(1, 128, 28, 28)>
        %34 = rint(%33)                        # EncryptedTensor<float64, shape=(1, 128, 28, 28)>
        %35 = astype(%34, dtype=int_)          # EncryptedTensor<uint1, shape=(1, 128, 28, 28)>
        return %35

    %143 = subgraph(%142):

         %0 = input                            # EncryptedTensor<uint1, shape=(1, 512, 28, 28)>          @ /trunk/trunk.9/C3/Conv.conv_rounding
         %1 = astype(%0, dtype=float64)        # EncryptedTensor<float64, shape=(1, 512, 28, 28)>
         %2 = 0                                # ClearScalar<uint1>
         %3 = add(%1, %2)                      # EncryptedTensor<float64, shape=(1, 512, 28, 28)>
         %4 = [[[[0]]  [ ... ]  [[0]]]]        # ClearTensor<uint1, shape=(1, 512, 1, 1)>
         %5 = subtract(%3, %4)                 # EncryptedTensor<float64, shape=(1, 512, 28, 28)>
         %6 = 0.017807711631345757             # ClearScalar<float64>
         %7 = multiply(%6, %5)                 # EncryptedTensor<float64, shape=(1, 512, 28, 28)>
         %8 = [[[[-1.576 ... 46e-02]]]]        # ClearTensor<float32, shape=(1, 512, 1, 1)>
         %9 = subtract(%7, %8)                 # EncryptedTensor<float64, shape=(1, 512, 28, 28)>
        %10 = [[[[0.5218 ... 18285 ]]]]        # ClearTensor<float32, shape=(1, 512, 1, 1)>
        %11 = divide(%9, %10)                  # EncryptedTensor<float64, shape=(1, 512, 28, 28)>
        %12 = [[[[0.9496 ... 29912 ]]]]        # ClearTensor<float32, shape=(1, 512, 1, 1)>
        %13 = multiply(%11, %12)               # EncryptedTensor<float64, shape=(1, 512, 28, 28)>
        %14 = [[[[-7.795 ... 35e-02]]]]        # ClearTensor<float32, shape=(1, 512, 1, 1)>
        %15 = add(%13, %14)                    # EncryptedTensor<float64, shape=(1, 512, 28, 28)>
        %16 = 0.9515901                        # ClearScalar<float32>
        %17 = divide(%15, %16)                 # EncryptedTensor<float64, shape=(1, 512, 28, 28)>
        %18 = 0.0                              # ClearScalar<float32>
        %19 = add(%17, %18)                    # EncryptedTensor<float64, shape=(1, 512, 28, 28)>
        %20 = -8.0                             # ClearScalar<float64>
        %21 = 7.0                              # ClearScalar<float64>
        %22 = clip(%19, %20, %21)              # EncryptedTensor<float64, shape=(1, 512, 28, 28)>
        %23 = rint(%22)                        # EncryptedTensor<float64, shape=(1, 512, 28, 28)>
        %24 = 0.0                              # ClearScalar<float32>
        %25 = subtract(%23, %24)               # EncryptedTensor<float64, shape=(1, 512, 28, 28)>
        %26 = 0.9515901                        # ClearScalar<float32>
        %27 = multiply(%25, %26)               # EncryptedTensor<float64, shape=(1, 512, 28, 28)>
        %28 = 0.9515901207923889               # ClearScalar<float64>
        %29 = divide(%27, %28)                 # EncryptedTensor<float64, shape=(1, 512, 28, 28)>
        %30 = 0                                # ClearScalar<uint1>
        %31 = add(%29, %30)                    # EncryptedTensor<float64, shape=(1, 512, 28, 28)>
        %32 = rint(%31)                        # EncryptedTensor<float64, shape=(1, 512, 28, 28)>
        %33 = astype(%32, dtype=int_)          # EncryptedTensor<uint1, shape=(1, 512, 28, 28)>
        return %33

    %144 = subgraph(%126):

         %0 = input                          # EncryptedTensor<uint2, shape=(1, 512, 28, 28)>
         %1 = 0.0                            # ClearScalar<float64>
         %2 = subtract(%0, %1)               # EncryptedTensor<float64, shape=(1, 512, 28, 28)>
         %3 = 0.6004551649093628             # ClearScalar<float64>
         %4 = multiply(%3, %2)               # EncryptedTensor<float64, shape=(1, 512, 28, 28)>
         %5 = 0                              # ClearScalar<uint1>
         %6 = maximum(%4, %5)                # EncryptedTensor<float64, shape=(1, 512, 28, 28)>
         %7 = 0.92992944                     # ClearScalar<float32>
         %8 = divide(%6, %7)                 # EncryptedTensor<float64, shape=(1, 512, 28, 28)>
         %9 = 0.0                            # ClearScalar<float32>
        %10 = add(%8, %9)                    # EncryptedTensor<float64, shape=(1, 512, 28, 28)>
        %11 = 0.0                            # ClearScalar<float64>
        %12 = 15.0                           # ClearScalar<float64>
        %13 = clip(%10, %11, %12)            # EncryptedTensor<float64, shape=(1, 512, 28, 28)>
        %14 = rint(%13)                      # EncryptedTensor<float64, shape=(1, 512, 28, 28)>
        %15 = 0.0                            # ClearScalar<float32>
        %16 = subtract(%14, %15)             # EncryptedTensor<float64, shape=(1, 512, 28, 28)>
        %17 = 0.92992944                     # ClearScalar<float32>
        %18 = multiply(%16, %17)             # EncryptedTensor<float64, shape=(1, 512, 28, 28)>
        %19 = 0.9299294352531433             # ClearScalar<float64>
        %20 = divide(%18, %19)               # EncryptedTensor<float64, shape=(1, 512, 28, 28)>
        %21 = 0                              # ClearScalar<uint1>
        %22 = add(%20, %21)                  # EncryptedTensor<float64, shape=(1, 512, 28, 28)>
        %23 = rint(%22)                      # EncryptedTensor<float64, shape=(1, 512, 28, 28)>
        %24 = astype(%23, dtype=int_)        # EncryptedTensor<uint1, shape=(1, 512, 28, 28)>
        return %24

    %145 = subgraph(%143):

         %0 = input                         # EncryptedTensor<uint1, shape=(1, 512, 28, 28)>
         %1 = 0.0                           # ClearScalar<float64>
         %2 = subtract(%0, %1)              # EncryptedTensor<float64, shape=(1, 512, 28, 28)>
         %3 = 0.9515901207923889            # ClearScalar<float64>
         %4 = multiply(%3, %2)              # EncryptedTensor<float64, shape=(1, 512, 28, 28)>
         %5 = 0.756930410861969             # ClearScalar<float64>
         %6 = divide(%4, %5)                # EncryptedTensor<float64, shape=(1, 512, 28, 28)>
         %7 = 0                             # ClearScalar<uint1>
         %8 = add(%6, %7)                   # EncryptedTensor<float64, shape=(1, 512, 28, 28)>
         %9 = rint(%8)                      # EncryptedTensor<float64, shape=(1, 512, 28, 28)>
        %10 = astype(%9, dtype=int_)        # EncryptedTensor<uint1, shape=(1, 512, 28, 28)>
        return %10

    %146 = subgraph(%144):

         %0 = input                         # EncryptedTensor<uint1, shape=(1, 512, 28, 28)>
         %1 = 0.0                           # ClearScalar<float64>
         %2 = subtract(%0, %1)              # EncryptedTensor<float64, shape=(1, 512, 28, 28)>
         %3 = 0.9299294352531433            # ClearScalar<float64>
         %4 = multiply(%3, %2)              # EncryptedTensor<float64, shape=(1, 512, 28, 28)>
         %5 = 0.756930410861969             # ClearScalar<float64>
         %6 = divide(%4, %5)                # EncryptedTensor<float64, shape=(1, 512, 28, 28)>
         %7 = 0                             # ClearScalar<uint1>
         %8 = add(%6, %7)                   # EncryptedTensor<float64, shape=(1, 512, 28, 28)>
         %9 = rint(%8)                      # EncryptedTensor<float64, shape=(1, 512, 28, 28)>
        %10 = astype(%9, dtype=int_)        # EncryptedTensor<uint1, shape=(1, 512, 28, 28)>
        return %10

    %150 = subgraph(%149):

         %0 = input                          # EncryptedTensor<uint2, shape=(1, 512, 28, 28)>
         %1 = 0.0                            # ClearScalar<float64>
         %2 = subtract(%0, %1)               # EncryptedTensor<float64, shape=(1, 512, 28, 28)>
         %3 = 0.756930410861969              # ClearScalar<float64>
         %4 = multiply(%3, %2)               # EncryptedTensor<float64, shape=(1, 512, 28, 28)>
         %5 = 0                              # ClearScalar<uint1>
         %6 = maximum(%4, %5)                # EncryptedTensor<float64, shape=(1, 512, 28, 28)>
         %7 = 1.1146734                      # ClearScalar<float32>
         %8 = divide(%6, %7)                 # EncryptedTensor<float64, shape=(1, 512, 28, 28)>
         %9 = 0.0                            # ClearScalar<float32>
        %10 = add(%8, %9)                    # EncryptedTensor<float64, shape=(1, 512, 28, 28)>
        %11 = 0.0                            # ClearScalar<float64>
        %12 = 15.0                           # ClearScalar<float64>
        %13 = clip(%10, %11, %12)            # EncryptedTensor<float64, shape=(1, 512, 28, 28)>
        %14 = rint(%13)                      # EncryptedTensor<float64, shape=(1, 512, 28, 28)>
        %15 = 0.0                            # ClearScalar<float32>
        %16 = subtract(%14, %15)             # EncryptedTensor<float64, shape=(1, 512, 28, 28)>
        %17 = 1.1146734                      # ClearScalar<float32>
        %18 = multiply(%16, %17)             # EncryptedTensor<float64, shape=(1, 512, 28, 28)>
        %19 = 1.114673376083374              # ClearScalar<float64>
        %20 = divide(%18, %19)               # EncryptedTensor<float64, shape=(1, 512, 28, 28)>
        %21 = 0                              # ClearScalar<uint1>
        %22 = add(%20, %21)                  # EncryptedTensor<float64, shape=(1, 512, 28, 28)>
        %23 = rint(%22)                      # EncryptedTensor<float64, shape=(1, 512, 28, 28)>
        %24 = astype(%23, dtype=int_)        # EncryptedTensor<uint1, shape=(1, 512, 28, 28)>
        return %24

    %154 = subgraph(%153):

         %0 = input                            # EncryptedTensor<uint1, shape=(1, 128, 28, 28)>          @ /trunk/trunk.10/C1/Conv.conv_rounding
         %1 = astype(%0, dtype=float64)        # EncryptedTensor<float64, shape=(1, 128, 28, 28)>
         %2 = 0                                # ClearScalar<uint1>
         %3 = add(%1, %2)                      # EncryptedTensor<float64, shape=(1, 128, 28, 28)>
         %4 = [[[[0]]  [ ... ]  [[0]]]]        # ClearTensor<uint1, shape=(1, 128, 1, 1)>
         %5 = subtract(%3, %4)                 # EncryptedTensor<float64, shape=(1, 128, 28, 28)>
         %6 = 0.0823253374672337               # ClearScalar<float64>
         %7 = multiply(%6, %5)                 # EncryptedTensor<float64, shape=(1, 128, 28, 28)>
         %8 = [[[[-1.910 ... 878354]]]]        # ClearTensor<float32, shape=(1, 128, 1, 1)>
         %9 = subtract(%7, %8)                 # EncryptedTensor<float64, shape=(1, 128, 28, 28)>
        %10 = [[[[5.5317 ... 14985 ]]]]        # ClearTensor<float32, shape=(1, 128, 1, 1)>
        %11 = divide(%9, %10)                  # EncryptedTensor<float64, shape=(1, 128, 28, 28)>
        %12 = [[[[0.9456 ... 080453]]]]        # ClearTensor<float32, shape=(1, 128, 1, 1)>
        %13 = multiply(%11, %12)               # EncryptedTensor<float64, shape=(1, 128, 28, 28)>
        %14 = [[[[ 0.001 ... 935288]]]]        # ClearTensor<float32, shape=(1, 128, 1, 1)>
        %15 = add(%13, %14)                    # EncryptedTensor<float64, shape=(1, 128, 28, 28)>
        %16 = 0                                # ClearScalar<uint1>
        %17 = maximum(%15, %16)                # EncryptedTensor<float64, shape=(1, 128, 28, 28)>
        %18 = 0.4133387                        # ClearScalar<float32>
        %19 = divide(%17, %18)                 # EncryptedTensor<float64, shape=(1, 128, 28, 28)>
        %20 = 0.0                              # ClearScalar<float32>
        %21 = add(%19, %20)                    # EncryptedTensor<float64, shape=(1, 128, 28, 28)>
        %22 = 0.0                              # ClearScalar<float64>
        %23 = 15.0                             # ClearScalar<float64>
        %24 = clip(%21, %22, %23)              # EncryptedTensor<float64, shape=(1, 128, 28, 28)>
        %25 = rint(%24)                        # EncryptedTensor<float64, shape=(1, 128, 28, 28)>
        %26 = 0.0                              # ClearScalar<float32>
        %27 = subtract(%25, %26)               # EncryptedTensor<float64, shape=(1, 128, 28, 28)>
        %28 = 0.4133387                        # ClearScalar<float32>
        %29 = multiply(%27, %28)               # EncryptedTensor<float64, shape=(1, 128, 28, 28)>
        %30 = 0.41333869099617004              # ClearScalar<float64>
        %31 = divide(%29, %30)                 # EncryptedTensor<float64, shape=(1, 128, 28, 28)>
        %32 = 0                                # ClearScalar<uint1>
        %33 = add(%31, %32)                    # EncryptedTensor<float64, shape=(1, 128, 28, 28)>
        %34 = rint(%33)                        # EncryptedTensor<float64, shape=(1, 128, 28, 28)>
        %35 = astype(%34, dtype=int_)          # EncryptedTensor<uint1, shape=(1, 128, 28, 28)>
        return %35

    %162 = subgraph(%161):

         %0 = input                            # EncryptedTensor<uint1, shape=(1, 128, 28, 28)>          @ /trunk/trunk.10/C2/Conv.conv_rounding
         %1 = astype(%0, dtype=float64)        # EncryptedTensor<float64, shape=(1, 128, 28, 28)>
         %2 = 0                                # ClearScalar<uint1>
         %3 = add(%1, %2)                      # EncryptedTensor<float64, shape=(1, 128, 28, 28)>
         %4 = [[[[0]]  [ ... ]  [[0]]]]        # ClearTensor<uint1, shape=(1, 128, 1, 1)>
         %5 = subtract(%3, %4)                 # EncryptedTensor<float64, shape=(1, 128, 28, 28)>
         %6 = 0.011281549459176421             # ClearScalar<float64>
         %7 = multiply(%6, %5)                 # EncryptedTensor<float64, shape=(1, 128, 28, 28)>
         %8 = [[[[ 1.679 ... 21e-01]]]]        # ClearTensor<float32, shape=(1, 128, 1, 1)>
         %9 = subtract(%7, %8)                 # EncryptedTensor<float64, shape=(1, 128, 28, 28)>
        %10 = [[[[1.4560 ... 32308 ]]]]        # ClearTensor<float32, shape=(1, 128, 1, 1)>
        %11 = divide(%9, %10)                  # EncryptedTensor<float64, shape=(1, 128, 28, 28)>
        %12 = [[[[0.9610 ... 69973 ]]]]        # ClearTensor<float32, shape=(1, 128, 1, 1)>
        %13 = multiply(%11, %12)               # EncryptedTensor<float64, shape=(1, 128, 28, 28)>
        %14 = [[[[-0.001 ... 973703]]]]        # ClearTensor<float32, shape=(1, 128, 1, 1)>
        %15 = add(%13, %14)                    # EncryptedTensor<float64, shape=(1, 128, 28, 28)>
        %16 = 0                                # ClearScalar<uint1>
        %17 = maximum(%15, %16)                # EncryptedTensor<float64, shape=(1, 128, 28, 28)>
        %18 = 0.44755733                       # ClearScalar<float32>
        %19 = divide(%17, %18)                 # EncryptedTensor<float64, shape=(1, 128, 28, 28)>
        %20 = 0.0                              # ClearScalar<float32>
        %21 = add(%19, %20)                    # EncryptedTensor<float64, shape=(1, 128, 28, 28)>
        %22 = 0.0                              # ClearScalar<float64>
        %23 = 15.0                             # ClearScalar<float64>
        %24 = clip(%21, %22, %23)              # EncryptedTensor<float64, shape=(1, 128, 28, 28)>
        %25 = rint(%24)                        # EncryptedTensor<float64, shape=(1, 128, 28, 28)>
        %26 = 0.0                              # ClearScalar<float32>
        %27 = subtract(%25, %26)               # EncryptedTensor<float64, shape=(1, 128, 28, 28)>
        %28 = 0.44755733                       # ClearScalar<float32>
        %29 = multiply(%27, %28)               # EncryptedTensor<float64, shape=(1, 128, 28, 28)>
        %30 = 0.44755733013153076              # ClearScalar<float64>
        %31 = divide(%29, %30)                 # EncryptedTensor<float64, shape=(1, 128, 28, 28)>
        %32 = 0                                # ClearScalar<uint1>
        %33 = add(%31, %32)                    # EncryptedTensor<float64, shape=(1, 128, 28, 28)>
        %34 = rint(%33)                        # EncryptedTensor<float64, shape=(1, 128, 28, 28)>
        %35 = astype(%34, dtype=int_)          # EncryptedTensor<uint1, shape=(1, 128, 28, 28)>
        return %35

    %166 = subgraph(%165):

         %0 = input                            # EncryptedTensor<uint1, shape=(1, 512, 28, 28)>          @ /trunk/trunk.10/C3/Conv.conv_rounding
         %1 = astype(%0, dtype=float64)        # EncryptedTensor<float64, shape=(1, 512, 28, 28)>
         %2 = 0                                # ClearScalar<uint1>
         %3 = add(%1, %2)                      # EncryptedTensor<float64, shape=(1, 512, 28, 28)>
         %4 = [[[[0]]  [ ... ]  [[0]]]]        # ClearTensor<uint1, shape=(1, 512, 1, 1)>
         %5 = subtract(%3, %4)                 # EncryptedTensor<float64, shape=(1, 512, 28, 28)>
         %6 = 0.01640892090234436              # ClearScalar<float64>
         %7 = multiply(%6, %5)                 # EncryptedTensor<float64, shape=(1, 512, 28, 28)>
         %8 = [[[[-4.027 ... 01e-01]]]]        # ClearTensor<float32, shape=(1, 512, 1, 1)>
         %9 = subtract(%7, %8)                 # EncryptedTensor<float64, shape=(1, 512, 28, 28)>
        %10 = [[[[0.4848 ... 342834]]]]        # ClearTensor<float32, shape=(1, 512, 1, 1)>
        %11 = divide(%9, %10)                  # EncryptedTensor<float64, shape=(1, 512, 28, 28)>
        %12 = [[[[0.9518 ... 127893]]]]        # ClearTensor<float32, shape=(1, 512, 1, 1)>
        %13 = multiply(%11, %12)               # EncryptedTensor<float64, shape=(1, 512, 28, 28)>
        %14 = [[[[-4.166 ... 16e-02]]]]        # ClearTensor<float32, shape=(1, 512, 1, 1)>
        %15 = add(%13, %14)                    # EncryptedTensor<float64, shape=(1, 512, 28, 28)>
        %16 = 0.9194087                        # ClearScalar<float32>
        %17 = divide(%15, %16)                 # EncryptedTensor<float64, shape=(1, 512, 28, 28)>
        %18 = 0.0                              # ClearScalar<float32>
        %19 = add(%17, %18)                    # EncryptedTensor<float64, shape=(1, 512, 28, 28)>
        %20 = -8.0                             # ClearScalar<float64>
        %21 = 7.0                              # ClearScalar<float64>
        %22 = clip(%19, %20, %21)              # EncryptedTensor<float64, shape=(1, 512, 28, 28)>
        %23 = rint(%22)                        # EncryptedTensor<float64, shape=(1, 512, 28, 28)>
        %24 = 0.0                              # ClearScalar<float32>
        %25 = subtract(%23, %24)               # EncryptedTensor<float64, shape=(1, 512, 28, 28)>
        %26 = 0.9194087                        # ClearScalar<float32>
        %27 = multiply(%25, %26)               # EncryptedTensor<float64, shape=(1, 512, 28, 28)>
        %28 = 0.9194086790084839               # ClearScalar<float64>
        %29 = divide(%27, %28)                 # EncryptedTensor<float64, shape=(1, 512, 28, 28)>
        %30 = 0                                # ClearScalar<uint1>
        %31 = add(%29, %30)                    # EncryptedTensor<float64, shape=(1, 512, 28, 28)>
        %32 = rint(%31)                        # EncryptedTensor<float64, shape=(1, 512, 28, 28)>
        %33 = astype(%32, dtype=int_)          # EncryptedTensor<uint1, shape=(1, 512, 28, 28)>
        return %33

    %167 = subgraph(%149):

         %0 = input                          # EncryptedTensor<uint2, shape=(1, 512, 28, 28)>
         %1 = 0.0                            # ClearScalar<float64>
         %2 = subtract(%0, %1)               # EncryptedTensor<float64, shape=(1, 512, 28, 28)>
         %3 = 0.756930410861969              # ClearScalar<float64>
         %4 = multiply(%3, %2)               # EncryptedTensor<float64, shape=(1, 512, 28, 28)>
         %5 = 0                              # ClearScalar<uint1>
         %6 = maximum(%4, %5)                # EncryptedTensor<float64, shape=(1, 512, 28, 28)>
         %7 = 1.1146734                      # ClearScalar<float32>
         %8 = divide(%6, %7)                 # EncryptedTensor<float64, shape=(1, 512, 28, 28)>
         %9 = 0.0                            # ClearScalar<float32>
        %10 = add(%8, %9)                    # EncryptedTensor<float64, shape=(1, 512, 28, 28)>
        %11 = 0.0                            # ClearScalar<float64>
        %12 = 15.0                           # ClearScalar<float64>
        %13 = clip(%10, %11, %12)            # EncryptedTensor<float64, shape=(1, 512, 28, 28)>
        %14 = rint(%13)                      # EncryptedTensor<float64, shape=(1, 512, 28, 28)>
        %15 = 0.0                            # ClearScalar<float32>
        %16 = subtract(%14, %15)             # EncryptedTensor<float64, shape=(1, 512, 28, 28)>
        %17 = 1.1146734                      # ClearScalar<float32>
        %18 = multiply(%16, %17)             # EncryptedTensor<float64, shape=(1, 512, 28, 28)>
        %19 = 1.114673376083374              # ClearScalar<float64>
        %20 = divide(%18, %19)               # EncryptedTensor<float64, shape=(1, 512, 28, 28)>
        %21 = 0                              # ClearScalar<uint1>
        %22 = add(%20, %21)                  # EncryptedTensor<float64, shape=(1, 512, 28, 28)>
        %23 = rint(%22)                      # EncryptedTensor<float64, shape=(1, 512, 28, 28)>
        %24 = astype(%23, dtype=int_)        # EncryptedTensor<uint1, shape=(1, 512, 28, 28)>
        return %24

    %168 = subgraph(%166):

         %0 = input                         # EncryptedTensor<uint1, shape=(1, 512, 28, 28)>
         %1 = 0.0                           # ClearScalar<float64>
         %2 = subtract(%0, %1)              # EncryptedTensor<float64, shape=(1, 512, 28, 28)>
         %3 = 0.9194086790084839            # ClearScalar<float64>
         %4 = multiply(%3, %2)              # EncryptedTensor<float64, shape=(1, 512, 28, 28)>
         %5 = 0.835941530043079             # ClearScalar<float64>
         %6 = divide(%4, %5)                # EncryptedTensor<float64, shape=(1, 512, 28, 28)>
         %7 = 0                             # ClearScalar<uint1>
         %8 = add(%6, %7)                   # EncryptedTensor<float64, shape=(1, 512, 28, 28)>
         %9 = rint(%8)                      # EncryptedTensor<float64, shape=(1, 512, 28, 28)>
        %10 = astype(%9, dtype=int_)        # EncryptedTensor<uint1, shape=(1, 512, 28, 28)>
        return %10

    %169 = subgraph(%167):

         %0 = input                         # EncryptedTensor<uint1, shape=(1, 512, 28, 28)>
         %1 = 0.0                           # ClearScalar<float64>
         %2 = subtract(%0, %1)              # EncryptedTensor<float64, shape=(1, 512, 28, 28)>
         %3 = 1.114673376083374             # ClearScalar<float64>
         %4 = multiply(%3, %2)              # EncryptedTensor<float64, shape=(1, 512, 28, 28)>
         %5 = 0.835941530043079             # ClearScalar<float64>
         %6 = divide(%4, %5)                # EncryptedTensor<float64, shape=(1, 512, 28, 28)>
         %7 = 0                             # ClearScalar<uint1>
         %8 = add(%6, %7)                   # EncryptedTensor<float64, shape=(1, 512, 28, 28)>
         %9 = rint(%8)                      # EncryptedTensor<float64, shape=(1, 512, 28, 28)>
        %10 = astype(%9, dtype=int_)        # EncryptedTensor<uint1, shape=(1, 512, 28, 28)>
        return %10

    %173 = subgraph(%172):

         %0 = input                          # EncryptedTensor<uint2, shape=(1, 512, 28, 28)>
         %1 = 0.0                            # ClearScalar<float64>
         %2 = subtract(%0, %1)               # EncryptedTensor<float64, shape=(1, 512, 28, 28)>
         %3 = 0.835941530043079              # ClearScalar<float64>
         %4 = multiply(%3, %2)               # EncryptedTensor<float64, shape=(1, 512, 28, 28)>
         %5 = 0                              # ClearScalar<uint1>
         %6 = maximum(%4, %5)                # EncryptedTensor<float64, shape=(1, 512, 28, 28)>
         %7 = 1.2442391                      # ClearScalar<float32>
         %8 = divide(%6, %7)                 # EncryptedTensor<float64, shape=(1, 512, 28, 28)>
         %9 = 0.0                            # ClearScalar<float32>
        %10 = add(%8, %9)                    # EncryptedTensor<float64, shape=(1, 512, 28, 28)>
        %11 = 0.0                            # ClearScalar<float64>
        %12 = 15.0                           # ClearScalar<float64>
        %13 = clip(%10, %11, %12)            # EncryptedTensor<float64, shape=(1, 512, 28, 28)>
        %14 = rint(%13)                      # EncryptedTensor<float64, shape=(1, 512, 28, 28)>
        %15 = 0.0                            # ClearScalar<float32>
        %16 = subtract(%14, %15)             # EncryptedTensor<float64, shape=(1, 512, 28, 28)>
        %17 = 1.2442391                      # ClearScalar<float32>
        %18 = multiply(%16, %17)             # EncryptedTensor<float64, shape=(1, 512, 28, 28)>
        %19 = 1.244239091873169              # ClearScalar<float64>
        %20 = divide(%18, %19)               # EncryptedTensor<float64, shape=(1, 512, 28, 28)>
        %21 = 0                              # ClearScalar<uint1>
        %22 = add(%20, %21)                  # EncryptedTensor<float64, shape=(1, 512, 28, 28)>
        %23 = rint(%22)                      # EncryptedTensor<float64, shape=(1, 512, 28, 28)>
        %24 = astype(%23, dtype=int_)        # EncryptedTensor<uint1, shape=(1, 512, 28, 28)>
        return %24

    %177 = subgraph(%176):

         %0 = input                            # EncryptedTensor<uint1, shape=(1, 256, 28, 28)>          @ /trunk/trunk.11/C1/Conv.conv_rounding
         %1 = astype(%0, dtype=float64)        # EncryptedTensor<float64, shape=(1, 256, 28, 28)>
         %2 = 0                                # ClearScalar<uint1>
         %3 = add(%1, %2)                      # EncryptedTensor<float64, shape=(1, 256, 28, 28)>
         %4 = [[[[0]]  [ ... ]  [[0]]]]        # ClearTensor<uint1, shape=(1, 256, 1, 1)>
         %5 = subtract(%3, %4)                 # EncryptedTensor<float64, shape=(1, 256, 28, 28)>
         %6 = 0.07035699725515165              # ClearScalar<float64>
         %7 = multiply(%6, %5)                 # EncryptedTensor<float64, shape=(1, 256, 28, 28)>
         %8 = [[[[ 1.150 ... 11e+00]]]]        # ClearTensor<float32, shape=(1, 256, 1, 1)>
         %9 = subtract(%7, %8)                 # EncryptedTensor<float64, shape=(1, 256, 28, 28)>
        %10 = [[[[3.1121 ... 675484]]]]        # ClearTensor<float32, shape=(1, 256, 1, 1)>
        %11 = divide(%9, %10)                  # EncryptedTensor<float64, shape=(1, 256, 28, 28)>
        %12 = [[[[0.9032 ... 08973 ]]]]        # ClearTensor<float32, shape=(1, 256, 1, 1)>
        %13 = multiply(%11, %12)               # EncryptedTensor<float64, shape=(1, 256, 28, 28)>
        %14 = [[[[ 4.467 ... 32e-02]]]]        # ClearTensor<float32, shape=(1, 256, 1, 1)>
        %15 = add(%13, %14)                    # EncryptedTensor<float64, shape=(1, 256, 28, 28)>
        %16 = 0                                # ClearScalar<uint1>
        %17 = maximum(%15, %16)                # EncryptedTensor<float64, shape=(1, 256, 28, 28)>
        %18 = 0.42316157                       # ClearScalar<float32>
        %19 = divide(%17, %18)                 # EncryptedTensor<float64, shape=(1, 256, 28, 28)>
        %20 = 0.0                              # ClearScalar<float32>
        %21 = add(%19, %20)                    # EncryptedTensor<float64, shape=(1, 256, 28, 28)>
        %22 = 0.0                              # ClearScalar<float64>
        %23 = 15.0                             # ClearScalar<float64>
        %24 = clip(%21, %22, %23)              # EncryptedTensor<float64, shape=(1, 256, 28, 28)>
        %25 = rint(%24)                        # EncryptedTensor<float64, shape=(1, 256, 28, 28)>
        %26 = 0.0                              # ClearScalar<float32>
        %27 = subtract(%25, %26)               # EncryptedTensor<float64, shape=(1, 256, 28, 28)>
        %28 = 0.42316157                       # ClearScalar<float32>
        %29 = multiply(%27, %28)               # EncryptedTensor<float64, shape=(1, 256, 28, 28)>
        %30 = 0.4231615662574768               # ClearScalar<float64>
        %31 = divide(%29, %30)                 # EncryptedTensor<float64, shape=(1, 256, 28, 28)>
        %32 = 0                                # ClearScalar<uint1>
        %33 = add(%31, %32)                    # EncryptedTensor<float64, shape=(1, 256, 28, 28)>
        %34 = rint(%33)                        # EncryptedTensor<float64, shape=(1, 256, 28, 28)>
        %35 = astype(%34, dtype=int_)          # EncryptedTensor<uint1, shape=(1, 256, 28, 28)>
        return %35

    %185 = subgraph(%184):

         %0 = input                            # EncryptedTensor<uint1, shape=(1, 256, 14, 14)>          @ /trunk/trunk.11/C2/Conv.conv_rounding
         %1 = astype(%0, dtype=float64)        # EncryptedTensor<float64, shape=(1, 256, 14, 14)>
         %2 = 0                                # ClearScalar<uint1>
         %3 = add(%1, %2)                      # EncryptedTensor<float64, shape=(1, 256, 14, 14)>
         %4 = [[[[0]]  [ ... ]  [[0]]]]        # ClearTensor<uint1, shape=(1, 256, 1, 1)>
         %5 = subtract(%3, %4)                 # EncryptedTensor<float64, shape=(1, 256, 14, 14)>
         %6 = 0.007807053982038625             # ClearScalar<float64>
         %7 = multiply(%6, %5)                 # EncryptedTensor<float64, shape=(1, 256, 14, 14)>
         %8 = [[[[-2.006 ... 30e-03]]]]        # ClearTensor<float32, shape=(1, 256, 1, 1)>
         %9 = subtract(%7, %8)                 # EncryptedTensor<float64, shape=(1, 256, 14, 14)>
        %10 = [[[[1.6450 ... 939136]]]]        # ClearTensor<float32, shape=(1, 256, 1, 1)>
        %11 = divide(%9, %10)                  # EncryptedTensor<float64, shape=(1, 256, 14, 14)>
        %12 = [[[[0.8861 ... 624685]]]]        # ClearTensor<float32, shape=(1, 256, 1, 1)>
        %13 = multiply(%11, %12)               # EncryptedTensor<float64, shape=(1, 256, 14, 14)>
        %14 = [[[[-7.863 ... 28e-02]]]]        # ClearTensor<float32, shape=(1, 256, 1, 1)>
        %15 = add(%13, %14)                    # EncryptedTensor<float64, shape=(1, 256, 14, 14)>
        %16 = 0                                # ClearScalar<uint1>
        %17 = maximum(%15, %16)                # EncryptedTensor<float64, shape=(1, 256, 14, 14)>
        %18 = 0.47377127                       # ClearScalar<float32>
        %19 = divide(%17, %18)                 # EncryptedTensor<float64, shape=(1, 256, 14, 14)>
        %20 = 0.0                              # ClearScalar<float32>
        %21 = add(%19, %20)                    # EncryptedTensor<float64, shape=(1, 256, 14, 14)>
        %22 = 0.0                              # ClearScalar<float64>
        %23 = 15.0                             # ClearScalar<float64>
        %24 = clip(%21, %22, %23)              # EncryptedTensor<float64, shape=(1, 256, 14, 14)>
        %25 = rint(%24)                        # EncryptedTensor<float64, shape=(1, 256, 14, 14)>
        %26 = 0.0                              # ClearScalar<float32>
        %27 = subtract(%25, %26)               # EncryptedTensor<float64, shape=(1, 256, 14, 14)>
        %28 = 0.47377127                       # ClearScalar<float32>
        %29 = multiply(%27, %28)               # EncryptedTensor<float64, shape=(1, 256, 14, 14)>
        %30 = 0.47377127408981323              # ClearScalar<float64>
        %31 = divide(%29, %30)                 # EncryptedTensor<float64, shape=(1, 256, 14, 14)>
        %32 = 0                                # ClearScalar<uint1>
        %33 = add(%31, %32)                    # EncryptedTensor<float64, shape=(1, 256, 14, 14)>
        %34 = rint(%33)                        # EncryptedTensor<float64, shape=(1, 256, 14, 14)>
        %35 = astype(%34, dtype=int_)          # EncryptedTensor<uint1, shape=(1, 256, 14, 14)>
        return %35

    %189 = subgraph(%172):

         %0 = input                          # EncryptedTensor<uint2, shape=(1, 512, 28, 28)>
         %1 = 0.0                            # ClearScalar<float64>
         %2 = subtract(%0, %1)               # EncryptedTensor<float64, shape=(1, 512, 28, 28)>
         %3 = 0.835941530043079              # ClearScalar<float64>
         %4 = multiply(%3, %2)               # EncryptedTensor<float64, shape=(1, 512, 28, 28)>
         %5 = 0                              # ClearScalar<uint1>
         %6 = maximum(%4, %5)                # EncryptedTensor<float64, shape=(1, 512, 28, 28)>
         %7 = 1.2442391                      # ClearScalar<float32>
         %8 = divide(%6, %7)                 # EncryptedTensor<float64, shape=(1, 512, 28, 28)>
         %9 = 0.0                            # ClearScalar<float32>
        %10 = add(%8, %9)                    # EncryptedTensor<float64, shape=(1, 512, 28, 28)>
        %11 = 0.0                            # ClearScalar<float64>
        %12 = 15.0                           # ClearScalar<float64>
        %13 = clip(%10, %11, %12)            # EncryptedTensor<float64, shape=(1, 512, 28, 28)>
        %14 = rint(%13)                      # EncryptedTensor<float64, shape=(1, 512, 28, 28)>
        %15 = 0.0                            # ClearScalar<float32>
        %16 = subtract(%14, %15)             # EncryptedTensor<float64, shape=(1, 512, 28, 28)>
        %17 = 1.2442391                      # ClearScalar<float32>
        %18 = multiply(%16, %17)             # EncryptedTensor<float64, shape=(1, 512, 28, 28)>
        %19 = 1.244239091873169              # ClearScalar<float64>
        %20 = divide(%18, %19)               # EncryptedTensor<float64, shape=(1, 512, 28, 28)>
        %21 = 0                              # ClearScalar<uint1>
        %22 = add(%20, %21)                  # EncryptedTensor<float64, shape=(1, 512, 28, 28)>
        %23 = rint(%22)                      # EncryptedTensor<float64, shape=(1, 512, 28, 28)>
        %24 = astype(%23, dtype=int_)        # EncryptedTensor<uint1, shape=(1, 512, 28, 28)>
        return %24

    %193 = subgraph(%188):

         %0 = input                            # EncryptedTensor<uint1, shape=(1, 1024, 14, 14)>          @ /trunk/trunk.11/C3/Conv.conv_rounding
         %1 = astype(%0, dtype=float64)        # EncryptedTensor<float64, shape=(1, 1024, 14, 14)>
         %2 = 0                                # ClearScalar<uint1>
         %3 = add(%1, %2)                      # EncryptedTensor<float64, shape=(1, 1024, 14, 14)>
         %4 = [[[[0]]  [ ... ]  [[0]]]]        # ClearTensor<uint1, shape=(1, 1024, 1, 1)>
         %5 = subtract(%3, %4)                 # EncryptedTensor<float64, shape=(1, 1024, 14, 14)>
         %6 = 0.01401640407123017              # ClearScalar<float64>
         %7 = multiply(%6, %5)                 # EncryptedTensor<float64, shape=(1, 1024, 14, 14)>
         %8 = [[[[-0.791 ... 262242]]]]        # ClearTensor<float32, shape=(1, 1024, 1, 1)>
         %9 = subtract(%7, %8)                 # EncryptedTensor<float64, shape=(1, 1024, 14, 14)>
        %10 = [[[[0.8057 ... 503027]]]]        # ClearTensor<float32, shape=(1, 1024, 1, 1)>
        %11 = divide(%9, %10)                  # EncryptedTensor<float64, shape=(1, 1024, 14, 14)>
        %12 = [[[[0.8497 ... 8399  ]]]]        # ClearTensor<float32, shape=(1, 1024, 1, 1)>
        %13 = multiply(%11, %12)               # EncryptedTensor<float64, shape=(1, 1024, 14, 14)>
        %14 = [[[[ 0.019 ... 173742]]]]        # ClearTensor<float32, shape=(1, 1024, 1, 1)>
        %15 = add(%13, %14)                    # EncryptedTensor<float64, shape=(1, 1024, 14, 14)>
        %16 = 0.99541444                       # ClearScalar<float32>
        %17 = divide(%15, %16)                 # EncryptedTensor<float64, shape=(1, 1024, 14, 14)>
        %18 = 0.0                              # ClearScalar<float32>
        %19 = add(%17, %18)                    # EncryptedTensor<float64, shape=(1, 1024, 14, 14)>
        %20 = -8.0                             # ClearScalar<float64>
        %21 = 7.0                              # ClearScalar<float64>
        %22 = clip(%19, %20, %21)              # EncryptedTensor<float64, shape=(1, 1024, 14, 14)>
        %23 = rint(%22)                        # EncryptedTensor<float64, shape=(1, 1024, 14, 14)>
        %24 = 0.0                              # ClearScalar<float32>
        %25 = subtract(%23, %24)               # EncryptedTensor<float64, shape=(1, 1024, 14, 14)>
        %26 = 0.99541444                       # ClearScalar<float32>
        %27 = multiply(%25, %26)               # EncryptedTensor<float64, shape=(1, 1024, 14, 14)>
        %28 = 0.9954144358634949               # ClearScalar<float64>
        %29 = divide(%27, %28)                 # EncryptedTensor<float64, shape=(1, 1024, 14, 14)>
        %30 = 0                                # ClearScalar<uint1>
        %31 = add(%29, %30)                    # EncryptedTensor<float64, shape=(1, 1024, 14, 14)>
        %32 = rint(%31)                        # EncryptedTensor<float64, shape=(1, 1024, 14, 14)>
        %33 = astype(%32, dtype=int_)          # EncryptedTensor<uint1, shape=(1, 1024, 14, 14)>
        return %33

    %194 = subgraph(%192):

         %0 = input                            # EncryptedTensor<uint1, shape=(1, 1024, 14, 14)>          @ /trunk/trunk.11/shortcut/Conv.conv_rounding
         %1 = astype(%0, dtype=float64)        # EncryptedTensor<float64, shape=(1, 1024, 14, 14)>
         %2 = 0                                # ClearScalar<uint1>
         %3 = add(%1, %2)                      # EncryptedTensor<float64, shape=(1, 1024, 14, 14)>
         %4 = [[[[0]]  [ ... ]  [[0]]]]        # ClearTensor<uint1, shape=(1, 1024, 1, 1)>
         %5 = subtract(%3, %4)                 # EncryptedTensor<float64, shape=(1, 1024, 14, 14)>
         %6 = 0.03552227856760748              # ClearScalar<float64>
         %7 = multiply(%6, %5)                 # EncryptedTensor<float64, shape=(1, 1024, 14, 14)>
         %8 = [[[[ 0.926 ... 60311 ]]]]        # ClearTensor<float32, shape=(1, 1024, 1, 1)>
         %9 = subtract(%7, %8)                 # EncryptedTensor<float64, shape=(1, 1024, 14, 14)>
        %10 = [[[[2.9020 ... 193195]]]]        # ClearTensor<float32, shape=(1, 1024, 1, 1)>
        %11 = divide(%9, %10)                  # EncryptedTensor<float64, shape=(1, 1024, 14, 14)>
        %12 = [[[[0.9455 ... 8518  ]]]]        # ClearTensor<float32, shape=(1, 1024, 1, 1)>
        %13 = multiply(%11, %12)               # EncryptedTensor<float64, shape=(1, 1024, 14, 14)>
        %14 = [[[[ 0.019 ... 200806]]]]        # ClearTensor<float32, shape=(1, 1024, 1, 1)>
        %15 = add(%13, %14)                    # EncryptedTensor<float64, shape=(1, 1024, 14, 14)>
        %16 = 0.8297937                        # ClearScalar<float32>
        %17 = divide(%15, %16)                 # EncryptedTensor<float64, shape=(1, 1024, 14, 14)>
        %18 = 0.0                              # ClearScalar<float32>
        %19 = add(%17, %18)                    # EncryptedTensor<float64, shape=(1, 1024, 14, 14)>
        %20 = -8.0                             # ClearScalar<float64>
        %21 = 7.0                              # ClearScalar<float64>
        %22 = clip(%19, %20, %21)              # EncryptedTensor<float64, shape=(1, 1024, 14, 14)>
        %23 = rint(%22)                        # EncryptedTensor<float64, shape=(1, 1024, 14, 14)>
        %24 = 0.0                              # ClearScalar<float32>
        %25 = subtract(%23, %24)               # EncryptedTensor<float64, shape=(1, 1024, 14, 14)>
        %26 = 0.8297937                        # ClearScalar<float32>
        %27 = multiply(%25, %26)               # EncryptedTensor<float64, shape=(1, 1024, 14, 14)>
        %28 = 0.8297936916351318               # ClearScalar<float64>
        %29 = divide(%27, %28)                 # EncryptedTensor<float64, shape=(1, 1024, 14, 14)>
        %30 = 0                                # ClearScalar<uint1>
        %31 = add(%29, %30)                    # EncryptedTensor<float64, shape=(1, 1024, 14, 14)>
        %32 = rint(%31)                        # EncryptedTensor<float64, shape=(1, 1024, 14, 14)>
        %33 = astype(%32, dtype=int_)          # EncryptedTensor<uint1, shape=(1, 1024, 14, 14)>
        return %33

    %195 = subgraph(%193):

         %0 = input                         # EncryptedTensor<uint1, shape=(1, 1024, 14, 14)>
         %1 = 0.0                           # ClearScalar<float64>
         %2 = subtract(%0, %1)              # EncryptedTensor<float64, shape=(1, 1024, 14, 14)>
         %3 = 0.9954144358634949            # ClearScalar<float64>
         %4 = multiply(%3, %2)              # EncryptedTensor<float64, shape=(1, 1024, 14, 14)>
         %5 = 0.5887768153221377            # ClearScalar<float64>
         %6 = divide(%4, %5)                # EncryptedTensor<float64, shape=(1, 1024, 14, 14)>
         %7 = 0                             # ClearScalar<uint1>
         %8 = add(%6, %7)                   # EncryptedTensor<float64, shape=(1, 1024, 14, 14)>
         %9 = rint(%8)                      # EncryptedTensor<float64, shape=(1, 1024, 14, 14)>
        %10 = astype(%9, dtype=int_)        # EncryptedTensor<uint1, shape=(1, 1024, 14, 14)>
        return %10

    %196 = subgraph(%194):

         %0 = input                         # EncryptedTensor<uint1, shape=(1, 1024, 14, 14)>
         %1 = 0.0                           # ClearScalar<float64>
         %2 = subtract(%0, %1)              # EncryptedTensor<float64, shape=(1, 1024, 14, 14)>
         %3 = 0.8297936916351318            # ClearScalar<float64>
         %4 = multiply(%3, %2)              # EncryptedTensor<float64, shape=(1, 1024, 14, 14)>
         %5 = 0.5887768153221377            # ClearScalar<float64>
         %6 = divide(%4, %5)                # EncryptedTensor<float64, shape=(1, 1024, 14, 14)>
         %7 = 0                             # ClearScalar<uint1>
         %8 = add(%6, %7)                   # EncryptedTensor<float64, shape=(1, 1024, 14, 14)>
         %9 = rint(%8)                      # EncryptedTensor<float64, shape=(1, 1024, 14, 14)>
        %10 = astype(%9, dtype=int_)        # EncryptedTensor<uint1, shape=(1, 1024, 14, 14)>
        return %10

    %200 = subgraph(%199):

         %0 = input                          # EncryptedTensor<uint2, shape=(1, 1024, 14, 14)>
         %1 = 0.0                            # ClearScalar<float64>
         %2 = subtract(%0, %1)               # EncryptedTensor<float64, shape=(1, 1024, 14, 14)>
         %3 = 0.5887768153221377             # ClearScalar<float64>
         %4 = multiply(%3, %2)               # EncryptedTensor<float64, shape=(1, 1024, 14, 14)>
         %5 = 0                              # ClearScalar<uint1>
         %6 = maximum(%4, %5)                # EncryptedTensor<float64, shape=(1, 1024, 14, 14)>
         %7 = 0.7911163                      # ClearScalar<float32>
         %8 = divide(%6, %7)                 # EncryptedTensor<float64, shape=(1, 1024, 14, 14)>
         %9 = 0.0                            # ClearScalar<float32>
        %10 = add(%8, %9)                    # EncryptedTensor<float64, shape=(1, 1024, 14, 14)>
        %11 = 0.0                            # ClearScalar<float64>
        %12 = 15.0                           # ClearScalar<float64>
        %13 = clip(%10, %11, %12)            # EncryptedTensor<float64, shape=(1, 1024, 14, 14)>
        %14 = rint(%13)                      # EncryptedTensor<float64, shape=(1, 1024, 14, 14)>
        %15 = 0.0                            # ClearScalar<float32>
        %16 = subtract(%14, %15)             # EncryptedTensor<float64, shape=(1, 1024, 14, 14)>
        %17 = 0.7911163                      # ClearScalar<float32>
        %18 = multiply(%16, %17)             # EncryptedTensor<float64, shape=(1, 1024, 14, 14)>
        %19 = 0.7911162972450256             # ClearScalar<float64>
        %20 = divide(%18, %19)               # EncryptedTensor<float64, shape=(1, 1024, 14, 14)>
        %21 = 0                              # ClearScalar<uint1>
        %22 = add(%20, %21)                  # EncryptedTensor<float64, shape=(1, 1024, 14, 14)>
        %23 = rint(%22)                      # EncryptedTensor<float64, shape=(1, 1024, 14, 14)>
        %24 = astype(%23, dtype=int_)        # EncryptedTensor<uint1, shape=(1, 1024, 14, 14)>
        return %24

    %204 = subgraph(%203):

         %0 = input                            # EncryptedTensor<uint1, shape=(1, 256, 14, 14)>          @ /trunk/trunk.12/C1/Conv.conv_rounding
         %1 = astype(%0, dtype=float64)        # EncryptedTensor<float64, shape=(1, 256, 14, 14)>
         %2 = 0                                # ClearScalar<uint1>
         %3 = add(%1, %2)                      # EncryptedTensor<float64, shape=(1, 256, 14, 14)>
         %4 = [[[[0]]  [ ... ]  [[0]]]]        # ClearTensor<uint1, shape=(1, 256, 1, 1)>
         %5 = subtract(%3, %4)                 # EncryptedTensor<float64, shape=(1, 256, 14, 14)>
         %6 = 0.04323009769756814              # ClearScalar<float64>
         %7 = multiply(%6, %5)                 # EncryptedTensor<float64, shape=(1, 256, 14, 14)>
         %8 = [[[[ 2.497 ... 49e+00]]]]        # ClearTensor<float32, shape=(1, 256, 1, 1)>
         %9 = subtract(%7, %8)                 # EncryptedTensor<float64, shape=(1, 256, 14, 14)>
        %10 = [[[[3.4108 ... 186428]]]]        # ClearTensor<float32, shape=(1, 256, 1, 1)>
        %11 = divide(%9, %10)                  # EncryptedTensor<float64, shape=(1, 256, 14, 14)>
        %12 = [[[[0.9028 ... 377367]]]]        # ClearTensor<float32, shape=(1, 256, 1, 1)>
        %13 = multiply(%11, %12)               # EncryptedTensor<float64, shape=(1, 256, 14, 14)>
        %14 = [[[[ 0.031 ... 074784]]]]        # ClearTensor<float32, shape=(1, 256, 1, 1)>
        %15 = add(%13, %14)                    # EncryptedTensor<float64, shape=(1, 256, 14, 14)>
        %16 = 0                                # ClearScalar<uint1>
        %17 = maximum(%15, %16)                # EncryptedTensor<float64, shape=(1, 256, 14, 14)>
        %18 = 0.5059603                        # ClearScalar<float32>
        %19 = divide(%17, %18)                 # EncryptedTensor<float64, shape=(1, 256, 14, 14)>
        %20 = 0.0                              # ClearScalar<float32>
        %21 = add(%19, %20)                    # EncryptedTensor<float64, shape=(1, 256, 14, 14)>
        %22 = 0.0                              # ClearScalar<float64>
        %23 = 15.0                             # ClearScalar<float64>
        %24 = clip(%21, %22, %23)              # EncryptedTensor<float64, shape=(1, 256, 14, 14)>
        %25 = rint(%24)                        # EncryptedTensor<float64, shape=(1, 256, 14, 14)>
        %26 = 0.0                              # ClearScalar<float32>
        %27 = subtract(%25, %26)               # EncryptedTensor<float64, shape=(1, 256, 14, 14)>
        %28 = 0.5059603                        # ClearScalar<float32>
        %29 = multiply(%27, %28)               # EncryptedTensor<float64, shape=(1, 256, 14, 14)>
        %30 = 0.5059602856636047               # ClearScalar<float64>
        %31 = divide(%29, %30)                 # EncryptedTensor<float64, shape=(1, 256, 14, 14)>
        %32 = 0                                # ClearScalar<uint1>
        %33 = add(%31, %32)                    # EncryptedTensor<float64, shape=(1, 256, 14, 14)>
        %34 = rint(%33)                        # EncryptedTensor<float64, shape=(1, 256, 14, 14)>
        %35 = astype(%34, dtype=int_)          # EncryptedTensor<uint1, shape=(1, 256, 14, 14)>
        return %35

    %212 = subgraph(%211):

         %0 = input                            # EncryptedTensor<uint1, shape=(1, 256, 14, 14)>          @ /trunk/trunk.12/C2/Conv.conv_rounding
         %1 = astype(%0, dtype=float64)        # EncryptedTensor<float64, shape=(1, 256, 14, 14)>
         %2 = 0                                # ClearScalar<uint1>
         %3 = add(%1, %2)                      # EncryptedTensor<float64, shape=(1, 256, 14, 14)>
         %4 = [[[[0]]  [ ... ]  [[0]]]]        # ClearTensor<uint1, shape=(1, 256, 1, 1)>
         %5 = subtract(%3, %4)                 # EncryptedTensor<float64, shape=(1, 256, 14, 14)>
         %6 = 0.010400375943401263             # ClearScalar<float64>
         %7 = multiply(%6, %5)                 # EncryptedTensor<float64, shape=(1, 256, 14, 14)>
         %8 = [[[[-1.466 ... 61e+00]]]]        # ClearTensor<float32, shape=(1, 256, 1, 1)>
         %9 = subtract(%7, %8)                 # EncryptedTensor<float64, shape=(1, 256, 14, 14)>
        %10 = [[[[2.0236 ... 891586]]]]        # ClearTensor<float32, shape=(1, 256, 1, 1)>
        %11 = divide(%9, %10)                  # EncryptedTensor<float64, shape=(1, 256, 14, 14)>
        %12 = [[[[0.9130 ... 92654 ]]]]        # ClearTensor<float32, shape=(1, 256, 1, 1)>
        %13 = multiply(%11, %12)               # EncryptedTensor<float64, shape=(1, 256, 14, 14)>
        %14 = [[[[-2.629 ... 66e-02]]]]        # ClearTensor<float32, shape=(1, 256, 1, 1)>
        %15 = add(%13, %14)                    # EncryptedTensor<float64, shape=(1, 256, 14, 14)>
        %16 = 0                                # ClearScalar<uint1>
        %17 = maximum(%15, %16)                # EncryptedTensor<float64, shape=(1, 256, 14, 14)>
        %18 = 0.51907784                       # ClearScalar<float32>
        %19 = divide(%17, %18)                 # EncryptedTensor<float64, shape=(1, 256, 14, 14)>
        %20 = 0.0                              # ClearScalar<float32>
        %21 = add(%19, %20)                    # EncryptedTensor<float64, shape=(1, 256, 14, 14)>
        %22 = 0.0                              # ClearScalar<float64>
        %23 = 15.0                             # ClearScalar<float64>
        %24 = clip(%21, %22, %23)              # EncryptedTensor<float64, shape=(1, 256, 14, 14)>
        %25 = rint(%24)                        # EncryptedTensor<float64, shape=(1, 256, 14, 14)>
        %26 = 0.0                              # ClearScalar<float32>
        %27 = subtract(%25, %26)               # EncryptedTensor<float64, shape=(1, 256, 14, 14)>
        %28 = 0.51907784                       # ClearScalar<float32>
        %29 = multiply(%27, %28)               # EncryptedTensor<float64, shape=(1, 256, 14, 14)>
        %30 = 0.5190778374671936               # ClearScalar<float64>
        %31 = divide(%29, %30)                 # EncryptedTensor<float64, shape=(1, 256, 14, 14)>
        %32 = 0                                # ClearScalar<uint1>
        %33 = add(%31, %32)                    # EncryptedTensor<float64, shape=(1, 256, 14, 14)>
        %34 = rint(%33)                        # EncryptedTensor<float64, shape=(1, 256, 14, 14)>
        %35 = astype(%34, dtype=int_)          # EncryptedTensor<uint1, shape=(1, 256, 14, 14)>
        return %35

    %216 = subgraph(%215):

         %0 = input                            # EncryptedTensor<uint1, shape=(1, 1024, 14, 14)>          @ /trunk/trunk.12/C3/Conv.conv_rounding
         %1 = astype(%0, dtype=float64)        # EncryptedTensor<float64, shape=(1, 1024, 14, 14)>
         %2 = 0                                # ClearScalar<uint1>
         %3 = add(%1, %2)                      # EncryptedTensor<float64, shape=(1, 1024, 14, 14)>
         %4 = [[[[0]]  [ ... ]  [[0]]]]        # ClearTensor<uint1, shape=(1, 1024, 1, 1)>
         %5 = subtract(%3, %4)                 # EncryptedTensor<float64, shape=(1, 1024, 14, 14)>
         %6 = 0.016973566034982346             # ClearScalar<float64>
         %7 = multiply(%6, %5)                 # EncryptedTensor<float64, shape=(1, 1024, 14, 14)>
         %8 = [[[[-0.070 ... 369054]]]]        # ClearTensor<float32, shape=(1, 1024, 1, 1)>
         %9 = subtract(%7, %8)                 # EncryptedTensor<float64, shape=(1, 1024, 14, 14)>
        %10 = [[[[0.5739 ... 866636]]]]        # ClearTensor<float32, shape=(1, 1024, 1, 1)>
        %11 = divide(%9, %10)                  # EncryptedTensor<float64, shape=(1, 1024, 14, 14)>
        %12 = [[[[0.7695 ... 710825]]]]        # ClearTensor<float32, shape=(1, 1024, 1, 1)>
        %13 = multiply(%11, %12)               # EncryptedTensor<float64, shape=(1, 1024, 14, 14)>
        %14 = [[[[ 0.036 ... 42907 ]]]]        # ClearTensor<float32, shape=(1, 1024, 1, 1)>
        %15 = add(%13, %14)                    # EncryptedTensor<float64, shape=(1, 1024, 14, 14)>
        %16 = 1.0898393                        # ClearScalar<float32>
        %17 = divide(%15, %16)                 # EncryptedTensor<float64, shape=(1, 1024, 14, 14)>
        %18 = 0.0                              # ClearScalar<float32>
        %19 = add(%17, %18)                    # EncryptedTensor<float64, shape=(1, 1024, 14, 14)>
        %20 = -8.0                             # ClearScalar<float64>
        %21 = 7.0                              # ClearScalar<float64>
        %22 = clip(%19, %20, %21)              # EncryptedTensor<float64, shape=(1, 1024, 14, 14)>
        %23 = rint(%22)                        # EncryptedTensor<float64, shape=(1, 1024, 14, 14)>
        %24 = 0.0                              # ClearScalar<float32>
        %25 = subtract(%23, %24)               # EncryptedTensor<float64, shape=(1, 1024, 14, 14)>
        %26 = 1.0898393                        # ClearScalar<float32>
        %27 = multiply(%25, %26)               # EncryptedTensor<float64, shape=(1, 1024, 14, 14)>
        %28 = 1.0898393392562866               # ClearScalar<float64>
        %29 = divide(%27, %28)                 # EncryptedTensor<float64, shape=(1, 1024, 14, 14)>
        %30 = 0                                # ClearScalar<uint1>
        %31 = add(%29, %30)                    # EncryptedTensor<float64, shape=(1, 1024, 14, 14)>
        %32 = rint(%31)                        # EncryptedTensor<float64, shape=(1, 1024, 14, 14)>
        %33 = astype(%32, dtype=int_)          # EncryptedTensor<uint1, shape=(1, 1024, 14, 14)>
        return %33

    %217 = subgraph(%199):

         %0 = input                          # EncryptedTensor<uint2, shape=(1, 1024, 14, 14)>
         %1 = 0.0                            # ClearScalar<float64>
         %2 = subtract(%0, %1)               # EncryptedTensor<float64, shape=(1, 1024, 14, 14)>
         %3 = 0.5887768153221377             # ClearScalar<float64>
         %4 = multiply(%3, %2)               # EncryptedTensor<float64, shape=(1, 1024, 14, 14)>
         %5 = 0                              # ClearScalar<uint1>
         %6 = maximum(%4, %5)                # EncryptedTensor<float64, shape=(1, 1024, 14, 14)>
         %7 = 0.7911163                      # ClearScalar<float32>
         %8 = divide(%6, %7)                 # EncryptedTensor<float64, shape=(1, 1024, 14, 14)>
         %9 = 0.0                            # ClearScalar<float32>
        %10 = add(%8, %9)                    # EncryptedTensor<float64, shape=(1, 1024, 14, 14)>
        %11 = 0.0                            # ClearScalar<float64>
        %12 = 15.0                           # ClearScalar<float64>
        %13 = clip(%10, %11, %12)            # EncryptedTensor<float64, shape=(1, 1024, 14, 14)>
        %14 = rint(%13)                      # EncryptedTensor<float64, shape=(1, 1024, 14, 14)>
        %15 = 0.0                            # ClearScalar<float32>
        %16 = subtract(%14, %15)             # EncryptedTensor<float64, shape=(1, 1024, 14, 14)>
        %17 = 0.7911163                      # ClearScalar<float32>
        %18 = multiply(%16, %17)             # EncryptedTensor<float64, shape=(1, 1024, 14, 14)>
        %19 = 0.7911162972450256             # ClearScalar<float64>
        %20 = divide(%18, %19)               # EncryptedTensor<float64, shape=(1, 1024, 14, 14)>
        %21 = 0                              # ClearScalar<uint1>
        %22 = add(%20, %21)                  # EncryptedTensor<float64, shape=(1, 1024, 14, 14)>
        %23 = rint(%22)                      # EncryptedTensor<float64, shape=(1, 1024, 14, 14)>
        %24 = astype(%23, dtype=int_)        # EncryptedTensor<uint1, shape=(1, 1024, 14, 14)>
        return %24

    %218 = subgraph(%216):

         %0 = input                         # EncryptedTensor<uint1, shape=(1, 1024, 14, 14)>
         %1 = 0.0                           # ClearScalar<float64>
         %2 = subtract(%0, %1)              # EncryptedTensor<float64, shape=(1, 1024, 14, 14)>
         %3 = 1.0898393392562866            # ClearScalar<float64>
         %4 = multiply(%3, %2)              # EncryptedTensor<float64, shape=(1, 1024, 14, 14)>
         %5 = 0.5874874284190517            # ClearScalar<float64>
         %6 = divide(%4, %5)                # EncryptedTensor<float64, shape=(1, 1024, 14, 14)>
         %7 = 0                             # ClearScalar<uint1>
         %8 = add(%6, %7)                   # EncryptedTensor<float64, shape=(1, 1024, 14, 14)>
         %9 = rint(%8)                      # EncryptedTensor<float64, shape=(1, 1024, 14, 14)>
        %10 = astype(%9, dtype=int_)        # EncryptedTensor<uint1, shape=(1, 1024, 14, 14)>
        return %10

    %219 = subgraph(%217):

         %0 = input                         # EncryptedTensor<uint1, shape=(1, 1024, 14, 14)>
         %1 = 0.0                           # ClearScalar<float64>
         %2 = subtract(%0, %1)              # EncryptedTensor<float64, shape=(1, 1024, 14, 14)>
         %3 = 0.7911162972450256            # ClearScalar<float64>
         %4 = multiply(%3, %2)              # EncryptedTensor<float64, shape=(1, 1024, 14, 14)>
         %5 = 0.5874874284190517            # ClearScalar<float64>
         %6 = divide(%4, %5)                # EncryptedTensor<float64, shape=(1, 1024, 14, 14)>
         %7 = 0                             # ClearScalar<uint1>
         %8 = add(%6, %7)                   # EncryptedTensor<float64, shape=(1, 1024, 14, 14)>
         %9 = rint(%8)                      # EncryptedTensor<float64, shape=(1, 1024, 14, 14)>
        %10 = astype(%9, dtype=int_)        # EncryptedTensor<uint1, shape=(1, 1024, 14, 14)>
        return %10

    %223 = subgraph(%222):

         %0 = input                          # EncryptedTensor<uint2, shape=(1, 1024, 14, 14)>
         %1 = 0.0                            # ClearScalar<float64>
         %2 = subtract(%0, %1)               # EncryptedTensor<float64, shape=(1, 1024, 14, 14)>
         %3 = 0.5874874284190517             # ClearScalar<float64>
         %4 = multiply(%3, %2)               # EncryptedTensor<float64, shape=(1, 1024, 14, 14)>
         %5 = 0                              # ClearScalar<uint1>
         %6 = maximum(%4, %5)                # EncryptedTensor<float64, shape=(1, 1024, 14, 14)>
         %7 = 1.10721                        # ClearScalar<float32>
         %8 = divide(%6, %7)                 # EncryptedTensor<float64, shape=(1, 1024, 14, 14)>
         %9 = 0.0                            # ClearScalar<float32>
        %10 = add(%8, %9)                    # EncryptedTensor<float64, shape=(1, 1024, 14, 14)>
        %11 = 0.0                            # ClearScalar<float64>
        %12 = 15.0                           # ClearScalar<float64>
        %13 = clip(%10, %11, %12)            # EncryptedTensor<float64, shape=(1, 1024, 14, 14)>
        %14 = rint(%13)                      # EncryptedTensor<float64, shape=(1, 1024, 14, 14)>
        %15 = 0.0                            # ClearScalar<float32>
        %16 = subtract(%14, %15)             # EncryptedTensor<float64, shape=(1, 1024, 14, 14)>
        %17 = 1.10721                        # ClearScalar<float32>
        %18 = multiply(%16, %17)             # EncryptedTensor<float64, shape=(1, 1024, 14, 14)>
        %19 = 1.1072100400924683             # ClearScalar<float64>
        %20 = divide(%18, %19)               # EncryptedTensor<float64, shape=(1, 1024, 14, 14)>
        %21 = 0                              # ClearScalar<uint1>
        %22 = add(%20, %21)                  # EncryptedTensor<float64, shape=(1, 1024, 14, 14)>
        %23 = rint(%22)                      # EncryptedTensor<float64, shape=(1, 1024, 14, 14)>
        %24 = astype(%23, dtype=int_)        # EncryptedTensor<uint1, shape=(1, 1024, 14, 14)>
        return %24

    %227 = subgraph(%226):

         %0 = input                            # EncryptedTensor<uint1, shape=(1, 256, 14, 14)>          @ /trunk/trunk.13/C1/Conv.conv_rounding
         %1 = astype(%0, dtype=float64)        # EncryptedTensor<float64, shape=(1, 256, 14, 14)>
         %2 = 0                                # ClearScalar<uint1>
         %3 = add(%1, %2)                      # EncryptedTensor<float64, shape=(1, 256, 14, 14)>
         %4 = [[[[0]]  [ ... ]  [[0]]]]        # ClearTensor<uint1, shape=(1, 256, 1, 1)>
         %5 = subtract(%3, %4)                 # EncryptedTensor<float64, shape=(1, 256, 14, 14)>
         %6 = 0.06638247369895556              # ClearScalar<float64>
         %7 = multiply(%6, %5)                 # EncryptedTensor<float64, shape=(1, 256, 14, 14)>
         %8 = [[[[ 8.952 ... 65e-01]]]]        # ClearTensor<float32, shape=(1, 256, 1, 1)>
         %9 = subtract(%7, %8)                 # EncryptedTensor<float64, shape=(1, 256, 14, 14)>
        %10 = [[[[4.5645 ... 869684]]]]        # ClearTensor<float32, shape=(1, 256, 1, 1)>
        %11 = divide(%9, %10)                  # EncryptedTensor<float64, shape=(1, 256, 14, 14)>
        %12 = [[[[0.9380 ... 31578 ]]]]        # ClearTensor<float32, shape=(1, 256, 1, 1)>
        %13 = multiply(%11, %12)               # EncryptedTensor<float64, shape=(1, 256, 14, 14)>
        %14 = [[[[-2.268 ... 67e-04]]]]        # ClearTensor<float32, shape=(1, 256, 1, 1)>
        %15 = add(%13, %14)                    # EncryptedTensor<float64, shape=(1, 256, 14, 14)>
        %16 = 0                                # ClearScalar<uint1>
        %17 = maximum(%15, %16)                # EncryptedTensor<float64, shape=(1, 256, 14, 14)>
        %18 = 0.47896156                       # ClearScalar<float32>
        %19 = divide(%17, %18)                 # EncryptedTensor<float64, shape=(1, 256, 14, 14)>
        %20 = 0.0                              # ClearScalar<float32>
        %21 = add(%19, %20)                    # EncryptedTensor<float64, shape=(1, 256, 14, 14)>
        %22 = 0.0                              # ClearScalar<float64>
        %23 = 15.0                             # ClearScalar<float64>
        %24 = clip(%21, %22, %23)              # EncryptedTensor<float64, shape=(1, 256, 14, 14)>
        %25 = rint(%24)                        # EncryptedTensor<float64, shape=(1, 256, 14, 14)>
        %26 = 0.0                              # ClearScalar<float32>
        %27 = subtract(%25, %26)               # EncryptedTensor<float64, shape=(1, 256, 14, 14)>
        %28 = 0.47896156                       # ClearScalar<float32>
        %29 = multiply(%27, %28)               # EncryptedTensor<float64, shape=(1, 256, 14, 14)>
        %30 = 0.4789615571498871               # ClearScalar<float64>
        %31 = divide(%29, %30)                 # EncryptedTensor<float64, shape=(1, 256, 14, 14)>
        %32 = 0                                # ClearScalar<uint1>
        %33 = add(%31, %32)                    # EncryptedTensor<float64, shape=(1, 256, 14, 14)>
        %34 = rint(%33)                        # EncryptedTensor<float64, shape=(1, 256, 14, 14)>
        %35 = astype(%34, dtype=int_)          # EncryptedTensor<uint1, shape=(1, 256, 14, 14)>
        return %35

    %235 = subgraph(%234):

         %0 = input                            # EncryptedTensor<uint1, shape=(1, 256, 14, 14)>          @ /trunk/trunk.13/C2/Conv.conv_rounding
         %1 = astype(%0, dtype=float64)        # EncryptedTensor<float64, shape=(1, 256, 14, 14)>
         %2 = 0                                # ClearScalar<uint1>
         %3 = add(%1, %2)                      # EncryptedTensor<float64, shape=(1, 256, 14, 14)>
         %4 = [[[[0]]  [ ... ]  [[0]]]]        # ClearTensor<uint1, shape=(1, 256, 1, 1)>
         %5 = subtract(%3, %4)                 # EncryptedTensor<float64, shape=(1, 256, 14, 14)>
         %6 = 0.008909799272959429             # ClearScalar<float64>
         %7 = multiply(%6, %5)                 # EncryptedTensor<float64, shape=(1, 256, 14, 14)>
         %8 = [[[[-1.860 ... 57e+00]]]]        # ClearTensor<float32, shape=(1, 256, 1, 1)>
         %9 = subtract(%7, %8)                 # EncryptedTensor<float64, shape=(1, 256, 14, 14)>
        %10 = [[[[1.8196 ... 909038]]]]        # ClearTensor<float32, shape=(1, 256, 1, 1)>
        %11 = divide(%9, %10)                  # EncryptedTensor<float64, shape=(1, 256, 14, 14)>
        %12 = [[[[0.9393 ... 21998 ]]]]        # ClearTensor<float32, shape=(1, 256, 1, 1)>
        %13 = multiply(%11, %12)               # EncryptedTensor<float64, shape=(1, 256, 14, 14)>
        %14 = [[[[ 9.301 ... 26e-03]]]]        # ClearTensor<float32, shape=(1, 256, 1, 1)>
        %15 = add(%13, %14)                    # EncryptedTensor<float64, shape=(1, 256, 14, 14)>
        %16 = 0                                # ClearScalar<uint1>
        %17 = maximum(%15, %16)                # EncryptedTensor<float64, shape=(1, 256, 14, 14)>
        %18 = 0.5471614                        # ClearScalar<float32>
        %19 = divide(%17, %18)                 # EncryptedTensor<float64, shape=(1, 256, 14, 14)>
        %20 = 0.0                              # ClearScalar<float32>
        %21 = add(%19, %20)                    # EncryptedTensor<float64, shape=(1, 256, 14, 14)>
        %22 = 0.0                              # ClearScalar<float64>
        %23 = 15.0                             # ClearScalar<float64>
        %24 = clip(%21, %22, %23)              # EncryptedTensor<float64, shape=(1, 256, 14, 14)>
        %25 = rint(%24)                        # EncryptedTensor<float64, shape=(1, 256, 14, 14)>
        %26 = 0.0                              # ClearScalar<float32>
        %27 = subtract(%25, %26)               # EncryptedTensor<float64, shape=(1, 256, 14, 14)>
        %28 = 0.5471614                        # ClearScalar<float32>
        %29 = multiply(%27, %28)               # EncryptedTensor<float64, shape=(1, 256, 14, 14)>
        %30 = 0.5471614003181458               # ClearScalar<float64>
        %31 = divide(%29, %30)                 # EncryptedTensor<float64, shape=(1, 256, 14, 14)>
        %32 = 0                                # ClearScalar<uint1>
        %33 = add(%31, %32)                    # EncryptedTensor<float64, shape=(1, 256, 14, 14)>
        %34 = rint(%33)                        # EncryptedTensor<float64, shape=(1, 256, 14, 14)>
        %35 = astype(%34, dtype=int_)          # EncryptedTensor<uint1, shape=(1, 256, 14, 14)>
        return %35

    %239 = subgraph(%238):

         %0 = input                            # EncryptedTensor<uint1, shape=(1, 1024, 14, 14)>          @ /trunk/trunk.13/C3/Conv.conv_rounding
         %1 = astype(%0, dtype=float64)        # EncryptedTensor<float64, shape=(1, 1024, 14, 14)>
         %2 = 0                                # ClearScalar<uint1>
         %3 = add(%1, %2)                      # EncryptedTensor<float64, shape=(1, 1024, 14, 14)>
         %4 = [[[[0]]  [ ... ]  [[0]]]]        # ClearTensor<uint1, shape=(1, 1024, 1, 1)>
         %5 = subtract(%3, %4)                 # EncryptedTensor<float64, shape=(1, 1024, 14, 14)>
         %6 = 0.016324649393072987             # ClearScalar<float64>
         %7 = multiply(%6, %5)                 # EncryptedTensor<float64, shape=(1, 1024, 14, 14)>
         %8 = [[[[-0.276 ... 140718]]]]        # ClearTensor<float32, shape=(1, 1024, 1, 1)>
         %9 = subtract(%7, %8)                 # EncryptedTensor<float64, shape=(1, 1024, 14, 14)>
        %10 = [[[[0.7178 ... 61505 ]]]]        # ClearTensor<float32, shape=(1, 1024, 1, 1)>
        %11 = divide(%9, %10)                  # EncryptedTensor<float64, shape=(1, 1024, 14, 14)>
        %12 = [[[[0.8584 ... 07245 ]]]]        # ClearTensor<float32, shape=(1, 1024, 1, 1)>
        %13 = multiply(%11, %12)               # EncryptedTensor<float64, shape=(1, 1024, 14, 14)>
        %14 = [[[[ 0.010 ... 072867]]]]        # ClearTensor<float32, shape=(1, 1024, 1, 1)>
        %15 = add(%13, %14)                    # EncryptedTensor<float64, shape=(1, 1024, 14, 14)>
        %16 = 1.0994004                        # ClearScalar<float32>
        %17 = divide(%15, %16)                 # EncryptedTensor<float64, shape=(1, 1024, 14, 14)>
        %18 = 0.0                              # ClearScalar<float32>
        %19 = add(%17, %18)                    # EncryptedTensor<float64, shape=(1, 1024, 14, 14)>
        %20 = -8.0                             # ClearScalar<float64>
        %21 = 7.0                              # ClearScalar<float64>
        %22 = clip(%19, %20, %21)              # EncryptedTensor<float64, shape=(1, 1024, 14, 14)>
        %23 = rint(%22)                        # EncryptedTensor<float64, shape=(1, 1024, 14, 14)>
        %24 = 0.0                              # ClearScalar<float32>
        %25 = subtract(%23, %24)               # EncryptedTensor<float64, shape=(1, 1024, 14, 14)>
        %26 = 1.0994004                        # ClearScalar<float32>
        %27 = multiply(%25, %26)               # EncryptedTensor<float64, shape=(1, 1024, 14, 14)>
        %28 = 1.0994004011154175               # ClearScalar<float64>
        %29 = divide(%27, %28)                 # EncryptedTensor<float64, shape=(1, 1024, 14, 14)>
        %30 = 0                                # ClearScalar<uint1>
        %31 = add(%29, %30)                    # EncryptedTensor<float64, shape=(1, 1024, 14, 14)>
        %32 = rint(%31)                        # EncryptedTensor<float64, shape=(1, 1024, 14, 14)>
        %33 = astype(%32, dtype=int_)          # EncryptedTensor<uint1, shape=(1, 1024, 14, 14)>
        return %33

    %240 = subgraph(%222):

         %0 = input                          # EncryptedTensor<uint2, shape=(1, 1024, 14, 14)>
         %1 = 0.0                            # ClearScalar<float64>
         %2 = subtract(%0, %1)               # EncryptedTensor<float64, shape=(1, 1024, 14, 14)>
         %3 = 0.5874874284190517             # ClearScalar<float64>
         %4 = multiply(%3, %2)               # EncryptedTensor<float64, shape=(1, 1024, 14, 14)>
         %5 = 0                              # ClearScalar<uint1>
         %6 = maximum(%4, %5)                # EncryptedTensor<float64, shape=(1, 1024, 14, 14)>
         %7 = 1.10721                        # ClearScalar<float32>
         %8 = divide(%6, %7)                 # EncryptedTensor<float64, shape=(1, 1024, 14, 14)>
         %9 = 0.0                            # ClearScalar<float32>
        %10 = add(%8, %9)                    # EncryptedTensor<float64, shape=(1, 1024, 14, 14)>
        %11 = 0.0                            # ClearScalar<float64>
        %12 = 15.0                           # ClearScalar<float64>
        %13 = clip(%10, %11, %12)            # EncryptedTensor<float64, shape=(1, 1024, 14, 14)>
        %14 = rint(%13)                      # EncryptedTensor<float64, shape=(1, 1024, 14, 14)>
        %15 = 0.0                            # ClearScalar<float32>
        %16 = subtract(%14, %15)             # EncryptedTensor<float64, shape=(1, 1024, 14, 14)>
        %17 = 1.10721                        # ClearScalar<float32>
        %18 = multiply(%16, %17)             # EncryptedTensor<float64, shape=(1, 1024, 14, 14)>
        %19 = 1.1072100400924683             # ClearScalar<float64>
        %20 = divide(%18, %19)               # EncryptedTensor<float64, shape=(1, 1024, 14, 14)>
        %21 = 0                              # ClearScalar<uint1>
        %22 = add(%20, %21)                  # EncryptedTensor<float64, shape=(1, 1024, 14, 14)>
        %23 = rint(%22)                      # EncryptedTensor<float64, shape=(1, 1024, 14, 14)>
        %24 = astype(%23, dtype=int_)        # EncryptedTensor<uint1, shape=(1, 1024, 14, 14)>
        return %24

    %241 = subgraph(%239):

         %0 = input                         # EncryptedTensor<uint1, shape=(1, 1024, 14, 14)>
         %1 = 0.0                           # ClearScalar<float64>
         %2 = subtract(%0, %1)              # EncryptedTensor<float64, shape=(1, 1024, 14, 14)>
         %3 = 1.0994004011154175            # ClearScalar<float64>
         %4 = multiply(%3, %2)              # EncryptedTensor<float64, shape=(1, 1024, 14, 14)>
         %5 = 0.7480301203266266            # ClearScalar<float64>
         %6 = divide(%4, %5)                # EncryptedTensor<float64, shape=(1, 1024, 14, 14)>
         %7 = 0                             # ClearScalar<uint1>
         %8 = add(%6, %7)                   # EncryptedTensor<float64, shape=(1, 1024, 14, 14)>
         %9 = rint(%8)                      # EncryptedTensor<float64, shape=(1, 1024, 14, 14)>
        %10 = astype(%9, dtype=int_)        # EncryptedTensor<uint1, shape=(1, 1024, 14, 14)>
        return %10

    %242 = subgraph(%240):

         %0 = input                         # EncryptedTensor<uint1, shape=(1, 1024, 14, 14)>
         %1 = 0.0                           # ClearScalar<float64>
         %2 = subtract(%0, %1)              # EncryptedTensor<float64, shape=(1, 1024, 14, 14)>
         %3 = 1.1072100400924683            # ClearScalar<float64>
         %4 = multiply(%3, %2)              # EncryptedTensor<float64, shape=(1, 1024, 14, 14)>
         %5 = 0.7480301203266266            # ClearScalar<float64>
         %6 = divide(%4, %5)                # EncryptedTensor<float64, shape=(1, 1024, 14, 14)>
         %7 = 0                             # ClearScalar<uint1>
         %8 = add(%6, %7)                   # EncryptedTensor<float64, shape=(1, 1024, 14, 14)>
         %9 = rint(%8)                      # EncryptedTensor<float64, shape=(1, 1024, 14, 14)>
        %10 = astype(%9, dtype=int_)        # EncryptedTensor<uint1, shape=(1, 1024, 14, 14)>
        return %10

    %246 = subgraph(%245):

         %0 = input                          # EncryptedTensor<uint2, shape=(1, 1024, 14, 14)>
         %1 = 0.0                            # ClearScalar<float64>
         %2 = subtract(%0, %1)               # EncryptedTensor<float64, shape=(1, 1024, 14, 14)>
         %3 = 0.7480301203266266             # ClearScalar<float64>
         %4 = multiply(%3, %2)               # EncryptedTensor<float64, shape=(1, 1024, 14, 14)>
         %5 = 0                              # ClearScalar<uint1>
         %6 = maximum(%4, %5)                # EncryptedTensor<float64, shape=(1, 1024, 14, 14)>
         %7 = 1.3953582                      # ClearScalar<float32>
         %8 = divide(%6, %7)                 # EncryptedTensor<float64, shape=(1, 1024, 14, 14)>
         %9 = 0.0                            # ClearScalar<float32>
        %10 = add(%8, %9)                    # EncryptedTensor<float64, shape=(1, 1024, 14, 14)>
        %11 = 0.0                            # ClearScalar<float64>
        %12 = 15.0                           # ClearScalar<float64>
        %13 = clip(%10, %11, %12)            # EncryptedTensor<float64, shape=(1, 1024, 14, 14)>
        %14 = rint(%13)                      # EncryptedTensor<float64, shape=(1, 1024, 14, 14)>
        %15 = 0.0                            # ClearScalar<float32>
        %16 = subtract(%14, %15)             # EncryptedTensor<float64, shape=(1, 1024, 14, 14)>
        %17 = 1.3953582                      # ClearScalar<float32>
        %18 = multiply(%16, %17)             # EncryptedTensor<float64, shape=(1, 1024, 14, 14)>
        %19 = 1.3953582048416138             # ClearScalar<float64>
        %20 = divide(%18, %19)               # EncryptedTensor<float64, shape=(1, 1024, 14, 14)>
        %21 = 0                              # ClearScalar<uint1>
        %22 = add(%20, %21)                  # EncryptedTensor<float64, shape=(1, 1024, 14, 14)>
        %23 = rint(%22)                      # EncryptedTensor<float64, shape=(1, 1024, 14, 14)>
        %24 = astype(%23, dtype=int_)        # EncryptedTensor<uint1, shape=(1, 1024, 14, 14)>
        return %24

    %250 = subgraph(%249):

         %0 = input                            # EncryptedTensor<uint1, shape=(1, 256, 14, 14)>          @ /trunk/trunk.14/C1/Conv.conv_rounding
         %1 = astype(%0, dtype=float64)        # EncryptedTensor<float64, shape=(1, 256, 14, 14)>
         %2 = 0                                # ClearScalar<uint1>
         %3 = add(%1, %2)                      # EncryptedTensor<float64, shape=(1, 256, 14, 14)>
         %4 = [[[[0]]  [ ... ]  [[0]]]]        # ClearTensor<uint1, shape=(1, 256, 1, 1)>
         %5 = subtract(%3, %4)                 # EncryptedTensor<float64, shape=(1, 256, 14, 14)>
         %6 = 0.08068586439288561              # ClearScalar<float64>
         %7 = multiply(%6, %5)                 # EncryptedTensor<float64, shape=(1, 256, 14, 14)>
         %8 = [[[[-3.515 ... 08e+00]]]]        # ClearTensor<float32, shape=(1, 256, 1, 1)>
         %9 = subtract(%7, %8)                 # EncryptedTensor<float64, shape=(1, 256, 14, 14)>
        %10 = [[[[5.4623 ... 45962 ]]]]        # ClearTensor<float32, shape=(1, 256, 1, 1)>
        %11 = divide(%9, %10)                  # EncryptedTensor<float64, shape=(1, 256, 14, 14)>
        %12 = [[[[0.7689 ... 82306 ]]]]        # ClearTensor<float32, shape=(1, 256, 1, 1)>
        %13 = multiply(%11, %12)               # EncryptedTensor<float64, shape=(1, 256, 14, 14)>
        %14 = [[[[ 0.028 ... 282443]]]]        # ClearTensor<float32, shape=(1, 256, 1, 1)>
        %15 = add(%13, %14)                    # EncryptedTensor<float64, shape=(1, 256, 14, 14)>
        %16 = 0                                # ClearScalar<uint1>
        %17 = maximum(%15, %16)                # EncryptedTensor<float64, shape=(1, 256, 14, 14)>
        %18 = 0.49638796                       # ClearScalar<float32>
        %19 = divide(%17, %18)                 # EncryptedTensor<float64, shape=(1, 256, 14, 14)>
        %20 = 0.0                              # ClearScalar<float32>
        %21 = add(%19, %20)                    # EncryptedTensor<float64, shape=(1, 256, 14, 14)>
        %22 = 0.0                              # ClearScalar<float64>
        %23 = 15.0                             # ClearScalar<float64>
        %24 = clip(%21, %22, %23)              # EncryptedTensor<float64, shape=(1, 256, 14, 14)>
        %25 = rint(%24)                        # EncryptedTensor<float64, shape=(1, 256, 14, 14)>
        %26 = 0.0                              # ClearScalar<float32>
        %27 = subtract(%25, %26)               # EncryptedTensor<float64, shape=(1, 256, 14, 14)>
        %28 = 0.49638796                       # ClearScalar<float32>
        %29 = multiply(%27, %28)               # EncryptedTensor<float64, shape=(1, 256, 14, 14)>
        %30 = 0.49638795852661133              # ClearScalar<float64>
        %31 = divide(%29, %30)                 # EncryptedTensor<float64, shape=(1, 256, 14, 14)>
        %32 = 0                                # ClearScalar<uint1>
        %33 = add(%31, %32)                    # EncryptedTensor<float64, shape=(1, 256, 14, 14)>
        %34 = rint(%33)                        # EncryptedTensor<float64, shape=(1, 256, 14, 14)>
        %35 = astype(%34, dtype=int_)          # EncryptedTensor<uint1, shape=(1, 256, 14, 14)>
        return %35

    %258 = subgraph(%257):

         %0 = input                            # EncryptedTensor<uint1, shape=(1, 256, 14, 14)>          @ /trunk/trunk.14/C2/Conv.conv_rounding
         %1 = astype(%0, dtype=float64)        # EncryptedTensor<float64, shape=(1, 256, 14, 14)>
         %2 = 0                                # ClearScalar<uint1>
         %3 = add(%1, %2)                      # EncryptedTensor<float64, shape=(1, 256, 14, 14)>
         %4 = [[[[0]]  [ ... ]  [[0]]]]        # ClearTensor<uint1, shape=(1, 256, 1, 1)>
         %5 = subtract(%3, %4)                 # EncryptedTensor<float64, shape=(1, 256, 14, 14)>
         %6 = 0.009948085236823445             # ClearScalar<float64>
         %7 = multiply(%6, %5)                 # EncryptedTensor<float64, shape=(1, 256, 14, 14)>
         %8 = [[[[-8.710 ... 26e-01]]]]        # ClearTensor<float32, shape=(1, 256, 1, 1)>
         %9 = subtract(%7, %8)                 # EncryptedTensor<float64, shape=(1, 256, 14, 14)>
        %10 = [[[[1.5233 ... 67506 ]]]]        # ClearTensor<float32, shape=(1, 256, 1, 1)>
        %11 = divide(%9, %10)                  # EncryptedTensor<float64, shape=(1, 256, 14, 14)>
        %12 = [[[[0.9130 ... 23884 ]]]]        # ClearTensor<float32, shape=(1, 256, 1, 1)>
        %13 = multiply(%11, %12)               # EncryptedTensor<float64, shape=(1, 256, 14, 14)>
        %14 = [[[[ 0.013 ... 850995]]]]        # ClearTensor<float32, shape=(1, 256, 1, 1)>
        %15 = add(%13, %14)                    # EncryptedTensor<float64, shape=(1, 256, 14, 14)>
        %16 = 0                                # ClearScalar<uint1>
        %17 = maximum(%15, %16)                # EncryptedTensor<float64, shape=(1, 256, 14, 14)>
        %18 = 0.5625382                        # ClearScalar<float32>
        %19 = divide(%17, %18)                 # EncryptedTensor<float64, shape=(1, 256, 14, 14)>
        %20 = 0.0                              # ClearScalar<float32>
        %21 = add(%19, %20)                    # EncryptedTensor<float64, shape=(1, 256, 14, 14)>
        %22 = 0.0                              # ClearScalar<float64>
        %23 = 15.0                             # ClearScalar<float64>
        %24 = clip(%21, %22, %23)              # EncryptedTensor<float64, shape=(1, 256, 14, 14)>
        %25 = rint(%24)                        # EncryptedTensor<float64, shape=(1, 256, 14, 14)>
        %26 = 0.0                              # ClearScalar<float32>
        %27 = subtract(%25, %26)               # EncryptedTensor<float64, shape=(1, 256, 14, 14)>
        %28 = 0.5625382                        # ClearScalar<float32>
        %29 = multiply(%27, %28)               # EncryptedTensor<float64, shape=(1, 256, 14, 14)>
        %30 = 0.562538206577301                # ClearScalar<float64>
        %31 = divide(%29, %30)                 # EncryptedTensor<float64, shape=(1, 256, 14, 14)>
        %32 = 0                                # ClearScalar<uint1>
        %33 = add(%31, %32)                    # EncryptedTensor<float64, shape=(1, 256, 14, 14)>
        %34 = rint(%33)                        # EncryptedTensor<float64, shape=(1, 256, 14, 14)>
        %35 = astype(%34, dtype=int_)          # EncryptedTensor<uint1, shape=(1, 256, 14, 14)>
        return %35

    %262 = subgraph(%261):

         %0 = input                            # EncryptedTensor<uint1, shape=(1, 1024, 14, 14)>          @ /trunk/trunk.14/C3/Conv.conv_rounding
         %1 = astype(%0, dtype=float64)        # EncryptedTensor<float64, shape=(1, 1024, 14, 14)>
         %2 = 0                                # ClearScalar<uint1>
         %3 = add(%1, %2)                      # EncryptedTensor<float64, shape=(1, 1024, 14, 14)>
         %4 = [[[[0]]  [ ... ]  [[0]]]]        # ClearTensor<uint1, shape=(1, 1024, 1, 1)>
         %5 = subtract(%3, %4)                 # EncryptedTensor<float64, shape=(1, 1024, 14, 14)>
         %6 = 0.014816328188843597             # ClearScalar<float64>
         %7 = multiply(%6, %5)                 # EncryptedTensor<float64, shape=(1, 1024, 14, 14)>
         %8 = [[[[ 0.032 ... 32278 ]]]]        # ClearTensor<float32, shape=(1, 1024, 1, 1)>
         %9 = subtract(%7, %8)                 # EncryptedTensor<float64, shape=(1, 1024, 14, 14)>
        %10 = [[[[0.3670 ... 10197 ]]]]        # ClearTensor<float32, shape=(1, 1024, 1, 1)>
        %11 = divide(%9, %10)                  # EncryptedTensor<float64, shape=(1, 1024, 14, 14)>
        %12 = [[[[0.7022 ... 75686 ]]]]        # ClearTensor<float32, shape=(1, 1024, 1, 1)>
        %13 = multiply(%11, %12)               # EncryptedTensor<float64, shape=(1, 1024, 14, 14)>
        %14 = [[[[ 0.019 ... 179327]]]]        # ClearTensor<float32, shape=(1, 1024, 1, 1)>
        %15 = add(%13, %14)                    # EncryptedTensor<float64, shape=(1, 1024, 14, 14)>
        %16 = 1.1140108                        # ClearScalar<float32>
        %17 = divide(%15, %16)                 # EncryptedTensor<float64, shape=(1, 1024, 14, 14)>
        %18 = 0.0                              # ClearScalar<float32>
        %19 = add(%17, %18)                    # EncryptedTensor<float64, shape=(1, 1024, 14, 14)>
        %20 = -8.0                             # ClearScalar<float64>
        %21 = 7.0                              # ClearScalar<float64>
        %22 = clip(%19, %20, %21)              # EncryptedTensor<float64, shape=(1, 1024, 14, 14)>
        %23 = rint(%22)                        # EncryptedTensor<float64, shape=(1, 1024, 14, 14)>
        %24 = 0.0                              # ClearScalar<float32>
        %25 = subtract(%23, %24)               # EncryptedTensor<float64, shape=(1, 1024, 14, 14)>
        %26 = 1.1140108                        # ClearScalar<float32>
        %27 = multiply(%25, %26)               # EncryptedTensor<float64, shape=(1, 1024, 14, 14)>
        %28 = 1.1140108108520508               # ClearScalar<float64>
        %29 = divide(%27, %28)                 # EncryptedTensor<float64, shape=(1, 1024, 14, 14)>
        %30 = 0                                # ClearScalar<uint1>
        %31 = add(%29, %30)                    # EncryptedTensor<float64, shape=(1, 1024, 14, 14)>
        %32 = rint(%31)                        # EncryptedTensor<float64, shape=(1, 1024, 14, 14)>
        %33 = astype(%32, dtype=int_)          # EncryptedTensor<uint1, shape=(1, 1024, 14, 14)>
        return %33

    %263 = subgraph(%245):

         %0 = input                          # EncryptedTensor<uint2, shape=(1, 1024, 14, 14)>
         %1 = 0.0                            # ClearScalar<float64>
         %2 = subtract(%0, %1)               # EncryptedTensor<float64, shape=(1, 1024, 14, 14)>
         %3 = 0.7480301203266266             # ClearScalar<float64>
         %4 = multiply(%3, %2)               # EncryptedTensor<float64, shape=(1, 1024, 14, 14)>
         %5 = 0                              # ClearScalar<uint1>
         %6 = maximum(%4, %5)                # EncryptedTensor<float64, shape=(1, 1024, 14, 14)>
         %7 = 1.3953582                      # ClearScalar<float32>
         %8 = divide(%6, %7)                 # EncryptedTensor<float64, shape=(1, 1024, 14, 14)>
         %9 = 0.0                            # ClearScalar<float32>
        %10 = add(%8, %9)                    # EncryptedTensor<float64, shape=(1, 1024, 14, 14)>
        %11 = 0.0                            # ClearScalar<float64>
        %12 = 15.0                           # ClearScalar<float64>
        %13 = clip(%10, %11, %12)            # EncryptedTensor<float64, shape=(1, 1024, 14, 14)>
        %14 = rint(%13)                      # EncryptedTensor<float64, shape=(1, 1024, 14, 14)>
        %15 = 0.0                            # ClearScalar<float32>
        %16 = subtract(%14, %15)             # EncryptedTensor<float64, shape=(1, 1024, 14, 14)>
        %17 = 1.3953582                      # ClearScalar<float32>
        %18 = multiply(%16, %17)             # EncryptedTensor<float64, shape=(1, 1024, 14, 14)>
        %19 = 1.3953582048416138             # ClearScalar<float64>
        %20 = divide(%18, %19)               # EncryptedTensor<float64, shape=(1, 1024, 14, 14)>
        %21 = 0                              # ClearScalar<uint1>
        %22 = add(%20, %21)                  # EncryptedTensor<float64, shape=(1, 1024, 14, 14)>
        %23 = rint(%22)                      # EncryptedTensor<float64, shape=(1, 1024, 14, 14)>
        %24 = astype(%23, dtype=int_)        # EncryptedTensor<uint1, shape=(1, 1024, 14, 14)>
        return %24

    %264 = subgraph(%262):

         %0 = input                         # EncryptedTensor<uint1, shape=(1, 1024, 14, 14)>
         %1 = 0.0                           # ClearScalar<float64>
         %2 = subtract(%0, %1)              # EncryptedTensor<float64, shape=(1, 1024, 14, 14)>
         %3 = 1.1140108108520508            # ClearScalar<float64>
         %4 = multiply(%3, %2)              # EncryptedTensor<float64, shape=(1, 1024, 14, 14)>
         %5 = 0.8367010431904947            # ClearScalar<float64>
         %6 = divide(%4, %5)                # EncryptedTensor<float64, shape=(1, 1024, 14, 14)>
         %7 = 0                             # ClearScalar<uint1>
         %8 = add(%6, %7)                   # EncryptedTensor<float64, shape=(1, 1024, 14, 14)>
         %9 = rint(%8)                      # EncryptedTensor<float64, shape=(1, 1024, 14, 14)>
        %10 = astype(%9, dtype=int_)        # EncryptedTensor<uint1, shape=(1, 1024, 14, 14)>
        return %10

    %265 = subgraph(%263):

         %0 = input                         # EncryptedTensor<uint1, shape=(1, 1024, 14, 14)>
         %1 = 0.0                           # ClearScalar<float64>
         %2 = subtract(%0, %1)              # EncryptedTensor<float64, shape=(1, 1024, 14, 14)>
         %3 = 1.3953582048416138            # ClearScalar<float64>
         %4 = multiply(%3, %2)              # EncryptedTensor<float64, shape=(1, 1024, 14, 14)>
         %5 = 0.8367010431904947            # ClearScalar<float64>
         %6 = divide(%4, %5)                # EncryptedTensor<float64, shape=(1, 1024, 14, 14)>
         %7 = 0                             # ClearScalar<uint1>
         %8 = add(%6, %7)                   # EncryptedTensor<float64, shape=(1, 1024, 14, 14)>
         %9 = rint(%8)                      # EncryptedTensor<float64, shape=(1, 1024, 14, 14)>
        %10 = astype(%9, dtype=int_)        # EncryptedTensor<uint1, shape=(1, 1024, 14, 14)>
        return %10

    %269 = subgraph(%268):

         %0 = input                          # EncryptedTensor<uint2, shape=(1, 1024, 14, 14)>
         %1 = 0.0                            # ClearScalar<float64>
         %2 = subtract(%0, %1)               # EncryptedTensor<float64, shape=(1, 1024, 14, 14)>
         %3 = 0.8367010431904947             # ClearScalar<float64>
         %4 = multiply(%3, %2)               # EncryptedTensor<float64, shape=(1, 1024, 14, 14)>
         %5 = 0                              # ClearScalar<uint1>
         %6 = maximum(%4, %5)                # EncryptedTensor<float64, shape=(1, 1024, 14, 14)>
         %7 = 1.7060955                      # ClearScalar<float32>
         %8 = divide(%6, %7)                 # EncryptedTensor<float64, shape=(1, 1024, 14, 14)>
         %9 = 0.0                            # ClearScalar<float32>
        %10 = add(%8, %9)                    # EncryptedTensor<float64, shape=(1, 1024, 14, 14)>
        %11 = 0.0                            # ClearScalar<float64>
        %12 = 15.0                           # ClearScalar<float64>
        %13 = clip(%10, %11, %12)            # EncryptedTensor<float64, shape=(1, 1024, 14, 14)>
        %14 = rint(%13)                      # EncryptedTensor<float64, shape=(1, 1024, 14, 14)>
        %15 = 0.0                            # ClearScalar<float32>
        %16 = subtract(%14, %15)             # EncryptedTensor<float64, shape=(1, 1024, 14, 14)>
        %17 = 1.7060955                      # ClearScalar<float32>
        %18 = multiply(%16, %17)             # EncryptedTensor<float64, shape=(1, 1024, 14, 14)>
        %19 = 1.7060954570770264             # ClearScalar<float64>
        %20 = divide(%18, %19)               # EncryptedTensor<float64, shape=(1, 1024, 14, 14)>
        %21 = 0                              # ClearScalar<uint1>
        %22 = add(%20, %21)                  # EncryptedTensor<float64, shape=(1, 1024, 14, 14)>
        %23 = rint(%22)                      # EncryptedTensor<float64, shape=(1, 1024, 14, 14)>
        %24 = astype(%23, dtype=int_)        # EncryptedTensor<uint1, shape=(1, 1024, 14, 14)>
        return %24

    %273 = subgraph(%272):

         %0 = input                            # EncryptedTensor<uint1, shape=(1, 256, 14, 14)>          @ /trunk/trunk.15/C1/Conv.conv_rounding
         %1 = astype(%0, dtype=float64)        # EncryptedTensor<float64, shape=(1, 256, 14, 14)>
         %2 = 0                                # ClearScalar<uint1>
         %3 = add(%1, %2)                      # EncryptedTensor<float64, shape=(1, 256, 14, 14)>
         %4 = [[[[0]]  [ ... ]  [[0]]]]        # ClearTensor<uint1, shape=(1, 256, 1, 1)>
         %5 = subtract(%3, %4)                 # EncryptedTensor<float64, shape=(1, 256, 14, 14)>
         %6 = 0.09488283437982403              # ClearScalar<float64>
         %7 = multiply(%6, %5)                 # EncryptedTensor<float64, shape=(1, 256, 14, 14)>
         %8 = [[[[-2.108 ... 73028 ]]]]        # ClearTensor<float32, shape=(1, 256, 1, 1)>
         %9 = subtract(%7, %8)                 # EncryptedTensor<float64, shape=(1, 256, 14, 14)>
        %10 = [[[[ 4.992 ... 863214]]]]        # ClearTensor<float32, shape=(1, 256, 1, 1)>
        %11 = divide(%9, %10)                  # EncryptedTensor<float64, shape=(1, 256, 14, 14)>
        %12 = [[[[0.8470 ... 78743 ]]]]        # ClearTensor<float32, shape=(1, 256, 1, 1)>
        %13 = multiply(%11, %12)               # EncryptedTensor<float64, shape=(1, 256, 14, 14)>
        %14 = [[[[ 1.602 ... 45e-02]]]]        # ClearTensor<float32, shape=(1, 256, 1, 1)>
        %15 = add(%13, %14)                    # EncryptedTensor<float64, shape=(1, 256, 14, 14)>
        %16 = 0                                # ClearScalar<uint1>
        %17 = maximum(%15, %16)                # EncryptedTensor<float64, shape=(1, 256, 14, 14)>
        %18 = 0.5220031                        # ClearScalar<float32>
        %19 = divide(%17, %18)                 # EncryptedTensor<float64, shape=(1, 256, 14, 14)>
        %20 = 0.0                              # ClearScalar<float32>
        %21 = add(%19, %20)                    # EncryptedTensor<float64, shape=(1, 256, 14, 14)>
        %22 = 0.0                              # ClearScalar<float64>
        %23 = 15.0                             # ClearScalar<float64>
        %24 = clip(%21, %22, %23)              # EncryptedTensor<float64, shape=(1, 256, 14, 14)>
        %25 = rint(%24)                        # EncryptedTensor<float64, shape=(1, 256, 14, 14)>
        %26 = 0.0                              # ClearScalar<float32>
        %27 = subtract(%25, %26)               # EncryptedTensor<float64, shape=(1, 256, 14, 14)>
        %28 = 0.5220031                        # ClearScalar<float32>
        %29 = multiply(%27, %28)               # EncryptedTensor<float64, shape=(1, 256, 14, 14)>
        %30 = 0.5220031142234802               # ClearScalar<float64>
        %31 = divide(%29, %30)                 # EncryptedTensor<float64, shape=(1, 256, 14, 14)>
        %32 = 0                                # ClearScalar<uint1>
        %33 = add(%31, %32)                    # EncryptedTensor<float64, shape=(1, 256, 14, 14)>
        %34 = rint(%33)                        # EncryptedTensor<float64, shape=(1, 256, 14, 14)>
        %35 = astype(%34, dtype=int_)          # EncryptedTensor<uint1, shape=(1, 256, 14, 14)>
        return %35

    %281 = subgraph(%280):

         %0 = input                            # EncryptedTensor<uint1, shape=(1, 256, 14, 14)>          @ /trunk/trunk.15/C2/Conv.conv_rounding
         %1 = astype(%0, dtype=float64)        # EncryptedTensor<float64, shape=(1, 256, 14, 14)>
         %2 = 0                                # ClearScalar<uint1>
         %3 = add(%1, %2)                      # EncryptedTensor<float64, shape=(1, 256, 14, 14)>
         %4 = [[[[0]]  [ ... ]  [[0]]]]        # ClearTensor<uint1, shape=(1, 256, 1, 1)>
         %5 = subtract(%3, %4)                 # EncryptedTensor<float64, shape=(1, 256, 14, 14)>
         %6 = 0.010832597769761643             # ClearScalar<float64>
         %7 = multiply(%6, %5)                 # EncryptedTensor<float64, shape=(1, 256, 14, 14)>
         %8 = [[[[-0.701 ... 94726 ]]]]        # ClearTensor<float32, shape=(1, 256, 1, 1)>
         %9 = subtract(%7, %8)                 # EncryptedTensor<float64, shape=(1, 256, 14, 14)>
        %10 = [[[[1.5902 ... 448051]]]]        # ClearTensor<float32, shape=(1, 256, 1, 1)>
        %11 = divide(%9, %10)                  # EncryptedTensor<float64, shape=(1, 256, 14, 14)>
        %12 = [[[[0.9141 ... 411345]]]]        # ClearTensor<float32, shape=(1, 256, 1, 1)>
        %13 = multiply(%11, %12)               # EncryptedTensor<float64, shape=(1, 256, 14, 14)>
        %14 = [[[[ 4.536 ... 67e-02]]]]        # ClearTensor<float32, shape=(1, 256, 1, 1)>
        %15 = add(%13, %14)                    # EncryptedTensor<float64, shape=(1, 256, 14, 14)>
        %16 = 0                                # ClearScalar<uint1>
        %17 = maximum(%15, %16)                # EncryptedTensor<float64, shape=(1, 256, 14, 14)>
        %18 = 0.5832792                        # ClearScalar<float32>
        %19 = divide(%17, %18)                 # EncryptedTensor<float64, shape=(1, 256, 14, 14)>
        %20 = 0.0                              # ClearScalar<float32>
        %21 = add(%19, %20)                    # EncryptedTensor<float64, shape=(1, 256, 14, 14)>
        %22 = 0.0                              # ClearScalar<float64>
        %23 = 15.0                             # ClearScalar<float64>
        %24 = clip(%21, %22, %23)              # EncryptedTensor<float64, shape=(1, 256, 14, 14)>
        %25 = rint(%24)                        # EncryptedTensor<float64, shape=(1, 256, 14, 14)>
        %26 = 0.0                              # ClearScalar<float32>
        %27 = subtract(%25, %26)               # EncryptedTensor<float64, shape=(1, 256, 14, 14)>
        %28 = 0.5832792                        # ClearScalar<float32>
        %29 = multiply(%27, %28)               # EncryptedTensor<float64, shape=(1, 256, 14, 14)>
        %30 = 0.5832791924476624               # ClearScalar<float64>
        %31 = divide(%29, %30)                 # EncryptedTensor<float64, shape=(1, 256, 14, 14)>
        %32 = 0                                # ClearScalar<uint1>
        %33 = add(%31, %32)                    # EncryptedTensor<float64, shape=(1, 256, 14, 14)>
        %34 = rint(%33)                        # EncryptedTensor<float64, shape=(1, 256, 14, 14)>
        %35 = astype(%34, dtype=int_)          # EncryptedTensor<uint1, shape=(1, 256, 14, 14)>
        return %35

    %285 = subgraph(%284):

         %0 = input                            # EncryptedTensor<uint1, shape=(1, 1024, 14, 14)>          @ /trunk/trunk.15/C3/Conv.conv_rounding
         %1 = astype(%0, dtype=float64)        # EncryptedTensor<float64, shape=(1, 1024, 14, 14)>
         %2 = 0                                # ClearScalar<uint1>
         %3 = add(%1, %2)                      # EncryptedTensor<float64, shape=(1, 1024, 14, 14)>
         %4 = [[[[0]]  [ ... ]  [[0]]]]        # ClearTensor<uint1, shape=(1, 1024, 1, 1)>
         %5 = subtract(%3, %4)                 # EncryptedTensor<float64, shape=(1, 1024, 14, 14)>
         %6 = 0.015123480183330984             # ClearScalar<float64>
         %7 = multiply(%6, %5)                 # EncryptedTensor<float64, shape=(1, 1024, 14, 14)>
         %8 = [[[[-0.116 ... 259237]]]]        # ClearTensor<float32, shape=(1, 1024, 1, 1)>
         %9 = subtract(%7, %8)                 # EncryptedTensor<float64, shape=(1, 1024, 14, 14)>
        %10 = [[[[0.5480 ... 959697]]]]        # ClearTensor<float32, shape=(1, 1024, 1, 1)>
        %11 = divide(%9, %10)                  # EncryptedTensor<float64, shape=(1, 1024, 14, 14)>
        %12 = [[[[0.8965 ... 17647 ]]]]        # ClearTensor<float32, shape=(1, 1024, 1, 1)>
        %13 = multiply(%11, %12)               # EncryptedTensor<float64, shape=(1, 1024, 14, 14)>
        %14 = [[[[ 0.004 ... 538484]]]]        # ClearTensor<float32, shape=(1, 1024, 1, 1)>
        %15 = add(%13, %14)                    # EncryptedTensor<float64, shape=(1, 1024, 14, 14)>
        %16 = 1.1737438                        # ClearScalar<float32>
        %17 = divide(%15, %16)                 # EncryptedTensor<float64, shape=(1, 1024, 14, 14)>
        %18 = 0.0                              # ClearScalar<float32>
        %19 = add(%17, %18)                    # EncryptedTensor<float64, shape=(1, 1024, 14, 14)>
        %20 = -8.0                             # ClearScalar<float64>
        %21 = 7.0                              # ClearScalar<float64>
        %22 = clip(%19, %20, %21)              # EncryptedTensor<float64, shape=(1, 1024, 14, 14)>
        %23 = rint(%22)                        # EncryptedTensor<float64, shape=(1, 1024, 14, 14)>
        %24 = 0.0                              # ClearScalar<float32>
        %25 = subtract(%23, %24)               # EncryptedTensor<float64, shape=(1, 1024, 14, 14)>
        %26 = 1.1737438                        # ClearScalar<float32>
        %27 = multiply(%25, %26)               # EncryptedTensor<float64, shape=(1, 1024, 14, 14)>
        %28 = 1.1737438440322876               # ClearScalar<float64>
        %29 = divide(%27, %28)                 # EncryptedTensor<float64, shape=(1, 1024, 14, 14)>
        %30 = 0                                # ClearScalar<uint1>
        %31 = add(%29, %30)                    # EncryptedTensor<float64, shape=(1, 1024, 14, 14)>
        %32 = rint(%31)                        # EncryptedTensor<float64, shape=(1, 1024, 14, 14)>
        %33 = astype(%32, dtype=int_)          # EncryptedTensor<uint1, shape=(1, 1024, 14, 14)>
        return %33

    %286 = subgraph(%268):

         %0 = input                          # EncryptedTensor<uint2, shape=(1, 1024, 14, 14)>
         %1 = 0.0                            # ClearScalar<float64>
         %2 = subtract(%0, %1)               # EncryptedTensor<float64, shape=(1, 1024, 14, 14)>
         %3 = 0.8367010431904947             # ClearScalar<float64>
         %4 = multiply(%3, %2)               # EncryptedTensor<float64, shape=(1, 1024, 14, 14)>
         %5 = 0                              # ClearScalar<uint1>
         %6 = maximum(%4, %5)                # EncryptedTensor<float64, shape=(1, 1024, 14, 14)>
         %7 = 1.7060955                      # ClearScalar<float32>
         %8 = divide(%6, %7)                 # EncryptedTensor<float64, shape=(1, 1024, 14, 14)>
         %9 = 0.0                            # ClearScalar<float32>
        %10 = add(%8, %9)                    # EncryptedTensor<float64, shape=(1, 1024, 14, 14)>
        %11 = 0.0                            # ClearScalar<float64>
        %12 = 15.0                           # ClearScalar<float64>
        %13 = clip(%10, %11, %12)            # EncryptedTensor<float64, shape=(1, 1024, 14, 14)>
        %14 = rint(%13)                      # EncryptedTensor<float64, shape=(1, 1024, 14, 14)>
        %15 = 0.0                            # ClearScalar<float32>
        %16 = subtract(%14, %15)             # EncryptedTensor<float64, shape=(1, 1024, 14, 14)>
        %17 = 1.7060955                      # ClearScalar<float32>
        %18 = multiply(%16, %17)             # EncryptedTensor<float64, shape=(1, 1024, 14, 14)>
        %19 = 1.7060954570770264             # ClearScalar<float64>
        %20 = divide(%18, %19)               # EncryptedTensor<float64, shape=(1, 1024, 14, 14)>
        %21 = 0                              # ClearScalar<uint1>
        %22 = add(%20, %21)                  # EncryptedTensor<float64, shape=(1, 1024, 14, 14)>
        %23 = rint(%22)                      # EncryptedTensor<float64, shape=(1, 1024, 14, 14)>
        %24 = astype(%23, dtype=int_)        # EncryptedTensor<uint1, shape=(1, 1024, 14, 14)>
        return %24

    %287 = subgraph(%285):

         %0 = input                         # EncryptedTensor<uint1, shape=(1, 1024, 14, 14)>
         %1 = 0.0                           # ClearScalar<float64>
         %2 = subtract(%0, %1)              # EncryptedTensor<float64, shape=(1, 1024, 14, 14)>
         %3 = 1.1737438440322876            # ClearScalar<float64>
         %4 = multiply(%3, %2)              # EncryptedTensor<float64, shape=(1, 1024, 14, 14)>
         %5 = 0.9804983177492695            # ClearScalar<float64>
         %6 = divide(%4, %5)                # EncryptedTensor<float64, shape=(1, 1024, 14, 14)>
         %7 = 0                             # ClearScalar<uint1>
         %8 = add(%6, %7)                   # EncryptedTensor<float64, shape=(1, 1024, 14, 14)>
         %9 = rint(%8)                      # EncryptedTensor<float64, shape=(1, 1024, 14, 14)>
        %10 = astype(%9, dtype=int_)        # EncryptedTensor<uint1, shape=(1, 1024, 14, 14)>
        return %10

    %288 = subgraph(%286):

         %0 = input                         # EncryptedTensor<uint1, shape=(1, 1024, 14, 14)>
         %1 = 0.0                           # ClearScalar<float64>
         %2 = subtract(%0, %1)              # EncryptedTensor<float64, shape=(1, 1024, 14, 14)>
         %3 = 1.7060954570770264            # ClearScalar<float64>
         %4 = multiply(%3, %2)              # EncryptedTensor<float64, shape=(1, 1024, 14, 14)>
         %5 = 0.9804983177492695            # ClearScalar<float64>
         %6 = divide(%4, %5)                # EncryptedTensor<float64, shape=(1, 1024, 14, 14)>
         %7 = 0                             # ClearScalar<uint1>
         %8 = add(%6, %7)                   # EncryptedTensor<float64, shape=(1, 1024, 14, 14)>
         %9 = rint(%8)                      # EncryptedTensor<float64, shape=(1, 1024, 14, 14)>
        %10 = astype(%9, dtype=int_)        # EncryptedTensor<uint1, shape=(1, 1024, 14, 14)>
        return %10

    %292 = subgraph(%291):

         %0 = input                          # EncryptedTensor<uint2, shape=(1, 1024, 14, 14)>
         %1 = 0.0                            # ClearScalar<float64>
         %2 = subtract(%0, %1)               # EncryptedTensor<float64, shape=(1, 1024, 14, 14)>
         %3 = 0.9804983177492695             # ClearScalar<float64>
         %4 = multiply(%3, %2)               # EncryptedTensor<float64, shape=(1, 1024, 14, 14)>
         %5 = 0                              # ClearScalar<uint1>
         %6 = maximum(%4, %5)                # EncryptedTensor<float64, shape=(1, 1024, 14, 14)>
         %7 = 2.0925648                      # ClearScalar<float32>
         %8 = divide(%6, %7)                 # EncryptedTensor<float64, shape=(1, 1024, 14, 14)>
         %9 = 0.0                            # ClearScalar<float32>
        %10 = add(%8, %9)                    # EncryptedTensor<float64, shape=(1, 1024, 14, 14)>
        %11 = 0.0                            # ClearScalar<float64>
        %12 = 15.0                           # ClearScalar<float64>
        %13 = clip(%10, %11, %12)            # EncryptedTensor<float64, shape=(1, 1024, 14, 14)>
        %14 = rint(%13)                      # EncryptedTensor<float64, shape=(1, 1024, 14, 14)>
        %15 = 0.0                            # ClearScalar<float32>
        %16 = subtract(%14, %15)             # EncryptedTensor<float64, shape=(1, 1024, 14, 14)>
        %17 = 2.0925648                      # ClearScalar<float32>
        %18 = multiply(%16, %17)             # EncryptedTensor<float64, shape=(1, 1024, 14, 14)>
        %19 = 2.092564821243286              # ClearScalar<float64>
        %20 = divide(%18, %19)               # EncryptedTensor<float64, shape=(1, 1024, 14, 14)>
        %21 = 0                              # ClearScalar<uint1>
        %22 = add(%20, %21)                  # EncryptedTensor<float64, shape=(1, 1024, 14, 14)>
        %23 = rint(%22)                      # EncryptedTensor<float64, shape=(1, 1024, 14, 14)>
        %24 = astype(%23, dtype=int_)        # EncryptedTensor<uint1, shape=(1, 1024, 14, 14)>
        return %24

    %296 = subgraph(%295):

         %0 = input                            # EncryptedTensor<uint1, shape=(1, 256, 14, 14)>          @ /trunk/trunk.16/C1/Conv.conv_rounding
         %1 = astype(%0, dtype=float64)        # EncryptedTensor<float64, shape=(1, 256, 14, 14)>
         %2 = 0                                # ClearScalar<uint1>
         %3 = add(%1, %2)                      # EncryptedTensor<float64, shape=(1, 256, 14, 14)>
         %4 = [[[[0]]  [ ... ]  [[0]]]]        # ClearTensor<uint1, shape=(1, 256, 1, 1)>
         %5 = subtract(%3, %4)                 # EncryptedTensor<float64, shape=(1, 256, 14, 14)>
         %6 = 0.12528908413746898              # ClearScalar<float64>
         %7 = multiply(%6, %5)                 # EncryptedTensor<float64, shape=(1, 256, 14, 14)>
         %8 = [[[[  1.38 ... 65173 ]]]]        # ClearTensor<float32, shape=(1, 256, 1, 1)>
         %9 = subtract(%7, %8)                 # EncryptedTensor<float64, shape=(1, 256, 14, 14)>
        %10 = [[[[ 5.029 ... 42927 ]]]]        # ClearTensor<float32, shape=(1, 256, 1, 1)>
        %11 = divide(%9, %10)                  # EncryptedTensor<float64, shape=(1, 256, 14, 14)>
        %12 = [[[[0.8389 ... 06273 ]]]]        # ClearTensor<float32, shape=(1, 256, 1, 1)>
        %13 = multiply(%11, %12)               # EncryptedTensor<float64, shape=(1, 256, 14, 14)>
        %14 = [[[[-0.000 ... 37349 ]]]]        # ClearTensor<float32, shape=(1, 256, 1, 1)>
        %15 = add(%13, %14)                    # EncryptedTensor<float64, shape=(1, 256, 14, 14)>
        %16 = 0                                # ClearScalar<uint1>
        %17 = maximum(%15, %16)                # EncryptedTensor<float64, shape=(1, 256, 14, 14)>
        %18 = 0.48446745                       # ClearScalar<float32>
        %19 = divide(%17, %18)                 # EncryptedTensor<float64, shape=(1, 256, 14, 14)>
        %20 = 0.0                              # ClearScalar<float32>
        %21 = add(%19, %20)                    # EncryptedTensor<float64, shape=(1, 256, 14, 14)>
        %22 = 0.0                              # ClearScalar<float64>
        %23 = 15.0                             # ClearScalar<float64>
        %24 = clip(%21, %22, %23)              # EncryptedTensor<float64, shape=(1, 256, 14, 14)>
        %25 = rint(%24)                        # EncryptedTensor<float64, shape=(1, 256, 14, 14)>
        %26 = 0.0                              # ClearScalar<float32>
        %27 = subtract(%25, %26)               # EncryptedTensor<float64, shape=(1, 256, 14, 14)>
        %28 = 0.48446745                       # ClearScalar<float32>
        %29 = multiply(%27, %28)               # EncryptedTensor<float64, shape=(1, 256, 14, 14)>
        %30 = 0.48446744680404663              # ClearScalar<float64>
        %31 = divide(%29, %30)                 # EncryptedTensor<float64, shape=(1, 256, 14, 14)>
        %32 = 0                                # ClearScalar<uint1>
        %33 = add(%31, %32)                    # EncryptedTensor<float64, shape=(1, 256, 14, 14)>
        %34 = rint(%33)                        # EncryptedTensor<float64, shape=(1, 256, 14, 14)>
        %35 = astype(%34, dtype=int_)          # EncryptedTensor<uint1, shape=(1, 256, 14, 14)>
        return %35

    %304 = subgraph(%303):

         %0 = input                            # EncryptedTensor<uint1, shape=(1, 256, 14, 14)>          @ /trunk/trunk.16/C2/Conv.conv_rounding
         %1 = astype(%0, dtype=float64)        # EncryptedTensor<float64, shape=(1, 256, 14, 14)>
         %2 = 0                                # ClearScalar<uint1>
         %3 = add(%1, %2)                      # EncryptedTensor<float64, shape=(1, 256, 14, 14)>
         %4 = [[[[0]]  [ ... ]  [[0]]]]        # ClearTensor<uint1, shape=(1, 256, 1, 1)>
         %5 = subtract(%3, %4)                 # EncryptedTensor<float64, shape=(1, 256, 14, 14)>
         %6 = 0.009946321685028736             # ClearScalar<float64>
         %7 = multiply(%6, %5)                 # EncryptedTensor<float64, shape=(1, 256, 14, 14)>
         %8 = [[[[-0.049 ... 66981 ]]]]        # ClearTensor<float32, shape=(1, 256, 1, 1)>
         %9 = subtract(%7, %8)                 # EncryptedTensor<float64, shape=(1, 256, 14, 14)>
        %10 = [[[[1.3150 ... 4504  ]]]]        # ClearTensor<float32, shape=(1, 256, 1, 1)>
        %11 = divide(%9, %10)                  # EncryptedTensor<float64, shape=(1, 256, 14, 14)>
        %12 = [[[[0.9493 ... 72514 ]]]]        # ClearTensor<float32, shape=(1, 256, 1, 1)>
        %13 = multiply(%11, %12)               # EncryptedTensor<float64, shape=(1, 256, 14, 14)>
        %14 = [[[[ 3.206 ... 09e-03]]]]        # ClearTensor<float32, shape=(1, 256, 1, 1)>
        %15 = add(%13, %14)                    # EncryptedTensor<float64, shape=(1, 256, 14, 14)>
        %16 = 0                                # ClearScalar<uint1>
        %17 = maximum(%15, %16)                # EncryptedTensor<float64, shape=(1, 256, 14, 14)>
        %18 = 0.54089737                       # ClearScalar<float32>
        %19 = divide(%17, %18)                 # EncryptedTensor<float64, shape=(1, 256, 14, 14)>
        %20 = 0.0                              # ClearScalar<float32>
        %21 = add(%19, %20)                    # EncryptedTensor<float64, shape=(1, 256, 14, 14)>
        %22 = 0.0                              # ClearScalar<float64>
        %23 = 15.0                             # ClearScalar<float64>
        %24 = clip(%21, %22, %23)              # EncryptedTensor<float64, shape=(1, 256, 14, 14)>
        %25 = rint(%24)                        # EncryptedTensor<float64, shape=(1, 256, 14, 14)>
        %26 = 0.0                              # ClearScalar<float32>
        %27 = subtract(%25, %26)               # EncryptedTensor<float64, shape=(1, 256, 14, 14)>
        %28 = 0.54089737                       # ClearScalar<float32>
        %29 = multiply(%27, %28)               # EncryptedTensor<float64, shape=(1, 256, 14, 14)>
        %30 = 0.5408973693847656               # ClearScalar<float64>
        %31 = divide(%29, %30)                 # EncryptedTensor<float64, shape=(1, 256, 14, 14)>
        %32 = 0                                # ClearScalar<uint1>
        %33 = add(%31, %32)                    # EncryptedTensor<float64, shape=(1, 256, 14, 14)>
        %34 = rint(%33)                        # EncryptedTensor<float64, shape=(1, 256, 14, 14)>
        %35 = astype(%34, dtype=int_)          # EncryptedTensor<uint1, shape=(1, 256, 14, 14)>
        return %35

    %308 = subgraph(%307):

         %0 = input                            # EncryptedTensor<uint1, shape=(1, 1024, 14, 14)>          @ /trunk/trunk.16/C3/Conv.conv_rounding
         %1 = astype(%0, dtype=float64)        # EncryptedTensor<float64, shape=(1, 1024, 14, 14)>
         %2 = 0                                # ClearScalar<uint1>
         %3 = add(%1, %2)                      # EncryptedTensor<float64, shape=(1, 1024, 14, 14)>
         %4 = [[[[0]]  [ ... ]  [[0]]]]        # ClearTensor<uint1, shape=(1, 1024, 1, 1)>
         %5 = subtract(%3, %4)                 # EncryptedTensor<float64, shape=(1, 1024, 14, 14)>
         %6 = 0.016818165967457332             # ClearScalar<float64>
         %7 = multiply(%6, %5)                 # EncryptedTensor<float64, shape=(1, 1024, 14, 14)>
         %8 = [[[[-0.215 ... 224158]]]]        # ClearTensor<float32, shape=(1, 1024, 1, 1)>
         %9 = subtract(%7, %8)                 # EncryptedTensor<float64, shape=(1, 1024, 14, 14)>
        %10 = [[[[0.6474 ... 229215]]]]        # ClearTensor<float32, shape=(1, 1024, 1, 1)>
        %11 = divide(%9, %10)                  # EncryptedTensor<float64, shape=(1, 1024, 14, 14)>
        %12 = [[[[0.8288 ... 94238 ]]]]        # ClearTensor<float32, shape=(1, 1024, 1, 1)>
        %13 = multiply(%11, %12)               # EncryptedTensor<float64, shape=(1, 1024, 14, 14)>
        %14 = [[[[-0.004 ... 74286 ]]]]        # ClearTensor<float32, shape=(1, 1024, 1, 1)>
        %15 = add(%13, %14)                    # EncryptedTensor<float64, shape=(1, 1024, 14, 14)>
        %16 = 1.0591937                        # ClearScalar<float32>
        %17 = divide(%15, %16)                 # EncryptedTensor<float64, shape=(1, 1024, 14, 14)>
        %18 = 0.0                              # ClearScalar<float32>
        %19 = add(%17, %18)                    # EncryptedTensor<float64, shape=(1, 1024, 14, 14)>
        %20 = -8.0                             # ClearScalar<float64>
        %21 = 7.0                              # ClearScalar<float64>
        %22 = clip(%19, %20, %21)              # EncryptedTensor<float64, shape=(1, 1024, 14, 14)>
        %23 = rint(%22)                        # EncryptedTensor<float64, shape=(1, 1024, 14, 14)>
        %24 = 0.0                              # ClearScalar<float32>
        %25 = subtract(%23, %24)               # EncryptedTensor<float64, shape=(1, 1024, 14, 14)>
        %26 = 1.0591937                        # ClearScalar<float32>
        %27 = multiply(%25, %26)               # EncryptedTensor<float64, shape=(1, 1024, 14, 14)>
        %28 = 1.059193730354309                # ClearScalar<float64>
        %29 = divide(%27, %28)                 # EncryptedTensor<float64, shape=(1, 1024, 14, 14)>
        %30 = 0                                # ClearScalar<uint1>
        %31 = add(%29, %30)                    # EncryptedTensor<float64, shape=(1, 1024, 14, 14)>
        %32 = rint(%31)                        # EncryptedTensor<float64, shape=(1, 1024, 14, 14)>
        %33 = astype(%32, dtype=int_)          # EncryptedTensor<uint1, shape=(1, 1024, 14, 14)>
        return %33

    %309 = subgraph(%291):

         %0 = input                          # EncryptedTensor<uint2, shape=(1, 1024, 14, 14)>
         %1 = 0.0                            # ClearScalar<float64>
         %2 = subtract(%0, %1)               # EncryptedTensor<float64, shape=(1, 1024, 14, 14)>
         %3 = 0.9804983177492695             # ClearScalar<float64>
         %4 = multiply(%3, %2)               # EncryptedTensor<float64, shape=(1, 1024, 14, 14)>
         %5 = 0                              # ClearScalar<uint1>
         %6 = maximum(%4, %5)                # EncryptedTensor<float64, shape=(1, 1024, 14, 14)>
         %7 = 2.0925648                      # ClearScalar<float32>
         %8 = divide(%6, %7)                 # EncryptedTensor<float64, shape=(1, 1024, 14, 14)>
         %9 = 0.0                            # ClearScalar<float32>
        %10 = add(%8, %9)                    # EncryptedTensor<float64, shape=(1, 1024, 14, 14)>
        %11 = 0.0                            # ClearScalar<float64>
        %12 = 15.0                           # ClearScalar<float64>
        %13 = clip(%10, %11, %12)            # EncryptedTensor<float64, shape=(1, 1024, 14, 14)>
        %14 = rint(%13)                      # EncryptedTensor<float64, shape=(1, 1024, 14, 14)>
        %15 = 0.0                            # ClearScalar<float32>
        %16 = subtract(%14, %15)             # EncryptedTensor<float64, shape=(1, 1024, 14, 14)>
        %17 = 2.0925648                      # ClearScalar<float32>
        %18 = multiply(%16, %17)             # EncryptedTensor<float64, shape=(1, 1024, 14, 14)>
        %19 = 2.092564821243286              # ClearScalar<float64>
        %20 = divide(%18, %19)               # EncryptedTensor<float64, shape=(1, 1024, 14, 14)>
        %21 = 0                              # ClearScalar<uint1>
        %22 = add(%20, %21)                  # EncryptedTensor<float64, shape=(1, 1024, 14, 14)>
        %23 = rint(%22)                      # EncryptedTensor<float64, shape=(1, 1024, 14, 14)>
        %24 = astype(%23, dtype=int_)        # EncryptedTensor<uint1, shape=(1, 1024, 14, 14)>
        return %24

    %310 = subgraph(%308):

         %0 = input                         # EncryptedTensor<uint1, shape=(1, 1024, 14, 14)>
         %1 = 0.0                           # ClearScalar<float64>
         %2 = subtract(%0, %1)              # EncryptedTensor<float64, shape=(1, 1024, 14, 14)>
         %3 = 1.059193730354309             # ClearScalar<float64>
         %4 = multiply(%3, %2)              # EncryptedTensor<float64, shape=(1, 1024, 14, 14)>
         %5 = 1.1850350403016614            # ClearScalar<float64>
         %6 = divide(%4, %5)                # EncryptedTensor<float64, shape=(1, 1024, 14, 14)>
         %7 = 0                             # ClearScalar<uint1>
         %8 = add(%6, %7)                   # EncryptedTensor<float64, shape=(1, 1024, 14, 14)>
         %9 = rint(%8)                      # EncryptedTensor<float64, shape=(1, 1024, 14, 14)>
        %10 = astype(%9, dtype=int_)        # EncryptedTensor<uint1, shape=(1, 1024, 14, 14)>
        return %10

    %311 = subgraph(%309):

         %0 = input                         # EncryptedTensor<uint1, shape=(1, 1024, 14, 14)>
         %1 = 0.0                           # ClearScalar<float64>
         %2 = subtract(%0, %1)              # EncryptedTensor<float64, shape=(1, 1024, 14, 14)>
         %3 = 2.092564821243286             # ClearScalar<float64>
         %4 = multiply(%3, %2)              # EncryptedTensor<float64, shape=(1, 1024, 14, 14)>
         %5 = 1.1850350403016614            # ClearScalar<float64>
         %6 = divide(%4, %5)                # EncryptedTensor<float64, shape=(1, 1024, 14, 14)>
         %7 = 0                             # ClearScalar<uint1>
         %8 = add(%6, %7)                   # EncryptedTensor<float64, shape=(1, 1024, 14, 14)>
         %9 = rint(%8)                      # EncryptedTensor<float64, shape=(1, 1024, 14, 14)>
        %10 = astype(%9, dtype=int_)        # EncryptedTensor<uint1, shape=(1, 1024, 14, 14)>
        return %10

    %315 = subgraph(%314):

         %0 = input                          # EncryptedTensor<uint2, shape=(1, 1024, 14, 14)>
         %1 = 0.0                            # ClearScalar<float64>
         %2 = subtract(%0, %1)               # EncryptedTensor<float64, shape=(1, 1024, 14, 14)>
         %3 = 1.1850350403016614             # ClearScalar<float64>
         %4 = multiply(%3, %2)               # EncryptedTensor<float64, shape=(1, 1024, 14, 14)>
         %5 = 0                              # ClearScalar<uint1>
         %6 = maximum(%4, %5)                # EncryptedTensor<float64, shape=(1, 1024, 14, 14)>
         %7 = 2.424031                       # ClearScalar<float32>
         %8 = divide(%6, %7)                 # EncryptedTensor<float64, shape=(1, 1024, 14, 14)>
         %9 = 0.0                            # ClearScalar<float32>
        %10 = add(%8, %9)                    # EncryptedTensor<float64, shape=(1, 1024, 14, 14)>
        %11 = 0.0                            # ClearScalar<float64>
        %12 = 15.0                           # ClearScalar<float64>
        %13 = clip(%10, %11, %12)            # EncryptedTensor<float64, shape=(1, 1024, 14, 14)>
        %14 = rint(%13)                      # EncryptedTensor<float64, shape=(1, 1024, 14, 14)>
        %15 = 0.0                            # ClearScalar<float32>
        %16 = subtract(%14, %15)             # EncryptedTensor<float64, shape=(1, 1024, 14, 14)>
        %17 = 2.424031                       # ClearScalar<float32>
        %18 = multiply(%16, %17)             # EncryptedTensor<float64, shape=(1, 1024, 14, 14)>
        %19 = 2.4240310192108154             # ClearScalar<float64>
        %20 = divide(%18, %19)               # EncryptedTensor<float64, shape=(1, 1024, 14, 14)>
        %21 = 0                              # ClearScalar<uint1>
        %22 = add(%20, %21)                  # EncryptedTensor<float64, shape=(1, 1024, 14, 14)>
        %23 = rint(%22)                      # EncryptedTensor<float64, shape=(1, 1024, 14, 14)>
        %24 = astype(%23, dtype=int_)        # EncryptedTensor<uint1, shape=(1, 1024, 14, 14)>
        return %24

    %319 = subgraph(%318):

         %0 = input                            # EncryptedTensor<uint1, shape=(1, 512, 14, 14)>          @ /trunk/trunk.17/C1/Conv.conv_rounding
         %1 = astype(%0, dtype=float64)        # EncryptedTensor<float64, shape=(1, 512, 14, 14)>
         %2 = 0                                # ClearScalar<uint1>
         %3 = add(%1, %2)                      # EncryptedTensor<float64, shape=(1, 512, 14, 14)>
         %4 = [[[[0]]  [ ... ]  [[0]]]]        # ClearTensor<uint1, shape=(1, 512, 1, 1)>
         %5 = subtract(%3, %4)                 # EncryptedTensor<float64, shape=(1, 512, 14, 14)>
         %6 = 0.10771144369867613              # ClearScalar<float64>
         %7 = multiply(%6, %5)                 # EncryptedTensor<float64, shape=(1, 512, 14, 14)>
         %8 = [[[[ 4.012 ... 55e+00]]]]        # ClearTensor<float32, shape=(1, 512, 1, 1)>
         %9 = subtract(%7, %8)                 # EncryptedTensor<float64, shape=(1, 512, 14, 14)>
        %10 = [[[[ 7.005 ... 549766]]]]        # ClearTensor<float32, shape=(1, 512, 1, 1)>
        %11 = divide(%9, %10)                  # EncryptedTensor<float64, shape=(1, 512, 14, 14)>
        %12 = [[[[0.8851 ... 7493  ]]]]        # ClearTensor<float32, shape=(1, 512, 1, 1)>
        %13 = multiply(%11, %12)               # EncryptedTensor<float64, shape=(1, 512, 14, 14)>
        %14 = [[[[ 6.805 ... 39e-03]]]]        # ClearTensor<float32, shape=(1, 512, 1, 1)>
        %15 = add(%13, %14)                    # EncryptedTensor<float64, shape=(1, 512, 14, 14)>
        %16 = 0                                # ClearScalar<uint1>
        %17 = maximum(%15, %16)                # EncryptedTensor<float64, shape=(1, 512, 14, 14)>
        %18 = 0.5131304                        # ClearScalar<float32>
        %19 = divide(%17, %18)                 # EncryptedTensor<float64, shape=(1, 512, 14, 14)>
        %20 = 0.0                              # ClearScalar<float32>
        %21 = add(%19, %20)                    # EncryptedTensor<float64, shape=(1, 512, 14, 14)>
        %22 = 0.0                              # ClearScalar<float64>
        %23 = 15.0                             # ClearScalar<float64>
        %24 = clip(%21, %22, %23)              # EncryptedTensor<float64, shape=(1, 512, 14, 14)>
        %25 = rint(%24)                        # EncryptedTensor<float64, shape=(1, 512, 14, 14)>
        %26 = 0.0                              # ClearScalar<float32>
        %27 = subtract(%25, %26)               # EncryptedTensor<float64, shape=(1, 512, 14, 14)>
        %28 = 0.5131304                        # ClearScalar<float32>
        %29 = multiply(%27, %28)               # EncryptedTensor<float64, shape=(1, 512, 14, 14)>
        %30 = 0.5131304264068604               # ClearScalar<float64>
        %31 = divide(%29, %30)                 # EncryptedTensor<float64, shape=(1, 512, 14, 14)>
        %32 = 0                                # ClearScalar<uint1>
        %33 = add(%31, %32)                    # EncryptedTensor<float64, shape=(1, 512, 14, 14)>
        %34 = rint(%33)                        # EncryptedTensor<float64, shape=(1, 512, 14, 14)>
        %35 = astype(%34, dtype=int_)          # EncryptedTensor<uint1, shape=(1, 512, 14, 14)>
        return %35

    %327 = subgraph(%326):

         %0 = input                            # EncryptedTensor<uint1, shape=(1, 512, 7, 7)>          @ /trunk/trunk.17/C2/Conv.conv_rounding
         %1 = astype(%0, dtype=float64)        # EncryptedTensor<float64, shape=(1, 512, 7, 7)>
         %2 = 0                                # ClearScalar<uint1>
         %3 = add(%1, %2)                      # EncryptedTensor<float64, shape=(1, 512, 7, 7)>
         %4 = [[[[0]]  [ ... ]  [[0]]]]        # ClearTensor<uint1, shape=(1, 512, 1, 1)>
         %5 = subtract(%3, %4)                 # EncryptedTensor<float64, shape=(1, 512, 7, 7)>
         %6 = 0.007396648268026551             # ClearScalar<float64>
         %7 = multiply(%6, %5)                 # EncryptedTensor<float64, shape=(1, 512, 7, 7)>
         %8 = [[[[ 0.922 ... 9495  ]]]]        # ClearTensor<float32, shape=(1, 512, 1, 1)>
         %9 = subtract(%7, %8)                 # EncryptedTensor<float64, shape=(1, 512, 7, 7)>
        %10 = [[[[3.2833 ... 294299]]]]        # ClearTensor<float32, shape=(1, 512, 1, 1)>
        %11 = divide(%9, %10)                  # EncryptedTensor<float64, shape=(1, 512, 7, 7)>
        %12 = [[[[0.9538 ... 34142 ]]]]        # ClearTensor<float32, shape=(1, 512, 1, 1)>
        %13 = multiply(%11, %12)               # EncryptedTensor<float64, shape=(1, 512, 7, 7)>
        %14 = [[[[ 1.510 ... 16e-03]]]]        # ClearTensor<float32, shape=(1, 512, 1, 1)>
        %15 = add(%13, %14)                    # EncryptedTensor<float64, shape=(1, 512, 7, 7)>
        %16 = 0                                # ClearScalar<uint1>
        %17 = maximum(%15, %16)                # EncryptedTensor<float64, shape=(1, 512, 7, 7)>
        %18 = 0.5161495                        # ClearScalar<float32>
        %19 = divide(%17, %18)                 # EncryptedTensor<float64, shape=(1, 512, 7, 7)>
        %20 = 0.0                              # ClearScalar<float32>
        %21 = add(%19, %20)                    # EncryptedTensor<float64, shape=(1, 512, 7, 7)>
        %22 = 0.0                              # ClearScalar<float64>
        %23 = 15.0                             # ClearScalar<float64>
        %24 = clip(%21, %22, %23)              # EncryptedTensor<float64, shape=(1, 512, 7, 7)>
        %25 = rint(%24)                        # EncryptedTensor<float64, shape=(1, 512, 7, 7)>
        %26 = 0.0                              # ClearScalar<float32>
        %27 = subtract(%25, %26)               # EncryptedTensor<float64, shape=(1, 512, 7, 7)>
        %28 = 0.5161495                        # ClearScalar<float32>
        %29 = multiply(%27, %28)               # EncryptedTensor<float64, shape=(1, 512, 7, 7)>
        %30 = 0.5161495208740234               # ClearScalar<float64>
        %31 = divide(%29, %30)                 # EncryptedTensor<float64, shape=(1, 512, 7, 7)>
        %32 = 0                                # ClearScalar<uint1>
        %33 = add(%31, %32)                    # EncryptedTensor<float64, shape=(1, 512, 7, 7)>
        %34 = rint(%33)                        # EncryptedTensor<float64, shape=(1, 512, 7, 7)>
        %35 = astype(%34, dtype=int_)          # EncryptedTensor<uint1, shape=(1, 512, 7, 7)>
        return %35

    %331 = subgraph(%314):

         %0 = input                          # EncryptedTensor<uint2, shape=(1, 1024, 14, 14)>
         %1 = 0.0                            # ClearScalar<float64>
         %2 = subtract(%0, %1)               # EncryptedTensor<float64, shape=(1, 1024, 14, 14)>
         %3 = 1.1850350403016614             # ClearScalar<float64>
         %4 = multiply(%3, %2)               # EncryptedTensor<float64, shape=(1, 1024, 14, 14)>
         %5 = 0                              # ClearScalar<uint1>
         %6 = maximum(%4, %5)                # EncryptedTensor<float64, shape=(1, 1024, 14, 14)>
         %7 = 2.424031                       # ClearScalar<float32>
         %8 = divide(%6, %7)                 # EncryptedTensor<float64, shape=(1, 1024, 14, 14)>
         %9 = 0.0                            # ClearScalar<float32>
        %10 = add(%8, %9)                    # EncryptedTensor<float64, shape=(1, 1024, 14, 14)>
        %11 = 0.0                            # ClearScalar<float64>
        %12 = 15.0                           # ClearScalar<float64>
        %13 = clip(%10, %11, %12)            # EncryptedTensor<float64, shape=(1, 1024, 14, 14)>
        %14 = rint(%13)                      # EncryptedTensor<float64, shape=(1, 1024, 14, 14)>
        %15 = 0.0                            # ClearScalar<float32>
        %16 = subtract(%14, %15)             # EncryptedTensor<float64, shape=(1, 1024, 14, 14)>
        %17 = 2.424031                       # ClearScalar<float32>
        %18 = multiply(%16, %17)             # EncryptedTensor<float64, shape=(1, 1024, 14, 14)>
        %19 = 2.4240310192108154             # ClearScalar<float64>
        %20 = divide(%18, %19)               # EncryptedTensor<float64, shape=(1, 1024, 14, 14)>
        %21 = 0                              # ClearScalar<uint1>
        %22 = add(%20, %21)                  # EncryptedTensor<float64, shape=(1, 1024, 14, 14)>
        %23 = rint(%22)                      # EncryptedTensor<float64, shape=(1, 1024, 14, 14)>
        %24 = astype(%23, dtype=int_)        # EncryptedTensor<uint1, shape=(1, 1024, 14, 14)>
        return %24

    %335 = subgraph(%330):

         %0 = input                            # EncryptedTensor<uint1, shape=(1, 2048, 7, 7)>          @ /trunk/trunk.17/C3/Conv.conv_rounding
         %1 = astype(%0, dtype=float64)        # EncryptedTensor<float64, shape=(1, 2048, 7, 7)>
         %2 = 0                                # ClearScalar<uint1>
         %3 = add(%1, %2)                      # EncryptedTensor<float64, shape=(1, 2048, 7, 7)>
         %4 = [[[[0]]  [ ... ]  [[0]]]]        # ClearTensor<uint1, shape=(1, 2048, 1, 1)>
         %5 = subtract(%3, %4)                 # EncryptedTensor<float64, shape=(1, 2048, 7, 7)>
         %6 = 0.011474934128187897             # ClearScalar<float64>
         %7 = multiply(%6, %5)                 # EncryptedTensor<float64, shape=(1, 2048, 7, 7)>
         %8 = [[[[ 0.489 ... 505743]]]]        # ClearTensor<float32, shape=(1, 2048, 1, 1)>
         %9 = subtract(%7, %8)                 # EncryptedTensor<float64, shape=(1, 2048, 7, 7)>
        %10 = [[[[1.2299 ... 800416]]]]        # ClearTensor<float32, shape=(1, 2048, 1, 1)>
        %11 = divide(%9, %10)                  # EncryptedTensor<float64, shape=(1, 2048, 7, 7)>
        %12 = [[[[0.9503 ... 118294]]]]        # ClearTensor<float32, shape=(1, 2048, 1, 1)>
        %13 = multiply(%11, %12)               # EncryptedTensor<float64, shape=(1, 2048, 7, 7)>
        %14 = [[[[-0.020 ... 631014]]]]        # ClearTensor<float32, shape=(1, 2048, 1, 1)>
        %15 = add(%13, %14)                    # EncryptedTensor<float64, shape=(1, 2048, 7, 7)>
        %16 = 1.0645207                        # ClearScalar<float32>
        %17 = divide(%15, %16)                 # EncryptedTensor<float64, shape=(1, 2048, 7, 7)>
        %18 = 0.0                              # ClearScalar<float32>
        %19 = add(%17, %18)                    # EncryptedTensor<float64, shape=(1, 2048, 7, 7)>
        %20 = -8.0                             # ClearScalar<float64>
        %21 = 7.0                              # ClearScalar<float64>
        %22 = clip(%19, %20, %21)              # EncryptedTensor<float64, shape=(1, 2048, 7, 7)>
        %23 = rint(%22)                        # EncryptedTensor<float64, shape=(1, 2048, 7, 7)>
        %24 = 0.0                              # ClearScalar<float32>
        %25 = subtract(%23, %24)               # EncryptedTensor<float64, shape=(1, 2048, 7, 7)>
        %26 = 1.0645207                        # ClearScalar<float32>
        %27 = multiply(%25, %26)               # EncryptedTensor<float64, shape=(1, 2048, 7, 7)>
        %28 = 1.0645207166671753               # ClearScalar<float64>
        %29 = divide(%27, %28)                 # EncryptedTensor<float64, shape=(1, 2048, 7, 7)>
        %30 = 0                                # ClearScalar<uint1>
        %31 = add(%29, %30)                    # EncryptedTensor<float64, shape=(1, 2048, 7, 7)>
        %32 = rint(%31)                        # EncryptedTensor<float64, shape=(1, 2048, 7, 7)>
        %33 = astype(%32, dtype=int_)          # EncryptedTensor<uint1, shape=(1, 2048, 7, 7)>
        return %33

    %336 = subgraph(%334):

         %0 = input                            # EncryptedTensor<uint1, shape=(1, 2048, 7, 7)>          @ /trunk/trunk.17/shortcut/Conv.conv_rounding
         %1 = astype(%0, dtype=float64)        # EncryptedTensor<float64, shape=(1, 2048, 7, 7)>
         %2 = 0                                # ClearScalar<uint1>
         %3 = add(%1, %2)                      # EncryptedTensor<float64, shape=(1, 2048, 7, 7)>
         %4 = [[[[0]]  [ ... ]  [[0]]]]        # ClearTensor<uint1, shape=(1, 2048, 1, 1)>
         %5 = subtract(%3, %4)                 # EncryptedTensor<float64, shape=(1, 2048, 7, 7)>
         %6 = 0.04991289785898401              # ClearScalar<float64>
         %7 = multiply(%6, %5)                 # EncryptedTensor<float64, shape=(1, 2048, 7, 7)>
         %8 = [[[[ 6.781 ... 24452 ]]]]        # ClearTensor<float32, shape=(1, 2048, 1, 1)>
         %9 = subtract(%7, %8)                 # EncryptedTensor<float64, shape=(1, 2048, 7, 7)>
        %10 = [[[[4.9551 ... 683395]]]]        # ClearTensor<float32, shape=(1, 2048, 1, 1)>
        %11 = divide(%9, %10)                  # EncryptedTensor<float64, shape=(1, 2048, 7, 7)>
        %12 = [[[[0.9870 ... 05591 ]]]]        # ClearTensor<float32, shape=(1, 2048, 1, 1)>
        %13 = multiply(%11, %12)               # EncryptedTensor<float64, shape=(1, 2048, 7, 7)>
        %14 = [[[[-0.000 ... 631014]]]]        # ClearTensor<float32, shape=(1, 2048, 1, 1)>
        %15 = add(%13, %14)                    # EncryptedTensor<float64, shape=(1, 2048, 7, 7)>
        %16 = 1.0424247                        # ClearScalar<float32>
        %17 = divide(%15, %16)                 # EncryptedTensor<float64, shape=(1, 2048, 7, 7)>
        %18 = 0.0                              # ClearScalar<float32>
        %19 = add(%17, %18)                    # EncryptedTensor<float64, shape=(1, 2048, 7, 7)>
        %20 = -8.0                             # ClearScalar<float64>
        %21 = 7.0                              # ClearScalar<float64>
        %22 = clip(%19, %20, %21)              # EncryptedTensor<float64, shape=(1, 2048, 7, 7)>
        %23 = rint(%22)                        # EncryptedTensor<float64, shape=(1, 2048, 7, 7)>
        %24 = 0.0                              # ClearScalar<float32>
        %25 = subtract(%23, %24)               # EncryptedTensor<float64, shape=(1, 2048, 7, 7)>
        %26 = 1.0424247                        # ClearScalar<float32>
        %27 = multiply(%25, %26)               # EncryptedTensor<float64, shape=(1, 2048, 7, 7)>
        %28 = 1.0424246788024902               # ClearScalar<float64>
        %29 = divide(%27, %28)                 # EncryptedTensor<float64, shape=(1, 2048, 7, 7)>
        %30 = 0                                # ClearScalar<uint1>
        %31 = add(%29, %30)                    # EncryptedTensor<float64, shape=(1, 2048, 7, 7)>
        %32 = rint(%31)                        # EncryptedTensor<float64, shape=(1, 2048, 7, 7)>
        %33 = astype(%32, dtype=int_)          # EncryptedTensor<uint1, shape=(1, 2048, 7, 7)>
        return %33

    %337 = subgraph(%335):

         %0 = input                         # EncryptedTensor<uint1, shape=(1, 2048, 7, 7)>
         %1 = 0.0                           # ClearScalar<float64>
         %2 = subtract(%0, %1)              # EncryptedTensor<float64, shape=(1, 2048, 7, 7)>
         %3 = 1.0645207166671753            # ClearScalar<float64>
         %4 = multiply(%3, %2)              # EncryptedTensor<float64, shape=(1, 2048, 7, 7)>
         %5 = 0.6796598049902147            # ClearScalar<float64>
         %6 = divide(%4, %5)                # EncryptedTensor<float64, shape=(1, 2048, 7, 7)>
         %7 = 0                             # ClearScalar<uint1>
         %8 = add(%6, %7)                   # EncryptedTensor<float64, shape=(1, 2048, 7, 7)>
         %9 = rint(%8)                      # EncryptedTensor<float64, shape=(1, 2048, 7, 7)>
        %10 = astype(%9, dtype=int_)        # EncryptedTensor<uint1, shape=(1, 2048, 7, 7)>
        return %10

    %338 = subgraph(%336):

         %0 = input                         # EncryptedTensor<uint1, shape=(1, 2048, 7, 7)>
         %1 = 0.0                           # ClearScalar<float64>
         %2 = subtract(%0, %1)              # EncryptedTensor<float64, shape=(1, 2048, 7, 7)>
         %3 = 1.0424246788024902            # ClearScalar<float64>
         %4 = multiply(%3, %2)              # EncryptedTensor<float64, shape=(1, 2048, 7, 7)>
         %5 = 0.6796598049902147            # ClearScalar<float64>
         %6 = divide(%4, %5)                # EncryptedTensor<float64, shape=(1, 2048, 7, 7)>
         %7 = 0                             # ClearScalar<uint1>
         %8 = add(%6, %7)                   # EncryptedTensor<float64, shape=(1, 2048, 7, 7)>
         %9 = rint(%8)                      # EncryptedTensor<float64, shape=(1, 2048, 7, 7)>
        %10 = astype(%9, dtype=int_)        # EncryptedTensor<uint1, shape=(1, 2048, 7, 7)>
        return %10

    %342 = subgraph(%341):

         %0 = input                          # EncryptedTensor<uint2, shape=(1, 2048, 7, 7)>
         %1 = 0.0                            # ClearScalar<float64>
         %2 = subtract(%0, %1)               # EncryptedTensor<float64, shape=(1, 2048, 7, 7)>
         %3 = 0.6796598049902147             # ClearScalar<float64>
         %4 = multiply(%3, %2)               # EncryptedTensor<float64, shape=(1, 2048, 7, 7)>
         %5 = 0                              # ClearScalar<uint1>
         %6 = maximum(%4, %5)                # EncryptedTensor<float64, shape=(1, 2048, 7, 7)>
         %7 = 0.9619039                      # ClearScalar<float32>
         %8 = divide(%6, %7)                 # EncryptedTensor<float64, shape=(1, 2048, 7, 7)>
         %9 = 0.0                            # ClearScalar<float32>
        %10 = add(%8, %9)                    # EncryptedTensor<float64, shape=(1, 2048, 7, 7)>
        %11 = 0.0                            # ClearScalar<float64>
        %12 = 15.0                           # ClearScalar<float64>
        %13 = clip(%10, %11, %12)            # EncryptedTensor<float64, shape=(1, 2048, 7, 7)>
        %14 = rint(%13)                      # EncryptedTensor<float64, shape=(1, 2048, 7, 7)>
        %15 = 0.0                            # ClearScalar<float32>
        %16 = subtract(%14, %15)             # EncryptedTensor<float64, shape=(1, 2048, 7, 7)>
        %17 = 0.9619039                      # ClearScalar<float32>
        %18 = multiply(%16, %17)             # EncryptedTensor<float64, shape=(1, 2048, 7, 7)>
        %19 = 0.9619039297103882             # ClearScalar<float64>
        %20 = divide(%18, %19)               # EncryptedTensor<float64, shape=(1, 2048, 7, 7)>
        %21 = 0                              # ClearScalar<uint1>
        %22 = add(%20, %21)                  # EncryptedTensor<float64, shape=(1, 2048, 7, 7)>
        %23 = rint(%22)                      # EncryptedTensor<float64, shape=(1, 2048, 7, 7)>
        %24 = astype(%23, dtype=int_)        # EncryptedTensor<uint1, shape=(1, 2048, 7, 7)>
        return %24

    %346 = subgraph(%345):

         %0 = input                            # EncryptedTensor<uint1, shape=(1, 512, 7, 7)>          @ /trunk/trunk.18/C1/Conv.conv_rounding
         %1 = astype(%0, dtype=float64)        # EncryptedTensor<float64, shape=(1, 512, 7, 7)>
         %2 = 0                                # ClearScalar<uint1>
         %3 = add(%1, %2)                      # EncryptedTensor<float64, shape=(1, 512, 7, 7)>
         %4 = [[[[0]]  [ ... ]  [[0]]]]        # ClearTensor<uint1, shape=(1, 512, 1, 1)>
         %5 = subtract(%3, %4)                 # EncryptedTensor<float64, shape=(1, 512, 7, 7)>
         %6 = 0.045945020290782956             # ClearScalar<float64>
         %7 = multiply(%6, %5)                 # EncryptedTensor<float64, shape=(1, 512, 7, 7)>
         %8 = [[[[ 1.289 ... 18852 ]]]]        # ClearTensor<float32, shape=(1, 512, 1, 1)>
         %9 = subtract(%7, %8)                 # EncryptedTensor<float64, shape=(1, 512, 7, 7)>
        %10 = [[[[4.1519 ... 52797 ]]]]        # ClearTensor<float32, shape=(1, 512, 1, 1)>
        %11 = divide(%9, %10)                  # EncryptedTensor<float64, shape=(1, 512, 7, 7)>
        %12 = [[[[0.8257 ... 63314 ]]]]        # ClearTensor<float32, shape=(1, 512, 1, 1)>
        %13 = multiply(%11, %12)               # EncryptedTensor<float64, shape=(1, 512, 7, 7)>
        %14 = [[[[-5.429 ... 93e-02]]]]        # ClearTensor<float32, shape=(1, 512, 1, 1)>
        %15 = add(%13, %14)                    # EncryptedTensor<float64, shape=(1, 512, 7, 7)>
        %16 = 0                                # ClearScalar<uint1>
        %17 = maximum(%15, %16)                # EncryptedTensor<float64, shape=(1, 512, 7, 7)>
        %18 = 0.51200575                       # ClearScalar<float32>
        %19 = divide(%17, %18)                 # EncryptedTensor<float64, shape=(1, 512, 7, 7)>
        %20 = 0.0                              # ClearScalar<float32>
        %21 = add(%19, %20)                    # EncryptedTensor<float64, shape=(1, 512, 7, 7)>
        %22 = 0.0                              # ClearScalar<float64>
        %23 = 15.0                             # ClearScalar<float64>
        %24 = clip(%21, %22, %23)              # EncryptedTensor<float64, shape=(1, 512, 7, 7)>
        %25 = rint(%24)                        # EncryptedTensor<float64, shape=(1, 512, 7, 7)>
        %26 = 0.0                              # ClearScalar<float32>
        %27 = subtract(%25, %26)               # EncryptedTensor<float64, shape=(1, 512, 7, 7)>
        %28 = 0.51200575                       # ClearScalar<float32>
        %29 = multiply(%27, %28)               # EncryptedTensor<float64, shape=(1, 512, 7, 7)>
        %30 = 0.5120057463645935               # ClearScalar<float64>
        %31 = divide(%29, %30)                 # EncryptedTensor<float64, shape=(1, 512, 7, 7)>
        %32 = 0                                # ClearScalar<uint1>
        %33 = add(%31, %32)                    # EncryptedTensor<float64, shape=(1, 512, 7, 7)>
        %34 = rint(%33)                        # EncryptedTensor<float64, shape=(1, 512, 7, 7)>
        %35 = astype(%34, dtype=int_)          # EncryptedTensor<uint1, shape=(1, 512, 7, 7)>
        return %35

    %354 = subgraph(%353):

         %0 = input                            # EncryptedTensor<uint1, shape=(1, 512, 7, 7)>          @ /trunk/trunk.18/C2/Conv.conv_rounding
         %1 = astype(%0, dtype=float64)        # EncryptedTensor<float64, shape=(1, 512, 7, 7)>
         %2 = 0                                # ClearScalar<uint1>
         %3 = add(%1, %2)                      # EncryptedTensor<float64, shape=(1, 512, 7, 7)>
         %4 = [[[[0]]  [ ... ]  [[0]]]]        # ClearTensor<uint1, shape=(1, 512, 1, 1)>
         %5 = subtract(%3, %4)                 # EncryptedTensor<float64, shape=(1, 512, 7, 7)>
         %6 = 0.008621565305923506             # ClearScalar<float64>
         %7 = multiply(%6, %5)                 # EncryptedTensor<float64, shape=(1, 512, 7, 7)>
         %8 = [[[[ 6.230 ... 80e+00]]]]        # ClearTensor<float32, shape=(1, 512, 1, 1)>
         %9 = subtract(%7, %8)                 # EncryptedTensor<float64, shape=(1, 512, 7, 7)>
        %10 = [[[[2.4734 ... 017458]]]]        # ClearTensor<float32, shape=(1, 512, 1, 1)>
        %11 = divide(%9, %10)                  # EncryptedTensor<float64, shape=(1, 512, 7, 7)>
        %12 = [[[[0.9572 ... 49831 ]]]]        # ClearTensor<float32, shape=(1, 512, 1, 1)>
        %13 = multiply(%11, %12)               # EncryptedTensor<float64, shape=(1, 512, 7, 7)>
        %14 = [[[[-1.067 ... 15e-03]]]]        # ClearTensor<float32, shape=(1, 512, 1, 1)>
        %15 = add(%13, %14)                    # EncryptedTensor<float64, shape=(1, 512, 7, 7)>
        %16 = 0                                # ClearScalar<uint1>
        %17 = maximum(%15, %16)                # EncryptedTensor<float64, shape=(1, 512, 7, 7)>
        %18 = 0.5708927                        # ClearScalar<float32>
        %19 = divide(%17, %18)                 # EncryptedTensor<float64, shape=(1, 512, 7, 7)>
        %20 = 0.0                              # ClearScalar<float32>
        %21 = add(%19, %20)                    # EncryptedTensor<float64, shape=(1, 512, 7, 7)>
        %22 = 0.0                              # ClearScalar<float64>
        %23 = 15.0                             # ClearScalar<float64>
        %24 = clip(%21, %22, %23)              # EncryptedTensor<float64, shape=(1, 512, 7, 7)>
        %25 = rint(%24)                        # EncryptedTensor<float64, shape=(1, 512, 7, 7)>
        %26 = 0.0                              # ClearScalar<float32>
        %27 = subtract(%25, %26)               # EncryptedTensor<float64, shape=(1, 512, 7, 7)>
        %28 = 0.5708927                        # ClearScalar<float32>
        %29 = multiply(%27, %28)               # EncryptedTensor<float64, shape=(1, 512, 7, 7)>
        %30 = 0.5708926916122437               # ClearScalar<float64>
        %31 = divide(%29, %30)                 # EncryptedTensor<float64, shape=(1, 512, 7, 7)>
        %32 = 0                                # ClearScalar<uint1>
        %33 = add(%31, %32)                    # EncryptedTensor<float64, shape=(1, 512, 7, 7)>
        %34 = rint(%33)                        # EncryptedTensor<float64, shape=(1, 512, 7, 7)>
        %35 = astype(%34, dtype=int_)          # EncryptedTensor<uint1, shape=(1, 512, 7, 7)>
        return %35

    %358 = subgraph(%357):

         %0 = input                            # EncryptedTensor<uint1, shape=(1, 2048, 7, 7)>          @ /trunk/trunk.18/C3/Conv.conv_rounding
         %1 = astype(%0, dtype=float64)        # EncryptedTensor<float64, shape=(1, 2048, 7, 7)>
         %2 = 0                                # ClearScalar<uint1>
         %3 = add(%1, %2)                      # EncryptedTensor<float64, shape=(1, 2048, 7, 7)>
         %4 = [[[[0]]  [ ... ]  [[0]]]]        # ClearTensor<uint1, shape=(1, 2048, 1, 1)>
         %5 = subtract(%3, %4)                 # EncryptedTensor<float64, shape=(1, 2048, 7, 7)>
         %6 = 0.013007171383947469             # ClearScalar<float64>
         %7 = multiply(%6, %5)                 # EncryptedTensor<float64, shape=(1, 2048, 7, 7)>
         %8 = [[[[-0.211 ... 10218 ]]]]        # ClearTensor<float32, shape=(1, 2048, 1, 1)>
         %9 = subtract(%7, %8)                 # EncryptedTensor<float64, shape=(1, 2048, 7, 7)>
        %10 = [[[[0.6593 ... 106956]]]]        # ClearTensor<float32, shape=(1, 2048, 1, 1)>
        %11 = divide(%9, %10)                  # EncryptedTensor<float64, shape=(1, 2048, 7, 7)>
        %12 = [[[[0.6657 ... 80068 ]]]]        # ClearTensor<float32, shape=(1, 2048, 1, 1)>
        %13 = multiply(%11, %12)               # EncryptedTensor<float64, shape=(1, 2048, 7, 7)>
        %14 = [[[[-0.019 ... 698472]]]]        # ClearTensor<float32, shape=(1, 2048, 1, 1)>
        %15 = add(%13, %14)                    # EncryptedTensor<float64, shape=(1, 2048, 7, 7)>
        %16 = 1.1149497                        # ClearScalar<float32>
        %17 = divide(%15, %16)                 # EncryptedTensor<float64, shape=(1, 2048, 7, 7)>
        %18 = 0.0                              # ClearScalar<float32>
        %19 = add(%17, %18)                    # EncryptedTensor<float64, shape=(1, 2048, 7, 7)>
        %20 = -8.0                             # ClearScalar<float64>
        %21 = 7.0                              # ClearScalar<float64>
        %22 = clip(%19, %20, %21)              # EncryptedTensor<float64, shape=(1, 2048, 7, 7)>
        %23 = rint(%22)                        # EncryptedTensor<float64, shape=(1, 2048, 7, 7)>
        %24 = 0.0                              # ClearScalar<float32>
        %25 = subtract(%23, %24)               # EncryptedTensor<float64, shape=(1, 2048, 7, 7)>
        %26 = 1.1149497                        # ClearScalar<float32>
        %27 = multiply(%25, %26)               # EncryptedTensor<float64, shape=(1, 2048, 7, 7)>
        %28 = 1.1149497032165527               # ClearScalar<float64>
        %29 = divide(%27, %28)                 # EncryptedTensor<float64, shape=(1, 2048, 7, 7)>
        %30 = 0                                # ClearScalar<uint1>
        %31 = add(%29, %30)                    # EncryptedTensor<float64, shape=(1, 2048, 7, 7)>
        %32 = rint(%31)                        # EncryptedTensor<float64, shape=(1, 2048, 7, 7)>
        %33 = astype(%32, dtype=int_)          # EncryptedTensor<uint1, shape=(1, 2048, 7, 7)>
        return %33

    %359 = subgraph(%341):

         %0 = input                          # EncryptedTensor<uint2, shape=(1, 2048, 7, 7)>
         %1 = 0.0                            # ClearScalar<float64>
         %2 = subtract(%0, %1)               # EncryptedTensor<float64, shape=(1, 2048, 7, 7)>
         %3 = 0.6796598049902147             # ClearScalar<float64>
         %4 = multiply(%3, %2)               # EncryptedTensor<float64, shape=(1, 2048, 7, 7)>
         %5 = 0                              # ClearScalar<uint1>
         %6 = maximum(%4, %5)                # EncryptedTensor<float64, shape=(1, 2048, 7, 7)>
         %7 = 0.9619039                      # ClearScalar<float32>
         %8 = divide(%6, %7)                 # EncryptedTensor<float64, shape=(1, 2048, 7, 7)>
         %9 = 0.0                            # ClearScalar<float32>
        %10 = add(%8, %9)                    # EncryptedTensor<float64, shape=(1, 2048, 7, 7)>
        %11 = 0.0                            # ClearScalar<float64>
        %12 = 15.0                           # ClearScalar<float64>
        %13 = clip(%10, %11, %12)            # EncryptedTensor<float64, shape=(1, 2048, 7, 7)>
        %14 = rint(%13)                      # EncryptedTensor<float64, shape=(1, 2048, 7, 7)>
        %15 = 0.0                            # ClearScalar<float32>
        %16 = subtract(%14, %15)             # EncryptedTensor<float64, shape=(1, 2048, 7, 7)>
        %17 = 0.9619039                      # ClearScalar<float32>
        %18 = multiply(%16, %17)             # EncryptedTensor<float64, shape=(1, 2048, 7, 7)>
        %19 = 0.9619039297103882             # ClearScalar<float64>
        %20 = divide(%18, %19)               # EncryptedTensor<float64, shape=(1, 2048, 7, 7)>
        %21 = 0                              # ClearScalar<uint1>
        %22 = add(%20, %21)                  # EncryptedTensor<float64, shape=(1, 2048, 7, 7)>
        %23 = rint(%22)                      # EncryptedTensor<float64, shape=(1, 2048, 7, 7)>
        %24 = astype(%23, dtype=int_)        # EncryptedTensor<uint1, shape=(1, 2048, 7, 7)>
        return %24

    %360 = subgraph(%358):

         %0 = input                         # EncryptedTensor<uint1, shape=(1, 2048, 7, 7)>
         %1 = 0.0                           # ClearScalar<float64>
         %2 = subtract(%0, %1)              # EncryptedTensor<float64, shape=(1, 2048, 7, 7)>
         %3 = 1.1149497032165527            # ClearScalar<float64>
         %4 = multiply(%3, %2)              # EncryptedTensor<float64, shape=(1, 2048, 7, 7)>
         %5 = 0.700981943838058             # ClearScalar<float64>
         %6 = divide(%4, %5)                # EncryptedTensor<float64, shape=(1, 2048, 7, 7)>
         %7 = 0                             # ClearScalar<uint1>
         %8 = add(%6, %7)                   # EncryptedTensor<float64, shape=(1, 2048, 7, 7)>
         %9 = rint(%8)                      # EncryptedTensor<float64, shape=(1, 2048, 7, 7)>
        %10 = astype(%9, dtype=int_)        # EncryptedTensor<uint1, shape=(1, 2048, 7, 7)>
        return %10

    %361 = subgraph(%359):

         %0 = input                         # EncryptedTensor<uint1, shape=(1, 2048, 7, 7)>
         %1 = 0.0                           # ClearScalar<float64>
         %2 = subtract(%0, %1)              # EncryptedTensor<float64, shape=(1, 2048, 7, 7)>
         %3 = 0.9619039297103882            # ClearScalar<float64>
         %4 = multiply(%3, %2)              # EncryptedTensor<float64, shape=(1, 2048, 7, 7)>
         %5 = 0.700981943838058             # ClearScalar<float64>
         %6 = divide(%4, %5)                # EncryptedTensor<float64, shape=(1, 2048, 7, 7)>
         %7 = 0                             # ClearScalar<uint1>
         %8 = add(%6, %7)                   # EncryptedTensor<float64, shape=(1, 2048, 7, 7)>
         %9 = rint(%8)                      # EncryptedTensor<float64, shape=(1, 2048, 7, 7)>
        %10 = astype(%9, dtype=int_)        # EncryptedTensor<uint1, shape=(1, 2048, 7, 7)>
        return %10

    %365 = subgraph(%364):

         %0 = input                          # EncryptedTensor<uint2, shape=(1, 2048, 7, 7)>
         %1 = 0.0                            # ClearScalar<float64>
         %2 = subtract(%0, %1)               # EncryptedTensor<float64, shape=(1, 2048, 7, 7)>
         %3 = 0.700981943838058              # ClearScalar<float64>
         %4 = multiply(%3, %2)               # EncryptedTensor<float64, shape=(1, 2048, 7, 7)>
         %5 = 0                              # ClearScalar<uint1>
         %6 = maximum(%4, %5)                # EncryptedTensor<float64, shape=(1, 2048, 7, 7)>
         %7 = 1.4110655                      # ClearScalar<float32>
         %8 = divide(%6, %7)                 # EncryptedTensor<float64, shape=(1, 2048, 7, 7)>
         %9 = 0.0                            # ClearScalar<float32>
        %10 = add(%8, %9)                    # EncryptedTensor<float64, shape=(1, 2048, 7, 7)>
        %11 = 0.0                            # ClearScalar<float64>
        %12 = 15.0                           # ClearScalar<float64>
        %13 = clip(%10, %11, %12)            # EncryptedTensor<float64, shape=(1, 2048, 7, 7)>
        %14 = rint(%13)                      # EncryptedTensor<float64, shape=(1, 2048, 7, 7)>
        %15 = 0.0                            # ClearScalar<float32>
        %16 = subtract(%14, %15)             # EncryptedTensor<float64, shape=(1, 2048, 7, 7)>
        %17 = 1.4110655                      # ClearScalar<float32>
        %18 = multiply(%16, %17)             # EncryptedTensor<float64, shape=(1, 2048, 7, 7)>
        %19 = 1.4110654592514038             # ClearScalar<float64>
        %20 = divide(%18, %19)               # EncryptedTensor<float64, shape=(1, 2048, 7, 7)>
        %21 = 0                              # ClearScalar<uint1>
        %22 = add(%20, %21)                  # EncryptedTensor<float64, shape=(1, 2048, 7, 7)>
        %23 = rint(%22)                      # EncryptedTensor<float64, shape=(1, 2048, 7, 7)>
        %24 = astype(%23, dtype=int_)        # EncryptedTensor<uint1, shape=(1, 2048, 7, 7)>
        return %24

    %369 = subgraph(%368):

         %0 = input                            # EncryptedTensor<uint1, shape=(1, 512, 7, 7)>          @ /trunk/trunk.19/C1/Conv.conv_rounding
         %1 = astype(%0, dtype=float64)        # EncryptedTensor<float64, shape=(1, 512, 7, 7)>
         %2 = 0                                # ClearScalar<uint1>
         %3 = add(%1, %2)                      # EncryptedTensor<float64, shape=(1, 512, 7, 7)>
         %4 = [[[[0]]  [ ... ]  [[0]]]]        # ClearTensor<uint1, shape=(1, 512, 1, 1)>
         %5 = subtract(%3, %4)                 # EncryptedTensor<float64, shape=(1, 512, 7, 7)>
         %6 = 0.05837173141926                 # ClearScalar<float64>
         %7 = multiply(%6, %5)                 # EncryptedTensor<float64, shape=(1, 512, 7, 7)>
         %8 = [[[[ 3.760 ... 95128 ]]]]        # ClearTensor<float32, shape=(1, 512, 1, 1)>
         %9 = subtract(%7, %8)                 # EncryptedTensor<float64, shape=(1, 512, 7, 7)>
        %10 = [[[[ 8.938 ... 025666]]]]        # ClearTensor<float32, shape=(1, 512, 1, 1)>
        %11 = divide(%9, %10)                  # EncryptedTensor<float64, shape=(1, 512, 7, 7)>
        %12 = [[[[0.8755 ... 84989 ]]]]        # ClearTensor<float32, shape=(1, 512, 1, 1)>
        %13 = multiply(%11, %12)               # EncryptedTensor<float64, shape=(1, 512, 7, 7)>
        %14 = [[[[ 2.889 ... 52e-02]]]]        # ClearTensor<float32, shape=(1, 512, 1, 1)>
        %15 = add(%13, %14)                    # EncryptedTensor<float64, shape=(1, 512, 7, 7)>
        %16 = 0                                # ClearScalar<uint1>
        %17 = maximum(%15, %16)                # EncryptedTensor<float64, shape=(1, 512, 7, 7)>
        %18 = 0.52432126                       # ClearScalar<float32>
        %19 = divide(%17, %18)                 # EncryptedTensor<float64, shape=(1, 512, 7, 7)>
        %20 = 0.0                              # ClearScalar<float32>
        %21 = add(%19, %20)                    # EncryptedTensor<float64, shape=(1, 512, 7, 7)>
        %22 = 0.0                              # ClearScalar<float64>
        %23 = 15.0                             # ClearScalar<float64>
        %24 = clip(%21, %22, %23)              # EncryptedTensor<float64, shape=(1, 512, 7, 7)>
        %25 = rint(%24)                        # EncryptedTensor<float64, shape=(1, 512, 7, 7)>
        %26 = 0.0                              # ClearScalar<float32>
        %27 = subtract(%25, %26)               # EncryptedTensor<float64, shape=(1, 512, 7, 7)>
        %28 = 0.52432126                       # ClearScalar<float32>
        %29 = multiply(%27, %28)               # EncryptedTensor<float64, shape=(1, 512, 7, 7)>
        %30 = 0.5243212580680847               # ClearScalar<float64>
        %31 = divide(%29, %30)                 # EncryptedTensor<float64, shape=(1, 512, 7, 7)>
        %32 = 0                                # ClearScalar<uint1>
        %33 = add(%31, %32)                    # EncryptedTensor<float64, shape=(1, 512, 7, 7)>
        %34 = rint(%33)                        # EncryptedTensor<float64, shape=(1, 512, 7, 7)>
        %35 = astype(%34, dtype=int_)          # EncryptedTensor<uint1, shape=(1, 512, 7, 7)>
        return %35

    %377 = subgraph(%376):

         %0 = input                            # EncryptedTensor<uint1, shape=(1, 512, 7, 7)>          @ /trunk/trunk.19/C2/Conv.conv_rounding
         %1 = astype(%0, dtype=float64)        # EncryptedTensor<float64, shape=(1, 512, 7, 7)>
         %2 = 0                                # ClearScalar<uint1>
         %3 = add(%1, %2)                      # EncryptedTensor<float64, shape=(1, 512, 7, 7)>
         %4 = [[[[0]]  [ ... ]  [[0]]]]        # ClearTensor<uint1, shape=(1, 512, 1, 1)>
         %5 = subtract(%3, %4)                 # EncryptedTensor<float64, shape=(1, 512, 7, 7)>
         %6 = 0.008527874913509814             # ClearScalar<float64>
         %7 = multiply(%6, %5)                 # EncryptedTensor<float64, shape=(1, 512, 7, 7)>
         %8 = [[[[-1.320 ... 43876 ]]]]        # ClearTensor<float32, shape=(1, 512, 1, 1)>
         %9 = subtract(%7, %8)                 # EncryptedTensor<float64, shape=(1, 512, 7, 7)>
        %10 = [[[[3.2783 ... 616314]]]]        # ClearTensor<float32, shape=(1, 512, 1, 1)>
        %11 = divide(%9, %10)                  # EncryptedTensor<float64, shape=(1, 512, 7, 7)>
        %12 = [[[[0.8193 ... 843505]]]]        # ClearTensor<float32, shape=(1, 512, 1, 1)>
        %13 = multiply(%11, %12)               # EncryptedTensor<float64, shape=(1, 512, 7, 7)>
        %14 = [[[[-0.026 ... 162859]]]]        # ClearTensor<float32, shape=(1, 512, 1, 1)>
        %15 = add(%13, %14)                    # EncryptedTensor<float64, shape=(1, 512, 7, 7)>
        %16 = 0                                # ClearScalar<uint1>
        %17 = maximum(%15, %16)                # EncryptedTensor<float64, shape=(1, 512, 7, 7)>
        %18 = 0.51961327                       # ClearScalar<float32>
        %19 = divide(%17, %18)                 # EncryptedTensor<float64, shape=(1, 512, 7, 7)>
        %20 = 0.0                              # ClearScalar<float32>
        %21 = add(%19, %20)                    # EncryptedTensor<float64, shape=(1, 512, 7, 7)>
        %22 = 0.0                              # ClearScalar<float64>
        %23 = 15.0                             # ClearScalar<float64>
        %24 = clip(%21, %22, %23)              # EncryptedTensor<float64, shape=(1, 512, 7, 7)>
        %25 = rint(%24)                        # EncryptedTensor<float64, shape=(1, 512, 7, 7)>
        %26 = 0.0                              # ClearScalar<float32>
        %27 = subtract(%25, %26)               # EncryptedTensor<float64, shape=(1, 512, 7, 7)>
        %28 = 0.51961327                       # ClearScalar<float32>
        %29 = multiply(%27, %28)               # EncryptedTensor<float64, shape=(1, 512, 7, 7)>
        %30 = 0.5196132659912109               # ClearScalar<float64>
        %31 = divide(%29, %30)                 # EncryptedTensor<float64, shape=(1, 512, 7, 7)>
        %32 = 0                                # ClearScalar<uint1>
        %33 = add(%31, %32)                    # EncryptedTensor<float64, shape=(1, 512, 7, 7)>
        %34 = rint(%33)                        # EncryptedTensor<float64, shape=(1, 512, 7, 7)>
        %35 = astype(%34, dtype=int_)          # EncryptedTensor<uint1, shape=(1, 512, 7, 7)>
        return %35

    %381 = subgraph(%380):

         %0 = input                            # EncryptedTensor<uint1, shape=(1, 2048, 7, 7)>          @ /trunk/trunk.19/C3/Conv.conv_rounding
         %1 = astype(%0, dtype=float64)        # EncryptedTensor<float64, shape=(1, 2048, 7, 7)>
         %2 = 0                                # ClearScalar<uint1>
         %3 = add(%1, %2)                      # EncryptedTensor<float64, shape=(1, 2048, 7, 7)>
         %4 = [[[[0]]  [ ... ]  [[0]]]]        # ClearTensor<uint1, shape=(1, 2048, 1, 1)>
         %5 = subtract(%3, %4)                 # EncryptedTensor<float64, shape=(1, 2048, 7, 7)>
         %6 = 0.012065125250252606             # ClearScalar<float64>
         %7 = multiply(%6, %5)                 # EncryptedTensor<float64, shape=(1, 2048, 7, 7)>
         %8 = [[[[-0.178 ... 356856]]]]        # ClearTensor<float32, shape=(1, 2048, 1, 1)>
         %9 = subtract(%7, %8)                 # EncryptedTensor<float64, shape=(1, 2048, 7, 7)>
        %10 = [[[[0.5664 ... 31917 ]]]]        # ClearTensor<float32, shape=(1, 2048, 1, 1)>
        %11 = divide(%9, %10)                  # EncryptedTensor<float64, shape=(1, 2048, 7, 7)>
        %12 = [[[[0.4180 ... 076336]]]]        # ClearTensor<float32, shape=(1, 2048, 1, 1)>
        %13 = multiply(%11, %12)               # EncryptedTensor<float64, shape=(1, 2048, 7, 7)>
        %14 = [[[[-0.014 ... 702776]]]]        # ClearTensor<float32, shape=(1, 2048, 1, 1)>
        %15 = add(%13, %14)                    # EncryptedTensor<float64, shape=(1, 2048, 7, 7)>
        %16 = 1.019117                         # ClearScalar<float32>
        %17 = divide(%15, %16)                 # EncryptedTensor<float64, shape=(1, 2048, 7, 7)>
        %18 = 0.0                              # ClearScalar<float32>
        %19 = add(%17, %18)                    # EncryptedTensor<float64, shape=(1, 2048, 7, 7)>
        %20 = -8.0                             # ClearScalar<float64>
        %21 = 7.0                              # ClearScalar<float64>
        %22 = clip(%19, %20, %21)              # EncryptedTensor<float64, shape=(1, 2048, 7, 7)>
        %23 = rint(%22)                        # EncryptedTensor<float64, shape=(1, 2048, 7, 7)>
        %24 = 0.0                              # ClearScalar<float32>
        %25 = subtract(%23, %24)               # EncryptedTensor<float64, shape=(1, 2048, 7, 7)>
        %26 = 1.019117                         # ClearScalar<float32>
        %27 = multiply(%25, %26)               # EncryptedTensor<float64, shape=(1, 2048, 7, 7)>
        %28 = 1.019116997718811                # ClearScalar<float64>
        %29 = divide(%27, %28)                 # EncryptedTensor<float64, shape=(1, 2048, 7, 7)>
        %30 = 0                                # ClearScalar<uint1>
        %31 = add(%29, %30)                    # EncryptedTensor<float64, shape=(1, 2048, 7, 7)>
        %32 = rint(%31)                        # EncryptedTensor<float64, shape=(1, 2048, 7, 7)>
        %33 = astype(%32, dtype=int_)          # EncryptedTensor<uint1, shape=(1, 2048, 7, 7)>
        return %33

    %382 = subgraph(%364):

         %0 = input                          # EncryptedTensor<uint2, shape=(1, 2048, 7, 7)>
         %1 = 0.0                            # ClearScalar<float64>
         %2 = subtract(%0, %1)               # EncryptedTensor<float64, shape=(1, 2048, 7, 7)>
         %3 = 0.700981943838058              # ClearScalar<float64>
         %4 = multiply(%3, %2)               # EncryptedTensor<float64, shape=(1, 2048, 7, 7)>
         %5 = 0                              # ClearScalar<uint1>
         %6 = maximum(%4, %5)                # EncryptedTensor<float64, shape=(1, 2048, 7, 7)>
         %7 = 1.4110655                      # ClearScalar<float32>
         %8 = divide(%6, %7)                 # EncryptedTensor<float64, shape=(1, 2048, 7, 7)>
         %9 = 0.0                            # ClearScalar<float32>
        %10 = add(%8, %9)                    # EncryptedTensor<float64, shape=(1, 2048, 7, 7)>
        %11 = 0.0                            # ClearScalar<float64>
        %12 = 15.0                           # ClearScalar<float64>
        %13 = clip(%10, %11, %12)            # EncryptedTensor<float64, shape=(1, 2048, 7, 7)>
        %14 = rint(%13)                      # EncryptedTensor<float64, shape=(1, 2048, 7, 7)>
        %15 = 0.0                            # ClearScalar<float32>
        %16 = subtract(%14, %15)             # EncryptedTensor<float64, shape=(1, 2048, 7, 7)>
        %17 = 1.4110655                      # ClearScalar<float32>
        %18 = multiply(%16, %17)             # EncryptedTensor<float64, shape=(1, 2048, 7, 7)>
        %19 = 1.4110654592514038             # ClearScalar<float64>
        %20 = divide(%18, %19)               # EncryptedTensor<float64, shape=(1, 2048, 7, 7)>
        %21 = 0                              # ClearScalar<uint1>
        %22 = add(%20, %21)                  # EncryptedTensor<float64, shape=(1, 2048, 7, 7)>
        %23 = rint(%22)                      # EncryptedTensor<float64, shape=(1, 2048, 7, 7)>
        %24 = astype(%23, dtype=int_)        # EncryptedTensor<uint1, shape=(1, 2048, 7, 7)>
        return %24

    %383 = subgraph(%381):

         %0 = input                         # EncryptedTensor<uint1, shape=(1, 2048, 7, 7)>
         %1 = 0.0                           # ClearScalar<float64>
         %2 = subtract(%0, %1)              # EncryptedTensor<float64, shape=(1, 2048, 7, 7)>
         %3 = 1.019116997718811             # ClearScalar<float64>
         %4 = multiply(%3, %2)              # EncryptedTensor<float64, shape=(1, 2048, 7, 7)>
         %5 = 0.7636985817263203            # ClearScalar<float64>
         %6 = divide(%4, %5)                # EncryptedTensor<float64, shape=(1, 2048, 7, 7)>
         %7 = 0                             # ClearScalar<uint1>
         %8 = add(%6, %7)                   # EncryptedTensor<float64, shape=(1, 2048, 7, 7)>
         %9 = rint(%8)                      # EncryptedTensor<float64, shape=(1, 2048, 7, 7)>
        %10 = astype(%9, dtype=int_)        # EncryptedTensor<uint1, shape=(1, 2048, 7, 7)>
        return %10

    %384 = subgraph(%382):

         %0 = input                         # EncryptedTensor<uint1, shape=(1, 2048, 7, 7)>
         %1 = 0.0                           # ClearScalar<float64>
         %2 = subtract(%0, %1)              # EncryptedTensor<float64, shape=(1, 2048, 7, 7)>
         %3 = 1.4110654592514038            # ClearScalar<float64>
         %4 = multiply(%3, %2)              # EncryptedTensor<float64, shape=(1, 2048, 7, 7)>
         %5 = 0.7636985817263203            # ClearScalar<float64>
         %6 = divide(%4, %5)                # EncryptedTensor<float64, shape=(1, 2048, 7, 7)>
         %7 = 0                             # ClearScalar<uint1>
         %8 = add(%6, %7)                   # EncryptedTensor<float64, shape=(1, 2048, 7, 7)>
         %9 = rint(%8)                      # EncryptedTensor<float64, shape=(1, 2048, 7, 7)>
        %10 = astype(%9, dtype=int_)        # EncryptedTensor<uint1, shape=(1, 2048, 7, 7)>
        return %10

    %388 = subgraph(%387):

         %0 = input                          # EncryptedTensor<uint2, shape=(1, 2048, 7, 7)>
         %1 = 0.0                            # ClearScalar<float64>
         %2 = subtract(%0, %1)               # EncryptedTensor<float64, shape=(1, 2048, 7, 7)>
         %3 = 0.7636985817263203             # ClearScalar<float64>
         %4 = multiply(%3, %2)               # EncryptedTensor<float64, shape=(1, 2048, 7, 7)>
         %5 = 0                              # ClearScalar<uint1>
         %6 = maximum(%4, %5)                # EncryptedTensor<float64, shape=(1, 2048, 7, 7)>
         %7 = 1.5702503                      # ClearScalar<float32>
         %8 = divide(%6, %7)                 # EncryptedTensor<float64, shape=(1, 2048, 7, 7)>
         %9 = 0.0                            # ClearScalar<float32>
        %10 = add(%8, %9)                    # EncryptedTensor<float64, shape=(1, 2048, 7, 7)>
        %11 = 0.0                            # ClearScalar<float64>
        %12 = 15.0                           # ClearScalar<float64>
        %13 = clip(%10, %11, %12)            # EncryptedTensor<float64, shape=(1, 2048, 7, 7)>
        %14 = rint(%13)                      # EncryptedTensor<float64, shape=(1, 2048, 7, 7)>
        %15 = 0.0                            # ClearScalar<float32>
        %16 = subtract(%14, %15)             # EncryptedTensor<float64, shape=(1, 2048, 7, 7)>
        %17 = 1.5702503                      # ClearScalar<float32>
        %18 = multiply(%16, %17)             # EncryptedTensor<float64, shape=(1, 2048, 7, 7)>
        %19 = 1.5702502727508545             # ClearScalar<float64>
        %20 = divide(%18, %19)               # EncryptedTensor<float64, shape=(1, 2048, 7, 7)>
        %21 = 0                              # ClearScalar<uint1>
        %22 = add(%20, %21)                  # EncryptedTensor<float64, shape=(1, 2048, 7, 7)>
        %23 = rint(%22)                      # EncryptedTensor<float64, shape=(1, 2048, 7, 7)>
        %24 = astype(%23, dtype=int_)        # EncryptedTensor<uint1, shape=(1, 2048, 7, 7)>
        return %24

    %391 = subgraph(%390):

         %0 = input                            # EncryptedTensor<uint1, shape=(1, 2048, 1, 1)>          @ /trunk/trunk.20/AveragePool.avgpool
         %1 = astype(%0, dtype=float64)        # EncryptedTensor<float64, shape=(1, 2048, 1, 1)>
         %2 = 0.04                             # ClearScalar<float64>
         %3 = multiply(%1, %2)                 # EncryptedTensor<float64, shape=(1, 2048, 1, 1)>
         %4 = 0                                # ClearScalar<uint1>
         %5 = subtract(%3, %4)                 # EncryptedTensor<float64, shape=(1, 2048, 1, 1)>
         %6 = 1.5702502727508545               # ClearScalar<float64>
         %7 = multiply(%5, %6)                 # EncryptedTensor<float64, shape=(1, 2048, 1, 1)>
         %8 = 0.4186586                        # ClearScalar<float32>
         %9 = divide(%7, %8)                   # EncryptedTensor<float64, shape=(1, 2048, 1, 1)>
        %10 = 0.0                              # ClearScalar<float32>
        %11 = add(%9, %10)                     # EncryptedTensor<float64, shape=(1, 2048, 1, 1)>
        %12 = -8.0                             # ClearScalar<float64>
        %13 = 7.0                              # ClearScalar<float64>
        %14 = clip(%11, %12, %13)              # EncryptedTensor<float64, shape=(1, 2048, 1, 1)>
        %15 = rint(%14)                        # EncryptedTensor<float64, shape=(1, 2048, 1, 1)>
        %16 = 0.0                              # ClearScalar<float32>
        %17 = subtract(%15, %16)               # EncryptedTensor<float64, shape=(1, 2048, 1, 1)>
        %18 = 0.4186586                        # ClearScalar<float32>
        %19 = multiply(%17, %18)               # EncryptedTensor<float64, shape=(1, 2048, 1, 1)>
        %20 = 0.41865861415863037              # ClearScalar<float64>
        %21 = divide(%19, %20)                 # EncryptedTensor<float64, shape=(1, 2048, 1, 1)>
        %22 = 0                                # ClearScalar<uint1>
        %23 = add(%21, %22)                    # EncryptedTensor<float64, shape=(1, 2048, 1, 1)>
        %24 = rint(%23)                        # EncryptedTensor<float64, shape=(1, 2048, 1, 1)>
        %25 = astype(%24, dtype=int_)          # EncryptedTensor<uint1, shape=(1, 2048, 1, 1)>
        return %25
--------------------------------------------------------------------------------

Optimizer
--------------------------------------------------------------------------------
### Optimizer display
--- Circuit
  14 bits integers
  7 manp (maxi log2 norm2)
--- User config
  5.000000e-02 error per pbs call
  1.000000e+00 error per circuit call
-- Solution correctness
  For each pbs call:  1/20, p_error (4.997397e-02)
  For the full circuit: 1/1 global_p_error(1.000000e+00)
--- Complexity for the full circuit
  1.157592e+10 Millions Operations
-- Circuit Solution
CircuitSolution {
    circuit_keys: CircuitKeys {
        secret_keys: [
            SecretLweKey {
                identifier: 0,
                polynomial_size: 256,
                glwe_dimension: 6,
                description: "big-secret[#0 : partitions [0]]",
            },
            SecretLweKey {
                identifier: 1,
                polynomial_size: 2048,
                glwe_dimension: 1,
                description: "big-secret[#1 : partitions [1]]",
            },
            SecretLweKey {
                identifier: 2,
                polynomial_size: 4096,
                glwe_dimension: 1,
                description: "big-secret[#2 : partitions [2]]",
            },
            SecretLweKey {
                identifier: 3,
                polynomial_size: 8192,
                glwe_dimension: 1,
                description: "big-secret[#3 : partitions [3]]",
            },
            SecretLweKey {
                identifier: 4,
                polynomial_size: 580,
                glwe_dimension: 1,
                description: "small-secret[#4 : partitions [4]]",
            },
            SecretLweKey {
                identifier: 5,
                polynomial_size: 802,
                glwe_dimension: 1,
                description: "small-secret[#5 : partitions [5]]",
            },
            SecretLweKey {
                identifier: 6,
                polynomial_size: 818,
                glwe_dimension: 1,
                description: "small-secret[#6 : partitions [6]]",
            },
            SecretLweKey {
                identifier: 7,
                polynomial_size: 832,
                glwe_dimension: 1,
                description: "small-secret[#7 : partitions [7]]",
            },
        ],
        keyswitch_keys: [
            KeySwitchKey {
                identifier: 0,
                input_key: SecretLweKey {
                    identifier: 0,
                    polynomial_size: 256,
                    glwe_dimension: 6,
                    description: "big-secret[#0 : partitions [0]]",
                },
                output_key: SecretLweKey {
                    identifier: 4,
                    polynomial_size: 580,
                    glwe_dimension: 1,
                    description: "small-secret[#4 : partitions [4]]",
                },
                ks_decomposition_parameter: KsDecompositionParameters {
                    level: 3,
                    log2_base: 3,
                },
                description: "ks[#0 : partitions [0] -> [4]]",
            },
            KeySwitchKey {
                identifier: 1,
                input_key: SecretLweKey {
                    identifier: 0,
                    polynomial_size: 256,
                    glwe_dimension: 6,
                    description: "big-secret[#0 : partitions [0]]",
                },
                output_key: SecretLweKey {
                    identifier: 6,
                    polynomial_size: 818,
                    glwe_dimension: 1,
                    description: "small-secret[#6 : partitions [6]]",
                },
                ks_decomposition_parameter: KsDecompositionParameters {
                    level: 5,
                    log2_base: 3,
                },
                description: "ks[#1 : partitions [0] -> [6]]",
            },
            KeySwitchKey {
                identifier: 2,
                input_key: SecretLweKey {
                    identifier: 0,
                    polynomial_size: 256,
                    glwe_dimension: 6,
                    description: "big-secret[#0 : partitions [0]]",
                },
                output_key: SecretLweKey {
                    identifier: 7,
                    polynomial_size: 832,
                    glwe_dimension: 1,
                    description: "small-secret[#7 : partitions [7]]",
                },
                ks_decomposition_parameter: KsDecompositionParameters {
                    level: 8,
                    log2_base: 2,
                },
                description: "ks[#2 : partitions [0] -> [7]]",
            },
            KeySwitchKey {
                identifier: 3,
                input_key: SecretLweKey {
                    identifier: 1,
                    polynomial_size: 2048,
                    glwe_dimension: 1,
                    description: "big-secret[#1 : partitions [1]]",
                },
                output_key: SecretLweKey {
                    identifier: 5,
                    polynomial_size: 802,
                    glwe_dimension: 1,
                    description: "small-secret[#5 : partitions [5]]",
                },
                ks_decomposition_parameter: KsDecompositionParameters {
                    level: 5,
                    log2_base: 3,
                },
                description: "ks[#3 : partitions [1] -> [5]]",
            },
            KeySwitchKey {
                identifier: 4,
                input_key: SecretLweKey {
                    identifier: 1,
                    polynomial_size: 2048,
                    glwe_dimension: 1,
                    description: "big-secret[#1 : partitions [1]]",
                },
                output_key: SecretLweKey {
                    identifier: 6,
                    polynomial_size: 818,
                    glwe_dimension: 1,
                    description: "small-secret[#6 : partitions [6]]",
                },
                ks_decomposition_parameter: KsDecompositionParameters {
                    level: 8,
                    log2_base: 2,
                },
                description: "ks[#4 : partitions [1] -> [6]]",
            },
            KeySwitchKey {
                identifier: 5,
                input_key: SecretLweKey {
                    identifier: 2,
                    polynomial_size: 4096,
                    glwe_dimension: 1,
                    description: "big-secret[#2 : partitions [2]]",
                },
                output_key: SecretLweKey {
                    identifier: 5,
                    polynomial_size: 802,
                    glwe_dimension: 1,
                    description: "small-secret[#5 : partitions [5]]",
                },
                ks_decomposition_parameter: KsDecompositionParameters {
                    level: 5,
                    log2_base: 3,
                },
                description: "ks[#5 : partitions [2] -> [5]]",
            },
            KeySwitchKey {
                identifier: 6,
                input_key: SecretLweKey {
                    identifier: 2,
                    polynomial_size: 4096,
                    glwe_dimension: 1,
                    description: "big-secret[#2 : partitions [2]]",
                },
                output_key: SecretLweKey {
                    identifier: 6,
                    polynomial_size: 818,
                    glwe_dimension: 1,
                    description: "small-secret[#6 : partitions [6]]",
                },
                ks_decomposition_parameter: KsDecompositionParameters {
                    level: 8,
                    log2_base: 2,
                },
                description: "ks[#6 : partitions [2] -> [6]]",
            },
        ],
        bootstrap_keys: [
            BootstrapKey {
                identifier: 0,
                input_key: SecretLweKey {
                    identifier: 4,
                    polynomial_size: 580,
                    glwe_dimension: 1,
                    description: "small-secret[#4 : partitions [4]]",
                },
                output_key: SecretLweKey {
                    identifier: 0,
                    polynomial_size: 256,
                    glwe_dimension: 6,
                    description: "big-secret[#0 : partitions [0]]",
                },
                br_decomposition_parameter: BrDecompositionParameters {
                    level: 3,
                    log2_base: 9,
                },
                description: "pbs[#0 : partitions [4] -> [0]]",
            },
            BootstrapKey {
                identifier: 1,
                input_key: SecretLweKey {
                    identifier: 5,
                    polynomial_size: 802,
                    glwe_dimension: 1,
                    description: "small-secret[#5 : partitions [5]]",
                },
                output_key: SecretLweKey {
                    identifier: 1,
                    polynomial_size: 2048,
                    glwe_dimension: 1,
                    description: "big-secret[#1 : partitions [1]]",
                },
                br_decomposition_parameter: BrDecompositionParameters {
                    level: 2,
                    log2_base: 15,
                },
                description: "pbs[#1 : partitions [5] -> [1]]",
            },
            BootstrapKey {
                identifier: 2,
                input_key: SecretLweKey {
                    identifier: 6,
                    polynomial_size: 818,
                    glwe_dimension: 1,
                    description: "small-secret[#6 : partitions [6]]",
                },
                output_key: SecretLweKey {
                    identifier: 2,
                    polynomial_size: 4096,
                    glwe_dimension: 1,
                    description: "big-secret[#2 : partitions [2]]",
                },
                br_decomposition_parameter: BrDecompositionParameters {
                    level: 3,
                    log2_base: 11,
                },
                description: "pbs[#2 : partitions [6] -> [2]]",
            },
            BootstrapKey {
                identifier: 3,
                input_key: SecretLweKey {
                    identifier: 7,
                    polynomial_size: 832,
                    glwe_dimension: 1,
                    description: "small-secret[#7 : partitions [7]]",
                },
                output_key: SecretLweKey {
                    identifier: 3,
                    polynomial_size: 8192,
                    glwe_dimension: 1,
                    description: "big-secret[#3 : partitions [3]]",
                },
                br_decomposition_parameter: BrDecompositionParameters {
                    level: 3,
                    log2_base: 11,
                },
                description: "pbs[#3 : partitions [7] -> [3]]",
            },
        ],
        conversion_keyswitch_keys: [
            ConversionKeySwitchKey {
                identifier: 0,
                input_key: SecretLweKey {
                    identifier: 1,
                    polynomial_size: 2048,
                    glwe_dimension: 1,
                    description: "big-secret[#1 : partitions [1]]",
                },
                output_key: SecretLweKey {
                    identifier: 0,
                    polynomial_size: 256,
                    glwe_dimension: 6,
                    description: "big-secret[#0 : partitions [0]]",
                },
                ks_decomposition_parameter: KsDecompositionParameters {
                    level: 3,
                    log2_base: 9,
                },
                fast_keyswitch: false,
                description: "fks[#0 : partitions [1] -> [0]]",
            },
            ConversionKeySwitchKey {
                identifier: 1,
                input_key: SecretLweKey {
                    identifier: 2,
                    polynomial_size: 4096,
                    glwe_dimension: 1,
                    description: "big-secret[#2 : partitions [2]]",
                },
                output_key: SecretLweKey {
                    identifier: 0,
                    polynomial_size: 256,
                    glwe_dimension: 6,
                    description: "big-secret[#0 : partitions [0]]",
                },
                ks_decomposition_parameter: KsDecompositionParameters {
                    level: 4,
                    log2_base: 7,
                },
                fast_keyswitch: false,
                description: "fks[#1 : partitions [2] -> [0]]",
            },
            ConversionKeySwitchKey {
                identifier: 2,
                input_key: SecretLweKey {
                    identifier: 2,
                    polynomial_size: 4096,
                    glwe_dimension: 1,
                    description: "big-secret[#2 : partitions [2]]",
                },
                output_key: SecretLweKey {
                    identifier: 1,
                    polynomial_size: 2048,
                    glwe_dimension: 1,
                    description: "big-secret[#1 : partitions [1]]",
                },
                ks_decomposition_parameter: KsDecompositionParameters {
                    level: 1,
                    log2_base: 25,
                },
                fast_keyswitch: false,
                description: "fks[#2 : partitions [2] -> [1]]",
            },
            ConversionKeySwitchKey {
                identifier: 3,
                input_key: SecretLweKey {
                    identifier: 3,
                    polynomial_size: 8192,
                    glwe_dimension: 1,
                    description: "big-secret[#3 : partitions [3]]",
                },
                output_key: SecretLweKey {
                    identifier: 0,
                    polynomial_size: 256,
                    glwe_dimension: 6,
                    description: "big-secret[#0 : partitions [0]]",
                },
                ks_decomposition_parameter: KsDecompositionParameters {
                    level: 6,
                    log2_base: 5,
                },
                fast_keyswitch: false,
                description: "fks[#3 : partitions [3] -> [0]]",
            },
            ConversionKeySwitchKey {
                identifier: 4,
                input_key: SecretLweKey {
                    identifier: 3,
                    polynomial_size: 8192,
                    glwe_dimension: 1,
                    description: "big-secret[#3 : partitions [3]]",
                },
                output_key: SecretLweKey {
                    identifier: 1,
                    polynomial_size: 2048,
                    glwe_dimension: 1,
                    description: "big-secret[#1 : partitions [1]]",
                },
                ks_decomposition_parameter: KsDecompositionParameters {
                    level: 1,
                    log2_base: 25,
                },
                fast_keyswitch: false,
                description: "fks[#4 : partitions [3] -> [1]]",
            },
            ConversionKeySwitchKey {
                identifier: 5,
                input_key: SecretLweKey {
                    identifier: 3,
                    polynomial_size: 8192,
                    glwe_dimension: 1,
                    description: "big-secret[#3 : partitions [3]]",
                },
                output_key: SecretLweKey {
                    identifier: 2,
                    polynomial_size: 4096,
                    glwe_dimension: 1,
                    description: "big-secret[#2 : partitions [2]]",
                },
                ks_decomposition_parameter: KsDecompositionParameters {
                    level: 1,
                    log2_base: 31,
                },
                fast_keyswitch: false,
                description: "fks[#5 : partitions [3] -> [2]]",
            },
        ],
        circuit_bootstrap_keys: [],
        private_functional_packing_keys: [],
    },
    instructions_keys: [],
    crt_decomposition: [],
    complexity: 1.1575922946627584e16,
    p_error: 0.049973973849873884,
    global_p_error: 1.0,
    is_feasible: true,
    error_msg: "",
}###
--------------------------------------------------------------------------------

Statistics
--------------------------------------------------------------------------------
size_of_inputs: 1806336
size_of_outputs: 67125248
programmable_bootstrap_count: 55898112
programmable_bootstrap_count_per_parameter: {
    BootstrapKeyParam(polynomial_size=256, glwe_dimension=6, input_lwe_dimension=580, level=3, base_log=9, variance=7.040630965929754e-23): 35650048
    BootstrapKeyParam(polynomial_size=4096, glwe_dimension=1, input_lwe_dimension=818, level=3, base_log=11, variance=4.70197740328915e-38): 8130560
    BootstrapKeyParam(polynomial_size=8192, glwe_dimension=1, input_lwe_dimension=832, level=3, base_log=11, variance=4.70197740328915e-38): 4691456
    BootstrapKeyParam(polynomial_size=2048, glwe_dimension=1, input_lwe_dimension=802, level=2, base_log=15, variance=8.442253112932959e-31): 7426048
}
key_switch_count: 70323712
key_switch_count_per_parameter: {
    KeyswitchKeyParam(level=3, base_log=3, variance=4.344000288253651e-08): 35650048
    KeyswitchKeyParam(level=5, base_log=3, variance=9.032152918185767e-12): 5820416
    KeyswitchKeyParam(level=4, base_log=7, variance=7.040630965929754e-23): 2910208
    KeyswitchKeyParam(level=8, base_log=2, variance=5.485260388536257e-12): 4691456
    KeyswitchKeyParam(level=6, base_log=5, variance=7.040630965929754e-23): 1881600
    KeyswitchKeyParam(level=1, base_log=31, variance=4.70197740328915e-38): 2207744
    KeyswitchKeyParam(level=5, base_log=3, variance=1.597082384991522e-11): 7426048
    KeyswitchKeyParam(level=3, base_log=9, variance=7.040630965929754e-23): 4315136
    KeyswitchKeyParam(level=1, base_log=25, variance=8.442253112932959e-31): 3110912
    KeyswitchKeyParam(level=8, base_log=2, variance=9.032152918185767e-12): 2310144
}
packing_key_switch_count: 0
clear_addition_count: 102057984
clear_addition_count_per_parameter: {
    LweSecretKeyParam(dimension=1536): 92323840
    LweSecretKeyParam(dimension=4096): 4716544
    LweSecretKeyParam(dimension=2048): 5017600
}
encrypted_addition_count: 4119966208
encrypted_addition_count_per_parameter: {
    LweSecretKeyParam(dimension=1536): 4009589248
    LweSecretKeyParam(dimension=4096): 107266048
    LweSecretKeyParam(dimension=2048): 3110912
}
clear_multiplication_count: 4114446848
clear_multiplication_count_per_parameter: {
    LweSecretKeyParam(dimension=1536): 4009589248
    LweSecretKeyParam(dimension=4096): 104857600
}
encrypted_negation_count: 35650048
encrypted_negation_count_per_parameter: {
    LweSecretKeyParam(dimension=1536): 35650048
}
memory_usage_per_location: {
    loc("/home/zhiyong/miniconda3/envs/dct-cryptonets/lib/python3.9/site-packages/concrete/ml/onnx/onnx_impl_utils.py":55:0): 16535267328
    loc("/home/zhiyong/miniconda3/envs/dct-cryptonets/lib/python3.9/site-packages/concrete/ml/onnx/onnx_impl_utils.py":66:0): 50424223744
    loc("/home/zhiyong/miniconda3/envs/dct-cryptonets/lib/python3.9/site-packages/concrete/ml/quantization/quantized_ops.py":1699:0): 67125248
    loc("/home/zhiyong/miniconda3/envs/dct-cryptonets/lib/python3.9/site-packages/concrete/ml/quantization/quantized_ops.py":594:0): 367317581952
    loc("/home/zhiyong/miniconda3/envs/dct-cryptonets/lib/python3.9/site-packages/concrete/ml/quantization/quantizers.py":774:0): 846830754512
    loc("@/trunk/trunk.1/Conv.conv | /home/zhiyong/miniconda3/envs/dct-cryptonets/lib/python3.9/site-packages/concrete/ml/quantization/quantized_ops.py":891:0): 3393316360
    loc("@/trunk/trunk.1/Conv.conv_rounding | /home/zhiyong/miniconda3/envs/dct-cryptonets/lib/python3.9/site-packages/concrete/ml/quantization/base_quantized_op.py":1015:0): 4935805536
    loc("@/trunk/trunk.10/C1/Conv.conv | /home/zhiyong/miniconda3/envs/dct-cryptonets/lib/python3.9/site-packages/concrete/ml/quantization/quantized_ops.py":891:0): 11105431560
    loc("@/trunk/trunk.10/C1/Conv.conv_rounding | /home/zhiyong/miniconda3/envs/dct-cryptonets/lib/python3.9/site-packages/concrete/ml/quantization/base_quantized_op.py":1015:0): 2468190568
    loc("@/trunk/trunk.10/C2/Conv.conv | /home/zhiyong/miniconda3/envs/dct-cryptonets/lib/python3.9/site-packages/concrete/ml/quantization/quantized_ops.py":891:0): 4067086344
    loc("@/trunk/trunk.10/C2/Conv.conv_rounding | /home/zhiyong/miniconda3/envs/dct-cryptonets/lib/python3.9/site-packages/concrete/ml/quantization/base_quantized_op.py":1015:0): 2468271040
    loc("@/trunk/trunk.10/C3/Conv.conv | /home/zhiyong/miniconda3/envs/dct-cryptonets/lib/python3.9/site-packages/concrete/ml/quantization/quantized_ops.py":891:0): 7403646984
    loc("@/trunk/trunk.10/C3/Conv.conv_rounding | /home/zhiyong/miniconda3/envs/dct-cryptonets/lib/python3.9/site-packages/concrete/ml/quantization/base_quantized_op.py":1015:0): 9871679248
    loc("@/trunk/trunk.11/C1/Conv.conv | /home/zhiyong/miniconda3/envs/dct-cryptonets/lib/python3.9/site-packages/concrete/ml/quantization/quantized_ops.py":891:0): 12339425288
    loc("@/trunk/trunk.11/C1/Conv.conv_rounding | /home/zhiyong/miniconda3/envs/dct-cryptonets/lib/python3.9/site-packages/concrete/ml/quantization/base_quantized_op.py":1015:0): 4936046952
    loc("@/trunk/trunk.11/C2/Conv.conv | /home/zhiyong/miniconda3/envs/dct-cryptonets/lib/python3.9/site-packages/concrete/ml/quantization/quantized_ops.py":891:0): 6283563016
    loc("@/trunk/trunk.11/C2/Conv.conv_rounding | /home/zhiyong/miniconda3/envs/dct-cryptonets/lib/python3.9/site-packages/concrete/ml/quantization/base_quantized_op.py":1015:0): 1234423320
    loc("@/trunk/trunk.11/C3/Conv.conv | /home/zhiyong/miniconda3/envs/dct-cryptonets/lib/python3.9/site-packages/concrete/ml/quantization/quantized_ops.py":891:0): 3702059016
    loc("@/trunk/trunk.11/C3/Conv.conv_rounding | /home/zhiyong/miniconda3/envs/dct-cryptonets/lib/python3.9/site-packages/concrete/ml/quantization/base_quantized_op.py":1015:0): 4936046952
    loc("@/trunk/trunk.11/shortcut/Conv.conv | /home/zhiyong/miniconda3/envs/dct-cryptonets/lib/python3.9/site-packages/concrete/ml/quantization/quantized_ops.py":891:0): 7404105736
    loc("@/trunk/trunk.11/shortcut/Conv.conv_rounding | /home/zhiyong/miniconda3/envs/dct-cryptonets/lib/python3.9/site-packages/concrete/ml/quantization/base_quantized_op.py":1015:0): 4936046952
    loc("@/trunk/trunk.12/C1/Conv.conv | /home/zhiyong/miniconda3/envs/dct-cryptonets/lib/python3.9/site-packages/concrete/ml/quantization/quantized_ops.py":891:0): 5552951304
    loc("@/trunk/trunk.12/C1/Conv.conv_rounding | /home/zhiyong/miniconda3/envs/dct-cryptonets/lib/python3.9/site-packages/concrete/ml/quantization/base_quantized_op.py":1015:0): 1234342848
    loc("@/trunk/trunk.12/C2/Conv.conv | /home/zhiyong/miniconda3/envs/dct-cryptonets/lib/python3.9/site-packages/concrete/ml/quantization/quantized_ops.py":891:0): 2229227528
    loc("@/trunk/trunk.12/C2/Conv.conv_rounding | /home/zhiyong/miniconda3/envs/dct-cryptonets/lib/python3.9/site-packages/concrete/ml/quantization/base_quantized_op.py":1015:0): 1234423320
    loc("@/trunk/trunk.12/C3/Conv.conv | /home/zhiyong/miniconda3/envs/dct-cryptonets/lib/python3.9/site-packages/concrete/ml/quantization/quantized_ops.py":891:0): 3702059016
    loc("@/trunk/trunk.12/C3/Conv.conv_rounding | /home/zhiyong/miniconda3/envs/dct-cryptonets/lib/python3.9/site-packages/concrete/ml/quantization/base_quantized_op.py":1015:0): 4935966480
    loc("@/trunk/trunk.13/C1/Conv.conv | /home/zhiyong/miniconda3/envs/dct-cryptonets/lib/python3.9/site-packages/concrete/ml/quantization/quantized_ops.py":891:0): 5552951304
    loc("@/trunk/trunk.13/C1/Conv.conv_rounding | /home/zhiyong/miniconda3/envs/dct-cryptonets/lib/python3.9/site-packages/concrete/ml/quantization/base_quantized_op.py":1015:0): 1234262376
    loc("@/trunk/trunk.13/C2/Conv.conv | /home/zhiyong/miniconda3/envs/dct-cryptonets/lib/python3.9/site-packages/concrete/ml/quantization/quantized_ops.py":891:0): 2229227528
    loc("@/trunk/trunk.13/C2/Conv.conv_rounding | /home/zhiyong/miniconda3/envs/dct-cryptonets/lib/python3.9/site-packages/concrete/ml/quantization/base_quantized_op.py":1015:0): 1234423320
    loc("@/trunk/trunk.13/C3/Conv.conv | /home/zhiyong/miniconda3/envs/dct-cryptonets/lib/python3.9/site-packages/concrete/ml/quantization/quantized_ops.py":891:0): 3702059016
    loc("@/trunk/trunk.13/C3/Conv.conv_rounding | /home/zhiyong/miniconda3/envs/dct-cryptonets/lib/python3.9/site-packages/concrete/ml/quantization/base_quantized_op.py":1015:0): 4935966480
    loc("@/trunk/trunk.14/C1/Conv.conv | /home/zhiyong/miniconda3/envs/dct-cryptonets/lib/python3.9/site-packages/concrete/ml/quantization/quantized_ops.py":891:0): 5552951304
    loc("@/trunk/trunk.14/C1/Conv.conv_rounding | /home/zhiyong/miniconda3/envs/dct-cryptonets/lib/python3.9/site-packages/concrete/ml/quantization/base_quantized_op.py":1015:0): 1234262376
    loc("@/trunk/trunk.14/C2/Conv.conv | /home/zhiyong/miniconda3/envs/dct-cryptonets/lib/python3.9/site-packages/concrete/ml/quantization/quantized_ops.py":891:0): 2229227528
    loc("@/trunk/trunk.14/C2/Conv.conv_rounding | /home/zhiyong/miniconda3/envs/dct-cryptonets/lib/python3.9/site-packages/concrete/ml/quantization/base_quantized_op.py":1015:0): 1234342848
    loc("@/trunk/trunk.14/C3/Conv.conv | /home/zhiyong/miniconda3/envs/dct-cryptonets/lib/python3.9/site-packages/concrete/ml/quantization/quantized_ops.py":891:0): 3702059016
    loc("@/trunk/trunk.14/C3/Conv.conv_rounding | /home/zhiyong/miniconda3/envs/dct-cryptonets/lib/python3.9/site-packages/concrete/ml/quantization/base_quantized_op.py":1015:0): 4935966480
    loc("@/trunk/trunk.15/C1/Conv.conv | /home/zhiyong/miniconda3/envs/dct-cryptonets/lib/python3.9/site-packages/concrete/ml/quantization/quantized_ops.py":891:0): 5552951304
    loc("@/trunk/trunk.15/C1/Conv.conv_rounding | /home/zhiyong/miniconda3/envs/dct-cryptonets/lib/python3.9/site-packages/concrete/ml/quantization/base_quantized_op.py":1015:0): 1234262376
    loc("@/trunk/trunk.15/C2/Conv.conv | /home/zhiyong/miniconda3/envs/dct-cryptonets/lib/python3.9/site-packages/concrete/ml/quantization/quantized_ops.py":891:0): 2229227528
    loc("@/trunk/trunk.15/C2/Conv.conv_rounding | /home/zhiyong/miniconda3/envs/dct-cryptonets/lib/python3.9/site-packages/concrete/ml/quantization/base_quantized_op.py":1015:0): 1234342848
    loc("@/trunk/trunk.15/C3/Conv.conv | /home/zhiyong/miniconda3/envs/dct-cryptonets/lib/python3.9/site-packages/concrete/ml/quantization/quantized_ops.py":891:0): 3702059016
    loc("@/trunk/trunk.15/C3/Conv.conv_rounding | /home/zhiyong/miniconda3/envs/dct-cryptonets/lib/python3.9/site-packages/concrete/ml/quantization/base_quantized_op.py":1015:0): 4935966480
    loc("@/trunk/trunk.16/C1/Conv.conv | /home/zhiyong/miniconda3/envs/dct-cryptonets/lib/python3.9/site-packages/concrete/ml/quantization/quantized_ops.py":891:0): 5552951304
    loc("@/trunk/trunk.16/C1/Conv.conv_rounding | /home/zhiyong/miniconda3/envs/dct-cryptonets/lib/python3.9/site-packages/concrete/ml/quantization/base_quantized_op.py":1015:0): 1234262376
    loc("@/trunk/trunk.16/C2/Conv.conv | /home/zhiyong/miniconda3/envs/dct-cryptonets/lib/python3.9/site-packages/concrete/ml/quantization/quantized_ops.py":891:0): 2229227528
    loc("@/trunk/trunk.16/C2/Conv.conv_rounding | /home/zhiyong/miniconda3/envs/dct-cryptonets/lib/python3.9/site-packages/concrete/ml/quantization/base_quantized_op.py":1015:0): 1234342848
    loc("@/trunk/trunk.16/C3/Conv.conv | /home/zhiyong/miniconda3/envs/dct-cryptonets/lib/python3.9/site-packages/concrete/ml/quantization/quantized_ops.py":891:0): 3702059016
    loc("@/trunk/trunk.16/C3/Conv.conv_rounding | /home/zhiyong/miniconda3/envs/dct-cryptonets/lib/python3.9/site-packages/concrete/ml/quantization/base_quantized_op.py":1015:0): 4935966480
    loc("@/trunk/trunk.17/C1/Conv.conv | /home/zhiyong/miniconda3/envs/dct-cryptonets/lib/python3.9/site-packages/concrete/ml/quantization/quantized_ops.py":891:0): 6170177544
    loc("@/trunk/trunk.17/C1/Conv.conv_rounding | /home/zhiyong/miniconda3/envs/dct-cryptonets/lib/python3.9/site-packages/concrete/ml/quantization/base_quantized_op.py":1015:0): 2468190568
    loc("@/trunk/trunk.17/C2/Conv.conv | /home/zhiyong/miniconda3/envs/dct-cryptonets/lib/python3.9/site-packages/concrete/ml/quantization/quantized_ops.py":891:0): 3534176264
    loc("@/trunk/trunk.17/C2/Conv.conv_rounding | /home/zhiyong/miniconda3/envs/dct-cryptonets/lib/python3.9/site-packages/concrete/ml/quantization/base_quantized_op.py":1015:0): 617539696
    loc("@/trunk/trunk.17/C3/Conv.conv | /home/zhiyong/miniconda3/envs/dct-cryptonets/lib/python3.9/site-packages/concrete/ml/quantization/quantized_ops.py":891:0): 1851953160
    loc("@/trunk/trunk.17/C3/Conv.conv_rounding | /home/zhiyong/miniconda3/envs/dct-cryptonets/lib/python3.9/site-packages/concrete/ml/quantization/base_quantized_op.py":1015:0): 2468351512
    loc("@/trunk/trunk.17/shortcut/Conv.conv | /home/zhiyong/miniconda3/envs/dct-cryptonets/lib/python3.9/site-packages/concrete/ml/quantization/quantized_ops.py":891:0): 6171750408
    loc("@/trunk/trunk.17/shortcut/Conv.conv_rounding | /home/zhiyong/miniconda3/envs/dct-cryptonets/lib/python3.9/site-packages/concrete/ml/quantization/base_quantized_op.py":1015:0): 2468271040
    loc("@/trunk/trunk.18/C1/Conv.conv | /home/zhiyong/miniconda3/envs/dct-cryptonets/lib/python3.9/site-packages/concrete/ml/quantization/quantized_ops.py":891:0): 2777399304
    loc("@/trunk/trunk.18/C1/Conv.conv_rounding | /home/zhiyong/miniconda3/envs/dct-cryptonets/lib/python3.9/site-packages/concrete/ml/quantization/base_quantized_op.py":1015:0): 617378752
    loc("@/trunk/trunk.18/C2/Conv.conv | /home/zhiyong/miniconda3/envs/dct-cryptonets/lib/python3.9/site-packages/concrete/ml/quantization/quantized_ops.py":891:0): 1330733064
    loc("@/trunk/trunk.18/C2/Conv.conv_rounding | /home/zhiyong/miniconda3/envs/dct-cryptonets/lib/python3.9/site-packages/concrete/ml/quantization/base_quantized_op.py":1015:0): 617459224
    loc("@/trunk/trunk.18/C3/Conv.conv | /home/zhiyong/miniconda3/envs/dct-cryptonets/lib/python3.9/site-packages/concrete/ml/quantization/quantized_ops.py":891:0): 1851953160
    loc("@/trunk/trunk.18/C3/Conv.conv_rounding | /home/zhiyong/miniconda3/envs/dct-cryptonets/lib/python3.9/site-packages/concrete/ml/quantization/base_quantized_op.py":1015:0): 2468271040
    loc("@/trunk/trunk.19/C1/Conv.conv | /home/zhiyong/miniconda3/envs/dct-cryptonets/lib/python3.9/site-packages/concrete/ml/quantization/quantized_ops.py":891:0): 2777399304
    loc("@/trunk/trunk.19/C1/Conv.conv_rounding | /home/zhiyong/miniconda3/envs/dct-cryptonets/lib/python3.9/site-packages/concrete/ml/quantization/base_quantized_op.py":1015:0): 617378752
    loc("@/trunk/trunk.19/C2/Conv.conv | /home/zhiyong/miniconda3/envs/dct-cryptonets/lib/python3.9/site-packages/concrete/ml/quantization/quantized_ops.py":891:0): 1330733064
    loc("@/trunk/trunk.19/C2/Conv.conv_rounding | /home/zhiyong/miniconda3/envs/dct-cryptonets/lib/python3.9/site-packages/concrete/ml/quantization/base_quantized_op.py":1015:0): 617459224
    loc("@/trunk/trunk.19/C3/Conv.conv | /home/zhiyong/miniconda3/envs/dct-cryptonets/lib/python3.9/site-packages/concrete/ml/quantization/quantized_ops.py":891:0): 1851953160
    loc("@/trunk/trunk.19/C3/Conv.conv_rounding | /home/zhiyong/miniconda3/envs/dct-cryptonets/lib/python3.9/site-packages/concrete/ml/quantization/base_quantized_op.py":1015:0): 2468271040
    loc("@/trunk/trunk.20/AveragePool.avgpool | /home/zhiyong/miniconda3/envs/dct-cryptonets/lib/python3.9/site-packages/concrete/ml/quantization/quantized_ops.py":1157:0): 3461152776
    loc("@/trunk/trunk.4/C1/Conv.conv | /home/zhiyong/miniconda3/envs/dct-cryptonets/lib/python3.9/site-packages/concrete/ml/quantization/quantized_ops.py":891:0): 4935729160
    loc("@/trunk/trunk.4/C1/Conv.conv_rounding | /home/zhiyong/miniconda3/envs/dct-cryptonets/lib/python3.9/site-packages/concrete/ml/quantization/base_quantized_op.py":1015:0): 4935966480
    loc("@/trunk/trunk.4/C2/Conv.conv | /home/zhiyong/miniconda3/envs/dct-cryptonets/lib/python3.9/site-packages/concrete/ml/quantization/quantized_ops.py":891:0): 7762464776
    loc("@/trunk/trunk.4/C2/Conv.conv_rounding | /home/zhiyong/miniconda3/envs/dct-cryptonets/lib/python3.9/site-packages/concrete/ml/quantization/base_quantized_op.py":1015:0): 4936046952
    loc("@/trunk/trunk.4/C3/Conv.conv | /home/zhiyong/miniconda3/envs/dct-cryptonets/lib/python3.9/site-packages/concrete/ml/quantization/quantized_ops.py":891:0): 14807166984
    loc("@/trunk/trunk.4/C3/Conv.conv_rounding | /home/zhiyong/miniconda3/envs/dct-cryptonets/lib/python3.9/site-packages/concrete/ml/quantization/base_quantized_op.py":1015:0): 19743104784
    loc("@/trunk/trunk.4/shortcut/Conv.conv | /home/zhiyong/miniconda3/envs/dct-cryptonets/lib/python3.9/site-packages/concrete/ml/quantization/quantized_ops.py":891:0): 12339310600
    loc("@/trunk/trunk.4/shortcut/Conv.conv_rounding | /home/zhiyong/miniconda3/envs/dct-cryptonets/lib/python3.9/site-packages/concrete/ml/quantization/base_quantized_op.py":1015:0): 19743024312
    loc("@/trunk/trunk.5/C1/Conv.conv | /home/zhiyong/miniconda3/envs/dct-cryptonets/lib/python3.9/site-packages/concrete/ml/quantization/quantized_ops.py":891:0): 22210736136
    loc("@/trunk/trunk.5/C1/Conv.conv_rounding | /home/zhiyong/miniconda3/envs/dct-cryptonets/lib/python3.9/site-packages/concrete/ml/quantization/base_quantized_op.py":1015:0): 4936046952
    loc("@/trunk/trunk.5/C2/Conv.conv | /home/zhiyong/miniconda3/envs/dct-cryptonets/lib/python3.9/site-packages/concrete/ml/quantization/quantized_ops.py":891:0): 7762464776
    loc("@/trunk/trunk.5/C2/Conv.conv_rounding | /home/zhiyong/miniconda3/envs/dct-cryptonets/lib/python3.9/site-packages/concrete/ml/quantization/base_quantized_op.py":1015:0): 4936046952
    loc("@/trunk/trunk.5/C3/Conv.conv | /home/zhiyong/miniconda3/envs/dct-cryptonets/lib/python3.9/site-packages/concrete/ml/quantization/quantized_ops.py":891:0): 14807166984
    loc("@/trunk/trunk.5/C3/Conv.conv_rounding | /home/zhiyong/miniconda3/envs/dct-cryptonets/lib/python3.9/site-packages/concrete/ml/quantization/base_quantized_op.py":1015:0): 19743104784
    loc("@/trunk/trunk.6/C1/Conv.conv | /home/zhiyong/miniconda3/envs/dct-cryptonets/lib/python3.9/site-packages/concrete/ml/quantization/quantized_ops.py":891:0): 22210736136
    loc("@/trunk/trunk.6/C1/Conv.conv_rounding | /home/zhiyong/miniconda3/envs/dct-cryptonets/lib/python3.9/site-packages/concrete/ml/quantization/base_quantized_op.py":1015:0): 4935966480
    loc("@/trunk/trunk.6/C2/Conv.conv | /home/zhiyong/miniconda3/envs/dct-cryptonets/lib/python3.9/site-packages/concrete/ml/quantization/quantized_ops.py":891:0): 7762464776
    loc("@/trunk/trunk.6/C2/Conv.conv_rounding | /home/zhiyong/miniconda3/envs/dct-cryptonets/lib/python3.9/site-packages/concrete/ml/quantization/base_quantized_op.py":1015:0): 4936046952
    loc("@/trunk/trunk.6/C3/Conv.conv | /home/zhiyong/miniconda3/envs/dct-cryptonets/lib/python3.9/site-packages/concrete/ml/quantization/quantized_ops.py":891:0): 14807166984
    loc("@/trunk/trunk.6/C3/Conv.conv_rounding | /home/zhiyong/miniconda3/envs/dct-cryptonets/lib/python3.9/site-packages/concrete/ml/quantization/base_quantized_op.py":1015:0): 19743104784
    loc("@/trunk/trunk.7/C1/Conv.conv | /home/zhiyong/miniconda3/envs/dct-cryptonets/lib/python3.9/site-packages/concrete/ml/quantization/quantized_ops.py":891:0): 24678608904
    loc("@/trunk/trunk.7/C1/Conv.conv_rounding | /home/zhiyong/miniconda3/envs/dct-cryptonets/lib/python3.9/site-packages/concrete/ml/quantization/base_quantized_op.py":1015:0): 9871679248
    loc("@/trunk/trunk.7/C2/Conv.conv | /home/zhiyong/miniconda3/envs/dct-cryptonets/lib/python3.9/site-packages/concrete/ml/quantization/quantized_ops.py":891:0): 11823206408
    loc("@/trunk/trunk.7/C2/Conv.conv_rounding | /home/zhiyong/miniconda3/envs/dct-cryptonets/lib/python3.9/site-packages/concrete/ml/quantization/base_quantized_op.py":1015:0): 2468271040
    loc("@/trunk/trunk.7/C3/Conv.conv | /home/zhiyong/miniconda3/envs/dct-cryptonets/lib/python3.9/site-packages/concrete/ml/quantization/quantized_ops.py":891:0): 7403646984
    loc("@/trunk/trunk.7/C3/Conv.conv_rounding | /home/zhiyong/miniconda3/envs/dct-cryptonets/lib/python3.9/site-packages/concrete/ml/quantization/base_quantized_op.py":1015:0): 9871679248
    loc("@/trunk/trunk.7/shortcut/Conv.conv | /home/zhiyong/miniconda3/envs/dct-cryptonets/lib/python3.9/site-packages/concrete/ml/quantization/quantized_ops.py":891:0): 14807281672
    loc("@/trunk/trunk.7/shortcut/Conv.conv_rounding | /home/zhiyong/miniconda3/envs/dct-cryptonets/lib/python3.9/site-packages/concrete/ml/quantization/base_quantized_op.py":1015:0): 9871759720
    loc("@/trunk/trunk.8/C1/Conv.conv | /home/zhiyong/miniconda3/envs/dct-cryptonets/lib/python3.9/site-packages/concrete/ml/quantization/quantized_ops.py":891:0): 11105431560
    loc("@/trunk/trunk.8/C1/Conv.conv_rounding | /home/zhiyong/miniconda3/envs/dct-cryptonets/lib/python3.9/site-packages/concrete/ml/quantization/base_quantized_op.py":1015:0): 2468190568
    loc("@/trunk/trunk.8/C2/Conv.conv | /home/zhiyong/miniconda3/envs/dct-cryptonets/lib/python3.9/site-packages/concrete/ml/quantization/quantized_ops.py":891:0): 4067086344
    loc("@/trunk/trunk.8/C2/Conv.conv_rounding | /home/zhiyong/miniconda3/envs/dct-cryptonets/lib/python3.9/site-packages/concrete/ml/quantization/base_quantized_op.py":1015:0): 2468271040
    loc("@/trunk/trunk.8/C3/Conv.conv | /home/zhiyong/miniconda3/envs/dct-cryptonets/lib/python3.9/site-packages/concrete/ml/quantization/quantized_ops.py":891:0): 7403646984
    loc("@/trunk/trunk.8/C3/Conv.conv_rounding | /home/zhiyong/miniconda3/envs/dct-cryptonets/lib/python3.9/site-packages/concrete/ml/quantization/base_quantized_op.py":1015:0): 9871679248
    loc("@/trunk/trunk.9/C1/Conv.conv | /home/zhiyong/miniconda3/envs/dct-cryptonets/lib/python3.9/site-packages/concrete/ml/quantization/quantized_ops.py":891:0): 11105431560
    loc("@/trunk/trunk.9/C1/Conv.conv_rounding | /home/zhiyong/miniconda3/envs/dct-cryptonets/lib/python3.9/site-packages/concrete/ml/quantization/base_quantized_op.py":1015:0): 2468190568
    loc("@/trunk/trunk.9/C2/Conv.conv | /home/zhiyong/miniconda3/envs/dct-cryptonets/lib/python3.9/site-packages/concrete/ml/quantization/quantized_ops.py":891:0): 4067086344
    loc("@/trunk/trunk.9/C2/Conv.conv_rounding | /home/zhiyong/miniconda3/envs/dct-cryptonets/lib/python3.9/site-packages/concrete/ml/quantization/base_quantized_op.py":1015:0): 2468271040
    loc("@/trunk/trunk.9/C3/Conv.conv | /home/zhiyong/miniconda3/envs/dct-cryptonets/lib/python3.9/site-packages/concrete/ml/quantization/quantized_ops.py":891:0): 7403646984
    loc("@/trunk/trunk.9/C3/Conv.conv_rounding | /home/zhiyong/miniconda3/envs/dct-cryptonets/lib/python3.9/site-packages/concrete/ml/quantization/base_quantized_op.py":1015:0): 9871679248
    loc(unknown): 249118116704
}
size_of_secret_keys: 151232
size_of_bootstrap_keys: 2128756736
size_of_keyswitch_keys: 2024316928
p_error: 0.049973973849873884
global_p_error: 1.0
complexity: 1.1575922946627584e+16
--------------------------------------------------------------------------------

Time for FHE compilation 3021.89
Max bit-width: 14 bits -> it works in FHE!!
Keygen time: 11.80s

Running UNENCRYPTED model on a subset of 1 images...
  0%|          | 0/1 [00:00<?, ?it/s]100%|██████████| 1/1 [00:00<00:00,  6.16it/s]100%|██████████| 1/1 [00:00<00:00,  6.14it/s]
  0%|          | 0/1 [00:00<?, ?it/s]100%|██████████| 1/1 [00:00<00:00,  6.09it/s]100%|██████████| 1/1 [00:00<00:00,  6.08it/s]
/home/zhiyong/miniconda3/envs/dct-cryptonets/lib/python3.9/site-packages/sklearn/metrics/_classification.py:1599: UndefinedMetricWarning: F-score is ill-defined and being set to 0.0 due to no true nor predicted samples. Use `zero_division` parameter to control this behavior.
  _warn_prf(average, "true nor predicted", "F-score is", len(true_sum))
[Validation] Top-1 Acc: 100.000% | Top-5 Acc: 0.000% | Avg. Loss: 0.011 | F1: 0.000%
/home/zhiyong/miniconda3/envs/dct-cryptonets/lib/python3.9/site-packages/sklearn/metrics/_classification.py:1599: UndefinedMetricWarning: F-score is ill-defined and being set to 0.0 due to no true nor predicted samples. Use `zero_division` parameter to control this behavior.
  _warn_prf(average, "true nor predicted", "F-score is", len(true_sum))
[Test] Top-1 Acc: 100.000% | Top-5 Acc: 0.000% | Avg. Loss: 0.011 | F1: 0.000%

Running ENCRYPTED test inference in EXECUTE mode on a subset of 1 images...
  0%|          | 0/1 [00:00<?, ?it/s]run_homomorphic_eval.sh: line 116: 157951 Killed                  CUDA_VISIBLE_DEVICES="${gpu}" python -u homomorphic_eval.py --dataset "${dataset}" --model "${model}" --num_classes "${num_classes}" --checkpoint_path "${checkpoint_path}" --dataset_path "${dataset_path}" --image_size_dct "${image_size}" --channels "${channels}" --filter_size "${filter_size}" --fhe_mode "${fhe_mode}" --calib_batch_size "${calib_batch_size}" --test_batch_size "${test_batch_size}" --bit_width "${bit_width}" --dct_pattern "${dct_pattern}" --test_subset "${test_subset}" --rounding_threshold_bits "${rounding_threshold_bits}" --n_bits "${n_bits}" --p_error "${p_error}" --reliability_test "${reliability_test}" --verbose "${verbose}" --dct_status
Command exited with non-zero status 137
	Command being timed: "bash run_homomorphic_eval.sh"
	User time (seconds): 1190174.33
	System time (seconds): 1366.86
	Percent of CPU this job got: 5405%
	Elapsed (wall clock) time (h:mm:ss or m:ss): 6:07:22
	Average shared text size (kbytes): 0
	Average unshared data size (kbytes): 0
	Average stack size (kbytes): 0
	Average total size (kbytes): 0
	Maximum resident set size (kbytes): 96665500
	Average resident set size (kbytes): 0
	Major (requiring I/O) page faults: 9934
	Minor (reclaiming a frame) page faults: 92531292
	Voluntary context switches: 4556380
	Involuntary context switches: 361188823
	Swaps: 0
	File system inputs: 2918088
	File system outputs: 2301160
	Socket messages sent: 0
	Socket messages received: 0
	Signals delivered: 0
	Page size (bytes): 4096
	Exit status: 137
                                                                                                                                                                                                                                                                                                                                                                                                                                                                                                                                                                                                                                                                                                                                                                                                                                                                                                                                                                                                                                                                                                                                                                                                                                                                                                                                                                                                                                                                                                                                                                                                                                                                                                                                                                                                                                                                                                                                                                                                                                                                                                                                                                                                                                                                                                                                                                                                                                                                                                                                                                                                                                                                                                                                                                                                                                                                                                                                                                                                                                                                                                                                                                                                                                                                                                                                                                                                                                                                                                                                                                                                                                                                                                                                                                                                                                                                                                                                                                                                                                                                                                                                                                                                                                                                                                                                                                                                                                                                                                                                                                                                                                                                                                                                                                                                                                                                                                                                                                                                                                                                                                                                                                                                                                                                                                                                                                                                                                                                                                                       100%|██████████| 1/1 [23:12:51<00:00, 83571.58s/it]100%|██████████| 1/1 [23:12:51<00:00, 83571.59s/it]
/home/zhiyong/miniconda3/envs/dct-cryptonets/lib/python3.9/site-packages/sklearn/metrics/_classification.py:1599: UndefinedMetricWarning: F-score is ill-defined and being set to 0.0 due to no true nor predicted samples. Use `zero_division` parameter to control this behavior.
  _warn_prf(average, "true nor predicted", "F-score is", len(true_sum))
[Test] Top-1 Acc: 100.000% | Top-5 Acc: 0.000% | F1: 0.000% | Time per inference in FHE: 83571.60
Done
	Command being timed: "bash run_homomorphic_eval.sh"
	User time (seconds): 7812742.09
	System time (seconds): 4519.90
	Percent of CPU this job got: 9245%
	Elapsed (wall clock) time (h:mm:ss or m:ss): 23:29:12
	Average shared text size (kbytes): 0
	Average unshared data size (kbytes): 0
	Average stack size (kbytes): 0
	Average total size (kbytes): 0
	Maximum resident set size (kbytes): 117055352
	Average resident set size (kbytes): 0
	Major (requiring I/O) page faults: 152746
	Minor (reclaiming a frame) page faults: 465851604
	Voluntary context switches: 17762564
	Involuntary context switches: 910492904
	Swaps: 0
	File system inputs: 3279120
	File system outputs: 2369328
	Socket messages sent: 0
	Socket messages received: 0
	Signals delivered: 0
	Page size (bytes): 4096
	Exit status: 0
