-----General parameters-----
model=ResNet50qat
dataset=FaceForensic
num_classes=2
dataset_path=/home/zhiyong/Git/dct-cryptonets/dct-cryptonets/dataset/FaceForensic
checkpoint_path=/home/zhiyong/Git/dct-cryptonets/dct-cryptonets/checkpoint/faceforensic/resnet50_qat_dct/best.tar
bit_width=4
-----Homomorphic encryption parameters-----
fhe_mode=execute
calib_batch_size=100
test_batch_size=1
test_subset=1
rounding_threshold_bits=7
n_bits=4
p_error=0.01
reliability_test=True
verbose=True
-----DCT parameters-----
dct_status=Y
image_size=56
filter_size=8
dct_pattern=default
channels=24

Using GPU: True

Number Parameters: 23504329

============Model Summary============
=============================================================================================================================
Layer (type:depth-idx)                                                      Output Shape              Param #
=============================================================================================================================
ResNetQDCT                                                                  [1, 2048]                 --
├─Sequential: 1-1                                                           [1, 2048]                 --
│    └─QuantIdentity: 2-1                                                   [1, 24, 56, 56]           --
│    │    └─ActQuantProxyFromInjector: 3-1                                  [1, 24, 56, 56]           --
│    │    └─ActQuantProxyFromInjector: 3-2                                  [1, 24, 56, 56]           1
│    └─QuantIdentity: 2-159                                                 --                        (recursive)
│    │    └─ActQuantProxyFromInjector: 3-318                                --                        (recursive)
│    └─QuantIdentity: 2-3                                                   --                        (recursive)
│    │    └─ActQuantProxyFromInjector: 3-4                                  --                        (recursive)
│    └─QuantConv2d: 2-4                                                     [1, 64, 56, 56]           --
│    │    └─ActQuantProxyFromInjector: 3-5                                  [1, 24, 56, 56]           --
│    │    └─WeightQuantProxyFromInjector: 3-6                               [64, 24, 1, 1]            1,536
│    │    └─ActQuantProxyFromInjector: 3-7                                  [1, 64, 56, 56]           --
│    └─BatchNorm2d: 2-5                                                     [1, 64, 56, 56]           128
│    └─QuantIdentity: 2-6                                                   [1, 64, 56, 56]           --
│    │    └─ActQuantProxyFromInjector: 3-8                                  [1, 64, 56, 56]           --
│    │    └─ActQuantProxyFromInjector: 3-9                                  [1, 64, 56, 56]           1
│    └─QuantIdentity: 2-159                                                 --                        (recursive)
│    │    └─ActQuantProxyFromInjector: 3-318                                --                        (recursive)
│    └─QuantIdentity: 2-8                                                   --                        (recursive)
│    │    └─ActQuantProxyFromInjector: 3-11                                 --                        (recursive)
│    └─BottleneckQBlock: 2-9                                                [1, 256, 56, 56]          70,788
│    │    └─QuantConv2d: 3-12                                               [1, 64, 56, 56]           4,096
│    │    └─BatchNorm2d: 3-13                                               [1, 64, 56, 56]           128
│    │    └─QuantReLU: 3-14                                                 [1, 64, 56, 56]           1
│    └─QuantIdentity: 2-159                                                 --                        (recursive)
│    │    └─ActQuantProxyFromInjector: 3-318                                --                        (recursive)
│    └─BottleneckQBlock: 2-19                                               --                        (recursive)
│    │    └─QuantReLU: 3-16                                                 --                        (recursive)
│    │    └─QuantConv2d: 3-17                                               [1, 64, 56, 56]           36,864
│    │    └─BatchNorm2d: 3-18                                               [1, 64, 56, 56]           128
│    │    └─QuantReLU: 3-19                                                 [1, 64, 56, 56]           1
│    └─QuantIdentity: 2-159                                                 --                        (recursive)
│    │    └─ActQuantProxyFromInjector: 3-318                                --                        (recursive)
│    └─BottleneckQBlock: 2-19                                               --                        (recursive)
│    │    └─QuantReLU: 3-21                                                 --                        (recursive)
│    │    └─QuantConv2d: 3-22                                               [1, 256, 56, 56]          16,384
│    │    └─BatchNorm2d: 3-23                                               [1, 256, 56, 56]          512
│    │    └─QuantIdentity: 3-24                                             [1, 256, 56, 56]          1
│    └─QuantIdentity: 2-159                                                 --                        (recursive)
│    │    └─ActQuantProxyFromInjector: 3-318                                --                        (recursive)
│    └─BottleneckQBlock: 2-19                                               --                        (recursive)
│    │    └─QuantIdentity: 3-26                                             --                        (recursive)
│    │    └─QuantConv2d: 3-27                                               [1, 256, 56, 56]          16,384
│    │    └─BatchNorm2d: 3-28                                               [1, 256, 56, 56]          512
│    │    └─QuantIdentity: 3-29                                             [1, 256, 56, 56]          1
│    └─QuantIdentity: 2-159                                                 --                        (recursive)
│    │    └─ActQuantProxyFromInjector: 3-318                                --                        (recursive)
│    └─BottleneckQBlock: 2-19                                               --                        (recursive)
│    │    └─QuantIdentity: 3-31                                             --                        (recursive)
│    │    └─QuantReLU: 3-32                                                 [1, 256, 56, 56]          1
│    └─QuantIdentity: 2-159                                                 --                        (recursive)
│    │    └─ActQuantProxyFromInjector: 3-318                                --                        (recursive)
│    └─BottleneckQBlock: 2-19                                               --                        (recursive)
│    │    └─QuantReLU: 3-34                                                 --                        (recursive)
│    └─BottleneckQBlock: 2-20                                               [1, 256, 56, 56]          53,891
│    │    └─QuantConv2d: 3-35                                               [1, 64, 56, 56]           16,384
│    │    └─BatchNorm2d: 3-36                                               [1, 64, 56, 56]           128
│    │    └─QuantReLU: 3-37                                                 [1, 64, 56, 56]           1
│    └─QuantIdentity: 2-159                                                 --                        (recursive)
│    │    └─ActQuantProxyFromInjector: 3-318                                --                        (recursive)
│    └─BottleneckQBlock: 2-28                                               --                        (recursive)
│    │    └─QuantReLU: 3-39                                                 --                        (recursive)
│    │    └─QuantConv2d: 3-40                                               [1, 64, 56, 56]           36,864
│    │    └─BatchNorm2d: 3-41                                               [1, 64, 56, 56]           128
│    │    └─QuantReLU: 3-42                                                 [1, 64, 56, 56]           1
│    └─QuantIdentity: 2-159                                                 --                        (recursive)
│    │    └─ActQuantProxyFromInjector: 3-318                                --                        (recursive)
│    └─BottleneckQBlock: 2-28                                               --                        (recursive)
│    │    └─QuantReLU: 3-44                                                 --                        (recursive)
│    │    └─QuantConv2d: 3-45                                               [1, 256, 56, 56]          16,384
│    │    └─BatchNorm2d: 3-46                                               [1, 256, 56, 56]          512
│    │    └─QuantIdentity: 3-47                                             [1, 256, 56, 56]          1
│    └─QuantIdentity: 2-159                                                 --                        (recursive)
│    │    └─ActQuantProxyFromInjector: 3-318                                --                        (recursive)
│    └─BottleneckQBlock: 2-28                                               --                        (recursive)
│    │    └─QuantIdentity: 3-49                                             --                        (recursive)
│    │    └─QuantReLU: 3-50                                                 [1, 256, 56, 56]          1
│    └─QuantIdentity: 2-159                                                 --                        (recursive)
│    │    └─ActQuantProxyFromInjector: 3-318                                --                        (recursive)
│    └─BottleneckQBlock: 2-28                                               --                        (recursive)
│    │    └─QuantReLU: 3-52                                                 --                        (recursive)
│    └─BottleneckQBlock: 2-29                                               [1, 256, 56, 56]          53,891
│    │    └─QuantConv2d: 3-53                                               [1, 64, 56, 56]           16,384
│    │    └─BatchNorm2d: 3-54                                               [1, 64, 56, 56]           128
│    │    └─QuantReLU: 3-55                                                 [1, 64, 56, 56]           1
│    └─QuantIdentity: 2-159                                                 --                        (recursive)
│    │    └─ActQuantProxyFromInjector: 3-318                                --                        (recursive)
│    └─BottleneckQBlock: 2-37                                               --                        (recursive)
│    │    └─QuantReLU: 3-57                                                 --                        (recursive)
│    │    └─QuantConv2d: 3-58                                               [1, 64, 56, 56]           36,864
│    │    └─BatchNorm2d: 3-59                                               [1, 64, 56, 56]           128
│    │    └─QuantReLU: 3-60                                                 [1, 64, 56, 56]           1
│    └─QuantIdentity: 2-159                                                 --                        (recursive)
│    │    └─ActQuantProxyFromInjector: 3-318                                --                        (recursive)
│    └─BottleneckQBlock: 2-37                                               --                        (recursive)
│    │    └─QuantReLU: 3-62                                                 --                        (recursive)
│    │    └─QuantConv2d: 3-63                                               [1, 256, 56, 56]          16,384
│    │    └─BatchNorm2d: 3-64                                               [1, 256, 56, 56]          512
│    │    └─QuantIdentity: 3-65                                             [1, 256, 56, 56]          1
│    └─QuantIdentity: 2-159                                                 --                        (recursive)
│    │    └─ActQuantProxyFromInjector: 3-318                                --                        (recursive)
│    └─BottleneckQBlock: 2-37                                               --                        (recursive)
│    │    └─QuantIdentity: 3-67                                             --                        (recursive)
│    │    └─QuantReLU: 3-68                                                 [1, 256, 56, 56]          1
│    └─QuantIdentity: 2-159                                                 --                        (recursive)
│    │    └─ActQuantProxyFromInjector: 3-318                                --                        (recursive)
│    └─BottleneckQBlock: 2-37                                               --                        (recursive)
│    │    └─QuantReLU: 3-70                                                 --                        (recursive)
│    └─BottleneckQBlock: 2-38                                               [1, 512, 28, 28]          346,372
│    │    └─QuantConv2d: 3-71                                               [1, 128, 56, 56]          32,768
│    │    └─BatchNorm2d: 3-72                                               [1, 128, 56, 56]          256
│    │    └─QuantReLU: 3-73                                                 [1, 128, 56, 56]          1
│    └─QuantIdentity: 2-159                                                 --                        (recursive)
│    │    └─ActQuantProxyFromInjector: 3-318                                --                        (recursive)
│    └─BottleneckQBlock: 2-48                                               --                        (recursive)
│    │    └─QuantReLU: 3-75                                                 --                        (recursive)
│    │    └─QuantConv2d: 3-76                                               [1, 128, 28, 28]          147,456
│    │    └─BatchNorm2d: 3-77                                               [1, 128, 28, 28]          256
│    │    └─QuantReLU: 3-78                                                 [1, 128, 28, 28]          1
│    └─QuantIdentity: 2-159                                                 --                        (recursive)
│    │    └─ActQuantProxyFromInjector: 3-318                                --                        (recursive)
│    └─BottleneckQBlock: 2-48                                               --                        (recursive)
│    │    └─QuantReLU: 3-80                                                 --                        (recursive)
│    │    └─QuantConv2d: 3-81                                               [1, 512, 28, 28]          65,536
│    │    └─BatchNorm2d: 3-82                                               [1, 512, 28, 28]          1,024
│    │    └─QuantIdentity: 3-83                                             [1, 512, 28, 28]          1
│    └─QuantIdentity: 2-159                                                 --                        (recursive)
│    │    └─ActQuantProxyFromInjector: 3-318                                --                        (recursive)
│    └─BottleneckQBlock: 2-48                                               --                        (recursive)
│    │    └─QuantIdentity: 3-85                                             --                        (recursive)
│    │    └─QuantConv2d: 3-86                                               [1, 512, 28, 28]          131,072
│    │    └─BatchNorm2d: 3-87                                               [1, 512, 28, 28]          1,024
│    │    └─QuantIdentity: 3-88                                             [1, 512, 28, 28]          1
│    └─QuantIdentity: 2-159                                                 --                        (recursive)
│    │    └─ActQuantProxyFromInjector: 3-318                                --                        (recursive)
│    └─BottleneckQBlock: 2-48                                               --                        (recursive)
│    │    └─QuantIdentity: 3-90                                             --                        (recursive)
│    │    └─QuantReLU: 3-91                                                 [1, 512, 28, 28]          1
│    └─QuantIdentity: 2-159                                                 --                        (recursive)
│    │    └─ActQuantProxyFromInjector: 3-318                                --                        (recursive)
│    └─BottleneckQBlock: 2-48                                               --                        (recursive)
│    │    └─QuantReLU: 3-93                                                 --                        (recursive)
│    └─BottleneckQBlock: 2-49                                               [1, 512, 28, 28]          214,275
│    │    └─QuantConv2d: 3-94                                               [1, 128, 28, 28]          65,536
│    │    └─BatchNorm2d: 3-95                                               [1, 128, 28, 28]          256
│    │    └─QuantReLU: 3-96                                                 [1, 128, 28, 28]          1
│    └─QuantIdentity: 2-159                                                 --                        (recursive)
│    │    └─ActQuantProxyFromInjector: 3-318                                --                        (recursive)
│    └─BottleneckQBlock: 2-57                                               --                        (recursive)
│    │    └─QuantReLU: 3-98                                                 --                        (recursive)
│    │    └─QuantConv2d: 3-99                                               [1, 128, 28, 28]          147,456
│    │    └─BatchNorm2d: 3-100                                              [1, 128, 28, 28]          256
│    │    └─QuantReLU: 3-101                                                [1, 128, 28, 28]          1
│    └─QuantIdentity: 2-159                                                 --                        (recursive)
│    │    └─ActQuantProxyFromInjector: 3-318                                --                        (recursive)
│    └─BottleneckQBlock: 2-57                                               --                        (recursive)
│    │    └─QuantReLU: 3-103                                                --                        (recursive)
│    │    └─QuantConv2d: 3-104                                              [1, 512, 28, 28]          65,536
│    │    └─BatchNorm2d: 3-105                                              [1, 512, 28, 28]          1,024
│    │    └─QuantIdentity: 3-106                                            [1, 512, 28, 28]          1
│    └─QuantIdentity: 2-159                                                 --                        (recursive)
│    │    └─ActQuantProxyFromInjector: 3-318                                --                        (recursive)
│    └─BottleneckQBlock: 2-57                                               --                        (recursive)
│    │    └─QuantIdentity: 3-108                                            --                        (recursive)
│    │    └─QuantReLU: 3-109                                                [1, 512, 28, 28]          1
│    └─QuantIdentity: 2-159                                                 --                        (recursive)
│    │    └─ActQuantProxyFromInjector: 3-318                                --                        (recursive)
│    └─BottleneckQBlock: 2-57                                               --                        (recursive)
│    │    └─QuantReLU: 3-111                                                --                        (recursive)
│    └─BottleneckQBlock: 2-58                                               [1, 512, 28, 28]          214,275
│    │    └─QuantConv2d: 3-112                                              [1, 128, 28, 28]          65,536
│    │    └─BatchNorm2d: 3-113                                              [1, 128, 28, 28]          256
│    │    └─QuantReLU: 3-114                                                [1, 128, 28, 28]          1
│    └─QuantIdentity: 2-159                                                 --                        (recursive)
│    │    └─ActQuantProxyFromInjector: 3-318                                --                        (recursive)
│    └─BottleneckQBlock: 2-66                                               --                        (recursive)
│    │    └─QuantReLU: 3-116                                                --                        (recursive)
│    │    └─QuantConv2d: 3-117                                              [1, 128, 28, 28]          147,456
│    │    └─BatchNorm2d: 3-118                                              [1, 128, 28, 28]          256
│    │    └─QuantReLU: 3-119                                                [1, 128, 28, 28]          1
│    └─QuantIdentity: 2-159                                                 --                        (recursive)
│    │    └─ActQuantProxyFromInjector: 3-318                                --                        (recursive)
│    └─BottleneckQBlock: 2-66                                               --                        (recursive)
│    │    └─QuantReLU: 3-121                                                --                        (recursive)
│    │    └─QuantConv2d: 3-122                                              [1, 512, 28, 28]          65,536
│    │    └─BatchNorm2d: 3-123                                              [1, 512, 28, 28]          1,024
│    │    └─QuantIdentity: 3-124                                            [1, 512, 28, 28]          1
│    └─QuantIdentity: 2-159                                                 --                        (recursive)
│    │    └─ActQuantProxyFromInjector: 3-318                                --                        (recursive)
│    └─BottleneckQBlock: 2-66                                               --                        (recursive)
│    │    └─QuantIdentity: 3-126                                            --                        (recursive)
│    │    └─QuantReLU: 3-127                                                [1, 512, 28, 28]          1
│    └─QuantIdentity: 2-159                                                 --                        (recursive)
│    │    └─ActQuantProxyFromInjector: 3-318                                --                        (recursive)
│    └─BottleneckQBlock: 2-66                                               --                        (recursive)
│    │    └─QuantReLU: 3-129                                                --                        (recursive)
│    └─BottleneckQBlock: 2-67                                               [1, 512, 28, 28]          214,275
│    │    └─QuantConv2d: 3-130                                              [1, 128, 28, 28]          65,536
│    │    └─BatchNorm2d: 3-131                                              [1, 128, 28, 28]          256
│    │    └─QuantReLU: 3-132                                                [1, 128, 28, 28]          1
│    └─QuantIdentity: 2-159                                                 --                        (recursive)
│    │    └─ActQuantProxyFromInjector: 3-318                                --                        (recursive)
│    └─BottleneckQBlock: 2-75                                               --                        (recursive)
│    │    └─QuantReLU: 3-134                                                --                        (recursive)
│    │    └─QuantConv2d: 3-135                                              [1, 128, 28, 28]          147,456
│    │    └─BatchNorm2d: 3-136                                              [1, 128, 28, 28]          256
│    │    └─QuantReLU: 3-137                                                [1, 128, 28, 28]          1
│    └─QuantIdentity: 2-159                                                 --                        (recursive)
│    │    └─ActQuantProxyFromInjector: 3-318                                --                        (recursive)
│    └─BottleneckQBlock: 2-75                                               --                        (recursive)
│    │    └─QuantReLU: 3-139                                                --                        (recursive)
│    │    └─QuantConv2d: 3-140                                              [1, 512, 28, 28]          65,536
│    │    └─BatchNorm2d: 3-141                                              [1, 512, 28, 28]          1,024
│    │    └─QuantIdentity: 3-142                                            [1, 512, 28, 28]          1
│    └─QuantIdentity: 2-159                                                 --                        (recursive)
│    │    └─ActQuantProxyFromInjector: 3-318                                --                        (recursive)
│    └─BottleneckQBlock: 2-75                                               --                        (recursive)
│    │    └─QuantIdentity: 3-144                                            --                        (recursive)
│    │    └─QuantReLU: 3-145                                                [1, 512, 28, 28]          1
│    └─QuantIdentity: 2-159                                                 --                        (recursive)
│    │    └─ActQuantProxyFromInjector: 3-318                                --                        (recursive)
│    └─BottleneckQBlock: 2-75                                               --                        (recursive)
│    │    └─QuantReLU: 3-147                                                --                        (recursive)
│    └─BottleneckQBlock: 2-76                                               [1, 1024, 14, 14]         1,380,868
│    │    └─QuantConv2d: 3-148                                              [1, 256, 28, 28]          131,072
│    │    └─BatchNorm2d: 3-149                                              [1, 256, 28, 28]          512
│    │    └─QuantReLU: 3-150                                                [1, 256, 28, 28]          1
│    └─QuantIdentity: 2-159                                                 --                        (recursive)
│    │    └─ActQuantProxyFromInjector: 3-318                                --                        (recursive)
│    └─BottleneckQBlock: 2-86                                               --                        (recursive)
│    │    └─QuantReLU: 3-152                                                --                        (recursive)
│    │    └─QuantConv2d: 3-153                                              [1, 256, 14, 14]          589,824
│    │    └─BatchNorm2d: 3-154                                              [1, 256, 14, 14]          512
│    │    └─QuantReLU: 3-155                                                [1, 256, 14, 14]          1
│    └─QuantIdentity: 2-159                                                 --                        (recursive)
│    │    └─ActQuantProxyFromInjector: 3-318                                --                        (recursive)
│    └─BottleneckQBlock: 2-86                                               --                        (recursive)
│    │    └─QuantReLU: 3-157                                                --                        (recursive)
│    │    └─QuantConv2d: 3-158                                              [1, 1024, 14, 14]         262,144
│    │    └─BatchNorm2d: 3-159                                              [1, 1024, 14, 14]         2,048
│    │    └─QuantIdentity: 3-160                                            [1, 1024, 14, 14]         1
│    └─QuantIdentity: 2-159                                                 --                        (recursive)
│    │    └─ActQuantProxyFromInjector: 3-318                                --                        (recursive)
│    └─BottleneckQBlock: 2-86                                               --                        (recursive)
│    │    └─QuantIdentity: 3-162                                            --                        (recursive)
│    │    └─QuantConv2d: 3-163                                              [1, 1024, 14, 14]         524,288
│    │    └─BatchNorm2d: 3-164                                              [1, 1024, 14, 14]         2,048
│    │    └─QuantIdentity: 3-165                                            [1, 1024, 14, 14]         1
│    └─QuantIdentity: 2-159                                                 --                        (recursive)
│    │    └─ActQuantProxyFromInjector: 3-318                                --                        (recursive)
│    └─BottleneckQBlock: 2-86                                               --                        (recursive)
│    │    └─QuantIdentity: 3-167                                            --                        (recursive)
│    │    └─QuantReLU: 3-168                                                [1, 1024, 14, 14]         1
│    └─QuantIdentity: 2-159                                                 --                        (recursive)
│    │    └─ActQuantProxyFromInjector: 3-318                                --                        (recursive)
│    └─BottleneckQBlock: 2-86                                               --                        (recursive)
│    │    └─QuantReLU: 3-170                                                --                        (recursive)
│    └─BottleneckQBlock: 2-87                                               [1, 1024, 14, 14]         854,531
│    │    └─QuantConv2d: 3-171                                              [1, 256, 14, 14]          262,144
│    │    └─BatchNorm2d: 3-172                                              [1, 256, 14, 14]          512
│    │    └─QuantReLU: 3-173                                                [1, 256, 14, 14]          1
│    └─QuantIdentity: 2-159                                                 --                        (recursive)
│    │    └─ActQuantProxyFromInjector: 3-318                                --                        (recursive)
│    └─BottleneckQBlock: 2-95                                               --                        (recursive)
│    │    └─QuantReLU: 3-175                                                --                        (recursive)
│    │    └─QuantConv2d: 3-176                                              [1, 256, 14, 14]          589,824
│    │    └─BatchNorm2d: 3-177                                              [1, 256, 14, 14]          512
│    │    └─QuantReLU: 3-178                                                [1, 256, 14, 14]          1
│    └─QuantIdentity: 2-159                                                 --                        (recursive)
│    │    └─ActQuantProxyFromInjector: 3-318                                --                        (recursive)
│    └─BottleneckQBlock: 2-95                                               --                        (recursive)
│    │    └─QuantReLU: 3-180                                                --                        (recursive)
│    │    └─QuantConv2d: 3-181                                              [1, 1024, 14, 14]         262,144
│    │    └─BatchNorm2d: 3-182                                              [1, 1024, 14, 14]         2,048
│    │    └─QuantIdentity: 3-183                                            [1, 1024, 14, 14]         1
│    └─QuantIdentity: 2-159                                                 --                        (recursive)
│    │    └─ActQuantProxyFromInjector: 3-318                                --                        (recursive)
│    └─BottleneckQBlock: 2-95                                               --                        (recursive)
│    │    └─QuantIdentity: 3-185                                            --                        (recursive)
│    │    └─QuantReLU: 3-186                                                [1, 1024, 14, 14]         1
│    └─QuantIdentity: 2-159                                                 --                        (recursive)
│    │    └─ActQuantProxyFromInjector: 3-318                                --                        (recursive)
│    └─BottleneckQBlock: 2-95                                               --                        (recursive)
│    │    └─QuantReLU: 3-188                                                --                        (recursive)
│    └─BottleneckQBlock: 2-96                                               [1, 1024, 14, 14]         854,531
│    │    └─QuantConv2d: 3-189                                              [1, 256, 14, 14]          262,144
│    │    └─BatchNorm2d: 3-190                                              [1, 256, 14, 14]          512
│    │    └─QuantReLU: 3-191                                                [1, 256, 14, 14]          1
│    └─QuantIdentity: 2-159                                                 --                        (recursive)
│    │    └─ActQuantProxyFromInjector: 3-318                                --                        (recursive)
│    └─BottleneckQBlock: 2-104                                              --                        (recursive)
│    │    └─QuantReLU: 3-193                                                --                        (recursive)
│    │    └─QuantConv2d: 3-194                                              [1, 256, 14, 14]          589,824
│    │    └─BatchNorm2d: 3-195                                              [1, 256, 14, 14]          512
│    │    └─QuantReLU: 3-196                                                [1, 256, 14, 14]          1
│    └─QuantIdentity: 2-159                                                 --                        (recursive)
│    │    └─ActQuantProxyFromInjector: 3-318                                --                        (recursive)
│    └─BottleneckQBlock: 2-104                                              --                        (recursive)
│    │    └─QuantReLU: 3-198                                                --                        (recursive)
│    │    └─QuantConv2d: 3-199                                              [1, 1024, 14, 14]         262,144
│    │    └─BatchNorm2d: 3-200                                              [1, 1024, 14, 14]         2,048
│    │    └─QuantIdentity: 3-201                                            [1, 1024, 14, 14]         1
│    └─QuantIdentity: 2-159                                                 --                        (recursive)
│    │    └─ActQuantProxyFromInjector: 3-318                                --                        (recursive)
│    └─BottleneckQBlock: 2-104                                              --                        (recursive)
│    │    └─QuantIdentity: 3-203                                            --                        (recursive)
│    │    └─QuantReLU: 3-204                                                [1, 1024, 14, 14]         1
│    └─QuantIdentity: 2-159                                                 --                        (recursive)
│    │    └─ActQuantProxyFromInjector: 3-318                                --                        (recursive)
│    └─BottleneckQBlock: 2-104                                              --                        (recursive)
│    │    └─QuantReLU: 3-206                                                --                        (recursive)
│    └─BottleneckQBlock: 2-105                                              [1, 1024, 14, 14]         854,531
│    │    └─QuantConv2d: 3-207                                              [1, 256, 14, 14]          262,144
│    │    └─BatchNorm2d: 3-208                                              [1, 256, 14, 14]          512
│    │    └─QuantReLU: 3-209                                                [1, 256, 14, 14]          1
│    └─QuantIdentity: 2-159                                                 --                        (recursive)
│    │    └─ActQuantProxyFromInjector: 3-318                                --                        (recursive)
│    └─BottleneckQBlock: 2-113                                              --                        (recursive)
│    │    └─QuantReLU: 3-211                                                --                        (recursive)
│    │    └─QuantConv2d: 3-212                                              [1, 256, 14, 14]          589,824
│    │    └─BatchNorm2d: 3-213                                              [1, 256, 14, 14]          512
│    │    └─QuantReLU: 3-214                                                [1, 256, 14, 14]          1
│    └─QuantIdentity: 2-159                                                 --                        (recursive)
│    │    └─ActQuantProxyFromInjector: 3-318                                --                        (recursive)
│    └─BottleneckQBlock: 2-113                                              --                        (recursive)
│    │    └─QuantReLU: 3-216                                                --                        (recursive)
│    │    └─QuantConv2d: 3-217                                              [1, 1024, 14, 14]         262,144
│    │    └─BatchNorm2d: 3-218                                              [1, 1024, 14, 14]         2,048
│    │    └─QuantIdentity: 3-219                                            [1, 1024, 14, 14]         1
│    └─QuantIdentity: 2-159                                                 --                        (recursive)
│    │    └─ActQuantProxyFromInjector: 3-318                                --                        (recursive)
│    └─BottleneckQBlock: 2-113                                              --                        (recursive)
│    │    └─QuantIdentity: 3-221                                            --                        (recursive)
│    │    └─QuantReLU: 3-222                                                [1, 1024, 14, 14]         1
│    └─QuantIdentity: 2-159                                                 --                        (recursive)
│    │    └─ActQuantProxyFromInjector: 3-318                                --                        (recursive)
│    └─BottleneckQBlock: 2-113                                              --                        (recursive)
│    │    └─QuantReLU: 3-224                                                --                        (recursive)
│    └─BottleneckQBlock: 2-114                                              [1, 1024, 14, 14]         854,531
│    │    └─QuantConv2d: 3-225                                              [1, 256, 14, 14]          262,144
│    │    └─BatchNorm2d: 3-226                                              [1, 256, 14, 14]          512
│    │    └─QuantReLU: 3-227                                                [1, 256, 14, 14]          1
│    └─QuantIdentity: 2-159                                                 --                        (recursive)
│    │    └─ActQuantProxyFromInjector: 3-318                                --                        (recursive)
│    └─BottleneckQBlock: 2-122                                              --                        (recursive)
│    │    └─QuantReLU: 3-229                                                --                        (recursive)
│    │    └─QuantConv2d: 3-230                                              [1, 256, 14, 14]          589,824
│    │    └─BatchNorm2d: 3-231                                              [1, 256, 14, 14]          512
│    │    └─QuantReLU: 3-232                                                [1, 256, 14, 14]          1
│    └─QuantIdentity: 2-159                                                 --                        (recursive)
│    │    └─ActQuantProxyFromInjector: 3-318                                --                        (recursive)
│    └─BottleneckQBlock: 2-122                                              --                        (recursive)
│    │    └─QuantReLU: 3-234                                                --                        (recursive)
│    │    └─QuantConv2d: 3-235                                              [1, 1024, 14, 14]         262,144
│    │    └─BatchNorm2d: 3-236                                              [1, 1024, 14, 14]         2,048
│    │    └─QuantIdentity: 3-237                                            [1, 1024, 14, 14]         1
│    └─QuantIdentity: 2-159                                                 --                        (recursive)
│    │    └─ActQuantProxyFromInjector: 3-318                                --                        (recursive)
│    └─BottleneckQBlock: 2-122                                              --                        (recursive)
│    │    └─QuantIdentity: 3-239                                            --                        (recursive)
│    │    └─QuantReLU: 3-240                                                [1, 1024, 14, 14]         1
│    └─QuantIdentity: 2-159                                                 --                        (recursive)
│    │    └─ActQuantProxyFromInjector: 3-318                                --                        (recursive)
│    └─BottleneckQBlock: 2-122                                              --                        (recursive)
│    │    └─QuantReLU: 3-242                                                --                        (recursive)
│    └─BottleneckQBlock: 2-123                                              [1, 1024, 14, 14]         854,531
│    │    └─QuantConv2d: 3-243                                              [1, 256, 14, 14]          262,144
│    │    └─BatchNorm2d: 3-244                                              [1, 256, 14, 14]          512
│    │    └─QuantReLU: 3-245                                                [1, 256, 14, 14]          1
│    └─QuantIdentity: 2-159                                                 --                        (recursive)
│    │    └─ActQuantProxyFromInjector: 3-318                                --                        (recursive)
│    └─BottleneckQBlock: 2-131                                              --                        (recursive)
│    │    └─QuantReLU: 3-247                                                --                        (recursive)
│    │    └─QuantConv2d: 3-248                                              [1, 256, 14, 14]          589,824
│    │    └─BatchNorm2d: 3-249                                              [1, 256, 14, 14]          512
│    │    └─QuantReLU: 3-250                                                [1, 256, 14, 14]          1
│    └─QuantIdentity: 2-159                                                 --                        (recursive)
│    │    └─ActQuantProxyFromInjector: 3-318                                --                        (recursive)
│    └─BottleneckQBlock: 2-131                                              --                        (recursive)
│    │    └─QuantReLU: 3-252                                                --                        (recursive)
│    │    └─QuantConv2d: 3-253                                              [1, 1024, 14, 14]         262,144
│    │    └─BatchNorm2d: 3-254                                              [1, 1024, 14, 14]         2,048
│    │    └─QuantIdentity: 3-255                                            [1, 1024, 14, 14]         1
│    └─QuantIdentity: 2-159                                                 --                        (recursive)
│    │    └─ActQuantProxyFromInjector: 3-318                                --                        (recursive)
│    └─BottleneckQBlock: 2-131                                              --                        (recursive)
│    │    └─QuantIdentity: 3-257                                            --                        (recursive)
│    │    └─QuantReLU: 3-258                                                [1, 1024, 14, 14]         1
│    └─QuantIdentity: 2-159                                                 --                        (recursive)
│    │    └─ActQuantProxyFromInjector: 3-318                                --                        (recursive)
│    └─BottleneckQBlock: 2-131                                              --                        (recursive)
│    │    └─QuantReLU: 3-260                                                --                        (recursive)
│    └─BottleneckQBlock: 2-132                                              [1, 2048, 7, 7]           5,514,244
│    │    └─QuantConv2d: 3-261                                              [1, 512, 14, 14]          524,288
│    │    └─BatchNorm2d: 3-262                                              [1, 512, 14, 14]          1,024
│    │    └─QuantReLU: 3-263                                                [1, 512, 14, 14]          1
│    └─QuantIdentity: 2-159                                                 --                        (recursive)
│    │    └─ActQuantProxyFromInjector: 3-318                                --                        (recursive)
│    └─BottleneckQBlock: 2-142                                              --                        (recursive)
│    │    └─QuantReLU: 3-265                                                --                        (recursive)
│    │    └─QuantConv2d: 3-266                                              [1, 512, 7, 7]            2,359,296
│    │    └─BatchNorm2d: 3-267                                              [1, 512, 7, 7]            1,024
│    │    └─QuantReLU: 3-268                                                [1, 512, 7, 7]            1
│    └─QuantIdentity: 2-159                                                 --                        (recursive)
│    │    └─ActQuantProxyFromInjector: 3-318                                --                        (recursive)
│    └─BottleneckQBlock: 2-142                                              --                        (recursive)
│    │    └─QuantReLU: 3-270                                                --                        (recursive)
│    │    └─QuantConv2d: 3-271                                              [1, 2048, 7, 7]           1,048,576
│    │    └─BatchNorm2d: 3-272                                              [1, 2048, 7, 7]           4,096
│    │    └─QuantIdentity: 3-273                                            [1, 2048, 7, 7]           1
│    └─QuantIdentity: 2-159                                                 --                        (recursive)
│    │    └─ActQuantProxyFromInjector: 3-318                                --                        (recursive)
│    └─BottleneckQBlock: 2-142                                              --                        (recursive)
│    │    └─QuantIdentity: 3-275                                            --                        (recursive)
│    │    └─QuantConv2d: 3-276                                              [1, 2048, 7, 7]           2,097,152
│    │    └─BatchNorm2d: 3-277                                              [1, 2048, 7, 7]           4,096
│    │    └─QuantIdentity: 3-278                                            [1, 2048, 7, 7]           1
│    └─QuantIdentity: 2-159                                                 --                        (recursive)
│    │    └─ActQuantProxyFromInjector: 3-318                                --                        (recursive)
│    └─BottleneckQBlock: 2-142                                              --                        (recursive)
│    │    └─QuantIdentity: 3-280                                            --                        (recursive)
│    │    └─QuantReLU: 3-281                                                [1, 2048, 7, 7]           1
│    └─QuantIdentity: 2-159                                                 --                        (recursive)
│    │    └─ActQuantProxyFromInjector: 3-318                                --                        (recursive)
│    └─BottleneckQBlock: 2-142                                              --                        (recursive)
│    │    └─QuantReLU: 3-283                                                --                        (recursive)
│    └─BottleneckQBlock: 2-143                                              [1, 2048, 7, 7]           3,412,995
│    │    └─QuantConv2d: 3-284                                              [1, 512, 7, 7]            1,048,576
│    │    └─BatchNorm2d: 3-285                                              [1, 512, 7, 7]            1,024
│    │    └─QuantReLU: 3-286                                                [1, 512, 7, 7]            1
│    └─QuantIdentity: 2-159                                                 --                        (recursive)
│    │    └─ActQuantProxyFromInjector: 3-318                                --                        (recursive)
│    └─BottleneckQBlock: 2-151                                              --                        (recursive)
│    │    └─QuantReLU: 3-288                                                --                        (recursive)
│    │    └─QuantConv2d: 3-289                                              [1, 512, 7, 7]            2,359,296
│    │    └─BatchNorm2d: 3-290                                              [1, 512, 7, 7]            1,024
│    │    └─QuantReLU: 3-291                                                [1, 512, 7, 7]            1
│    └─QuantIdentity: 2-159                                                 --                        (recursive)
│    │    └─ActQuantProxyFromInjector: 3-318                                --                        (recursive)
│    └─BottleneckQBlock: 2-151                                              --                        (recursive)
│    │    └─QuantReLU: 3-293                                                --                        (recursive)
│    │    └─QuantConv2d: 3-294                                              [1, 2048, 7, 7]           1,048,576
│    │    └─BatchNorm2d: 3-295                                              [1, 2048, 7, 7]           4,096
│    │    └─QuantIdentity: 3-296                                            [1, 2048, 7, 7]           1
│    └─QuantIdentity: 2-159                                                 --                        (recursive)
│    │    └─ActQuantProxyFromInjector: 3-318                                --                        (recursive)
│    └─BottleneckQBlock: 2-151                                              --                        (recursive)
│    │    └─QuantIdentity: 3-298                                            --                        (recursive)
│    │    └─QuantReLU: 3-299                                                [1, 2048, 7, 7]           1
│    └─QuantIdentity: 2-159                                                 --                        (recursive)
│    │    └─ActQuantProxyFromInjector: 3-318                                --                        (recursive)
│    └─BottleneckQBlock: 2-151                                              --                        (recursive)
│    │    └─QuantReLU: 3-301                                                --                        (recursive)
│    └─BottleneckQBlock: 2-152                                              [1, 2048, 7, 7]           3,412,995
│    │    └─QuantConv2d: 3-302                                              [1, 512, 7, 7]            1,048,576
│    │    └─BatchNorm2d: 3-303                                              [1, 512, 7, 7]            1,024
│    │    └─QuantReLU: 3-304                                                [1, 512, 7, 7]            1
│    └─QuantIdentity: 2-159                                                 --                        (recursive)
│    │    └─ActQuantProxyFromInjector: 3-318                                --                        (recursive)
│    └─BottleneckQBlock: 2-160                                              --                        (recursive)
│    │    └─QuantReLU: 3-306                                                --                        (recursive)
│    │    └─QuantConv2d: 3-307                                              [1, 512, 7, 7]            2,359,296
│    │    └─BatchNorm2d: 3-308                                              [1, 512, 7, 7]            1,024
│    │    └─QuantReLU: 3-309                                                [1, 512, 7, 7]            1
│    └─QuantIdentity: 2-159                                                 --                        (recursive)
│    │    └─ActQuantProxyFromInjector: 3-318                                --                        (recursive)
│    └─BottleneckQBlock: 2-160                                              --                        (recursive)
│    │    └─QuantReLU: 3-311                                                --                        (recursive)
│    │    └─QuantConv2d: 3-312                                              [1, 2048, 7, 7]           1,048,576
│    │    └─BatchNorm2d: 3-313                                              [1, 2048, 7, 7]           4,096
│    │    └─QuantIdentity: 3-314                                            [1, 2048, 7, 7]           1
│    └─QuantIdentity: 2-159                                                 --                        (recursive)
│    │    └─ActQuantProxyFromInjector: 3-318                                --                        (recursive)
│    └─BottleneckQBlock: 2-160                                              --                        (recursive)
│    │    └─QuantIdentity: 3-316                                            --                        (recursive)
│    │    └─QuantReLU: 3-317                                                [1, 2048, 7, 7]           1
│    └─QuantIdentity: 2-159                                                 --                        (recursive)
│    │    └─ActQuantProxyFromInjector: 3-318                                --                        (recursive)
│    └─BottleneckQBlock: 2-160                                              --                        (recursive)
│    │    └─QuantReLU: 3-319                                                --                        (recursive)
│    └─AvgPool2d: 2-161                                                     [1, 2048, 1, 1]           --
│    └─QuantIdentity: 2-162                                                 [1, 2048, 1, 1]           --
│    │    └─ActQuantProxyFromInjector: 3-320                                [1, 2048, 1, 1]           --
│    │    └─ActQuantProxyFromInjector: 3-321                                [1, 2048, 1, 1]           1
│    └─Flatten: 2-163                                                       [1, 2048]                 --
=============================================================================================================================
Total params: 42,661,755
Trainable params: 42,661,755
Non-trainable params: 0
Total mult-adds (M): 0.05
=============================================================================================================================
Input size (MB): 0.30
Forward/backward pass size (MB): 84.09
Params size (MB): 0.21
Estimated Total Size (MB): 84.61
=============================================================================================================================

Loading checkpoint...
Loaded checkpoint /home/zhiyong/Git/dct-cryptonets/dct-cryptonets/checkpoint/faceforensic/resnet50_qat_dct/best.tar (99.256% Top-1 Acc. @ epoch 4)

Compiling FHE Model (this can take up to 10 minutes for larger networks)...

Computation Graph
--------------------------------------------------------------------------------
  %0 = _inp_1                                                                                                             # EncryptedTensor<int4, shape=(1, 24, 56, 56)>           ∈ [-8, 7]
  %1 = [[[[ 0]]   ...   [[ 1]]]]                                                                                          # ClearTensor<int4, shape=(64, 24, 1, 1)>                ∈ [-6, 7]              @ /trunk/trunk.1/Conv.conv
  %2 = conv2d(%0, %1, [0 0 0 0 0 ... 0 0 0 0 0], pads=[0, 0, 0, 0], strides=(1, 1), dilations=(1, 1), group=1)            # EncryptedTensor<int8, shape=(1, 64, 56, 56)>           ∈ [-98, 98]            @ /trunk/trunk.1/Conv.conv
  %3 = round_bit_pattern(%2, lsbs_to_remove=1, overflow_protection=False, exactness=Exactness.EXACT)                      # EncryptedTensor<int8, shape=(1, 64, 56, 56)>           ∈ [-98, 98]            @ /trunk/trunk.1/Conv.conv_rounding
  %4 = subgraph(%3)                                                                                                       # EncryptedTensor<int4, shape=(1, 64, 56, 56)>           ∈ [-8, 7]
  %5 = [[[[ 4]]   ...   [[ 0]]]]                                                                                          # ClearTensor<int4, shape=(64, 64, 1, 1)>                ∈ [-7, 7]              @ /trunk/trunk.4/C1/Conv.conv
  %6 = conv2d(%4, %5, [0 0 0 0 0 ... 0 0 0 0 0], pads=[0, 0, 0, 0], strides=(1, 1), dilations=(1, 1), group=1)            # EncryptedTensor<int10, shape=(1, 64, 56, 56)>          ∈ [-271, 272]          @ /trunk/trunk.4/C1/Conv.conv
  %7 = round_bit_pattern(%6, lsbs_to_remove=3, overflow_protection=False, exactness=Exactness.EXACT)                      # EncryptedTensor<int10, shape=(1, 64, 56, 56)>          ∈ [-272, 272]          @ /trunk/trunk.4/C1/Conv.conv_rounding
  %8 = subgraph(%7)                                                                                                       # EncryptedTensor<uint4, shape=(1, 64, 56, 56)>          ∈ [0, 15]
  %9 = ones()                                                                                                             # EncryptedTensor<uint1, shape=(1, 64, 58, 58)>          ∈ [1, 1]
 %10 = 0                                                                                                                  # ClearScalar<uint1>                                     ∈ [0, 0]
 %11 = multiply(%9, %10)                                                                                                  # EncryptedTensor<uint1, shape=(1, 64, 58, 58)>          ∈ [0, 0]
 %12 = (%11[:, :, 1:57, 1:57] = %8)                                                                                       # EncryptedTensor<uint4, shape=(1, 64, 58, 58)>          ∈ [0, 15]
 %13 = [[[[ 0  1  ...   1  1]]]]                                                                                          # ClearTensor<int4, shape=(64, 64, 3, 3)>                ∈ [-7, 7]              @ /trunk/trunk.4/C2/Conv.conv
 %14 = conv2d(%12, %13, [0 0 0 0 0 ... 0 0 0 0 0], pads=[0, 0, 0, 0], strides=(1, 1), dilations=(1, 1), group=1)          # EncryptedTensor<int12, shape=(1, 64, 56, 56)>          ∈ [-956, 1128]         @ /trunk/trunk.4/C2/Conv.conv
 %15 = round_bit_pattern(%14, lsbs_to_remove=4, overflow_protection=False, exactness=Exactness.EXACT)                     # EncryptedTensor<int12, shape=(1, 64, 56, 56)>          ∈ [-960, 1136]         @ /trunk/trunk.4/C2/Conv.conv_rounding
 %16 = subgraph(%15)                                                                                                      # EncryptedTensor<uint4, shape=(1, 64, 56, 56)>          ∈ [0, 15]
 %17 = [[[[-2]]   ...   [[ 1]]]]                                                                                          # ClearTensor<int4, shape=(256, 64, 1, 1)>               ∈ [-7, 7]              @ /trunk/trunk.4/C3/Conv.conv
 %18 = conv2d(%16, %17, [0 0 0 0 0 ... 0 0 0 0 0], pads=[0, 0, 0, 0], strides=(1, 1), dilations=(1, 1), group=1)          # EncryptedTensor<int10, shape=(1, 256, 56, 56)>         ∈ [-399, 403]          @ /trunk/trunk.4/C3/Conv.conv
 %19 = round_bit_pattern(%18, lsbs_to_remove=3, overflow_protection=False, exactness=Exactness.EXACT)                     # EncryptedTensor<int10, shape=(1, 256, 56, 56)>         ∈ [-400, 400]          @ /trunk/trunk.4/C3/Conv.conv_rounding
 %20 = subgraph(%19)                                                                                                      # EncryptedTensor<int4, shape=(1, 256, 56, 56)>          ∈ [-8, 7]
 %21 = [[[[ 3]]   ...   [[-4]]]]                                                                                          # ClearTensor<int4, shape=(256, 64, 1, 1)>               ∈ [-7, 7]              @ /trunk/trunk.4/shortcut/Conv.conv
 %22 = conv2d(%4, %21, [0 0 0 0 0 ... 0 0 0 0 0], pads=[0, 0, 0, 0], strides=(1, 1), dilations=(1, 1), group=1)           # EncryptedTensor<int10, shape=(1, 256, 56, 56)>         ∈ [-271, 290]          @ /trunk/trunk.4/shortcut/Conv.conv
 %23 = round_bit_pattern(%22, lsbs_to_remove=2, overflow_protection=False, exactness=Exactness.EXACT)                     # EncryptedTensor<int10, shape=(1, 256, 56, 56)>         ∈ [-272, 292]          @ /trunk/trunk.4/shortcut/Conv.conv_rounding
 %24 = subgraph(%23)                                                                                                      # EncryptedTensor<int4, shape=(1, 256, 56, 56)>          ∈ [-8, 7]
 %25 = subgraph(%20)                                                                                                      # EncryptedTensor<int4, shape=(1, 256, 56, 56)>          ∈ [-5, 5]
 %26 = subgraph(%24)                                                                                                      # EncryptedTensor<int4, shape=(1, 256, 56, 56)>          ∈ [-7, 6]
 %27 = 1                                                                                                                  # ClearScalar<uint1>                                     ∈ [1, 1]
 %28 = multiply(%27, %26)                                                                                                 # EncryptedTensor<int4, shape=(1, 256, 56, 56)>          ∈ [-7, 6]
 %29 = add(%25, %28)                                                                                                      # EncryptedTensor<int5, shape=(1, 256, 56, 56)>          ∈ [-12, 11]
 %30 = subgraph(%29)                                                                                                      # EncryptedTensor<uint4, shape=(1, 256, 56, 56)>         ∈ [0, 15]
 %31 = [[[[ 2]]   ...   [[ 2]]]]                                                                                          # ClearTensor<int4, shape=(64, 256, 1, 1)>               ∈ [-7, 7]              @ /trunk/trunk.5/C1/Conv.conv
 %32 = conv2d(%30, %31, [0 0 0 0 0 ... 0 0 0 0 0], pads=[0, 0, 0, 0], strides=(1, 1), dilations=(1, 1), group=1)          # EncryptedTensor<int11, shape=(1, 64, 56, 56)>          ∈ [-652, 633]          @ /trunk/trunk.5/C1/Conv.conv
 %33 = round_bit_pattern(%32, lsbs_to_remove=4, overflow_protection=False, exactness=Exactness.EXACT)                     # EncryptedTensor<int11, shape=(1, 64, 56, 56)>          ∈ [-656, 640]          @ /trunk/trunk.5/C1/Conv.conv_rounding
 %34 = subgraph(%33)                                                                                                      # EncryptedTensor<uint4, shape=(1, 64, 56, 56)>          ∈ [0, 15]
 %35 = ones()                                                                                                             # EncryptedTensor<uint1, shape=(1, 64, 58, 58)>          ∈ [1, 1]
 %36 = 0                                                                                                                  # ClearScalar<uint1>                                     ∈ [0, 0]
 %37 = multiply(%35, %36)                                                                                                 # EncryptedTensor<uint1, shape=(1, 64, 58, 58)>          ∈ [0, 0]
 %38 = (%37[:, :, 1:57, 1:57] = %34)                                                                                      # EncryptedTensor<uint4, shape=(1, 64, 58, 58)>          ∈ [0, 15]
 %39 = [[[[ 1  1  ...   3  1]]]]                                                                                          # ClearTensor<int4, shape=(64, 64, 3, 3)>                ∈ [-7, 7]              @ /trunk/trunk.5/C2/Conv.conv
 %40 = conv2d(%38, %39, [0 0 0 0 0 ... 0 0 0 0 0], pads=[0, 0, 0, 0], strides=(1, 1), dilations=(1, 1), group=1)          # EncryptedTensor<int12, shape=(1, 64, 56, 56)>          ∈ [-1225, 1116]        @ /trunk/trunk.5/C2/Conv.conv
 %41 = round_bit_pattern(%40, lsbs_to_remove=4, overflow_protection=False, exactness=Exactness.EXACT)                     # EncryptedTensor<int12, shape=(1, 64, 56, 56)>          ∈ [-1232, 1120]        @ /trunk/trunk.5/C2/Conv.conv_rounding
 %42 = subgraph(%41)                                                                                                      # EncryptedTensor<uint4, shape=(1, 64, 56, 56)>          ∈ [0, 15]
 %43 = [[[[ 1]]   ...   [[-2]]]]                                                                                          # ClearTensor<int4, shape=(256, 64, 1, 1)>               ∈ [-7, 7]              @ /trunk/trunk.5/C3/Conv.conv
 %44 = conv2d(%42, %43, [0 0 0 0 0 ... 0 0 0 0 0], pads=[0, 0, 0, 0], strides=(1, 1), dilations=(1, 1), group=1)          # EncryptedTensor<int10, shape=(1, 256, 56, 56)>         ∈ [-381, 342]          @ /trunk/trunk.5/C3/Conv.conv
 %45 = round_bit_pattern(%44, lsbs_to_remove=3, overflow_protection=False, exactness=Exactness.EXACT)                     # EncryptedTensor<int10, shape=(1, 256, 56, 56)>         ∈ [-384, 344]          @ /trunk/trunk.5/C3/Conv.conv_rounding
 %46 = subgraph(%45)                                                                                                      # EncryptedTensor<int4, shape=(1, 256, 56, 56)>          ∈ [-8, 7]
 %47 = subgraph(%46)                                                                                                      # EncryptedTensor<int4, shape=(1, 256, 56, 56)>          ∈ [-6, 5]
 %48 = subgraph(%30)                                                                                                      # EncryptedTensor<uint4, shape=(1, 256, 56, 56)>         ∈ [0, 9]
 %49 = 1                                                                                                                  # ClearScalar<uint1>                                     ∈ [1, 1]
 %50 = multiply(%49, %48)                                                                                                 # EncryptedTensor<uint4, shape=(1, 256, 56, 56)>         ∈ [0, 9]
 %51 = add(%47, %50)                                                                                                      # EncryptedTensor<int5, shape=(1, 256, 56, 56)>          ∈ [-6, 14]
 %52 = subgraph(%51)                                                                                                      # EncryptedTensor<uint4, shape=(1, 256, 56, 56)>         ∈ [0, 15]
 %53 = [[[[-2]]   ...   [[ 2]]]]                                                                                          # ClearTensor<int4, shape=(64, 256, 1, 1)>               ∈ [-6, 7]              @ /trunk/trunk.6/C1/Conv.conv
 %54 = conv2d(%52, %53, [0 0 0 0 0 ... 0 0 0 0 0], pads=[0, 0, 0, 0], strides=(1, 1), dilations=(1, 1), group=1)          # EncryptedTensor<int11, shape=(1, 64, 56, 56)>          ∈ [-578, 573]          @ /trunk/trunk.6/C1/Conv.conv
 %55 = round_bit_pattern(%54, lsbs_to_remove=3, overflow_protection=False, exactness=Exactness.EXACT)                     # EncryptedTensor<int11, shape=(1, 64, 56, 56)>          ∈ [-576, 576]          @ /trunk/trunk.6/C1/Conv.conv_rounding
 %56 = subgraph(%55)                                                                                                      # EncryptedTensor<uint4, shape=(1, 64, 56, 56)>          ∈ [0, 15]
 %57 = ones()                                                                                                             # EncryptedTensor<uint1, shape=(1, 64, 58, 58)>          ∈ [1, 1]
 %58 = 0                                                                                                                  # ClearScalar<uint1>                                     ∈ [0, 0]
 %59 = multiply(%57, %58)                                                                                                 # EncryptedTensor<uint1, shape=(1, 64, 58, 58)>          ∈ [0, 0]
 %60 = (%59[:, :, 1:57, 1:57] = %56)                                                                                      # EncryptedTensor<uint4, shape=(1, 64, 58, 58)>          ∈ [0, 15]
 %61 = [[[[-2  3  ...  -1  4]]]]                                                                                          # ClearTensor<int4, shape=(64, 64, 3, 3)>                ∈ [-7, 7]              @ /trunk/trunk.6/C2/Conv.conv
 %62 = conv2d(%60, %61, [0 0 0 0 0 ... 0 0 0 0 0], pads=[0, 0, 0, 0], strides=(1, 1), dilations=(1, 1), group=1)          # EncryptedTensor<int12, shape=(1, 64, 56, 56)>          ∈ [-1203, 1134]        @ /trunk/trunk.6/C2/Conv.conv
 %63 = round_bit_pattern(%62, lsbs_to_remove=4, overflow_protection=False, exactness=Exactness.EXACT)                     # EncryptedTensor<int12, shape=(1, 64, 56, 56)>          ∈ [-1200, 1136]        @ /trunk/trunk.6/C2/Conv.conv_rounding
 %64 = subgraph(%63)                                                                                                      # EncryptedTensor<uint4, shape=(1, 64, 56, 56)>          ∈ [0, 15]
 %65 = [[[[-1]]   ...   [[-1]]]]                                                                                          # ClearTensor<int4, shape=(256, 64, 1, 1)>               ∈ [-7, 7]              @ /trunk/trunk.6/C3/Conv.conv
 %66 = conv2d(%64, %65, [0 0 0 0 0 ... 0 0 0 0 0], pads=[0, 0, 0, 0], strides=(1, 1), dilations=(1, 1), group=1)          # EncryptedTensor<int10, shape=(1, 256, 56, 56)>         ∈ [-394, 439]          @ /trunk/trunk.6/C3/Conv.conv
 %67 = round_bit_pattern(%66, lsbs_to_remove=3, overflow_protection=False, exactness=Exactness.EXACT)                     # EncryptedTensor<int10, shape=(1, 256, 56, 56)>         ∈ [-392, 440]          @ /trunk/trunk.6/C3/Conv.conv_rounding
 %68 = subgraph(%67)                                                                                                      # EncryptedTensor<int4, shape=(1, 256, 56, 56)>          ∈ [-8, 7]
 %69 = subgraph(%68)                                                                                                      # EncryptedTensor<int4, shape=(1, 256, 56, 56)>          ∈ [-4, 4]
 %70 = subgraph(%52)                                                                                                      # EncryptedTensor<uint4, shape=(1, 256, 56, 56)>         ∈ [0, 9]
 %71 = 1                                                                                                                  # ClearScalar<uint1>                                     ∈ [1, 1]
 %72 = multiply(%71, %70)                                                                                                 # EncryptedTensor<uint4, shape=(1, 256, 56, 56)>         ∈ [0, 9]
 %73 = add(%69, %72)                                                                                                      # EncryptedTensor<int5, shape=(1, 256, 56, 56)>          ∈ [-4, 13]
 %74 = subgraph(%73)                                                                                                      # EncryptedTensor<uint4, shape=(1, 256, 56, 56)>         ∈ [0, 15]
 %75 = [[[[ 1]]   ...   [[ 0]]]]                                                                                          # ClearTensor<int4, shape=(128, 256, 1, 1)>              ∈ [-6, 7]              @ /trunk/trunk.7/C1/Conv.conv
 %76 = conv2d(%74, %75, [0 0 0 0 0 ... 0 0 0 0 0], pads=[0, 0, 0, 0], strides=(1, 1), dilations=(1, 1), group=1)          # EncryptedTensor<int11, shape=(1, 128, 56, 56)>         ∈ [-534, 630]          @ /trunk/trunk.7/C1/Conv.conv
 %77 = round_bit_pattern(%76, lsbs_to_remove=3, overflow_protection=False, exactness=Exactness.EXACT)                     # EncryptedTensor<int11, shape=(1, 128, 56, 56)>         ∈ [-536, 632]          @ /trunk/trunk.7/C1/Conv.conv_rounding
 %78 = subgraph(%77)                                                                                                      # EncryptedTensor<uint4, shape=(1, 128, 56, 56)>         ∈ [0, 15]
 %79 = ones()                                                                                                             # EncryptedTensor<uint1, shape=(1, 128, 58, 58)>         ∈ [1, 1]
 %80 = 0                                                                                                                  # ClearScalar<uint1>                                     ∈ [0, 0]
 %81 = multiply(%79, %80)                                                                                                 # EncryptedTensor<uint1, shape=(1, 128, 58, 58)>         ∈ [0, 0]
 %82 = (%81[:, :, 1:57, 1:57] = %78)                                                                                      # EncryptedTensor<uint4, shape=(1, 128, 58, 58)>         ∈ [0, 15]
 %83 = [[[[-1  0  ...  -2 -1]]]]                                                                                          # ClearTensor<int4, shape=(128, 128, 3, 3)>              ∈ [-7, 7]              @ /trunk/trunk.7/C2/Conv.conv
 %84 = conv2d(%82, %83, [0 0 0 0 0 ... 0 0 0 0 0], pads=[0, 0, 0, 0], strides=(2, 2), dilations=(1, 1), group=1)          # EncryptedTensor<int13, shape=(1, 128, 28, 28)>         ∈ [-2057, 1783]        @ /trunk/trunk.7/C2/Conv.conv
 %85 = round_bit_pattern(%84, lsbs_to_remove=5, overflow_protection=False, exactness=Exactness.EXACT)                     # EncryptedTensor<int12, shape=(1, 128, 28, 28)>         ∈ [-2048, 1792]        @ /trunk/trunk.7/C2/Conv.conv_rounding
 %86 = subgraph(%85)                                                                                                      # EncryptedTensor<uint4, shape=(1, 128, 28, 28)>         ∈ [0, 15]
 %87 = [[[[-1]]   ...   [[-3]]]]                                                                                          # ClearTensor<int4, shape=(512, 128, 1, 1)>              ∈ [-6, 7]              @ /trunk/trunk.7/C3/Conv.conv
 %88 = conv2d(%86, %87, [0 0 0 0 0 ... 0 0 0 0 0], pads=[0, 0, 0, 0], strides=(1, 1), dilations=(1, 1), group=1)          # EncryptedTensor<int11, shape=(1, 512, 28, 28)>         ∈ [-548, 640]          @ /trunk/trunk.7/C3/Conv.conv
 %89 = round_bit_pattern(%88, lsbs_to_remove=3, overflow_protection=False, exactness=Exactness.EXACT)                     # EncryptedTensor<int11, shape=(1, 512, 28, 28)>         ∈ [-544, 640]          @ /trunk/trunk.7/C3/Conv.conv_rounding
 %90 = subgraph(%89)                                                                                                      # EncryptedTensor<int4, shape=(1, 512, 28, 28)>          ∈ [-8, 7]
 %91 = [[[[ 1]]   ...   [[ 0]]]]                                                                                          # ClearTensor<int4, shape=(512, 256, 1, 1)>              ∈ [-7, 7]              @ /trunk/trunk.7/shortcut/Conv.conv
 %92 = conv2d(%74, %91, [0 0 0 0 0 ... 0 0 0 0 0], pads=[0, 0, 0, 0], strides=(2, 2), dilations=(1, 1), group=1)          # EncryptedTensor<int11, shape=(1, 512, 28, 28)>         ∈ [-622, 817]          @ /trunk/trunk.7/shortcut/Conv.conv
 %93 = round_bit_pattern(%92, lsbs_to_remove=4, overflow_protection=False, exactness=Exactness.EXACT)                     # EncryptedTensor<int11, shape=(1, 512, 28, 28)>         ∈ [-624, 816]          @ /trunk/trunk.7/shortcut/Conv.conv_rounding
 %94 = subgraph(%93)                                                                                                      # EncryptedTensor<int4, shape=(1, 512, 28, 28)>          ∈ [-8, 7]
 %95 = subgraph(%90)                                                                                                      # EncryptedTensor<int4, shape=(1, 512, 28, 28)>          ∈ [-6, 5]
 %96 = subgraph(%94)                                                                                                      # EncryptedTensor<int4, shape=(1, 512, 28, 28)>          ∈ [-6, 5]
 %97 = 1                                                                                                                  # ClearScalar<uint1>                                     ∈ [1, 1]
 %98 = multiply(%97, %96)                                                                                                 # EncryptedTensor<int4, shape=(1, 512, 28, 28)>          ∈ [-6, 5]
 %99 = add(%95, %98)                                                                                                      # EncryptedTensor<int5, shape=(1, 512, 28, 28)>          ∈ [-12, 10]
%100 = subgraph(%99)                                                                                                      # EncryptedTensor<uint4, shape=(1, 512, 28, 28)>         ∈ [0, 15]
%101 = [[[[-1]]   ...   [[ 0]]]]                                                                                          # ClearTensor<int4, shape=(128, 512, 1, 1)>              ∈ [-6, 7]              @ /trunk/trunk.8/C1/Conv.conv
%102 = conv2d(%100, %101, [0 0 0 0 0 ... 0 0 0 0 0], pads=[0, 0, 0, 0], strides=(1, 1), dilations=(1, 1), group=1)        # EncryptedTensor<int12, shape=(1, 128, 28, 28)>         ∈ [-878, 1167]         @ /trunk/trunk.8/C1/Conv.conv
%103 = round_bit_pattern(%102, lsbs_to_remove=4, overflow_protection=False, exactness=Exactness.EXACT)                    # EncryptedTensor<int12, shape=(1, 128, 28, 28)>         ∈ [-880, 1168]         @ /trunk/trunk.8/C1/Conv.conv_rounding
%104 = subgraph(%103)                                                                                                     # EncryptedTensor<uint4, shape=(1, 128, 28, 28)>         ∈ [0, 15]
%105 = ones()                                                                                                             # EncryptedTensor<uint1, shape=(1, 128, 30, 30)>         ∈ [1, 1]
%106 = 0                                                                                                                  # ClearScalar<uint1>                                     ∈ [0, 0]
%107 = multiply(%105, %106)                                                                                               # EncryptedTensor<uint1, shape=(1, 128, 30, 30)>         ∈ [0, 0]
%108 = (%107[:, :, 1:29, 1:29] = %104)                                                                                    # EncryptedTensor<uint4, shape=(1, 128, 30, 30)>         ∈ [0, 15]
%109 = [[[[-2 -1  ...   1  0]]]]                                                                                          # ClearTensor<int4, shape=(128, 128, 3, 3)>              ∈ [-7, 7]              @ /trunk/trunk.8/C2/Conv.conv
%110 = conv2d(%108, %109, [0 0 0 0 0 ... 0 0 0 0 0], pads=[0, 0, 0, 0], strides=(1, 1), dilations=(1, 1), group=1)        # EncryptedTensor<int13, shape=(1, 128, 28, 28)>         ∈ [-2050, 1849]        @ /trunk/trunk.8/C2/Conv.conv
%111 = round_bit_pattern(%110, lsbs_to_remove=5, overflow_protection=False, exactness=Exactness.EXACT)                    # EncryptedTensor<int12, shape=(1, 128, 28, 28)>         ∈ [-2048, 1856]        @ /trunk/trunk.8/C2/Conv.conv_rounding
%112 = subgraph(%111)                                                                                                     # EncryptedTensor<uint4, shape=(1, 128, 28, 28)>         ∈ [0, 15]
%113 = [[[[-2]]   ...   [[ 0]]]]                                                                                          # ClearTensor<int4, shape=(512, 128, 1, 1)>              ∈ [-7, 7]              @ /trunk/trunk.8/C3/Conv.conv
%114 = conv2d(%112, %113, [0 0 0 0 0 ... 0 0 0 0 0], pads=[0, 0, 0, 0], strides=(1, 1), dilations=(1, 1), group=1)        # EncryptedTensor<int11, shape=(1, 512, 28, 28)>         ∈ [-496, 524]          @ /trunk/trunk.8/C3/Conv.conv
%115 = round_bit_pattern(%114, lsbs_to_remove=3, overflow_protection=False, exactness=Exactness.EXACT)                    # EncryptedTensor<int11, shape=(1, 512, 28, 28)>         ∈ [-496, 528]          @ /trunk/trunk.8/C3/Conv.conv_rounding
%116 = subgraph(%115)                                                                                                     # EncryptedTensor<int4, shape=(1, 512, 28, 28)>          ∈ [-8, 7]
%117 = subgraph(%116)                                                                                                     # EncryptedTensor<int4, shape=(1, 512, 28, 28)>          ∈ [-6, 5]
%118 = subgraph(%100)                                                                                                     # EncryptedTensor<uint4, shape=(1, 512, 28, 28)>         ∈ [0, 8]
%119 = 1                                                                                                                  # ClearScalar<uint1>                                     ∈ [1, 1]
%120 = multiply(%119, %118)                                                                                               # EncryptedTensor<uint4, shape=(1, 512, 28, 28)>         ∈ [0, 8]
%121 = add(%117, %120)                                                                                                    # EncryptedTensor<int5, shape=(1, 512, 28, 28)>          ∈ [-6, 13]
%122 = subgraph(%121)                                                                                                     # EncryptedTensor<uint4, shape=(1, 512, 28, 28)>         ∈ [0, 15]
%123 = [[[[-2]]   ...   [[ 2]]]]                                                                                          # ClearTensor<int4, shape=(128, 512, 1, 1)>              ∈ [-6, 7]              @ /trunk/trunk.9/C1/Conv.conv
%124 = conv2d(%122, %123, [0 0 0 0 0 ... 0 0 0 0 0], pads=[0, 0, 0, 0], strides=(1, 1), dilations=(1, 1), group=1)        # EncryptedTensor<int12, shape=(1, 128, 28, 28)>         ∈ [-815, 1109]         @ /trunk/trunk.9/C1/Conv.conv
%125 = round_bit_pattern(%124, lsbs_to_remove=4, overflow_protection=False, exactness=Exactness.EXACT)                    # EncryptedTensor<int12, shape=(1, 128, 28, 28)>         ∈ [-816, 1104]         @ /trunk/trunk.9/C1/Conv.conv_rounding
%126 = subgraph(%125)                                                                                                     # EncryptedTensor<uint4, shape=(1, 128, 28, 28)>         ∈ [0, 15]
%127 = ones()                                                                                                             # EncryptedTensor<uint1, shape=(1, 128, 30, 30)>         ∈ [1, 1]
%128 = 0                                                                                                                  # ClearScalar<uint1>                                     ∈ [0, 0]
%129 = multiply(%127, %128)                                                                                               # EncryptedTensor<uint1, shape=(1, 128, 30, 30)>         ∈ [0, 0]
%130 = (%129[:, :, 1:29, 1:29] = %126)                                                                                    # EncryptedTensor<uint4, shape=(1, 128, 30, 30)>         ∈ [0, 15]
%131 = [[[[-2 -1  ...  -2  0]]]]                                                                                          # ClearTensor<int4, shape=(128, 128, 3, 3)>              ∈ [-7, 6]              @ /trunk/trunk.9/C2/Conv.conv
%132 = conv2d(%130, %131, [0 0 0 0 0 ... 0 0 0 0 0], pads=[0, 0, 0, 0], strides=(1, 1), dilations=(1, 1), group=1)        # EncryptedTensor<int12, shape=(1, 128, 28, 28)>         ∈ [-1825, 1527]        @ /trunk/trunk.9/C2/Conv.conv
%133 = round_bit_pattern(%132, lsbs_to_remove=5, overflow_protection=False, exactness=Exactness.EXACT)                    # EncryptedTensor<int12, shape=(1, 128, 28, 28)>         ∈ [-1824, 1536]        @ /trunk/trunk.9/C2/Conv.conv_rounding
%134 = subgraph(%133)                                                                                                     # EncryptedTensor<uint4, shape=(1, 128, 28, 28)>         ∈ [0, 15]
%135 = [[[[ 0]]   ...   [[ 2]]]]                                                                                          # ClearTensor<int4, shape=(512, 128, 1, 1)>              ∈ [-6, 7]              @ /trunk/trunk.9/C3/Conv.conv
%136 = conv2d(%134, %135, [0 0 0 0 0 ... 0 0 0 0 0], pads=[0, 0, 0, 0], strides=(1, 1), dilations=(1, 1), group=1)        # EncryptedTensor<int10, shape=(1, 512, 28, 28)>         ∈ [-460, 475]          @ /trunk/trunk.9/C3/Conv.conv
%137 = round_bit_pattern(%136, lsbs_to_remove=3, overflow_protection=False, exactness=Exactness.EXACT)                    # EncryptedTensor<int10, shape=(1, 512, 28, 28)>         ∈ [-456, 472]          @ /trunk/trunk.9/C3/Conv.conv_rounding
%138 = subgraph(%137)                                                                                                     # EncryptedTensor<int4, shape=(1, 512, 28, 28)>          ∈ [-8, 7]
%139 = subgraph(%138)                                                                                                     # EncryptedTensor<int4, shape=(1, 512, 28, 28)>          ∈ [-5, 4]
%140 = subgraph(%122)                                                                                                     # EncryptedTensor<uint4, shape=(1, 512, 28, 28)>         ∈ [0, 9]
%141 = 1                                                                                                                  # ClearScalar<uint1>                                     ∈ [1, 1]
%142 = multiply(%141, %140)                                                                                               # EncryptedTensor<uint4, shape=(1, 512, 28, 28)>         ∈ [0, 9]
%143 = add(%139, %142)                                                                                                    # EncryptedTensor<int5, shape=(1, 512, 28, 28)>          ∈ [-5, 13]
%144 = subgraph(%143)                                                                                                     # EncryptedTensor<uint4, shape=(1, 512, 28, 28)>         ∈ [0, 15]
%145 = [[[[ 1]]   ...   [[ 0]]]]                                                                                          # ClearTensor<int4, shape=(128, 512, 1, 1)>              ∈ [-6, 7]              @ /trunk/trunk.10/C1/Conv.conv
%146 = conv2d(%144, %145, [0 0 0 0 0 ... 0 0 0 0 0], pads=[0, 0, 0, 0], strides=(1, 1), dilations=(1, 1), group=1)        # EncryptedTensor<int11, shape=(1, 128, 28, 28)>         ∈ [-654, 871]          @ /trunk/trunk.10/C1/Conv.conv
%147 = round_bit_pattern(%146, lsbs_to_remove=4, overflow_protection=False, exactness=Exactness.EXACT)                    # EncryptedTensor<int11, shape=(1, 128, 28, 28)>         ∈ [-656, 864]          @ /trunk/trunk.10/C1/Conv.conv_rounding
%148 = subgraph(%147)                                                                                                     # EncryptedTensor<uint4, shape=(1, 128, 28, 28)>         ∈ [0, 15]
%149 = ones()                                                                                                             # EncryptedTensor<uint1, shape=(1, 128, 30, 30)>         ∈ [1, 1]
%150 = 0                                                                                                                  # ClearScalar<uint1>                                     ∈ [0, 0]
%151 = multiply(%149, %150)                                                                                               # EncryptedTensor<uint1, shape=(1, 128, 30, 30)>         ∈ [0, 0]
%152 = (%151[:, :, 1:29, 1:29] = %148)                                                                                    # EncryptedTensor<uint4, shape=(1, 128, 30, 30)>         ∈ [0, 15]
%153 = [[[[-1  0  ...  -2  1]]]]                                                                                          # ClearTensor<int4, shape=(128, 128, 3, 3)>              ∈ [-7, 6]              @ /trunk/trunk.10/C2/Conv.conv
%154 = conv2d(%152, %153, [0 0 0 0 0 ... 0 0 0 0 0], pads=[0, 0, 0, 0], strides=(1, 1), dilations=(1, 1), group=1)        # EncryptedTensor<int12, shape=(1, 128, 28, 28)>         ∈ [-1550, 1634]        @ /trunk/trunk.10/C2/Conv.conv
%155 = round_bit_pattern(%154, lsbs_to_remove=5, overflow_protection=False, exactness=Exactness.EXACT)                    # EncryptedTensor<int12, shape=(1, 128, 28, 28)>         ∈ [-1536, 1632]        @ /trunk/trunk.10/C2/Conv.conv_rounding
%156 = subgraph(%155)                                                                                                     # EncryptedTensor<uint4, shape=(1, 128, 28, 28)>         ∈ [0, 15]
%157 = [[[[-1]]   ...   [[-2]]]]                                                                                          # ClearTensor<int4, shape=(512, 128, 1, 1)>              ∈ [-6, 7]              @ /trunk/trunk.10/C3/Conv.conv
%158 = conv2d(%156, %157, [0 0 0 0 0 ... 0 0 0 0 0], pads=[0, 0, 0, 0], strides=(1, 1), dilations=(1, 1), group=1)        # EncryptedTensor<int10, shape=(1, 512, 28, 28)>         ∈ [-455, 482]          @ /trunk/trunk.10/C3/Conv.conv
%159 = round_bit_pattern(%158, lsbs_to_remove=3, overflow_protection=False, exactness=Exactness.EXACT)                    # EncryptedTensor<int10, shape=(1, 512, 28, 28)>         ∈ [-456, 480]          @ /trunk/trunk.10/C3/Conv.conv_rounding
%160 = subgraph(%159)                                                                                                     # EncryptedTensor<int4, shape=(1, 512, 28, 28)>          ∈ [-8, 7]
%161 = subgraph(%160)                                                                                                     # EncryptedTensor<int4, shape=(1, 512, 28, 28)>          ∈ [-4, 4]
%162 = subgraph(%144)                                                                                                     # EncryptedTensor<uint4, shape=(1, 512, 28, 28)>         ∈ [0, 10]
%163 = 1                                                                                                                  # ClearScalar<uint1>                                     ∈ [1, 1]
%164 = multiply(%163, %162)                                                                                               # EncryptedTensor<uint4, shape=(1, 512, 28, 28)>         ∈ [0, 10]
%165 = add(%161, %164)                                                                                                    # EncryptedTensor<int5, shape=(1, 512, 28, 28)>          ∈ [-4, 14]
%166 = subgraph(%165)                                                                                                     # EncryptedTensor<uint4, shape=(1, 512, 28, 28)>         ∈ [0, 15]
%167 = [[[[-2]]   ...   [[ 1]]]]                                                                                          # ClearTensor<int4, shape=(256, 512, 1, 1)>              ∈ [-7, 6]              @ /trunk/trunk.11/C1/Conv.conv
%168 = conv2d(%166, %167, [0 0 0 0 0 ... 0 0 0 0 0], pads=[0, 0, 0, 0], strides=(1, 1), dilations=(1, 1), group=1)        # EncryptedTensor<int11, shape=(1, 256, 28, 28)>         ∈ [-671, 891]          @ /trunk/trunk.11/C1/Conv.conv
%169 = round_bit_pattern(%168, lsbs_to_remove=4, overflow_protection=False, exactness=Exactness.EXACT)                    # EncryptedTensor<int11, shape=(1, 256, 28, 28)>         ∈ [-672, 896]          @ /trunk/trunk.11/C1/Conv.conv_rounding
%170 = subgraph(%169)                                                                                                     # EncryptedTensor<uint4, shape=(1, 256, 28, 28)>         ∈ [0, 15]
%171 = ones()                                                                                                             # EncryptedTensor<uint1, shape=(1, 256, 30, 30)>         ∈ [1, 1]
%172 = 0                                                                                                                  # ClearScalar<uint1>                                     ∈ [0, 0]
%173 = multiply(%171, %172)                                                                                               # EncryptedTensor<uint1, shape=(1, 256, 30, 30)>         ∈ [0, 0]
%174 = (%173[:, :, 1:29, 1:29] = %170)                                                                                    # EncryptedTensor<uint4, shape=(1, 256, 30, 30)>         ∈ [0, 15]
%175 = [[[[ 0 -2  ...   1  2]]]]                                                                                          # ClearTensor<int4, shape=(256, 256, 3, 3)>              ∈ [-7, 7]              @ /trunk/trunk.11/C2/Conv.conv
%176 = conv2d(%174, %175, [0 0 0 0 0 ... 0 0 0 0 0], pads=[0, 0, 0, 0], strides=(2, 2), dilations=(1, 1), group=1)        # EncryptedTensor<int13, shape=(1, 256, 14, 14)>         ∈ [-2863, 4004]        @ /trunk/trunk.11/C2/Conv.conv
%177 = round_bit_pattern(%176, lsbs_to_remove=6, overflow_protection=False, exactness=Exactness.EXACT)                    # EncryptedTensor<int13, shape=(1, 256, 14, 14)>         ∈ [-2880, 4032]        @ /trunk/trunk.11/C2/Conv.conv_rounding
%178 = subgraph(%177)                                                                                                     # EncryptedTensor<uint4, shape=(1, 256, 14, 14)>         ∈ [0, 15]
%179 = [[[[ 1]]   ...   [[ 3]]]]                                                                                          # ClearTensor<int4, shape=(1024, 256, 1, 1)>             ∈ [-6, 7]              @ /trunk/trunk.11/C3/Conv.conv
%180 = conv2d(%178, %179, [0 0 0 ... 0 0 0], pads=[0, 0, 0, 0], strides=(1, 1), dilations=(1, 1), group=1)                # EncryptedTensor<int11, shape=(1, 1024, 14, 14)>        ∈ [-665, 732]          @ /trunk/trunk.11/C3/Conv.conv
%181 = round_bit_pattern(%180, lsbs_to_remove=4, overflow_protection=False, exactness=Exactness.EXACT)                    # EncryptedTensor<int11, shape=(1, 1024, 14, 14)>        ∈ [-672, 736]          @ /trunk/trunk.11/C3/Conv.conv_rounding
%182 = subgraph(%181)                                                                                                     # EncryptedTensor<int4, shape=(1, 1024, 14, 14)>         ∈ [-8, 7]
%183 = [[[[ 1]]   ...   [[ 0]]]]                                                                                          # ClearTensor<int4, shape=(1024, 512, 1, 1)>             ∈ [-7, 6]              @ /trunk/trunk.11/shortcut/Conv.conv
%184 = conv2d(%166, %183, [0 0 0 ... 0 0 0], pads=[0, 0, 0, 0], strides=(2, 2), dilations=(1, 1), group=1)                # EncryptedTensor<int11, shape=(1, 1024, 14, 14)>        ∈ [-914, 1013]         @ /trunk/trunk.11/shortcut/Conv.conv
%185 = round_bit_pattern(%184, lsbs_to_remove=4, overflow_protection=False, exactness=Exactness.EXACT)                    # EncryptedTensor<int11, shape=(1, 1024, 14, 14)>        ∈ [-912, 1008]         @ /trunk/trunk.11/shortcut/Conv.conv_rounding
%186 = subgraph(%185)                                                                                                     # EncryptedTensor<int4, shape=(1, 1024, 14, 14)>         ∈ [-8, 7]
%187 = subgraph(%182)                                                                                                     # EncryptedTensor<int4, shape=(1, 1024, 14, 14)>         ∈ [-7, 6]
%188 = subgraph(%186)                                                                                                     # EncryptedTensor<int4, shape=(1, 1024, 14, 14)>         ∈ [-5, 5]
%189 = 1                                                                                                                  # ClearScalar<uint1>                                     ∈ [1, 1]
%190 = multiply(%189, %188)                                                                                               # EncryptedTensor<int4, shape=(1, 1024, 14, 14)>         ∈ [-5, 5]
%191 = add(%187, %190)                                                                                                    # EncryptedTensor<int5, shape=(1, 1024, 14, 14)>         ∈ [-12, 11]
%192 = subgraph(%191)                                                                                                     # EncryptedTensor<uint4, shape=(1, 1024, 14, 14)>        ∈ [0, 15]
%193 = [[[[-1]]   ...   [[ 0]]]]                                                                                          # ClearTensor<int4, shape=(256, 1024, 1, 1)>             ∈ [-6, 7]              @ /trunk/trunk.12/C1/Conv.conv
%194 = conv2d(%192, %193, [0 0 0 0 0 ... 0 0 0 0 0], pads=[0, 0, 0, 0], strides=(1, 1), dilations=(1, 1), group=1)        # EncryptedTensor<int12, shape=(1, 256, 14, 14)>         ∈ [-1219, 1589]        @ /trunk/trunk.12/C1/Conv.conv
%195 = round_bit_pattern(%194, lsbs_to_remove=5, overflow_protection=False, exactness=Exactness.EXACT)                    # EncryptedTensor<int12, shape=(1, 256, 14, 14)>         ∈ [-1216, 1600]        @ /trunk/trunk.12/C1/Conv.conv_rounding
%196 = subgraph(%195)                                                                                                     # EncryptedTensor<uint4, shape=(1, 256, 14, 14)>         ∈ [0, 15]
%197 = ones()                                                                                                             # EncryptedTensor<uint1, shape=(1, 256, 16, 16)>         ∈ [1, 1]
%198 = 0                                                                                                                  # ClearScalar<uint1>                                     ∈ [0, 0]
%199 = multiply(%197, %198)                                                                                               # EncryptedTensor<uint1, shape=(1, 256, 16, 16)>         ∈ [0, 0]
%200 = (%199[:, :, 1:15, 1:15] = %196)                                                                                    # EncryptedTensor<uint4, shape=(1, 256, 16, 16)>         ∈ [0, 15]
%201 = [[[[ 1  1  ...  -3 -1]]]]                                                                                          # ClearTensor<int4, shape=(256, 256, 3, 3)>              ∈ [-7, 7]              @ /trunk/trunk.12/C2/Conv.conv
%202 = conv2d(%200, %201, [0 0 0 0 0 ... 0 0 0 0 0], pads=[0, 0, 0, 0], strides=(1, 1), dilations=(1, 1), group=1)        # EncryptedTensor<int13, shape=(1, 256, 14, 14)>         ∈ [-3249, 3052]        @ /trunk/trunk.12/C2/Conv.conv
%203 = round_bit_pattern(%202, lsbs_to_remove=6, overflow_protection=False, exactness=Exactness.EXACT)                    # EncryptedTensor<int13, shape=(1, 256, 14, 14)>         ∈ [-3264, 3072]        @ /trunk/trunk.12/C2/Conv.conv_rounding
%204 = subgraph(%203)                                                                                                     # EncryptedTensor<uint4, shape=(1, 256, 14, 14)>         ∈ [0, 15]
%205 = [[[[ 1]]   ...   [[-1]]]]                                                                                          # ClearTensor<int4, shape=(1024, 256, 1, 1)>             ∈ [-7, 6]              @ /trunk/trunk.12/C3/Conv.conv
%206 = conv2d(%204, %205, [0 0 0 ... 0 0 0], pads=[0, 0, 0, 0], strides=(1, 1), dilations=(1, 1), group=1)                # EncryptedTensor<int11, shape=(1, 1024, 14, 14)>        ∈ [-512, 536]          @ /trunk/trunk.12/C3/Conv.conv
%207 = round_bit_pattern(%206, lsbs_to_remove=3, overflow_protection=False, exactness=Exactness.EXACT)                    # EncryptedTensor<int11, shape=(1, 1024, 14, 14)>        ∈ [-512, 536]          @ /trunk/trunk.12/C3/Conv.conv_rounding
%208 = subgraph(%207)                                                                                                     # EncryptedTensor<int4, shape=(1, 1024, 14, 14)>         ∈ [-8, 7]
%209 = subgraph(%208)                                                                                                     # EncryptedTensor<int4, shape=(1, 1024, 14, 14)>         ∈ [-7, 6]
%210 = subgraph(%192)                                                                                                     # EncryptedTensor<uint4, shape=(1, 1024, 14, 14)>        ∈ [0, 10]
%211 = 1                                                                                                                  # ClearScalar<uint1>                                     ∈ [1, 1]
%212 = multiply(%211, %210)                                                                                               # EncryptedTensor<uint4, shape=(1, 1024, 14, 14)>        ∈ [0, 10]
%213 = add(%209, %212)                                                                                                    # EncryptedTensor<int6, shape=(1, 1024, 14, 14)>         ∈ [-7, 16]
%214 = subgraph(%213)                                                                                                     # EncryptedTensor<uint4, shape=(1, 1024, 14, 14)>        ∈ [0, 15]
%215 = [[[[ 0]]   ...   [[ 1]]]]                                                                                          # ClearTensor<int4, shape=(256, 1024, 1, 1)>             ∈ [-7, 5]              @ /trunk/trunk.13/C1/Conv.conv
%216 = conv2d(%214, %215, [0 0 0 0 0 ... 0 0 0 0 0], pads=[0, 0, 0, 0], strides=(1, 1), dilations=(1, 1), group=1)        # EncryptedTensor<int12, shape=(1, 256, 14, 14)>         ∈ [-884, 1107]         @ /trunk/trunk.13/C1/Conv.conv
%217 = round_bit_pattern(%216, lsbs_to_remove=4, overflow_protection=False, exactness=Exactness.EXACT)                    # EncryptedTensor<int12, shape=(1, 256, 14, 14)>         ∈ [-880, 1104]         @ /trunk/trunk.13/C1/Conv.conv_rounding
%218 = subgraph(%217)                                                                                                     # EncryptedTensor<uint4, shape=(1, 256, 14, 14)>         ∈ [0, 15]
%219 = ones()                                                                                                             # EncryptedTensor<uint1, shape=(1, 256, 16, 16)>         ∈ [1, 1]
%220 = 0                                                                                                                  # ClearScalar<uint1>                                     ∈ [0, 0]
%221 = multiply(%219, %220)                                                                                               # EncryptedTensor<uint1, shape=(1, 256, 16, 16)>         ∈ [0, 0]
%222 = (%221[:, :, 1:15, 1:15] = %218)                                                                                    # EncryptedTensor<uint4, shape=(1, 256, 16, 16)>         ∈ [0, 15]
%223 = [[[[ 1 -2  ...  -1  0]]]]                                                                                          # ClearTensor<int4, shape=(256, 256, 3, 3)>              ∈ [-7, 7]              @ /trunk/trunk.13/C2/Conv.conv
%224 = conv2d(%222, %223, [0 0 0 0 0 ... 0 0 0 0 0], pads=[0, 0, 0, 0], strides=(1, 1), dilations=(1, 1), group=1)        # EncryptedTensor<int13, shape=(1, 256, 14, 14)>         ∈ [-3393, 3490]        @ /trunk/trunk.13/C2/Conv.conv
%225 = round_bit_pattern(%224, lsbs_to_remove=6, overflow_protection=False, exactness=Exactness.EXACT)                    # EncryptedTensor<int13, shape=(1, 256, 14, 14)>         ∈ [-3392, 3520]        @ /trunk/trunk.13/C2/Conv.conv_rounding
%226 = subgraph(%225)                                                                                                     # EncryptedTensor<uint4, shape=(1, 256, 14, 14)>         ∈ [0, 15]
%227 = [[[[ 0]]   ...   [[-2]]]]                                                                                          # ClearTensor<int4, shape=(1024, 256, 1, 1)>             ∈ [-6, 7]              @ /trunk/trunk.13/C3/Conv.conv
%228 = conv2d(%226, %227, [0 0 0 ... 0 0 0], pads=[0, 0, 0, 0], strides=(1, 1), dilations=(1, 1), group=1)                # EncryptedTensor<int11, shape=(1, 1024, 14, 14)>        ∈ [-547, 657]          @ /trunk/trunk.13/C3/Conv.conv
%229 = round_bit_pattern(%228, lsbs_to_remove=3, overflow_protection=False, exactness=Exactness.EXACT)                    # EncryptedTensor<int11, shape=(1, 1024, 14, 14)>        ∈ [-544, 656]          @ /trunk/trunk.13/C3/Conv.conv_rounding
%230 = subgraph(%229)                                                                                                     # EncryptedTensor<int4, shape=(1, 1024, 14, 14)>         ∈ [-8, 7]
%231 = subgraph(%230)                                                                                                     # EncryptedTensor<int4, shape=(1, 1024, 14, 14)>         ∈ [-6, 5]
%232 = subgraph(%214)                                                                                                     # EncryptedTensor<uint4, shape=(1, 1024, 14, 14)>        ∈ [0, 11]
%233 = 1                                                                                                                  # ClearScalar<uint1>                                     ∈ [1, 1]
%234 = multiply(%233, %232)                                                                                               # EncryptedTensor<uint4, shape=(1, 1024, 14, 14)>        ∈ [0, 11]
%235 = add(%231, %234)                                                                                                    # EncryptedTensor<int6, shape=(1, 1024, 14, 14)>         ∈ [-6, 16]
%236 = subgraph(%235)                                                                                                     # EncryptedTensor<uint4, shape=(1, 1024, 14, 14)>        ∈ [0, 15]
%237 = [[[[ 1]]   ...   [[ 0]]]]                                                                                          # ClearTensor<int4, shape=(256, 1024, 1, 1)>             ∈ [-5, 7]              @ /trunk/trunk.14/C1/Conv.conv
%238 = conv2d(%236, %237, [0 0 0 0 0 ... 0 0 0 0 0], pads=[0, 0, 0, 0], strides=(1, 1), dilations=(1, 1), group=1)        # EncryptedTensor<int11, shape=(1, 256, 14, 14)>         ∈ [-773, 1003]         @ /trunk/trunk.14/C1/Conv.conv
%239 = round_bit_pattern(%238, lsbs_to_remove=4, overflow_protection=False, exactness=Exactness.EXACT)                    # EncryptedTensor<int11, shape=(1, 256, 14, 14)>         ∈ [-768, 1008]         @ /trunk/trunk.14/C1/Conv.conv_rounding
%240 = subgraph(%239)                                                                                                     # EncryptedTensor<uint4, shape=(1, 256, 14, 14)>         ∈ [0, 15]
%241 = ones()                                                                                                             # EncryptedTensor<uint1, shape=(1, 256, 16, 16)>         ∈ [1, 1]
%242 = 0                                                                                                                  # ClearScalar<uint1>                                     ∈ [0, 0]
%243 = multiply(%241, %242)                                                                                               # EncryptedTensor<uint1, shape=(1, 256, 16, 16)>         ∈ [0, 0]
%244 = (%243[:, :, 1:15, 1:15] = %240)                                                                                    # EncryptedTensor<uint4, shape=(1, 256, 16, 16)>         ∈ [0, 15]
%245 = [[[[ 1  0  ...   0 -2]]]]                                                                                          # ClearTensor<int4, shape=(256, 256, 3, 3)>              ∈ [-7, 7]              @ /trunk/trunk.14/C2/Conv.conv
%246 = conv2d(%244, %245, [0 0 0 0 0 ... 0 0 0 0 0], pads=[0, 0, 0, 0], strides=(1, 1), dilations=(1, 1), group=1)        # EncryptedTensor<int13, shape=(1, 256, 14, 14)>         ∈ [-2238, 2592]        @ /trunk/trunk.14/C2/Conv.conv
%247 = round_bit_pattern(%246, lsbs_to_remove=5, overflow_protection=False, exactness=Exactness.EXACT)                    # EncryptedTensor<int13, shape=(1, 256, 14, 14)>         ∈ [-2240, 2592]        @ /trunk/trunk.14/C2/Conv.conv_rounding
%248 = subgraph(%247)                                                                                                     # EncryptedTensor<uint4, shape=(1, 256, 14, 14)>         ∈ [0, 15]
%249 = [[[[-1]]   ...   [[-1]]]]                                                                                          # ClearTensor<int4, shape=(1024, 256, 1, 1)>             ∈ [-7, 7]              @ /trunk/trunk.14/C3/Conv.conv
%250 = conv2d(%248, %249, [0 0 0 ... 0 0 0], pads=[0, 0, 0, 0], strides=(1, 1), dilations=(1, 1), group=1)                # EncryptedTensor<int11, shape=(1, 1024, 14, 14)>        ∈ [-671, 642]          @ /trunk/trunk.14/C3/Conv.conv
%251 = round_bit_pattern(%250, lsbs_to_remove=3, overflow_protection=False, exactness=Exactness.EXACT)                    # EncryptedTensor<int11, shape=(1, 1024, 14, 14)>        ∈ [-672, 640]          @ /trunk/trunk.14/C3/Conv.conv_rounding
%252 = subgraph(%251)                                                                                                     # EncryptedTensor<int4, shape=(1, 1024, 14, 14)>         ∈ [-8, 7]
%253 = subgraph(%252)                                                                                                     # EncryptedTensor<int4, shape=(1, 1024, 14, 14)>         ∈ [-5, 5]
%254 = subgraph(%236)                                                                                                     # EncryptedTensor<uint4, shape=(1, 1024, 14, 14)>        ∈ [0, 12]
%255 = 1                                                                                                                  # ClearScalar<uint1>                                     ∈ [1, 1]
%256 = multiply(%255, %254)                                                                                               # EncryptedTensor<uint4, shape=(1, 1024, 14, 14)>        ∈ [0, 12]
%257 = add(%253, %256)                                                                                                    # EncryptedTensor<int6, shape=(1, 1024, 14, 14)>         ∈ [-5, 17]
%258 = subgraph(%257)                                                                                                     # EncryptedTensor<uint4, shape=(1, 1024, 14, 14)>        ∈ [0, 15]
%259 = [[[[ 0]]   ...   [[ 0]]]]                                                                                          # ClearTensor<int4, shape=(256, 1024, 1, 1)>             ∈ [-6, 7]              @ /trunk/trunk.15/C1/Conv.conv
%260 = conv2d(%258, %259, [0 0 0 0 0 ... 0 0 0 0 0], pads=[0, 0, 0, 0], strides=(1, 1), dilations=(1, 1), group=1)        # EncryptedTensor<int12, shape=(1, 256, 14, 14)>         ∈ [-855, 1025]         @ /trunk/trunk.15/C1/Conv.conv
%261 = round_bit_pattern(%260, lsbs_to_remove=4, overflow_protection=False, exactness=Exactness.EXACT)                    # EncryptedTensor<int12, shape=(1, 256, 14, 14)>         ∈ [-848, 1024]         @ /trunk/trunk.15/C1/Conv.conv_rounding
%262 = subgraph(%261)                                                                                                     # EncryptedTensor<uint4, shape=(1, 256, 14, 14)>         ∈ [0, 15]
%263 = ones()                                                                                                             # EncryptedTensor<uint1, shape=(1, 256, 16, 16)>         ∈ [1, 1]
%264 = 0                                                                                                                  # ClearScalar<uint1>                                     ∈ [0, 0]
%265 = multiply(%263, %264)                                                                                               # EncryptedTensor<uint1, shape=(1, 256, 16, 16)>         ∈ [0, 0]
%266 = (%265[:, :, 1:15, 1:15] = %262)                                                                                    # EncryptedTensor<uint4, shape=(1, 256, 16, 16)>         ∈ [0, 15]
%267 = [[[[ 0 -1  ...  -2  1]]]]                                                                                          # ClearTensor<int4, shape=(256, 256, 3, 3)>              ∈ [-6, 7]              @ /trunk/trunk.15/C2/Conv.conv
%268 = conv2d(%266, %267, [0 0 0 0 0 ... 0 0 0 0 0], pads=[0, 0, 0, 0], strides=(1, 1), dilations=(1, 1), group=1)        # EncryptedTensor<int13, shape=(1, 256, 14, 14)>         ∈ [-1955, 2131]        @ /trunk/trunk.15/C2/Conv.conv
%269 = round_bit_pattern(%268, lsbs_to_remove=5, overflow_protection=False, exactness=Exactness.EXACT)                    # EncryptedTensor<int13, shape=(1, 256, 14, 14)>         ∈ [-1952, 2144]        @ /trunk/trunk.15/C2/Conv.conv_rounding
%270 = subgraph(%269)                                                                                                     # EncryptedTensor<uint4, shape=(1, 256, 14, 14)>         ∈ [0, 15]
%271 = [[[[-1]]   ...   [[ 1]]]]                                                                                          # ClearTensor<int4, shape=(1024, 256, 1, 1)>             ∈ [-6, 7]              @ /trunk/trunk.15/C3/Conv.conv
%272 = conv2d(%270, %271, [0 0 0 ... 0 0 0], pads=[0, 0, 0, 0], strides=(1, 1), dilations=(1, 1), group=1)                # EncryptedTensor<int11, shape=(1, 1024, 14, 14)>        ∈ [-701, 694]          @ /trunk/trunk.15/C3/Conv.conv
%273 = round_bit_pattern(%272, lsbs_to_remove=3, overflow_protection=False, exactness=Exactness.EXACT)                    # EncryptedTensor<int11, shape=(1, 1024, 14, 14)>        ∈ [-704, 696]          @ /trunk/trunk.15/C3/Conv.conv_rounding
%274 = subgraph(%273)                                                                                                     # EncryptedTensor<int4, shape=(1, 1024, 14, 14)>         ∈ [-8, 7]
%275 = subgraph(%274)                                                                                                     # EncryptedTensor<int4, shape=(1, 1024, 14, 14)>         ∈ [-5, 4]
%276 = subgraph(%258)                                                                                                     # EncryptedTensor<uint4, shape=(1, 1024, 14, 14)>        ∈ [0, 13]
%277 = 1                                                                                                                  # ClearScalar<uint1>                                     ∈ [1, 1]
%278 = multiply(%277, %276)                                                                                               # EncryptedTensor<uint4, shape=(1, 1024, 14, 14)>        ∈ [0, 13]
%279 = add(%275, %278)                                                                                                    # EncryptedTensor<int6, shape=(1, 1024, 14, 14)>         ∈ [-5, 17]
%280 = subgraph(%279)                                                                                                     # EncryptedTensor<uint4, shape=(1, 1024, 14, 14)>        ∈ [0, 15]
%281 = [[[[ 0]]   ...   [[ 1]]]]                                                                                          # ClearTensor<int4, shape=(256, 1024, 1, 1)>             ∈ [-7, 6]              @ /trunk/trunk.16/C1/Conv.conv
%282 = conv2d(%280, %281, [0 0 0 0 0 ... 0 0 0 0 0], pads=[0, 0, 0, 0], strides=(1, 1), dilations=(1, 1), group=1)        # EncryptedTensor<int11, shape=(1, 256, 14, 14)>         ∈ [-838, 902]          @ /trunk/trunk.16/C1/Conv.conv
%283 = round_bit_pattern(%282, lsbs_to_remove=4, overflow_protection=False, exactness=Exactness.EXACT)                    # EncryptedTensor<int11, shape=(1, 256, 14, 14)>         ∈ [-832, 896]          @ /trunk/trunk.16/C1/Conv.conv_rounding
%284 = subgraph(%283)                                                                                                     # EncryptedTensor<uint4, shape=(1, 256, 14, 14)>         ∈ [0, 15]
%285 = ones()                                                                                                             # EncryptedTensor<uint1, shape=(1, 256, 16, 16)>         ∈ [1, 1]
%286 = 0                                                                                                                  # ClearScalar<uint1>                                     ∈ [0, 0]
%287 = multiply(%285, %286)                                                                                               # EncryptedTensor<uint1, shape=(1, 256, 16, 16)>         ∈ [0, 0]
%288 = (%287[:, :, 1:15, 1:15] = %284)                                                                                    # EncryptedTensor<uint4, shape=(1, 256, 16, 16)>         ∈ [0, 15]
%289 = [[[[ 1  1  ...  -1  0]]]]                                                                                          # ClearTensor<int4, shape=(256, 256, 3, 3)>              ∈ [-7, 6]              @ /trunk/trunk.16/C2/Conv.conv
%290 = conv2d(%288, %289, [0 0 0 0 0 ... 0 0 0 0 0], pads=[0, 0, 0, 0], strides=(1, 1), dilations=(1, 1), group=1)        # EncryptedTensor<int13, shape=(1, 256, 14, 14)>         ∈ [-2119, 2287]        @ /trunk/trunk.16/C2/Conv.conv
%291 = round_bit_pattern(%290, lsbs_to_remove=5, overflow_protection=False, exactness=Exactness.EXACT)                    # EncryptedTensor<int13, shape=(1, 256, 14, 14)>         ∈ [-2112, 2272]        @ /trunk/trunk.16/C2/Conv.conv_rounding
%292 = subgraph(%291)                                                                                                     # EncryptedTensor<uint4, shape=(1, 256, 14, 14)>         ∈ [0, 15]
%293 = [[[[ 1]]   ...   [[ 1]]]]                                                                                          # ClearTensor<int4, shape=(1024, 256, 1, 1)>             ∈ [-7, 6]              @ /trunk/trunk.16/C3/Conv.conv
%294 = conv2d(%292, %293, [0 0 0 ... 0 0 0], pads=[0, 0, 0, 0], strides=(1, 1), dilations=(1, 1), group=1)                # EncryptedTensor<int11, shape=(1, 1024, 14, 14)>        ∈ [-617, 598]          @ /trunk/trunk.16/C3/Conv.conv
%295 = round_bit_pattern(%294, lsbs_to_remove=3, overflow_protection=False, exactness=Exactness.EXACT)                    # EncryptedTensor<int11, shape=(1, 1024, 14, 14)>        ∈ [-616, 600]          @ /trunk/trunk.16/C3/Conv.conv_rounding
%296 = subgraph(%295)                                                                                                     # EncryptedTensor<int4, shape=(1, 1024, 14, 14)>         ∈ [-8, 7]
%297 = subgraph(%296)                                                                                                     # EncryptedTensor<int3, shape=(1, 1024, 14, 14)>         ∈ [-3, 3]
%298 = subgraph(%280)                                                                                                     # EncryptedTensor<uint4, shape=(1, 1024, 14, 14)>        ∈ [0, 13]
%299 = 1                                                                                                                  # ClearScalar<uint1>                                     ∈ [1, 1]
%300 = multiply(%299, %298)                                                                                               # EncryptedTensor<uint4, shape=(1, 1024, 14, 14)>        ∈ [0, 13]
%301 = add(%297, %300)                                                                                                    # EncryptedTensor<int6, shape=(1, 1024, 14, 14)>         ∈ [-3, 16]
%302 = subgraph(%301)                                                                                                     # EncryptedTensor<uint4, shape=(1, 1024, 14, 14)>        ∈ [0, 15]
%303 = [[[[ 0]]   ...   [[ 1]]]]                                                                                          # ClearTensor<int4, shape=(512, 1024, 1, 1)>             ∈ [-7, 6]              @ /trunk/trunk.17/C1/Conv.conv
%304 = conv2d(%302, %303, [0 0 0 0 0 ... 0 0 0 0 0], pads=[0, 0, 0, 0], strides=(1, 1), dilations=(1, 1), group=1)        # EncryptedTensor<int12, shape=(1, 512, 14, 14)>         ∈ [-863, 1121]         @ /trunk/trunk.17/C1/Conv.conv
%305 = round_bit_pattern(%304, lsbs_to_remove=4, overflow_protection=False, exactness=Exactness.EXACT)                    # EncryptedTensor<int12, shape=(1, 512, 14, 14)>         ∈ [-864, 1120]         @ /trunk/trunk.17/C1/Conv.conv_rounding
%306 = subgraph(%305)                                                                                                     # EncryptedTensor<uint4, shape=(1, 512, 14, 14)>         ∈ [0, 15]
%307 = ones()                                                                                                             # EncryptedTensor<uint1, shape=(1, 512, 16, 16)>         ∈ [1, 1]
%308 = 0                                                                                                                  # ClearScalar<uint1>                                     ∈ [0, 0]
%309 = multiply(%307, %308)                                                                                               # EncryptedTensor<uint1, shape=(1, 512, 16, 16)>         ∈ [0, 0]
%310 = (%309[:, :, 1:15, 1:15] = %306)                                                                                    # EncryptedTensor<uint4, shape=(1, 512, 16, 16)>         ∈ [0, 15]
%311 = [[[[ 0  1  ...   1  1]]]]                                                                                          # ClearTensor<int4, shape=(512, 512, 3, 3)>              ∈ [-7, 7]              @ /trunk/trunk.17/C2/Conv.conv
%312 = conv2d(%310, %311, [0 0 0 0 0 ... 0 0 0 0 0], pads=[0, 0, 0, 0], strides=(2, 2), dilations=(1, 1), group=1)        # EncryptedTensor<int14, shape=(1, 512, 7, 7)>           ∈ [-6465, 7587]        @ /trunk/trunk.17/C2/Conv.conv
%313 = round_bit_pattern(%312, lsbs_to_remove=7, overflow_protection=False, exactness=Exactness.EXACT)                    # EncryptedTensor<int14, shape=(1, 512, 7, 7)>           ∈ [-6528, 7552]        @ /trunk/trunk.17/C2/Conv.conv_rounding
%314 = subgraph(%313)                                                                                                     # EncryptedTensor<uint4, shape=(1, 512, 7, 7)>           ∈ [0, 15]
%315 = [[[[ 0]]   ...   [[ 0]]]]                                                                                          # ClearTensor<int4, shape=(2048, 512, 1, 1)>             ∈ [-7, 6]              @ /trunk/trunk.17/C3/Conv.conv
%316 = conv2d(%314, %315, [0 0 0 ... 0 0 0], pads=[0, 0, 0, 0], strides=(1, 1), dilations=(1, 1), group=1)                # EncryptedTensor<int13, shape=(1, 2048, 7, 7)>          ∈ [-2878, 2684]        @ /trunk/trunk.17/C3/Conv.conv
%317 = round_bit_pattern(%316, lsbs_to_remove=6, overflow_protection=False, exactness=Exactness.EXACT)                    # EncryptedTensor<int13, shape=(1, 2048, 7, 7)>          ∈ [-2880, 2688]        @ /trunk/trunk.17/C3/Conv.conv_rounding
%318 = subgraph(%317)                                                                                                     # EncryptedTensor<int4, shape=(1, 2048, 7, 7)>           ∈ [-8, 7]
%319 = [[[[ 1]]   ...   [[ 0]]]]                                                                                          # ClearTensor<int4, shape=(2048, 1024, 1, 1)>            ∈ [-7, 7]              @ /trunk/trunk.17/shortcut/Conv.conv
%320 = conv2d(%302, %319, [0 0 0 ... 0 0 0], pads=[0, 0, 0, 0], strides=(2, 2), dilations=(1, 1), group=1)                # EncryptedTensor<int13, shape=(1, 2048, 7, 7)>          ∈ [-2544, 2734]        @ /trunk/trunk.17/shortcut/Conv.conv
%321 = round_bit_pattern(%320, lsbs_to_remove=5, overflow_protection=False, exactness=Exactness.EXACT)                    # EncryptedTensor<int13, shape=(1, 2048, 7, 7)>          ∈ [-2528, 2720]        @ /trunk/trunk.17/shortcut/Conv.conv_rounding
%322 = subgraph(%321)                                                                                                     # EncryptedTensor<int4, shape=(1, 2048, 7, 7)>           ∈ [-8, 7]
%323 = subgraph(%318)                                                                                                     # EncryptedTensor<int4, shape=(1, 2048, 7, 7)>           ∈ [-6, 5]
%324 = subgraph(%322)                                                                                                     # EncryptedTensor<int4, shape=(1, 2048, 7, 7)>           ∈ [-6, 5]
%325 = 1                                                                                                                  # ClearScalar<uint1>                                     ∈ [1, 1]
%326 = multiply(%325, %324)                                                                                               # EncryptedTensor<int4, shape=(1, 2048, 7, 7)>           ∈ [-6, 5]
%327 = add(%323, %326)                                                                                                    # EncryptedTensor<int5, shape=(1, 2048, 7, 7)>           ∈ [-12, 10]
%328 = subgraph(%327)                                                                                                     # EncryptedTensor<uint4, shape=(1, 2048, 7, 7)>          ∈ [0, 15]
%329 = [[[[ 1]]   ...   [[-1]]]]                                                                                          # ClearTensor<int4, shape=(512, 2048, 1, 1)>             ∈ [-5, 7]              @ /trunk/trunk.18/C1/Conv.conv
%330 = conv2d(%328, %329, [0 0 0 0 0 ... 0 0 0 0 0], pads=[0, 0, 0, 0], strides=(1, 1), dilations=(1, 1), group=1)        # EncryptedTensor<int12, shape=(1, 512, 7, 7)>           ∈ [-1327, 1433]        @ /trunk/trunk.18/C1/Conv.conv
%331 = round_bit_pattern(%330, lsbs_to_remove=5, overflow_protection=False, exactness=Exactness.EXACT)                    # EncryptedTensor<int12, shape=(1, 512, 7, 7)>           ∈ [-1312, 1440]        @ /trunk/trunk.18/C1/Conv.conv_rounding
%332 = subgraph(%331)                                                                                                     # EncryptedTensor<uint4, shape=(1, 512, 7, 7)>           ∈ [0, 15]
%333 = ones()                                                                                                             # EncryptedTensor<uint1, shape=(1, 512, 9, 9)>           ∈ [1, 1]
%334 = 0                                                                                                                  # ClearScalar<uint1>                                     ∈ [0, 0]
%335 = multiply(%333, %334)                                                                                               # EncryptedTensor<uint1, shape=(1, 512, 9, 9)>           ∈ [0, 0]
%336 = (%335[:, :, 1:8, 1:8] = %332)                                                                                      # EncryptedTensor<uint4, shape=(1, 512, 9, 9)>           ∈ [0, 15]
%337 = [[[[ 1 -1  ...   0  1]]]]                                                                                          # ClearTensor<int4, shape=(512, 512, 3, 3)>              ∈ [-6, 7]              @ /trunk/trunk.18/C2/Conv.conv
%338 = conv2d(%336, %337, [0 0 0 0 0 ... 0 0 0 0 0], pads=[0, 0, 0, 0], strides=(1, 1), dilations=(1, 1), group=1)        # EncryptedTensor<int14, shape=(1, 512, 7, 7)>           ∈ [-5965, 5086]        @ /trunk/trunk.18/C2/Conv.conv
%339 = round_bit_pattern(%338, lsbs_to_remove=6, overflow_protection=False, exactness=Exactness.EXACT)                    # EncryptedTensor<int14, shape=(1, 512, 7, 7)>           ∈ [-5952, 5056]        @ /trunk/trunk.18/C2/Conv.conv_rounding
%340 = subgraph(%339)                                                                                                     # EncryptedTensor<uint4, shape=(1, 512, 7, 7)>           ∈ [0, 15]
%341 = [[[[ 0]]   ...   [[-1]]]]                                                                                          # ClearTensor<int4, shape=(2048, 512, 1, 1)>             ∈ [-6, 7]              @ /trunk/trunk.18/C3/Conv.conv
%342 = conv2d(%340, %341, [0 0 0 ... 0 0 0], pads=[0, 0, 0, 0], strides=(1, 1), dilations=(1, 1), group=1)                # EncryptedTensor<int12, shape=(1, 2048, 7, 7)>          ∈ [-1952, 1706]        @ /trunk/trunk.18/C3/Conv.conv
%343 = round_bit_pattern(%342, lsbs_to_remove=5, overflow_protection=False, exactness=Exactness.EXACT)                    # EncryptedTensor<int12, shape=(1, 2048, 7, 7)>          ∈ [-1952, 1696]        @ /trunk/trunk.18/C3/Conv.conv_rounding
%344 = subgraph(%343)                                                                                                     # EncryptedTensor<int4, shape=(1, 2048, 7, 7)>           ∈ [-8, 7]
%345 = subgraph(%344)                                                                                                     # EncryptedTensor<int4, shape=(1, 2048, 7, 7)>           ∈ [-6, 5]
%346 = subgraph(%328)                                                                                                     # EncryptedTensor<uint4, shape=(1, 2048, 7, 7)>          ∈ [0, 10]
%347 = 1                                                                                                                  # ClearScalar<uint1>                                     ∈ [1, 1]
%348 = multiply(%347, %346)                                                                                               # EncryptedTensor<uint4, shape=(1, 2048, 7, 7)>          ∈ [0, 10]
%349 = add(%345, %348)                                                                                                    # EncryptedTensor<int5, shape=(1, 2048, 7, 7)>           ∈ [-6, 15]
%350 = subgraph(%349)                                                                                                     # EncryptedTensor<uint4, shape=(1, 2048, 7, 7)>          ∈ [0, 15]
%351 = [[[[ 2]]   ...   [[ 0]]]]                                                                                          # ClearTensor<int4, shape=(512, 2048, 1, 1)>             ∈ [-7, 6]              @ /trunk/trunk.19/C1/Conv.conv
%352 = conv2d(%350, %351, [0 0 0 0 0 ... 0 0 0 0 0], pads=[0, 0, 0, 0], strides=(1, 1), dilations=(1, 1), group=1)        # EncryptedTensor<int13, shape=(1, 512, 7, 7)>           ∈ [-1256, 2126]        @ /trunk/trunk.19/C1/Conv.conv
%353 = round_bit_pattern(%352, lsbs_to_remove=5, overflow_protection=False, exactness=Exactness.EXACT)                    # EncryptedTensor<int13, shape=(1, 512, 7, 7)>           ∈ [-1248, 2112]        @ /trunk/trunk.19/C1/Conv.conv_rounding
%354 = subgraph(%353)                                                                                                     # EncryptedTensor<uint4, shape=(1, 512, 7, 7)>           ∈ [0, 15]
%355 = ones()                                                                                                             # EncryptedTensor<uint1, shape=(1, 512, 9, 9)>           ∈ [1, 1]
%356 = 0                                                                                                                  # ClearScalar<uint1>                                     ∈ [0, 0]
%357 = multiply(%355, %356)                                                                                               # EncryptedTensor<uint1, shape=(1, 512, 9, 9)>           ∈ [0, 0]
%358 = (%357[:, :, 1:8, 1:8] = %354)                                                                                      # EncryptedTensor<uint4, shape=(1, 512, 9, 9)>           ∈ [0, 15]
%359 = [[[[ 0  0  ...  -1  0]]]]                                                                                          # ClearTensor<int4, shape=(512, 512, 3, 3)>              ∈ [-7, 7]              @ /trunk/trunk.19/C2/Conv.conv
%360 = conv2d(%358, %359, [0 0 0 0 0 ... 0 0 0 0 0], pads=[0, 0, 0, 0], strides=(1, 1), dilations=(1, 1), group=1)        # EncryptedTensor<int14, shape=(1, 512, 7, 7)>           ∈ [-5404, 5113]        @ /trunk/trunk.19/C2/Conv.conv
%361 = round_bit_pattern(%360, lsbs_to_remove=6, overflow_protection=False, exactness=Exactness.EXACT)                    # EncryptedTensor<int14, shape=(1, 512, 7, 7)>           ∈ [-5376, 5120]        @ /trunk/trunk.19/C2/Conv.conv_rounding
%362 = subgraph(%361)                                                                                                     # EncryptedTensor<uint4, shape=(1, 512, 7, 7)>           ∈ [0, 15]
%363 = [[[[ 0]]   ...   [[ 0]]]]                                                                                          # ClearTensor<int4, shape=(2048, 512, 1, 1)>             ∈ [-6, 7]              @ /trunk/trunk.19/C3/Conv.conv
%364 = conv2d(%362, %363, [0 0 0 ... 0 0 0], pads=[0, 0, 0, 0], strides=(1, 1), dilations=(1, 1), group=1)                # EncryptedTensor<int13, shape=(1, 2048, 7, 7)>          ∈ [-3257, 3274]        @ /trunk/trunk.19/C3/Conv.conv
%365 = round_bit_pattern(%364, lsbs_to_remove=5, overflow_protection=False, exactness=Exactness.EXACT)                    # EncryptedTensor<int13, shape=(1, 2048, 7, 7)>          ∈ [-3264, 3264]        @ /trunk/trunk.19/C3/Conv.conv_rounding
%366 = subgraph(%365)                                                                                                     # EncryptedTensor<int4, shape=(1, 2048, 7, 7)>           ∈ [-8, 7]
%367 = subgraph(%366)                                                                                                     # EncryptedTensor<int4, shape=(1, 2048, 7, 7)>           ∈ [-5, 5]
%368 = subgraph(%350)                                                                                                     # EncryptedTensor<uint4, shape=(1, 2048, 7, 7)>          ∈ [0, 13]
%369 = 1                                                                                                                  # ClearScalar<uint1>                                     ∈ [1, 1]
%370 = multiply(%369, %368)                                                                                               # EncryptedTensor<uint4, shape=(1, 2048, 7, 7)>          ∈ [0, 13]
%371 = add(%367, %370)                                                                                                    # EncryptedTensor<int6, shape=(1, 2048, 7, 7)>           ∈ [-5, 18]
%372 = subgraph(%371)                                                                                                     # EncryptedTensor<uint4, shape=(1, 2048, 7, 7)>          ∈ [0, 15]
%373 = [[[[1 1 1  ...  1 1 1]]]]                                                                                          # ClearTensor<uint1, shape=(2048, 2048, 5, 5)>           ∈ [0, 1]               @ /trunk/trunk.20/AveragePool.avgpool
%374 = conv2d(%372, %373, [0 0 0 ... 0 0 0], pads=[0, 0, 0, 0], strides=(5, 5), dilations=(1, 1), group=1)                # EncryptedTensor<uint8, shape=(1, 2048, 1, 1)>          ∈ [0, 135]             @ /trunk/trunk.20/AveragePool.avgpool
%375 = subgraph(%374)                                                                                                     # EncryptedTensor<uint3, shape=(1, 2048, 1, 1)>          ∈ [0, 7]
%376 = reshape(%375, newshape=(1, 2048))                                                                                  # EncryptedTensor<uint3, shape=(1, 2048)>                ∈ [0, 7]
return %376

Subgraphs:

    %4 = subgraph(%3):

         %0 = input                            # EncryptedTensor<int4, shape=(1, 64, 56, 56)>           @ /trunk/trunk.1/Conv.conv_rounding
         %1 = astype(%0, dtype=float64)        # EncryptedTensor<float64, shape=(1, 64, 56, 56)>
         %2 = 0                                # ClearScalar<uint1>
         %3 = add(%1, %2)                      # EncryptedTensor<float64, shape=(1, 64, 56, 56)>
         %4 = [[[[0]]  [ ... ]  [[0]]]]        # ClearTensor<uint1, shape=(1, 64, 1, 1)>
         %5 = subtract(%3, %4)                 # EncryptedTensor<float64, shape=(1, 64, 56, 56)>
         %6 = 4.336093436695876                # ClearScalar<float64>
         %7 = multiply(%6, %5)                 # EncryptedTensor<float64, shape=(1, 64, 56, 56)>
         %8 = [[[[-0.130 ... 695105]]]]        # ClearTensor<float32, shape=(1, 64, 1, 1)>
         %9 = subtract(%7, %8)                 # EncryptedTensor<float64, shape=(1, 64, 56, 56)>
        %10 = [[[[13.689 ... 269718]]]]        # ClearTensor<float32, shape=(1, 64, 1, 1)>
        %11 = divide(%9, %10)                  # EncryptedTensor<float64, shape=(1, 64, 56, 56)>
        %12 = [[[[1.0264 ... 17723 ]]]]        # ClearTensor<float32, shape=(1, 64, 1, 1)>
        %13 = multiply(%11, %12)               # EncryptedTensor<float64, shape=(1, 64, 56, 56)>
        %14 = [[[[-0.004 ... 475713]]]]        # ClearTensor<float32, shape=(1, 64, 1, 1)>
        %15 = add(%13, %14)                    # EncryptedTensor<float64, shape=(1, 64, 56, 56)>
        %16 = 1.4706209                        # ClearScalar<float32>
        %17 = divide(%15, %16)                 # EncryptedTensor<float64, shape=(1, 64, 56, 56)>
        %18 = 0.0                              # ClearScalar<float32>
        %19 = add(%17, %18)                    # EncryptedTensor<float64, shape=(1, 64, 56, 56)>
        %20 = -8.0                             # ClearScalar<float64>
        %21 = 7.0                              # ClearScalar<float64>
        %22 = clip(%19, %20, %21)              # EncryptedTensor<float64, shape=(1, 64, 56, 56)>
        %23 = rint(%22)                        # EncryptedTensor<float64, shape=(1, 64, 56, 56)>
        %24 = 0.0                              # ClearScalar<float32>
        %25 = subtract(%23, %24)               # EncryptedTensor<float64, shape=(1, 64, 56, 56)>
        %26 = 1.4706209                        # ClearScalar<float32>
        %27 = multiply(%25, %26)               # EncryptedTensor<float64, shape=(1, 64, 56, 56)>
        %28 = 1.47062087059021                 # ClearScalar<float64>
        %29 = divide(%27, %28)                 # EncryptedTensor<float64, shape=(1, 64, 56, 56)>
        %30 = 0                                # ClearScalar<uint1>
        %31 = add(%29, %30)                    # EncryptedTensor<float64, shape=(1, 64, 56, 56)>
        %32 = rint(%31)                        # EncryptedTensor<float64, shape=(1, 64, 56, 56)>
        %33 = -8                               # ClearScalar<int4>
        %34 = 7                                # ClearScalar<uint3>
        %35 = clip(%32, %33, %34)              # EncryptedTensor<float64, shape=(1, 64, 56, 56)>
        %36 = astype(%35, dtype=int_)          # EncryptedTensor<uint1, shape=(1, 64, 56, 56)>
        return %36

    %8 = subgraph(%7):

         %0 = input                            # EncryptedTensor<uint1, shape=(1, 64, 56, 56)>          @ /trunk/trunk.4/C1/Conv.conv_rounding
         %1 = astype(%0, dtype=float64)        # EncryptedTensor<float64, shape=(1, 64, 56, 56)>
         %2 = 0                                # ClearScalar<uint1>
         %3 = add(%1, %2)                      # EncryptedTensor<float64, shape=(1, 64, 56, 56)>
         %4 = [[[[0]]  [ ... ]  [[0]]]]        # ClearTensor<uint1, shape=(1, 64, 1, 1)>
         %5 = subtract(%3, %4)                 # EncryptedTensor<float64, shape=(1, 64, 56, 56)>
         %6 = 0.12366464325810078              # ClearScalar<float64>
         %7 = multiply(%6, %5)                 # EncryptedTensor<float64, shape=(1, 64, 56, 56)>
         %8 = [[[[ 0.016 ... 564646]]]]        # ClearTensor<float32, shape=(1, 64, 1, 1)>
         %9 = subtract(%7, %8)                 # EncryptedTensor<float64, shape=(1, 64, 56, 56)>
        %10 = [[[[1.2937 ... 858399]]]]        # ClearTensor<float32, shape=(1, 64, 1, 1)>
        %11 = divide(%9, %10)                  # EncryptedTensor<float64, shape=(1, 64, 56, 56)>
        %12 = [[[[1.0307 ... 50379 ]]]]        # ClearTensor<float32, shape=(1, 64, 1, 1)>
        %13 = multiply(%11, %12)               # EncryptedTensor<float64, shape=(1, 64, 56, 56)>
        %14 = [[[[ 0.005 ... 420712]]]]        # ClearTensor<float32, shape=(1, 64, 1, 1)>
        %15 = add(%13, %14)                    # EncryptedTensor<float64, shape=(1, 64, 56, 56)>
        %16 = 0                                # ClearScalar<uint1>
        %17 = maximum(%15, %16)                # EncryptedTensor<float64, shape=(1, 64, 56, 56)>
        %18 = 0.6321019                        # ClearScalar<float32>
        %19 = divide(%17, %18)                 # EncryptedTensor<float64, shape=(1, 64, 56, 56)>
        %20 = 0.0                              # ClearScalar<float32>
        %21 = add(%19, %20)                    # EncryptedTensor<float64, shape=(1, 64, 56, 56)>
        %22 = 0.0                              # ClearScalar<float64>
        %23 = 15.0                             # ClearScalar<float64>
        %24 = clip(%21, %22, %23)              # EncryptedTensor<float64, shape=(1, 64, 56, 56)>
        %25 = rint(%24)                        # EncryptedTensor<float64, shape=(1, 64, 56, 56)>
        %26 = 0.0                              # ClearScalar<float32>
        %27 = subtract(%25, %26)               # EncryptedTensor<float64, shape=(1, 64, 56, 56)>
        %28 = 0.6321019                        # ClearScalar<float32>
        %29 = multiply(%27, %28)               # EncryptedTensor<float64, shape=(1, 64, 56, 56)>
        %30 = 0.6321018934249878               # ClearScalar<float64>
        %31 = divide(%29, %30)                 # EncryptedTensor<float64, shape=(1, 64, 56, 56)>
        %32 = 0                                # ClearScalar<uint1>
        %33 = add(%31, %32)                    # EncryptedTensor<float64, shape=(1, 64, 56, 56)>
        %34 = rint(%33)                        # EncryptedTensor<float64, shape=(1, 64, 56, 56)>
        %35 = 0                                # ClearScalar<uint1>
        %36 = 15                               # ClearScalar<uint4>
        %37 = clip(%34, %35, %36)              # EncryptedTensor<float64, shape=(1, 64, 56, 56)>
        %38 = astype(%37, dtype=int_)          # EncryptedTensor<uint1, shape=(1, 64, 56, 56)>
        return %38

    %16 = subgraph(%15):

         %0 = input                            # EncryptedTensor<uint1, shape=(1, 64, 56, 56)>          @ /trunk/trunk.4/C2/Conv.conv_rounding
         %1 = astype(%0, dtype=float64)        # EncryptedTensor<float64, shape=(1, 64, 56, 56)>
         %2 = 0                                # ClearScalar<uint1>
         %3 = add(%1, %2)                      # EncryptedTensor<float64, shape=(1, 64, 56, 56)>
         %4 = [[[[0]]  [ ... ]  [[0]]]]        # ClearTensor<uint1, shape=(1, 64, 1, 1)>
         %5 = subtract(%3, %4)                 # EncryptedTensor<float64, shape=(1, 64, 56, 56)>
         %6 = 0.02214790754972551              # ClearScalar<float64>
         %7 = multiply(%6, %5)                 # EncryptedTensor<float64, shape=(1, 64, 56, 56)>
         %8 = [[[[-0.088 ... 53886 ]]]]        # ClearTensor<float32, shape=(1, 64, 1, 1)>
         %9 = subtract(%7, %8)                 # EncryptedTensor<float64, shape=(1, 64, 56, 56)>
        %10 = [[[[1.0334 ... 42958 ]]]]        # ClearTensor<float32, shape=(1, 64, 1, 1)>
        %11 = divide(%9, %10)                  # EncryptedTensor<float64, shape=(1, 64, 56, 56)>
        %12 = [[[[0.9989 ... 63006 ]]]]        # ClearTensor<float32, shape=(1, 64, 1, 1)>
        %13 = multiply(%11, %12)               # EncryptedTensor<float64, shape=(1, 64, 56, 56)>
        %14 = [[[[ 0.017 ... 29523 ]]]]        # ClearTensor<float32, shape=(1, 64, 1, 1)>
        %15 = add(%13, %14)                    # EncryptedTensor<float64, shape=(1, 64, 56, 56)>
        %16 = 0                                # ClearScalar<uint1>
        %17 = maximum(%15, %16)                # EncryptedTensor<float64, shape=(1, 64, 56, 56)>
        %18 = 0.57716393                       # ClearScalar<float32>
        %19 = divide(%17, %18)                 # EncryptedTensor<float64, shape=(1, 64, 56, 56)>
        %20 = 0.0                              # ClearScalar<float32>
        %21 = add(%19, %20)                    # EncryptedTensor<float64, shape=(1, 64, 56, 56)>
        %22 = 0.0                              # ClearScalar<float64>
        %23 = 15.0                             # ClearScalar<float64>
        %24 = clip(%21, %22, %23)              # EncryptedTensor<float64, shape=(1, 64, 56, 56)>
        %25 = rint(%24)                        # EncryptedTensor<float64, shape=(1, 64, 56, 56)>
        %26 = 0.0                              # ClearScalar<float32>
        %27 = subtract(%25, %26)               # EncryptedTensor<float64, shape=(1, 64, 56, 56)>
        %28 = 0.57716393                       # ClearScalar<float32>
        %29 = multiply(%27, %28)               # EncryptedTensor<float64, shape=(1, 64, 56, 56)>
        %30 = 0.5771639347076416               # ClearScalar<float64>
        %31 = divide(%29, %30)                 # EncryptedTensor<float64, shape=(1, 64, 56, 56)>
        %32 = 0                                # ClearScalar<uint1>
        %33 = add(%31, %32)                    # EncryptedTensor<float64, shape=(1, 64, 56, 56)>
        %34 = rint(%33)                        # EncryptedTensor<float64, shape=(1, 64, 56, 56)>
        %35 = 0                                # ClearScalar<uint1>
        %36 = 15                               # ClearScalar<uint4>
        %37 = clip(%34, %35, %36)              # EncryptedTensor<float64, shape=(1, 64, 56, 56)>
        %38 = astype(%37, dtype=int_)          # EncryptedTensor<uint1, shape=(1, 64, 56, 56)>
        return %38

    %20 = subgraph(%19):

         %0 = input                            # EncryptedTensor<uint1, shape=(1, 256, 56, 56)>          @ /trunk/trunk.4/C3/Conv.conv_rounding
         %1 = astype(%0, dtype=float64)        # EncryptedTensor<float64, shape=(1, 256, 56, 56)>
         %2 = 0                                # ClearScalar<uint1>
         %3 = add(%1, %2)                      # EncryptedTensor<float64, shape=(1, 256, 56, 56)>
         %4 = [[[[0]]  [ ... ]  [[0]]]]        # ClearTensor<uint1, shape=(1, 256, 1, 1)>
         %5 = subtract(%3, %4)                 # EncryptedTensor<float64, shape=(1, 256, 56, 56)>
         %6 = 0.0285377866354537               # ClearScalar<float64>
         %7 = multiply(%6, %5)                 # EncryptedTensor<float64, shape=(1, 256, 56, 56)>
         %8 = [[[[ 0.311 ... 45024 ]]]]        # ClearTensor<float32, shape=(1, 256, 1, 1)>
         %9 = subtract(%7, %8)                 # EncryptedTensor<float64, shape=(1, 256, 56, 56)>
        %10 = [[[[0.4349 ... 26987 ]]]]        # ClearTensor<float32, shape=(1, 256, 1, 1)>
        %11 = divide(%9, %10)                  # EncryptedTensor<float64, shape=(1, 256, 56, 56)>
        %12 = [[[[0.9833 ... 12613 ]]]]        # ClearTensor<float32, shape=(1, 256, 1, 1)>
        %13 = multiply(%11, %12)               # EncryptedTensor<float64, shape=(1, 256, 56, 56)>
        %14 = [[[[ 1.404 ... 69e-02]]]]        # ClearTensor<float32, shape=(1, 256, 1, 1)>
        %15 = add(%13, %14)                    # EncryptedTensor<float64, shape=(1, 256, 56, 56)>
        %16 = 1.141535                         # ClearScalar<float32>
        %17 = divide(%15, %16)                 # EncryptedTensor<float64, shape=(1, 256, 56, 56)>
        %18 = 0.0                              # ClearScalar<float32>
        %19 = add(%17, %18)                    # EncryptedTensor<float64, shape=(1, 256, 56, 56)>
        %20 = -8.0                             # ClearScalar<float64>
        %21 = 7.0                              # ClearScalar<float64>
        %22 = clip(%19, %20, %21)              # EncryptedTensor<float64, shape=(1, 256, 56, 56)>
        %23 = rint(%22)                        # EncryptedTensor<float64, shape=(1, 256, 56, 56)>
        %24 = 0.0                              # ClearScalar<float32>
        %25 = subtract(%23, %24)               # EncryptedTensor<float64, shape=(1, 256, 56, 56)>
        %26 = 1.141535                         # ClearScalar<float32>
        %27 = multiply(%25, %26)               # EncryptedTensor<float64, shape=(1, 256, 56, 56)>
        %28 = 1.1415350437164307               # ClearScalar<float64>
        %29 = divide(%27, %28)                 # EncryptedTensor<float64, shape=(1, 256, 56, 56)>
        %30 = 0                                # ClearScalar<uint1>
        %31 = add(%29, %30)                    # EncryptedTensor<float64, shape=(1, 256, 56, 56)>
        %32 = rint(%31)                        # EncryptedTensor<float64, shape=(1, 256, 56, 56)>
        %33 = -8                               # ClearScalar<int4>
        %34 = 7                                # ClearScalar<uint3>
        %35 = clip(%32, %33, %34)              # EncryptedTensor<float64, shape=(1, 256, 56, 56)>
        %36 = astype(%35, dtype=int_)          # EncryptedTensor<uint1, shape=(1, 256, 56, 56)>
        return %36

    %24 = subgraph(%23):

         %0 = input                            # EncryptedTensor<uint1, shape=(1, 256, 56, 56)>          @ /trunk/trunk.4/shortcut/Conv.conv_rounding
         %1 = astype(%0, dtype=float64)        # EncryptedTensor<float64, shape=(1, 256, 56, 56)>
         %2 = 0                                # ClearScalar<uint1>
         %3 = add(%1, %2)                      # EncryptedTensor<float64, shape=(1, 256, 56, 56)>
         %4 = [[[[0]]  [ ... ]  [[0]]]]        # ClearTensor<uint1, shape=(1, 256, 1, 1)>
         %5 = subtract(%3, %4)                 # EncryptedTensor<float64, shape=(1, 256, 56, 56)>
         %6 = 0.06565728258423409              # ClearScalar<float64>
         %7 = multiply(%6, %5)                 # EncryptedTensor<float64, shape=(1, 256, 56, 56)>
         %8 = [[[[ 6.594 ... 12e-03]]]]        # ClearTensor<float32, shape=(1, 256, 1, 1)>
         %9 = subtract(%7, %8)                 # EncryptedTensor<float64, shape=(1, 256, 56, 56)>
        %10 = [[[[0.7908 ... 72521 ]]]]        # ClearTensor<float32, shape=(1, 256, 1, 1)>
        %11 = divide(%9, %10)                  # EncryptedTensor<float64, shape=(1, 256, 56, 56)>
        %12 = [[[[1.0285 ... 47996 ]]]]        # ClearTensor<float32, shape=(1, 256, 1, 1)>
        %13 = multiply(%11, %12)               # EncryptedTensor<float64, shape=(1, 256, 56, 56)>
        %14 = [[[[ 1.269 ... 94e-02]]]]        # ClearTensor<float32, shape=(1, 256, 1, 1)>
        %15 = add(%13, %14)                    # EncryptedTensor<float64, shape=(1, 256, 56, 56)>
        %16 = 1.3630817                        # ClearScalar<float32>
        %17 = divide(%15, %16)                 # EncryptedTensor<float64, shape=(1, 256, 56, 56)>
        %18 = 0.0                              # ClearScalar<float32>
        %19 = add(%17, %18)                    # EncryptedTensor<float64, shape=(1, 256, 56, 56)>
        %20 = -8.0                             # ClearScalar<float64>
        %21 = 7.0                              # ClearScalar<float64>
        %22 = clip(%19, %20, %21)              # EncryptedTensor<float64, shape=(1, 256, 56, 56)>
        %23 = rint(%22)                        # EncryptedTensor<float64, shape=(1, 256, 56, 56)>
        %24 = 0.0                              # ClearScalar<float32>
        %25 = subtract(%23, %24)               # EncryptedTensor<float64, shape=(1, 256, 56, 56)>
        %26 = 1.3630817                        # ClearScalar<float32>
        %27 = multiply(%25, %26)               # EncryptedTensor<float64, shape=(1, 256, 56, 56)>
        %28 = 1.363081693649292                # ClearScalar<float64>
        %29 = divide(%27, %28)                 # EncryptedTensor<float64, shape=(1, 256, 56, 56)>
        %30 = 0                                # ClearScalar<uint1>
        %31 = add(%29, %30)                    # EncryptedTensor<float64, shape=(1, 256, 56, 56)>
        %32 = rint(%31)                        # EncryptedTensor<float64, shape=(1, 256, 56, 56)>
        %33 = -8                               # ClearScalar<int4>
        %34 = 7                                # ClearScalar<uint3>
        %35 = clip(%32, %33, %34)              # EncryptedTensor<float64, shape=(1, 256, 56, 56)>
        %36 = astype(%35, dtype=int_)          # EncryptedTensor<uint1, shape=(1, 256, 56, 56)>
        return %36

    %25 = subgraph(%20):

         %0 = input                         # EncryptedTensor<uint1, shape=(1, 256, 56, 56)>
         %1 = 0.0                           # ClearScalar<float64>
         %2 = subtract(%0, %1)              # EncryptedTensor<float64, shape=(1, 256, 56, 56)>
         %3 = 1.1415350437164307            # ClearScalar<float64>
         %4 = multiply(%3, %2)              # EncryptedTensor<float64, shape=(1, 256, 56, 56)>
         %5 = 1.6697444915771484            # ClearScalar<float64>
         %6 = divide(%4, %5)                # EncryptedTensor<float64, shape=(1, 256, 56, 56)>
         %7 = 0                             # ClearScalar<uint1>
         %8 = add(%6, %7)                   # EncryptedTensor<float64, shape=(1, 256, 56, 56)>
         %9 = rint(%8)                      # EncryptedTensor<float64, shape=(1, 256, 56, 56)>
        %10 = astype(%9, dtype=int_)        # EncryptedTensor<uint1, shape=(1, 256, 56, 56)>
        return %10

    %26 = subgraph(%24):

         %0 = input                         # EncryptedTensor<uint1, shape=(1, 256, 56, 56)>
         %1 = 0.0                           # ClearScalar<float64>
         %2 = subtract(%0, %1)              # EncryptedTensor<float64, shape=(1, 256, 56, 56)>
         %3 = 1.363081693649292             # ClearScalar<float64>
         %4 = multiply(%3, %2)              # EncryptedTensor<float64, shape=(1, 256, 56, 56)>
         %5 = 1.6697444915771484            # ClearScalar<float64>
         %6 = divide(%4, %5)                # EncryptedTensor<float64, shape=(1, 256, 56, 56)>
         %7 = 0                             # ClearScalar<uint1>
         %8 = add(%6, %7)                   # EncryptedTensor<float64, shape=(1, 256, 56, 56)>
         %9 = rint(%8)                      # EncryptedTensor<float64, shape=(1, 256, 56, 56)>
        %10 = astype(%9, dtype=int_)        # EncryptedTensor<uint1, shape=(1, 256, 56, 56)>
        return %10

    %30 = subgraph(%29):

         %0 = input                          # EncryptedTensor<uint2, shape=(1, 256, 56, 56)>
         %1 = 0.0                            # ClearScalar<float64>
         %2 = subtract(%0, %1)               # EncryptedTensor<float64, shape=(1, 256, 56, 56)>
         %3 = 1.6697444915771484             # ClearScalar<float64>
         %4 = multiply(%3, %2)               # EncryptedTensor<float64, shape=(1, 256, 56, 56)>
         %5 = 0                              # ClearScalar<uint1>
         %6 = maximum(%4, %5)                # EncryptedTensor<float64, shape=(1, 256, 56, 56)>
         %7 = 0.88038975                     # ClearScalar<float32>
         %8 = divide(%6, %7)                 # EncryptedTensor<float64, shape=(1, 256, 56, 56)>
         %9 = 0.0                            # ClearScalar<float32>
        %10 = add(%8, %9)                    # EncryptedTensor<float64, shape=(1, 256, 56, 56)>
        %11 = 0.0                            # ClearScalar<float64>
        %12 = 15.0                           # ClearScalar<float64>
        %13 = clip(%10, %11, %12)            # EncryptedTensor<float64, shape=(1, 256, 56, 56)>
        %14 = rint(%13)                      # EncryptedTensor<float64, shape=(1, 256, 56, 56)>
        %15 = 0.0                            # ClearScalar<float32>
        %16 = subtract(%14, %15)             # EncryptedTensor<float64, shape=(1, 256, 56, 56)>
        %17 = 0.88038975                     # ClearScalar<float32>
        %18 = multiply(%16, %17)             # EncryptedTensor<float64, shape=(1, 256, 56, 56)>
        %19 = 0.8803897500038147             # ClearScalar<float64>
        %20 = divide(%18, %19)               # EncryptedTensor<float64, shape=(1, 256, 56, 56)>
        %21 = 0                              # ClearScalar<uint1>
        %22 = add(%20, %21)                  # EncryptedTensor<float64, shape=(1, 256, 56, 56)>
        %23 = rint(%22)                      # EncryptedTensor<float64, shape=(1, 256, 56, 56)>
        %24 = 0                              # ClearScalar<uint1>
        %25 = 15                             # ClearScalar<uint4>
        %26 = clip(%23, %24, %25)            # EncryptedTensor<float64, shape=(1, 256, 56, 56)>
        %27 = astype(%26, dtype=int_)        # EncryptedTensor<uint1, shape=(1, 256, 56, 56)>
        return %27

    %34 = subgraph(%33):

         %0 = input                            # EncryptedTensor<uint1, shape=(1, 64, 56, 56)>          @ /trunk/trunk.5/C1/Conv.conv_rounding
         %1 = astype(%0, dtype=float64)        # EncryptedTensor<float64, shape=(1, 64, 56, 56)>
         %2 = 0                                # ClearScalar<uint1>
         %3 = add(%1, %2)                      # EncryptedTensor<float64, shape=(1, 64, 56, 56)>
         %4 = [[[[0]]  [ ... ]  [[0]]]]        # ClearTensor<uint1, shape=(1, 64, 1, 1)>
         %5 = subtract(%3, %4)                 # EncryptedTensor<float64, shape=(1, 64, 56, 56)>
         %6 = 0.08289389598056829              # ClearScalar<float64>
         %7 = multiply(%6, %5)                 # EncryptedTensor<float64, shape=(1, 64, 56, 56)>
         %8 = [[[[-1.011 ... 39627 ]]]]        # ClearTensor<float32, shape=(1, 64, 1, 1)>
         %9 = subtract(%7, %8)                 # EncryptedTensor<float64, shape=(1, 64, 56, 56)>
        %10 = [[[[3.2450 ... 593896]]]]        # ClearTensor<float32, shape=(1, 64, 1, 1)>
        %11 = divide(%9, %10)                  # EncryptedTensor<float64, shape=(1, 64, 56, 56)>
        %12 = [[[[0.9608 ... 96763 ]]]]        # ClearTensor<float32, shape=(1, 64, 1, 1)>
        %13 = multiply(%11, %12)               # EncryptedTensor<float64, shape=(1, 64, 56, 56)>
        %14 = [[[[-0.011 ... 25026 ]]]]        # ClearTensor<float32, shape=(1, 64, 1, 1)>
        %15 = add(%13, %14)                    # EncryptedTensor<float64, shape=(1, 64, 56, 56)>
        %16 = 0                                # ClearScalar<uint1>
        %17 = maximum(%15, %16)                # EncryptedTensor<float64, shape=(1, 64, 56, 56)>
        %18 = 0.586181                         # ClearScalar<float32>
        %19 = divide(%17, %18)                 # EncryptedTensor<float64, shape=(1, 64, 56, 56)>
        %20 = 0.0                              # ClearScalar<float32>
        %21 = add(%19, %20)                    # EncryptedTensor<float64, shape=(1, 64, 56, 56)>
        %22 = 0.0                              # ClearScalar<float64>
        %23 = 15.0                             # ClearScalar<float64>
        %24 = clip(%21, %22, %23)              # EncryptedTensor<float64, shape=(1, 64, 56, 56)>
        %25 = rint(%24)                        # EncryptedTensor<float64, shape=(1, 64, 56, 56)>
        %26 = 0.0                              # ClearScalar<float32>
        %27 = subtract(%25, %26)               # EncryptedTensor<float64, shape=(1, 64, 56, 56)>
        %28 = 0.586181                         # ClearScalar<float32>
        %29 = multiply(%27, %28)               # EncryptedTensor<float64, shape=(1, 64, 56, 56)>
        %30 = 0.5861809849739075               # ClearScalar<float64>
        %31 = divide(%29, %30)                 # EncryptedTensor<float64, shape=(1, 64, 56, 56)>
        %32 = 0                                # ClearScalar<uint1>
        %33 = add(%31, %32)                    # EncryptedTensor<float64, shape=(1, 64, 56, 56)>
        %34 = rint(%33)                        # EncryptedTensor<float64, shape=(1, 64, 56, 56)>
        %35 = 0                                # ClearScalar<uint1>
        %36 = 15                               # ClearScalar<uint4>
        %37 = clip(%34, %35, %36)              # EncryptedTensor<float64, shape=(1, 64, 56, 56)>
        %38 = astype(%37, dtype=int_)          # EncryptedTensor<uint1, shape=(1, 64, 56, 56)>
        return %38

    %42 = subgraph(%41):

         %0 = input                            # EncryptedTensor<uint1, shape=(1, 64, 56, 56)>          @ /trunk/trunk.5/C2/Conv.conv_rounding
         %1 = astype(%0, dtype=float64)        # EncryptedTensor<float64, shape=(1, 64, 56, 56)>
         %2 = 0                                # ClearScalar<uint1>
         %3 = add(%1, %2)                      # EncryptedTensor<float64, shape=(1, 64, 56, 56)>
         %4 = [[[[0]]  [ ... ]  [[0]]]]        # ClearTensor<uint1, shape=(1, 64, 1, 1)>
         %5 = subtract(%3, %4)                 # EncryptedTensor<float64, shape=(1, 64, 56, 56)>
         %6 = 0.019602047947088197             # ClearScalar<float64>
         %7 = multiply(%6, %5)                 # EncryptedTensor<float64, shape=(1, 64, 56, 56)>
         %8 = [[[[-0.295 ... 66362 ]]]]        # ClearTensor<float32, shape=(1, 64, 1, 1)>
         %9 = subtract(%7, %8)                 # EncryptedTensor<float64, shape=(1, 64, 56, 56)>
        %10 = [[[[1.0107 ... 99827 ]]]]        # ClearTensor<float32, shape=(1, 64, 1, 1)>
        %11 = divide(%9, %10)                  # EncryptedTensor<float64, shape=(1, 64, 56, 56)>
        %12 = [[[[1.0142 ... 6613  ]]]]        # ClearTensor<float32, shape=(1, 64, 1, 1)>
        %13 = multiply(%11, %12)               # EncryptedTensor<float64, shape=(1, 64, 56, 56)>
        %14 = [[[[ 0.013 ... 036285]]]]        # ClearTensor<float32, shape=(1, 64, 1, 1)>
        %15 = add(%13, %14)                    # EncryptedTensor<float64, shape=(1, 64, 56, 56)>
        %16 = 0                                # ClearScalar<uint1>
        %17 = maximum(%15, %16)                # EncryptedTensor<float64, shape=(1, 64, 56, 56)>
        %18 = 0.5284729                        # ClearScalar<float32>
        %19 = divide(%17, %18)                 # EncryptedTensor<float64, shape=(1, 64, 56, 56)>
        %20 = 0.0                              # ClearScalar<float32>
        %21 = add(%19, %20)                    # EncryptedTensor<float64, shape=(1, 64, 56, 56)>
        %22 = 0.0                              # ClearScalar<float64>
        %23 = 15.0                             # ClearScalar<float64>
        %24 = clip(%21, %22, %23)              # EncryptedTensor<float64, shape=(1, 64, 56, 56)>
        %25 = rint(%24)                        # EncryptedTensor<float64, shape=(1, 64, 56, 56)>
        %26 = 0.0                              # ClearScalar<float32>
        %27 = subtract(%25, %26)               # EncryptedTensor<float64, shape=(1, 64, 56, 56)>
        %28 = 0.5284729                        # ClearScalar<float32>
        %29 = multiply(%27, %28)               # EncryptedTensor<float64, shape=(1, 64, 56, 56)>
        %30 = 0.528472900390625                # ClearScalar<float64>
        %31 = divide(%29, %30)                 # EncryptedTensor<float64, shape=(1, 64, 56, 56)>
        %32 = 0                                # ClearScalar<uint1>
        %33 = add(%31, %32)                    # EncryptedTensor<float64, shape=(1, 64, 56, 56)>
        %34 = rint(%33)                        # EncryptedTensor<float64, shape=(1, 64, 56, 56)>
        %35 = 0                                # ClearScalar<uint1>
        %36 = 15                               # ClearScalar<uint4>
        %37 = clip(%34, %35, %36)              # EncryptedTensor<float64, shape=(1, 64, 56, 56)>
        %38 = astype(%37, dtype=int_)          # EncryptedTensor<uint1, shape=(1, 64, 56, 56)>
        return %38

    %46 = subgraph(%45):

         %0 = input                            # EncryptedTensor<uint1, shape=(1, 256, 56, 56)>          @ /trunk/trunk.5/C3/Conv.conv_rounding
         %1 = astype(%0, dtype=float64)        # EncryptedTensor<float64, shape=(1, 256, 56, 56)>
         %2 = 0                                # ClearScalar<uint1>
         %3 = add(%1, %2)                      # EncryptedTensor<float64, shape=(1, 256, 56, 56)>
         %4 = [[[[0]]  [ ... ]  [[0]]]]        # ClearTensor<uint1, shape=(1, 256, 1, 1)>
         %5 = subtract(%3, %4)                 # EncryptedTensor<float64, shape=(1, 256, 56, 56)>
         %6 = 0.0301932955551365               # ClearScalar<float64>
         %7 = multiply(%6, %5)                 # EncryptedTensor<float64, shape=(1, 256, 56, 56)>
         %8 = [[[[-1.853 ... 76e-01]]]]        # ClearTensor<float32, shape=(1, 256, 1, 1)>
         %9 = subtract(%7, %8)                 # EncryptedTensor<float64, shape=(1, 256, 56, 56)>
        %10 = [[[[0.5687 ... 23778 ]]]]        # ClearTensor<float32, shape=(1, 256, 1, 1)>
        %11 = divide(%9, %10)                  # EncryptedTensor<float64, shape=(1, 256, 56, 56)>
        %12 = [[[[0.9623 ... 9534  ]]]]        # ClearTensor<float32, shape=(1, 256, 1, 1)>
        %13 = multiply(%11, %12)               # EncryptedTensor<float64, shape=(1, 256, 56, 56)>
        %14 = [[[[-0.010 ... 231315]]]]        # ClearTensor<float32, shape=(1, 256, 1, 1)>
        %15 = add(%13, %14)                    # EncryptedTensor<float64, shape=(1, 256, 56, 56)>
        %16 = 1.0737511                        # ClearScalar<float32>
        %17 = divide(%15, %16)                 # EncryptedTensor<float64, shape=(1, 256, 56, 56)>
        %18 = 0.0                              # ClearScalar<float32>
        %19 = add(%17, %18)                    # EncryptedTensor<float64, shape=(1, 256, 56, 56)>
        %20 = -8.0                             # ClearScalar<float64>
        %21 = 7.0                              # ClearScalar<float64>
        %22 = clip(%19, %20, %21)              # EncryptedTensor<float64, shape=(1, 256, 56, 56)>
        %23 = rint(%22)                        # EncryptedTensor<float64, shape=(1, 256, 56, 56)>
        %24 = 0.0                              # ClearScalar<float32>
        %25 = subtract(%23, %24)               # EncryptedTensor<float64, shape=(1, 256, 56, 56)>
        %26 = 1.0737511                        # ClearScalar<float32>
        %27 = multiply(%25, %26)               # EncryptedTensor<float64, shape=(1, 256, 56, 56)>
        %28 = 1.0737510919570923               # ClearScalar<float64>
        %29 = divide(%27, %28)                 # EncryptedTensor<float64, shape=(1, 256, 56, 56)>
        %30 = 0                                # ClearScalar<uint1>
        %31 = add(%29, %30)                    # EncryptedTensor<float64, shape=(1, 256, 56, 56)>
        %32 = rint(%31)                        # EncryptedTensor<float64, shape=(1, 256, 56, 56)>
        %33 = -8                               # ClearScalar<int4>
        %34 = 7                                # ClearScalar<uint3>
        %35 = clip(%32, %33, %34)              # EncryptedTensor<float64, shape=(1, 256, 56, 56)>
        %36 = astype(%35, dtype=int_)          # EncryptedTensor<uint1, shape=(1, 256, 56, 56)>
        return %36

    %47 = subgraph(%46):

         %0 = input                         # EncryptedTensor<uint1, shape=(1, 256, 56, 56)>
         %1 = 0.0                           # ClearScalar<float64>
         %2 = subtract(%0, %1)              # EncryptedTensor<float64, shape=(1, 256, 56, 56)>
         %3 = 1.0737510919570923            # ClearScalar<float64>
         %4 = multiply(%3, %2)              # EncryptedTensor<float64, shape=(1, 256, 56, 56)>
         %5 = 1.5375311613082885            # ClearScalar<float64>
         %6 = divide(%4, %5)                # EncryptedTensor<float64, shape=(1, 256, 56, 56)>
         %7 = 0                             # ClearScalar<uint1>
         %8 = add(%6, %7)                   # EncryptedTensor<float64, shape=(1, 256, 56, 56)>
         %9 = rint(%8)                      # EncryptedTensor<float64, shape=(1, 256, 56, 56)>
        %10 = astype(%9, dtype=int_)        # EncryptedTensor<uint1, shape=(1, 256, 56, 56)>
        return %10

    %48 = subgraph(%30):

         %0 = input                         # EncryptedTensor<uint1, shape=(1, 256, 56, 56)>
         %1 = 0.0                           # ClearScalar<float64>
         %2 = subtract(%0, %1)              # EncryptedTensor<float64, shape=(1, 256, 56, 56)>
         %3 = 0.8803897500038147            # ClearScalar<float64>
         %4 = multiply(%3, %2)              # EncryptedTensor<float64, shape=(1, 256, 56, 56)>
         %5 = 1.5375311613082885            # ClearScalar<float64>
         %6 = divide(%4, %5)                # EncryptedTensor<float64, shape=(1, 256, 56, 56)>
         %7 = 0                             # ClearScalar<uint1>
         %8 = add(%6, %7)                   # EncryptedTensor<float64, shape=(1, 256, 56, 56)>
         %9 = rint(%8)                      # EncryptedTensor<float64, shape=(1, 256, 56, 56)>
        %10 = astype(%9, dtype=int_)        # EncryptedTensor<uint1, shape=(1, 256, 56, 56)>
        return %10

    %52 = subgraph(%51):

         %0 = input                          # EncryptedTensor<uint2, shape=(1, 256, 56, 56)>
         %1 = 0.0                            # ClearScalar<float64>
         %2 = subtract(%0, %1)               # EncryptedTensor<float64, shape=(1, 256, 56, 56)>
         %3 = 1.5375311613082885             # ClearScalar<float64>
         %4 = multiply(%3, %2)               # EncryptedTensor<float64, shape=(1, 256, 56, 56)>
         %5 = 0                              # ClearScalar<uint1>
         %6 = maximum(%4, %5)                # EncryptedTensor<float64, shape=(1, 256, 56, 56)>
         %7 = 1.0484111                      # ClearScalar<float32>
         %8 = divide(%6, %7)                 # EncryptedTensor<float64, shape=(1, 256, 56, 56)>
         %9 = 0.0                            # ClearScalar<float32>
        %10 = add(%8, %9)                    # EncryptedTensor<float64, shape=(1, 256, 56, 56)>
        %11 = 0.0                            # ClearScalar<float64>
        %12 = 15.0                           # ClearScalar<float64>
        %13 = clip(%10, %11, %12)            # EncryptedTensor<float64, shape=(1, 256, 56, 56)>
        %14 = rint(%13)                      # EncryptedTensor<float64, shape=(1, 256, 56, 56)>
        %15 = 0.0                            # ClearScalar<float32>
        %16 = subtract(%14, %15)             # EncryptedTensor<float64, shape=(1, 256, 56, 56)>
        %17 = 1.0484111                      # ClearScalar<float32>
        %18 = multiply(%16, %17)             # EncryptedTensor<float64, shape=(1, 256, 56, 56)>
        %19 = 1.0484111309051514             # ClearScalar<float64>
        %20 = divide(%18, %19)               # EncryptedTensor<float64, shape=(1, 256, 56, 56)>
        %21 = 0                              # ClearScalar<uint1>
        %22 = add(%20, %21)                  # EncryptedTensor<float64, shape=(1, 256, 56, 56)>
        %23 = rint(%22)                      # EncryptedTensor<float64, shape=(1, 256, 56, 56)>
        %24 = 0                              # ClearScalar<uint1>
        %25 = 15                             # ClearScalar<uint4>
        %26 = clip(%23, %24, %25)            # EncryptedTensor<float64, shape=(1, 256, 56, 56)>
        %27 = astype(%26, dtype=int_)        # EncryptedTensor<uint1, shape=(1, 256, 56, 56)>
        return %27

    %56 = subgraph(%55):

         %0 = input                            # EncryptedTensor<uint1, shape=(1, 64, 56, 56)>          @ /trunk/trunk.6/C1/Conv.conv_rounding
         %1 = astype(%0, dtype=float64)        # EncryptedTensor<float64, shape=(1, 64, 56, 56)>
         %2 = 0                                # ClearScalar<uint1>
         %3 = add(%1, %2)                      # EncryptedTensor<float64, shape=(1, 64, 56, 56)>
         %4 = [[[[0]]  [ ... ]  [[0]]]]        # ClearTensor<uint1, shape=(1, 64, 1, 1)>
         %5 = subtract(%3, %4)                 # EncryptedTensor<float64, shape=(1, 64, 56, 56)>
         %6 = 0.11481161704248066              # ClearScalar<float64>
         %7 = multiply(%6, %5)                 # EncryptedTensor<float64, shape=(1, 64, 56, 56)>
         %8 = [[[[-0.993 ... 06662 ]]]]        # ClearTensor<float32, shape=(1, 64, 1, 1)>
         %9 = subtract(%7, %8)                 # EncryptedTensor<float64, shape=(1, 64, 56, 56)>
        %10 = [[[[3.4326 ... 026076]]]]        # ClearTensor<float32, shape=(1, 64, 1, 1)>
        %11 = divide(%9, %10)                  # EncryptedTensor<float64, shape=(1, 64, 56, 56)>
        %12 = [[[[1.0225 ... 854465]]]]        # ClearTensor<float32, shape=(1, 64, 1, 1)>
        %13 = multiply(%11, %12)               # EncryptedTensor<float64, shape=(1, 64, 56, 56)>
        %14 = [[[[ 0.029 ... 073019]]]]        # ClearTensor<float32, shape=(1, 64, 1, 1)>
        %15 = add(%13, %14)                    # EncryptedTensor<float64, shape=(1, 64, 56, 56)>
        %16 = 0                                # ClearScalar<uint1>
        %17 = maximum(%15, %16)                # EncryptedTensor<float64, shape=(1, 64, 56, 56)>
        %18 = 0.5167939                        # ClearScalar<float32>
        %19 = divide(%17, %18)                 # EncryptedTensor<float64, shape=(1, 64, 56, 56)>
        %20 = 0.0                              # ClearScalar<float32>
        %21 = add(%19, %20)                    # EncryptedTensor<float64, shape=(1, 64, 56, 56)>
        %22 = 0.0                              # ClearScalar<float64>
        %23 = 15.0                             # ClearScalar<float64>
        %24 = clip(%21, %22, %23)              # EncryptedTensor<float64, shape=(1, 64, 56, 56)>
        %25 = rint(%24)                        # EncryptedTensor<float64, shape=(1, 64, 56, 56)>
        %26 = 0.0                              # ClearScalar<float32>
        %27 = subtract(%25, %26)               # EncryptedTensor<float64, shape=(1, 64, 56, 56)>
        %28 = 0.5167939                        # ClearScalar<float32>
        %29 = multiply(%27, %28)               # EncryptedTensor<float64, shape=(1, 64, 56, 56)>
        %30 = 0.5167939066886902               # ClearScalar<float64>
        %31 = divide(%29, %30)                 # EncryptedTensor<float64, shape=(1, 64, 56, 56)>
        %32 = 0                                # ClearScalar<uint1>
        %33 = add(%31, %32)                    # EncryptedTensor<float64, shape=(1, 64, 56, 56)>
        %34 = rint(%33)                        # EncryptedTensor<float64, shape=(1, 64, 56, 56)>
        %35 = 0                                # ClearScalar<uint1>
        %36 = 15                               # ClearScalar<uint4>
        %37 = clip(%34, %35, %36)              # EncryptedTensor<float64, shape=(1, 64, 56, 56)>
        %38 = astype(%37, dtype=int_)          # EncryptedTensor<uint1, shape=(1, 64, 56, 56)>
        return %38

    %64 = subgraph(%63):

         %0 = input                            # EncryptedTensor<uint1, shape=(1, 64, 56, 56)>          @ /trunk/trunk.6/C2/Conv.conv_rounding
         %1 = astype(%0, dtype=float64)        # EncryptedTensor<float64, shape=(1, 64, 56, 56)>
         %2 = 0                                # ClearScalar<uint1>
         %3 = add(%1, %2)                      # EncryptedTensor<float64, shape=(1, 64, 56, 56)>
         %4 = [[[[0]]  [ ... ]  [[0]]]]        # ClearTensor<uint1, shape=(1, 64, 1, 1)>
         %5 = subtract(%3, %4)                 # EncryptedTensor<float64, shape=(1, 64, 56, 56)>
         %6 = 0.018053260142911975             # ClearScalar<float64>
         %7 = multiply(%6, %5)                 # EncryptedTensor<float64, shape=(1, 64, 56, 56)>
         %8 = [[[[ 0.290 ... 015367]]]]        # ClearTensor<float32, shape=(1, 64, 1, 1)>
         %9 = subtract(%7, %8)                 # EncryptedTensor<float64, shape=(1, 64, 56, 56)>
        %10 = [[[[0.8955 ... 1074  ]]]]        # ClearTensor<float32, shape=(1, 64, 1, 1)>
        %11 = divide(%9, %10)                  # EncryptedTensor<float64, shape=(1, 64, 56, 56)>
        %12 = [[[[0.9730 ... 34142 ]]]]        # ClearTensor<float32, shape=(1, 64, 1, 1)>
        %13 = multiply(%11, %12)               # EncryptedTensor<float64, shape=(1, 64, 56, 56)>
        %14 = [[[[-0.011 ... 775276]]]]        # ClearTensor<float32, shape=(1, 64, 1, 1)>
        %15 = add(%13, %14)                    # EncryptedTensor<float64, shape=(1, 64, 56, 56)>
        %16 = 0                                # ClearScalar<uint1>
        %17 = maximum(%15, %16)                # EncryptedTensor<float64, shape=(1, 64, 56, 56)>
        %18 = 0.4651601                        # ClearScalar<float32>
        %19 = divide(%17, %18)                 # EncryptedTensor<float64, shape=(1, 64, 56, 56)>
        %20 = 0.0                              # ClearScalar<float32>
        %21 = add(%19, %20)                    # EncryptedTensor<float64, shape=(1, 64, 56, 56)>
        %22 = 0.0                              # ClearScalar<float64>
        %23 = 15.0                             # ClearScalar<float64>
        %24 = clip(%21, %22, %23)              # EncryptedTensor<float64, shape=(1, 64, 56, 56)>
        %25 = rint(%24)                        # EncryptedTensor<float64, shape=(1, 64, 56, 56)>
        %26 = 0.0                              # ClearScalar<float32>
        %27 = subtract(%25, %26)               # EncryptedTensor<float64, shape=(1, 64, 56, 56)>
        %28 = 0.4651601                        # ClearScalar<float32>
        %29 = multiply(%27, %28)               # EncryptedTensor<float64, shape=(1, 64, 56, 56)>
        %30 = 0.4651601016521454               # ClearScalar<float64>
        %31 = divide(%29, %30)                 # EncryptedTensor<float64, shape=(1, 64, 56, 56)>
        %32 = 0                                # ClearScalar<uint1>
        %33 = add(%31, %32)                    # EncryptedTensor<float64, shape=(1, 64, 56, 56)>
        %34 = rint(%33)                        # EncryptedTensor<float64, shape=(1, 64, 56, 56)>
        %35 = 0                                # ClearScalar<uint1>
        %36 = 15                               # ClearScalar<uint4>
        %37 = clip(%34, %35, %36)              # EncryptedTensor<float64, shape=(1, 64, 56, 56)>
        %38 = astype(%37, dtype=int_)          # EncryptedTensor<uint1, shape=(1, 64, 56, 56)>
        return %38

    %68 = subgraph(%67):

         %0 = input                            # EncryptedTensor<uint1, shape=(1, 256, 56, 56)>          @ /trunk/trunk.6/C3/Conv.conv_rounding
         %1 = astype(%0, dtype=float64)        # EncryptedTensor<float64, shape=(1, 256, 56, 56)>
         %2 = 0                                # ClearScalar<uint1>
         %3 = add(%1, %2)                      # EncryptedTensor<float64, shape=(1, 256, 56, 56)>
         %4 = [[[[0]]  [ ... ]  [[0]]]]        # ClearTensor<uint1, shape=(1, 256, 1, 1)>
         %5 = subtract(%3, %4)                 # EncryptedTensor<float64, shape=(1, 256, 56, 56)>
         %6 = 0.020906207361339635             # ClearScalar<float64>
         %7 = multiply(%6, %5)                 # EncryptedTensor<float64, shape=(1, 256, 56, 56)>
         %8 = [[[[-2.783 ... 10e-01]]]]        # ClearTensor<float32, shape=(1, 256, 1, 1)>
         %9 = subtract(%7, %8)                 # EncryptedTensor<float64, shape=(1, 256, 56, 56)>
        %10 = [[[[0.4265 ... 34352 ]]]]        # ClearTensor<float32, shape=(1, 256, 1, 1)>
        %11 = divide(%9, %10)                  # EncryptedTensor<float64, shape=(1, 256, 56, 56)>
        %12 = [[[[0.9679 ... 75741 ]]]]        # ClearTensor<float32, shape=(1, 256, 1, 1)>
        %13 = multiply(%11, %12)               # EncryptedTensor<float64, shape=(1, 256, 56, 56)>
        %14 = [[[[-1.649 ... 75e-03]]]]        # ClearTensor<float32, shape=(1, 256, 1, 1)>
        %15 = add(%13, %14)                    # EncryptedTensor<float64, shape=(1, 256, 56, 56)>
        %16 = 0.9390777                        # ClearScalar<float32>
        %17 = divide(%15, %16)                 # EncryptedTensor<float64, shape=(1, 256, 56, 56)>
        %18 = 0.0                              # ClearScalar<float32>
        %19 = add(%17, %18)                    # EncryptedTensor<float64, shape=(1, 256, 56, 56)>
        %20 = -8.0                             # ClearScalar<float64>
        %21 = 7.0                              # ClearScalar<float64>
        %22 = clip(%19, %20, %21)              # EncryptedTensor<float64, shape=(1, 256, 56, 56)>
        %23 = rint(%22)                        # EncryptedTensor<float64, shape=(1, 256, 56, 56)>
        %24 = 0.0                              # ClearScalar<float32>
        %25 = subtract(%23, %24)               # EncryptedTensor<float64, shape=(1, 256, 56, 56)>
        %26 = 0.9390777                        # ClearScalar<float32>
        %27 = multiply(%25, %26)               # EncryptedTensor<float64, shape=(1, 256, 56, 56)>
        %28 = 0.9390776753425598               # ClearScalar<float64>
        %29 = divide(%27, %28)                 # EncryptedTensor<float64, shape=(1, 256, 56, 56)>
        %30 = 0                                # ClearScalar<uint1>
        %31 = add(%29, %30)                    # EncryptedTensor<float64, shape=(1, 256, 56, 56)>
        %32 = rint(%31)                        # EncryptedTensor<float64, shape=(1, 256, 56, 56)>
        %33 = -8                               # ClearScalar<int4>
        %34 = 7                                # ClearScalar<uint3>
        %35 = clip(%32, %33, %34)              # EncryptedTensor<float64, shape=(1, 256, 56, 56)>
        %36 = astype(%35, dtype=int_)          # EncryptedTensor<uint1, shape=(1, 256, 56, 56)>
        return %36

    %69 = subgraph(%68):

         %0 = input                         # EncryptedTensor<uint1, shape=(1, 256, 56, 56)>
         %1 = 0.0                           # ClearScalar<float64>
         %2 = subtract(%0, %1)              # EncryptedTensor<float64, shape=(1, 256, 56, 56)>
         %3 = 0.9390776753425598            # ClearScalar<float64>
         %4 = multiply(%3, %2)              # EncryptedTensor<float64, shape=(1, 256, 56, 56)>
         %5 = 1.674462914466858             # ClearScalar<float64>
         %6 = divide(%4, %5)                # EncryptedTensor<float64, shape=(1, 256, 56, 56)>
         %7 = 0                             # ClearScalar<uint1>
         %8 = add(%6, %7)                   # EncryptedTensor<float64, shape=(1, 256, 56, 56)>
         %9 = rint(%8)                      # EncryptedTensor<float64, shape=(1, 256, 56, 56)>
        %10 = astype(%9, dtype=int_)        # EncryptedTensor<uint1, shape=(1, 256, 56, 56)>
        return %10

    %70 = subgraph(%52):

         %0 = input                         # EncryptedTensor<uint1, shape=(1, 256, 56, 56)>
         %1 = 0.0                           # ClearScalar<float64>
         %2 = subtract(%0, %1)              # EncryptedTensor<float64, shape=(1, 256, 56, 56)>
         %3 = 1.0484111309051514            # ClearScalar<float64>
         %4 = multiply(%3, %2)              # EncryptedTensor<float64, shape=(1, 256, 56, 56)>
         %5 = 1.674462914466858             # ClearScalar<float64>
         %6 = divide(%4, %5)                # EncryptedTensor<float64, shape=(1, 256, 56, 56)>
         %7 = 0                             # ClearScalar<uint1>
         %8 = add(%6, %7)                   # EncryptedTensor<float64, shape=(1, 256, 56, 56)>
         %9 = rint(%8)                      # EncryptedTensor<float64, shape=(1, 256, 56, 56)>
        %10 = astype(%9, dtype=int_)        # EncryptedTensor<uint1, shape=(1, 256, 56, 56)>
        return %10

    %74 = subgraph(%73):

         %0 = input                          # EncryptedTensor<uint2, shape=(1, 256, 56, 56)>
         %1 = 0.0                            # ClearScalar<float64>
         %2 = subtract(%0, %1)               # EncryptedTensor<float64, shape=(1, 256, 56, 56)>
         %3 = 1.674462914466858              # ClearScalar<float64>
         %4 = multiply(%3, %2)               # EncryptedTensor<float64, shape=(1, 256, 56, 56)>
         %5 = 0                              # ClearScalar<uint1>
         %6 = maximum(%4, %5)                # EncryptedTensor<float64, shape=(1, 256, 56, 56)>
         %7 = 1.1744465                      # ClearScalar<float32>
         %8 = divide(%6, %7)                 # EncryptedTensor<float64, shape=(1, 256, 56, 56)>
         %9 = 0.0                            # ClearScalar<float32>
        %10 = add(%8, %9)                    # EncryptedTensor<float64, shape=(1, 256, 56, 56)>
        %11 = 0.0                            # ClearScalar<float64>
        %12 = 15.0                           # ClearScalar<float64>
        %13 = clip(%10, %11, %12)            # EncryptedTensor<float64, shape=(1, 256, 56, 56)>
        %14 = rint(%13)                      # EncryptedTensor<float64, shape=(1, 256, 56, 56)>
        %15 = 0.0                            # ClearScalar<float32>
        %16 = subtract(%14, %15)             # EncryptedTensor<float64, shape=(1, 256, 56, 56)>
        %17 = 1.1744465                      # ClearScalar<float32>
        %18 = multiply(%16, %17)             # EncryptedTensor<float64, shape=(1, 256, 56, 56)>
        %19 = 1.1744464635849                # ClearScalar<float64>
        %20 = divide(%18, %19)               # EncryptedTensor<float64, shape=(1, 256, 56, 56)>
        %21 = 0                              # ClearScalar<uint1>
        %22 = add(%20, %21)                  # EncryptedTensor<float64, shape=(1, 256, 56, 56)>
        %23 = rint(%22)                      # EncryptedTensor<float64, shape=(1, 256, 56, 56)>
        %24 = 0                              # ClearScalar<uint1>
        %25 = 15                             # ClearScalar<uint4>
        %26 = clip(%23, %24, %25)            # EncryptedTensor<float64, shape=(1, 256, 56, 56)>
        %27 = astype(%26, dtype=int_)        # EncryptedTensor<uint1, shape=(1, 256, 56, 56)>
        return %27

    %78 = subgraph(%77):

         %0 = input                            # EncryptedTensor<uint1, shape=(1, 128, 56, 56)>          @ /trunk/trunk.7/C1/Conv.conv_rounding
         %1 = astype(%0, dtype=float64)        # EncryptedTensor<float64, shape=(1, 128, 56, 56)>
         %2 = 0                                # ClearScalar<uint1>
         %3 = add(%1, %2)                      # EncryptedTensor<float64, shape=(1, 128, 56, 56)>
         %4 = [[[[0]]  [ ... ]  [[0]]]]        # ClearTensor<uint1, shape=(1, 128, 1, 1)>
         %5 = subtract(%3, %4)                 # EncryptedTensor<float64, shape=(1, 128, 56, 56)>
         %6 = 0.09635336064011124              # ClearScalar<float64>
         %7 = multiply(%6, %5)                 # EncryptedTensor<float64, shape=(1, 128, 56, 56)>
         %8 = [[[[ 0.927 ... 56585 ]]]]        # ClearTensor<float32, shape=(1, 128, 1, 1)>
         %9 = subtract(%7, %8)                 # EncryptedTensor<float64, shape=(1, 128, 56, 56)>
        %10 = [[[[2.4903 ... 339314]]]]        # ClearTensor<float32, shape=(1, 128, 1, 1)>
        %11 = divide(%9, %10)                  # EncryptedTensor<float64, shape=(1, 128, 56, 56)>
        %12 = [[[[0.9808 ... 69578 ]]]]        # ClearTensor<float32, shape=(1, 128, 1, 1)>
        %13 = multiply(%11, %12)               # EncryptedTensor<float64, shape=(1, 128, 56, 56)>
        %14 = [[[[-0.022 ... 789559]]]]        # ClearTensor<float32, shape=(1, 128, 1, 1)>
        %15 = add(%13, %14)                    # EncryptedTensor<float64, shape=(1, 128, 56, 56)>
        %16 = 0                                # ClearScalar<uint1>
        %17 = maximum(%15, %16)                # EncryptedTensor<float64, shape=(1, 128, 56, 56)>
        %18 = 0.44320253                       # ClearScalar<float32>
        %19 = divide(%17, %18)                 # EncryptedTensor<float64, shape=(1, 128, 56, 56)>
        %20 = 0.0                              # ClearScalar<float32>
        %21 = add(%19, %20)                    # EncryptedTensor<float64, shape=(1, 128, 56, 56)>
        %22 = 0.0                              # ClearScalar<float64>
        %23 = 15.0                             # ClearScalar<float64>
        %24 = clip(%21, %22, %23)              # EncryptedTensor<float64, shape=(1, 128, 56, 56)>
        %25 = rint(%24)                        # EncryptedTensor<float64, shape=(1, 128, 56, 56)>
        %26 = 0.0                              # ClearScalar<float32>
        %27 = subtract(%25, %26)               # EncryptedTensor<float64, shape=(1, 128, 56, 56)>
        %28 = 0.44320253                       # ClearScalar<float32>
        %29 = multiply(%27, %28)               # EncryptedTensor<float64, shape=(1, 128, 56, 56)>
        %30 = 0.44320252537727356              # ClearScalar<float64>
        %31 = divide(%29, %30)                 # EncryptedTensor<float64, shape=(1, 128, 56, 56)>
        %32 = 0                                # ClearScalar<uint1>
        %33 = add(%31, %32)                    # EncryptedTensor<float64, shape=(1, 128, 56, 56)>
        %34 = rint(%33)                        # EncryptedTensor<float64, shape=(1, 128, 56, 56)>
        %35 = 0                                # ClearScalar<uint1>
        %36 = 15                               # ClearScalar<uint4>
        %37 = clip(%34, %35, %36)              # EncryptedTensor<float64, shape=(1, 128, 56, 56)>
        %38 = astype(%37, dtype=int_)          # EncryptedTensor<uint1, shape=(1, 128, 56, 56)>
        return %38

    %86 = subgraph(%85):

         %0 = input                            # EncryptedTensor<uint1, shape=(1, 128, 28, 28)>          @ /trunk/trunk.7/C2/Conv.conv_rounding
         %1 = astype(%0, dtype=float64)        # EncryptedTensor<float64, shape=(1, 128, 28, 28)>
         %2 = 0                                # ClearScalar<uint1>
         %3 = add(%1, %2)                      # EncryptedTensor<float64, shape=(1, 128, 28, 28)>
         %4 = [[[[0]]  [ ... ]  [[0]]]]        # ClearTensor<uint1, shape=(1, 128, 1, 1)>
         %5 = subtract(%3, %4)                 # EncryptedTensor<float64, shape=(1, 128, 28, 28)>
         %6 = 0.011150877180075958             # ClearScalar<float64>
         %7 = multiply(%6, %5)                 # EncryptedTensor<float64, shape=(1, 128, 28, 28)>
         %8 = [[[[-0.591 ... 761955]]]]        # ClearTensor<float32, shape=(1, 128, 1, 1)>
         %9 = subtract(%7, %8)                 # EncryptedTensor<float64, shape=(1, 128, 28, 28)>
        %10 = [[[[0.9504 ... 98238 ]]]]        # ClearTensor<float32, shape=(1, 128, 1, 1)>
        %11 = divide(%9, %10)                  # EncryptedTensor<float64, shape=(1, 128, 28, 28)>
        %12 = [[[[0.9816 ... 70845 ]]]]        # ClearTensor<float32, shape=(1, 128, 1, 1)>
        %13 = multiply(%11, %12)               # EncryptedTensor<float64, shape=(1, 128, 28, 28)>
        %14 = [[[[-0.012 ... 75563 ]]]]        # ClearTensor<float32, shape=(1, 128, 1, 1)>
        %15 = add(%13, %14)                    # EncryptedTensor<float64, shape=(1, 128, 28, 28)>
        %16 = 0                                # ClearScalar<uint1>
        %17 = maximum(%15, %16)                # EncryptedTensor<float64, shape=(1, 128, 28, 28)>
        %18 = 0.41699275                       # ClearScalar<float32>
        %19 = divide(%17, %18)                 # EncryptedTensor<float64, shape=(1, 128, 28, 28)>
        %20 = 0.0                              # ClearScalar<float32>
        %21 = add(%19, %20)                    # EncryptedTensor<float64, shape=(1, 128, 28, 28)>
        %22 = 0.0                              # ClearScalar<float64>
        %23 = 15.0                             # ClearScalar<float64>
        %24 = clip(%21, %22, %23)              # EncryptedTensor<float64, shape=(1, 128, 28, 28)>
        %25 = rint(%24)                        # EncryptedTensor<float64, shape=(1, 128, 28, 28)>
        %26 = 0.0                              # ClearScalar<float32>
        %27 = subtract(%25, %26)               # EncryptedTensor<float64, shape=(1, 128, 28, 28)>
        %28 = 0.41699275                       # ClearScalar<float32>
        %29 = multiply(%27, %28)               # EncryptedTensor<float64, shape=(1, 128, 28, 28)>
        %30 = 0.41699275374412537              # ClearScalar<float64>
        %31 = divide(%29, %30)                 # EncryptedTensor<float64, shape=(1, 128, 28, 28)>
        %32 = 0                                # ClearScalar<uint1>
        %33 = add(%31, %32)                    # EncryptedTensor<float64, shape=(1, 128, 28, 28)>
        %34 = rint(%33)                        # EncryptedTensor<float64, shape=(1, 128, 28, 28)>
        %35 = 0                                # ClearScalar<uint1>
        %36 = 15                               # ClearScalar<uint4>
        %37 = clip(%34, %35, %36)              # EncryptedTensor<float64, shape=(1, 128, 28, 28)>
        %38 = astype(%37, dtype=int_)          # EncryptedTensor<uint1, shape=(1, 128, 28, 28)>
        return %38

    %90 = subgraph(%89):

         %0 = input                            # EncryptedTensor<uint1, shape=(1, 512, 28, 28)>          @ /trunk/trunk.7/C3/Conv.conv_rounding
         %1 = astype(%0, dtype=float64)        # EncryptedTensor<float64, shape=(1, 512, 28, 28)>
         %2 = 0                                # ClearScalar<uint1>
         %3 = add(%1, %2)                      # EncryptedTensor<float64, shape=(1, 512, 28, 28)>
         %4 = [[[[0]]  [ ... ]  [[0]]]]        # ClearTensor<uint1, shape=(1, 512, 1, 1)>
         %5 = subtract(%3, %4)                 # EncryptedTensor<float64, shape=(1, 512, 28, 28)>
         %6 = 0.016541865583231674             # ClearScalar<float64>
         %7 = multiply(%6, %5)                 # EncryptedTensor<float64, shape=(1, 512, 28, 28)>
         %8 = [[[[ 0.470 ... 96801 ]]]]        # ClearTensor<float32, shape=(1, 512, 1, 1)>
         %9 = subtract(%7, %8)                 # EncryptedTensor<float64, shape=(1, 512, 28, 28)>
        %10 = [[[[0.6178 ... 595544]]]]        # ClearTensor<float32, shape=(1, 512, 1, 1)>
        %11 = divide(%9, %10)                  # EncryptedTensor<float64, shape=(1, 512, 28, 28)>
        %12 = [[[[0.9960 ... 552325]]]]        # ClearTensor<float32, shape=(1, 512, 1, 1)>
        %13 = multiply(%11, %12)               # EncryptedTensor<float64, shape=(1, 512, 28, 28)>
        %14 = [[[[ 2.036 ... 99e-02]]]]        # ClearTensor<float32, shape=(1, 512, 1, 1)>
        %15 = add(%13, %14)                    # EncryptedTensor<float64, shape=(1, 512, 28, 28)>
        %16 = 0.9019725                        # ClearScalar<float32>
        %17 = divide(%15, %16)                 # EncryptedTensor<float64, shape=(1, 512, 28, 28)>
        %18 = 0.0                              # ClearScalar<float32>
        %19 = add(%17, %18)                    # EncryptedTensor<float64, shape=(1, 512, 28, 28)>
        %20 = -8.0                             # ClearScalar<float64>
        %21 = 7.0                              # ClearScalar<float64>
        %22 = clip(%19, %20, %21)              # EncryptedTensor<float64, shape=(1, 512, 28, 28)>
        %23 = rint(%22)                        # EncryptedTensor<float64, shape=(1, 512, 28, 28)>
        %24 = 0.0                              # ClearScalar<float32>
        %25 = subtract(%23, %24)               # EncryptedTensor<float64, shape=(1, 512, 28, 28)>
        %26 = 0.9019725                        # ClearScalar<float32>
        %27 = multiply(%25, %26)               # EncryptedTensor<float64, shape=(1, 512, 28, 28)>
        %28 = 0.9019724726676941               # ClearScalar<float64>
        %29 = divide(%27, %28)                 # EncryptedTensor<float64, shape=(1, 512, 28, 28)>
        %30 = 0                                # ClearScalar<uint1>
        %31 = add(%29, %30)                    # EncryptedTensor<float64, shape=(1, 512, 28, 28)>
        %32 = rint(%31)                        # EncryptedTensor<float64, shape=(1, 512, 28, 28)>
        %33 = -8                               # ClearScalar<int4>
        %34 = 7                                # ClearScalar<uint3>
        %35 = clip(%32, %33, %34)              # EncryptedTensor<float64, shape=(1, 512, 28, 28)>
        %36 = astype(%35, dtype=int_)          # EncryptedTensor<uint1, shape=(1, 512, 28, 28)>
        return %36

    %94 = subgraph(%93):

         %0 = input                            # EncryptedTensor<uint1, shape=(1, 512, 28, 28)>          @ /trunk/trunk.7/shortcut/Conv.conv_rounding
         %1 = astype(%0, dtype=float64)        # EncryptedTensor<float64, shape=(1, 512, 28, 28)>
         %2 = 0                                # ClearScalar<uint1>
         %3 = add(%1, %2)                      # EncryptedTensor<float64, shape=(1, 512, 28, 28)>
         %4 = [[[[0]]  [ ... ]  [[0]]]]        # ClearTensor<uint1, shape=(1, 512, 1, 1)>
         %5 = subtract(%3, %4)                 # EncryptedTensor<float64, shape=(1, 512, 28, 28)>
         %6 = 0.043359933257970606             # ClearScalar<float64>
         %7 = multiply(%6, %5)                 # EncryptedTensor<float64, shape=(1, 512, 28, 28)>
         %8 = [[[[-0.021 ... 060955]]]]        # ClearTensor<float32, shape=(1, 512, 1, 1)>
         %9 = subtract(%7, %8)                 # EncryptedTensor<float64, shape=(1, 512, 28, 28)>
        %10 = [[[[1.3087 ... 63099 ]]]]        # ClearTensor<float32, shape=(1, 512, 1, 1)>
        %11 = divide(%9, %10)                  # EncryptedTensor<float64, shape=(1, 512, 28, 28)>
        %12 = [[[[0.9779 ... 418896]]]]        # ClearTensor<float32, shape=(1, 512, 1, 1)>
        %13 = multiply(%11, %12)               # EncryptedTensor<float64, shape=(1, 512, 28, 28)>
        %14 = [[[[ 2.127 ... 99e-02]]]]        # ClearTensor<float32, shape=(1, 512, 1, 1)>
        %15 = add(%13, %14)                    # EncryptedTensor<float64, shape=(1, 512, 28, 28)>
        %16 = 0.9012733                        # ClearScalar<float32>
        %17 = divide(%15, %16)                 # EncryptedTensor<float64, shape=(1, 512, 28, 28)>
        %18 = 0.0                              # ClearScalar<float32>
        %19 = add(%17, %18)                    # EncryptedTensor<float64, shape=(1, 512, 28, 28)>
        %20 = -8.0                             # ClearScalar<float64>
        %21 = 7.0                              # ClearScalar<float64>
        %22 = clip(%19, %20, %21)              # EncryptedTensor<float64, shape=(1, 512, 28, 28)>
        %23 = rint(%22)                        # EncryptedTensor<float64, shape=(1, 512, 28, 28)>
        %24 = 0.0                              # ClearScalar<float32>
        %25 = subtract(%23, %24)               # EncryptedTensor<float64, shape=(1, 512, 28, 28)>
        %26 = 0.9012733                        # ClearScalar<float32>
        %27 = multiply(%25, %26)               # EncryptedTensor<float64, shape=(1, 512, 28, 28)>
        %28 = 0.9012733101844788               # ClearScalar<float64>
        %29 = divide(%27, %28)                 # EncryptedTensor<float64, shape=(1, 512, 28, 28)>
        %30 = 0                                # ClearScalar<uint1>
        %31 = add(%29, %30)                    # EncryptedTensor<float64, shape=(1, 512, 28, 28)>
        %32 = rint(%31)                        # EncryptedTensor<float64, shape=(1, 512, 28, 28)>
        %33 = -8                               # ClearScalar<int4>
        %34 = 7                                # ClearScalar<uint3>
        %35 = clip(%32, %33, %34)              # EncryptedTensor<float64, shape=(1, 512, 28, 28)>
        %36 = astype(%35, dtype=int_)          # EncryptedTensor<uint1, shape=(1, 512, 28, 28)>
        return %36

    %95 = subgraph(%90):

         %0 = input                         # EncryptedTensor<uint1, shape=(1, 512, 28, 28)>
         %1 = 0.0                           # ClearScalar<float64>
         %2 = subtract(%0, %1)              # EncryptedTensor<float64, shape=(1, 512, 28, 28)>
         %3 = 0.9019724726676941            # ClearScalar<float64>
         %4 = multiply(%3, %2)              # EncryptedTensor<float64, shape=(1, 512, 28, 28)>
         %5 = 1.202163855234782             # ClearScalar<float64>
         %6 = divide(%4, %5)                # EncryptedTensor<float64, shape=(1, 512, 28, 28)>
         %7 = 0                             # ClearScalar<uint1>
         %8 = add(%6, %7)                   # EncryptedTensor<float64, shape=(1, 512, 28, 28)>
         %9 = rint(%8)                      # EncryptedTensor<float64, shape=(1, 512, 28, 28)>
        %10 = astype(%9, dtype=int_)        # EncryptedTensor<uint1, shape=(1, 512, 28, 28)>
        return %10

    %96 = subgraph(%94):

         %0 = input                         # EncryptedTensor<uint1, shape=(1, 512, 28, 28)>
         %1 = 0.0                           # ClearScalar<float64>
         %2 = subtract(%0, %1)              # EncryptedTensor<float64, shape=(1, 512, 28, 28)>
         %3 = 0.9012733101844788            # ClearScalar<float64>
         %4 = multiply(%3, %2)              # EncryptedTensor<float64, shape=(1, 512, 28, 28)>
         %5 = 1.202163855234782             # ClearScalar<float64>
         %6 = divide(%4, %5)                # EncryptedTensor<float64, shape=(1, 512, 28, 28)>
         %7 = 0                             # ClearScalar<uint1>
         %8 = add(%6, %7)                   # EncryptedTensor<float64, shape=(1, 512, 28, 28)>
         %9 = rint(%8)                      # EncryptedTensor<float64, shape=(1, 512, 28, 28)>
        %10 = astype(%9, dtype=int_)        # EncryptedTensor<uint1, shape=(1, 512, 28, 28)>
        return %10

    %100 = subgraph(%99):

         %0 = input                          # EncryptedTensor<uint2, shape=(1, 512, 28, 28)>
         %1 = 0.0                            # ClearScalar<float64>
         %2 = subtract(%0, %1)               # EncryptedTensor<float64, shape=(1, 512, 28, 28)>
         %3 = 1.202163855234782              # ClearScalar<float64>
         %4 = multiply(%3, %2)               # EncryptedTensor<float64, shape=(1, 512, 28, 28)>
         %5 = 0                              # ClearScalar<uint1>
         %6 = maximum(%4, %5)                # EncryptedTensor<float64, shape=(1, 512, 28, 28)>
         %7 = 0.7005621                      # ClearScalar<float32>
         %8 = divide(%6, %7)                 # EncryptedTensor<float64, shape=(1, 512, 28, 28)>
         %9 = 0.0                            # ClearScalar<float32>
        %10 = add(%8, %9)                    # EncryptedTensor<float64, shape=(1, 512, 28, 28)>
        %11 = 0.0                            # ClearScalar<float64>
        %12 = 15.0                           # ClearScalar<float64>
        %13 = clip(%10, %11, %12)            # EncryptedTensor<float64, shape=(1, 512, 28, 28)>
        %14 = rint(%13)                      # EncryptedTensor<float64, shape=(1, 512, 28, 28)>
        %15 = 0.0                            # ClearScalar<float32>
        %16 = subtract(%14, %15)             # EncryptedTensor<float64, shape=(1, 512, 28, 28)>
        %17 = 0.7005621                      # ClearScalar<float32>
        %18 = multiply(%16, %17)             # EncryptedTensor<float64, shape=(1, 512, 28, 28)>
        %19 = 0.7005621194839478             # ClearScalar<float64>
        %20 = divide(%18, %19)               # EncryptedTensor<float64, shape=(1, 512, 28, 28)>
        %21 = 0                              # ClearScalar<uint1>
        %22 = add(%20, %21)                  # EncryptedTensor<float64, shape=(1, 512, 28, 28)>
        %23 = rint(%22)                      # EncryptedTensor<float64, shape=(1, 512, 28, 28)>
        %24 = 0                              # ClearScalar<uint1>
        %25 = 15                             # ClearScalar<uint4>
        %26 = clip(%23, %24, %25)            # EncryptedTensor<float64, shape=(1, 512, 28, 28)>
        %27 = astype(%26, dtype=int_)        # EncryptedTensor<uint1, shape=(1, 512, 28, 28)>
        return %27

    %104 = subgraph(%103):

         %0 = input                            # EncryptedTensor<uint1, shape=(1, 128, 28, 28)>          @ /trunk/trunk.8/C1/Conv.conv_rounding
         %1 = astype(%0, dtype=float64)        # EncryptedTensor<float64, shape=(1, 128, 28, 28)>
         %2 = 0                                # ClearScalar<uint1>
         %3 = add(%1, %2)                      # EncryptedTensor<float64, shape=(1, 128, 28, 28)>
         %4 = [[[[0]]  [ ... ]  [[0]]]]        # ClearTensor<uint1, shape=(1, 128, 1, 1)>
         %5 = subtract(%3, %4)                 # EncryptedTensor<float64, shape=(1, 128, 28, 28)>
         %6 = 0.05417689108094681              # ClearScalar<float64>
         %7 = multiply(%6, %5)                 # EncryptedTensor<float64, shape=(1, 128, 28, 28)>
         %8 = [[[[ 0.835 ... 97708 ]]]]        # ClearTensor<float32, shape=(1, 128, 1, 1)>
         %9 = subtract(%7, %8)                 # EncryptedTensor<float64, shape=(1, 128, 28, 28)>
        %10 = [[[[4.2786 ... 138976]]]]        # ClearTensor<float32, shape=(1, 128, 1, 1)>
        %11 = divide(%9, %10)                  # EncryptedTensor<float64, shape=(1, 128, 28, 28)>
        %12 = [[[[0.9848 ... 246187]]]]        # ClearTensor<float32, shape=(1, 128, 1, 1)>
        %13 = multiply(%11, %12)               # EncryptedTensor<float64, shape=(1, 128, 28, 28)>
        %14 = [[[[ 0.008 ... 332009]]]]        # ClearTensor<float32, shape=(1, 128, 1, 1)>
        %15 = add(%13, %14)                    # EncryptedTensor<float64, shape=(1, 128, 28, 28)>
        %16 = 0                                # ClearScalar<uint1>
        %17 = maximum(%15, %16)                # EncryptedTensor<float64, shape=(1, 128, 28, 28)>
        %18 = 0.44198856                       # ClearScalar<float32>
        %19 = divide(%17, %18)                 # EncryptedTensor<float64, shape=(1, 128, 28, 28)>
        %20 = 0.0                              # ClearScalar<float32>
        %21 = add(%19, %20)                    # EncryptedTensor<float64, shape=(1, 128, 28, 28)>
        %22 = 0.0                              # ClearScalar<float64>
        %23 = 15.0                             # ClearScalar<float64>
        %24 = clip(%21, %22, %23)              # EncryptedTensor<float64, shape=(1, 128, 28, 28)>
        %25 = rint(%24)                        # EncryptedTensor<float64, shape=(1, 128, 28, 28)>
        %26 = 0.0                              # ClearScalar<float32>
        %27 = subtract(%25, %26)               # EncryptedTensor<float64, shape=(1, 128, 28, 28)>
        %28 = 0.44198856                       # ClearScalar<float32>
        %29 = multiply(%27, %28)               # EncryptedTensor<float64, shape=(1, 128, 28, 28)>
        %30 = 0.4419885575771332               # ClearScalar<float64>
        %31 = divide(%29, %30)                 # EncryptedTensor<float64, shape=(1, 128, 28, 28)>
        %32 = 0                                # ClearScalar<uint1>
        %33 = add(%31, %32)                    # EncryptedTensor<float64, shape=(1, 128, 28, 28)>
        %34 = rint(%33)                        # EncryptedTensor<float64, shape=(1, 128, 28, 28)>
        %35 = 0                                # ClearScalar<uint1>
        %36 = 15                               # ClearScalar<uint4>
        %37 = clip(%34, %35, %36)              # EncryptedTensor<float64, shape=(1, 128, 28, 28)>
        %38 = astype(%37, dtype=int_)          # EncryptedTensor<uint1, shape=(1, 128, 28, 28)>
        return %38

    %112 = subgraph(%111):

         %0 = input                            # EncryptedTensor<uint1, shape=(1, 128, 28, 28)>          @ /trunk/trunk.8/C2/Conv.conv_rounding
         %1 = astype(%0, dtype=float64)        # EncryptedTensor<float64, shape=(1, 128, 28, 28)>
         %2 = 0                                # ClearScalar<uint1>
         %3 = add(%1, %2)                      # EncryptedTensor<float64, shape=(1, 128, 28, 28)>
         %4 = [[[[0]]  [ ... ]  [[0]]]]        # ClearTensor<uint1, shape=(1, 128, 1, 1)>
         %5 = subtract(%3, %4)                 # EncryptedTensor<float64, shape=(1, 128, 28, 28)>
         %6 = 0.011549310901405596             # ClearScalar<float64>
         %7 = multiply(%6, %5)                 # EncryptedTensor<float64, shape=(1, 128, 28, 28)>
         %8 = [[[[-0.083 ... 92974 ]]]]        # ClearTensor<float32, shape=(1, 128, 1, 1)>
         %9 = subtract(%7, %8)                 # EncryptedTensor<float64, shape=(1, 128, 28, 28)>
        %10 = [[[[1.2025 ... 887797]]]]        # ClearTensor<float32, shape=(1, 128, 1, 1)>
        %11 = divide(%9, %10)                  # EncryptedTensor<float64, shape=(1, 128, 28, 28)>
        %12 = [[[[0.9829 ... 029326]]]]        # ClearTensor<float32, shape=(1, 128, 1, 1)>
        %13 = multiply(%11, %12)               # EncryptedTensor<float64, shape=(1, 128, 28, 28)>
        %14 = [[[[-1.324 ... 25e-02]]]]        # ClearTensor<float32, shape=(1, 128, 1, 1)>
        %15 = add(%13, %14)                    # EncryptedTensor<float64, shape=(1, 128, 28, 28)>
        %16 = 0                                # ClearScalar<uint1>
        %17 = maximum(%15, %16)                # EncryptedTensor<float64, shape=(1, 128, 28, 28)>
        %18 = 0.44969988                       # ClearScalar<float32>
        %19 = divide(%17, %18)                 # EncryptedTensor<float64, shape=(1, 128, 28, 28)>
        %20 = 0.0                              # ClearScalar<float32>
        %21 = add(%19, %20)                    # EncryptedTensor<float64, shape=(1, 128, 28, 28)>
        %22 = 0.0                              # ClearScalar<float64>
        %23 = 15.0                             # ClearScalar<float64>
        %24 = clip(%21, %22, %23)              # EncryptedTensor<float64, shape=(1, 128, 28, 28)>
        %25 = rint(%24)                        # EncryptedTensor<float64, shape=(1, 128, 28, 28)>
        %26 = 0.0                              # ClearScalar<float32>
        %27 = subtract(%25, %26)               # EncryptedTensor<float64, shape=(1, 128, 28, 28)>
        %28 = 0.44969988                       # ClearScalar<float32>
        %29 = multiply(%27, %28)               # EncryptedTensor<float64, shape=(1, 128, 28, 28)>
        %30 = 0.44969987869262695              # ClearScalar<float64>
        %31 = divide(%29, %30)                 # EncryptedTensor<float64, shape=(1, 128, 28, 28)>
        %32 = 0                                # ClearScalar<uint1>
        %33 = add(%31, %32)                    # EncryptedTensor<float64, shape=(1, 128, 28, 28)>
        %34 = rint(%33)                        # EncryptedTensor<float64, shape=(1, 128, 28, 28)>
        %35 = 0                                # ClearScalar<uint1>
        %36 = 15                               # ClearScalar<uint4>
        %37 = clip(%34, %35, %36)              # EncryptedTensor<float64, shape=(1, 128, 28, 28)>
        %38 = astype(%37, dtype=int_)          # EncryptedTensor<uint1, shape=(1, 128, 28, 28)>
        return %38

    %116 = subgraph(%115):

         %0 = input                            # EncryptedTensor<uint1, shape=(1, 512, 28, 28)>          @ /trunk/trunk.8/C3/Conv.conv_rounding
         %1 = astype(%0, dtype=float64)        # EncryptedTensor<float64, shape=(1, 512, 28, 28)>
         %2 = 0                                # ClearScalar<uint1>
         %3 = add(%1, %2)                      # EncryptedTensor<float64, shape=(1, 512, 28, 28)>
         %4 = [[[[0]]  [ ... ]  [[0]]]]        # ClearTensor<uint1, shape=(1, 512, 1, 1)>
         %5 = subtract(%3, %4)                 # EncryptedTensor<float64, shape=(1, 512, 28, 28)>
         %6 = 0.01666862326081464              # ClearScalar<float64>
         %7 = multiply(%6, %5)                 # EncryptedTensor<float64, shape=(1, 512, 28, 28)>
         %8 = [[[[-9.571 ... 03e-01]]]]        # ClearTensor<float32, shape=(1, 512, 1, 1)>
         %9 = subtract(%7, %8)                 # EncryptedTensor<float64, shape=(1, 512, 28, 28)>
        %10 = [[[[0.5763 ... 35622 ]]]]        # ClearTensor<float32, shape=(1, 512, 1, 1)>
        %11 = divide(%9, %10)                  # EncryptedTensor<float64, shape=(1, 512, 28, 28)>
        %12 = [[[[0.9516 ... 85377 ]]]]        # ClearTensor<float32, shape=(1, 512, 1, 1)>
        %13 = multiply(%11, %12)               # EncryptedTensor<float64, shape=(1, 512, 28, 28)>
        %14 = [[[[ 1.768 ... 26e-02]]]]        # ClearTensor<float32, shape=(1, 512, 1, 1)>
        %15 = add(%13, %14)                    # EncryptedTensor<float64, shape=(1, 512, 28, 28)>
        %16 = 0.95068026                       # ClearScalar<float32>
        %17 = divide(%15, %16)                 # EncryptedTensor<float64, shape=(1, 512, 28, 28)>
        %18 = 0.0                              # ClearScalar<float32>
        %19 = add(%17, %18)                    # EncryptedTensor<float64, shape=(1, 512, 28, 28)>
        %20 = -8.0                             # ClearScalar<float64>
        %21 = 7.0                              # ClearScalar<float64>
        %22 = clip(%19, %20, %21)              # EncryptedTensor<float64, shape=(1, 512, 28, 28)>
        %23 = rint(%22)                        # EncryptedTensor<float64, shape=(1, 512, 28, 28)>
        %24 = 0.0                              # ClearScalar<float32>
        %25 = subtract(%23, %24)               # EncryptedTensor<float64, shape=(1, 512, 28, 28)>
        %26 = 0.95068026                       # ClearScalar<float32>
        %27 = multiply(%25, %26)               # EncryptedTensor<float64, shape=(1, 512, 28, 28)>
        %28 = 0.9506802558898926               # ClearScalar<float64>
        %29 = divide(%27, %28)                 # EncryptedTensor<float64, shape=(1, 512, 28, 28)>
        %30 = 0                                # ClearScalar<uint1>
        %31 = add(%29, %30)                    # EncryptedTensor<float64, shape=(1, 512, 28, 28)>
        %32 = rint(%31)                        # EncryptedTensor<float64, shape=(1, 512, 28, 28)>
        %33 = -8                               # ClearScalar<int4>
        %34 = 7                                # ClearScalar<uint3>
        %35 = clip(%32, %33, %34)              # EncryptedTensor<float64, shape=(1, 512, 28, 28)>
        %36 = astype(%35, dtype=int_)          # EncryptedTensor<uint1, shape=(1, 512, 28, 28)>
        return %36

    %117 = subgraph(%116):

         %0 = input                         # EncryptedTensor<uint1, shape=(1, 512, 28, 28)>
         %1 = 0.0                           # ClearScalar<float64>
         %2 = subtract(%0, %1)              # EncryptedTensor<float64, shape=(1, 512, 28, 28)>
         %3 = 0.9506802558898926            # ClearScalar<float64>
         %4 = multiply(%3, %2)              # EncryptedTensor<float64, shape=(1, 512, 28, 28)>
         %5 = 1.2409406741460165            # ClearScalar<float64>
         %6 = divide(%4, %5)                # EncryptedTensor<float64, shape=(1, 512, 28, 28)>
         %7 = 0                             # ClearScalar<uint1>
         %8 = add(%6, %7)                   # EncryptedTensor<float64, shape=(1, 512, 28, 28)>
         %9 = rint(%8)                      # EncryptedTensor<float64, shape=(1, 512, 28, 28)>
        %10 = astype(%9, dtype=int_)        # EncryptedTensor<uint1, shape=(1, 512, 28, 28)>
        return %10

    %118 = subgraph(%100):

         %0 = input                         # EncryptedTensor<uint1, shape=(1, 512, 28, 28)>
         %1 = 0.0                           # ClearScalar<float64>
         %2 = subtract(%0, %1)              # EncryptedTensor<float64, shape=(1, 512, 28, 28)>
         %3 = 0.7005621194839478            # ClearScalar<float64>
         %4 = multiply(%3, %2)              # EncryptedTensor<float64, shape=(1, 512, 28, 28)>
         %5 = 1.2409406741460165            # ClearScalar<float64>
         %6 = divide(%4, %5)                # EncryptedTensor<float64, shape=(1, 512, 28, 28)>
         %7 = 0                             # ClearScalar<uint1>
         %8 = add(%6, %7)                   # EncryptedTensor<float64, shape=(1, 512, 28, 28)>
         %9 = rint(%8)                      # EncryptedTensor<float64, shape=(1, 512, 28, 28)>
        %10 = astype(%9, dtype=int_)        # EncryptedTensor<uint1, shape=(1, 512, 28, 28)>
        return %10

    %122 = subgraph(%121):

         %0 = input                          # EncryptedTensor<uint2, shape=(1, 512, 28, 28)>
         %1 = 0.0                            # ClearScalar<float64>
         %2 = subtract(%0, %1)               # EncryptedTensor<float64, shape=(1, 512, 28, 28)>
         %3 = 1.2409406741460165             # ClearScalar<float64>
         %4 = multiply(%3, %2)               # EncryptedTensor<float64, shape=(1, 512, 28, 28)>
         %5 = 0                              # ClearScalar<uint1>
         %6 = maximum(%4, %5)                # EncryptedTensor<float64, shape=(1, 512, 28, 28)>
         %7 = 0.92992944                     # ClearScalar<float32>
         %8 = divide(%6, %7)                 # EncryptedTensor<float64, shape=(1, 512, 28, 28)>
         %9 = 0.0                            # ClearScalar<float32>
        %10 = add(%8, %9)                    # EncryptedTensor<float64, shape=(1, 512, 28, 28)>
        %11 = 0.0                            # ClearScalar<float64>
        %12 = 15.0                           # ClearScalar<float64>
        %13 = clip(%10, %11, %12)            # EncryptedTensor<float64, shape=(1, 512, 28, 28)>
        %14 = rint(%13)                      # EncryptedTensor<float64, shape=(1, 512, 28, 28)>
        %15 = 0.0                            # ClearScalar<float32>
        %16 = subtract(%14, %15)             # EncryptedTensor<float64, shape=(1, 512, 28, 28)>
        %17 = 0.92992944                     # ClearScalar<float32>
        %18 = multiply(%16, %17)             # EncryptedTensor<float64, shape=(1, 512, 28, 28)>
        %19 = 0.9299294352531433             # ClearScalar<float64>
        %20 = divide(%18, %19)               # EncryptedTensor<float64, shape=(1, 512, 28, 28)>
        %21 = 0                              # ClearScalar<uint1>
        %22 = add(%20, %21)                  # EncryptedTensor<float64, shape=(1, 512, 28, 28)>
        %23 = rint(%22)                      # EncryptedTensor<float64, shape=(1, 512, 28, 28)>
        %24 = 0                              # ClearScalar<uint1>
        %25 = 15                             # ClearScalar<uint4>
        %26 = clip(%23, %24, %25)            # EncryptedTensor<float64, shape=(1, 512, 28, 28)>
        %27 = astype(%26, dtype=int_)        # EncryptedTensor<uint1, shape=(1, 512, 28, 28)>
        return %27

    %126 = subgraph(%125):

         %0 = input                            # EncryptedTensor<uint1, shape=(1, 128, 28, 28)>          @ /trunk/trunk.9/C1/Conv.conv_rounding
         %1 = astype(%0, dtype=float64)        # EncryptedTensor<float64, shape=(1, 128, 28, 28)>
         %2 = 0                                # ClearScalar<uint1>
         %3 = add(%1, %2)                      # EncryptedTensor<float64, shape=(1, 128, 28, 28)>
         %4 = [[[[0]]  [ ... ]  [[0]]]]        # ClearTensor<uint1, shape=(1, 128, 1, 1)>
         %5 = subtract(%3, %4)                 # EncryptedTensor<float64, shape=(1, 128, 28, 28)>
         %6 = 0.0653048907976137               # ClearScalar<float64>
         %7 = multiply(%6, %5)                 # EncryptedTensor<float64, shape=(1, 128, 28, 28)>
         %8 = [[[[-2.204 ... 47e+00]]]]        # ClearTensor<float32, shape=(1, 128, 1, 1)>
         %9 = subtract(%7, %8)                 # EncryptedTensor<float64, shape=(1, 128, 28, 28)>
        %10 = [[[[3.8344 ... 51668 ]]]]        # ClearTensor<float32, shape=(1, 128, 1, 1)>
        %11 = divide(%9, %10)                  # EncryptedTensor<float64, shape=(1, 128, 28, 28)>
        %12 = [[[[0.9786 ... 644593]]]]        # ClearTensor<float32, shape=(1, 128, 1, 1)>
        %13 = multiply(%11, %12)               # EncryptedTensor<float64, shape=(1, 128, 28, 28)>
        %14 = [[[[ 0.036 ... 195804]]]]        # ClearTensor<float32, shape=(1, 128, 1, 1)>
        %15 = add(%13, %14)                    # EncryptedTensor<float64, shape=(1, 128, 28, 28)>
        %16 = 0                                # ClearScalar<uint1>
        %17 = maximum(%15, %16)                # EncryptedTensor<float64, shape=(1, 128, 28, 28)>
        %18 = 0.44168082                       # ClearScalar<float32>
        %19 = divide(%17, %18)                 # EncryptedTensor<float64, shape=(1, 128, 28, 28)>
        %20 = 0.0                              # ClearScalar<float32>
        %21 = add(%19, %20)                    # EncryptedTensor<float64, shape=(1, 128, 28, 28)>
        %22 = 0.0                              # ClearScalar<float64>
        %23 = 15.0                             # ClearScalar<float64>
        %24 = clip(%21, %22, %23)              # EncryptedTensor<float64, shape=(1, 128, 28, 28)>
        %25 = rint(%24)                        # EncryptedTensor<float64, shape=(1, 128, 28, 28)>
        %26 = 0.0                              # ClearScalar<float32>
        %27 = subtract(%25, %26)               # EncryptedTensor<float64, shape=(1, 128, 28, 28)>
        %28 = 0.44168082                       # ClearScalar<float32>
        %29 = multiply(%27, %28)               # EncryptedTensor<float64, shape=(1, 128, 28, 28)>
        %30 = 0.44168081879615784              # ClearScalar<float64>
        %31 = divide(%29, %30)                 # EncryptedTensor<float64, shape=(1, 128, 28, 28)>
        %32 = 0                                # ClearScalar<uint1>
        %33 = add(%31, %32)                    # EncryptedTensor<float64, shape=(1, 128, 28, 28)>
        %34 = rint(%33)                        # EncryptedTensor<float64, shape=(1, 128, 28, 28)>
        %35 = 0                                # ClearScalar<uint1>
        %36 = 15                               # ClearScalar<uint4>
        %37 = clip(%34, %35, %36)              # EncryptedTensor<float64, shape=(1, 128, 28, 28)>
        %38 = astype(%37, dtype=int_)          # EncryptedTensor<uint1, shape=(1, 128, 28, 28)>
        return %38

    %134 = subgraph(%133):

         %0 = input                            # EncryptedTensor<uint1, shape=(1, 128, 28, 28)>          @ /trunk/trunk.9/C2/Conv.conv_rounding
         %1 = astype(%0, dtype=float64)        # EncryptedTensor<float64, shape=(1, 128, 28, 28)>
         %2 = 0                                # ClearScalar<uint1>
         %3 = add(%1, %2)                      # EncryptedTensor<float64, shape=(1, 128, 28, 28)>
         %4 = [[[[0]]  [ ... ]  [[0]]]]        # ClearTensor<uint1, shape=(1, 128, 1, 1)>
         %5 = subtract(%3, %4)                 # EncryptedTensor<float64, shape=(1, 128, 28, 28)>
         %6 = 0.013782041313672055             # ClearScalar<float64>
         %7 = multiply(%6, %5)                 # EncryptedTensor<float64, shape=(1, 128, 28, 28)>
         %8 = [[[[-0.942 ... 884057]]]]        # ClearTensor<float32, shape=(1, 128, 1, 1)>
         %9 = subtract(%7, %8)                 # EncryptedTensor<float64, shape=(1, 128, 28, 28)>
        %10 = [[[[2.4498 ... 13711 ]]]]        # ClearTensor<float32, shape=(1, 128, 1, 1)>
        %11 = divide(%9, %10)                  # EncryptedTensor<float64, shape=(1, 128, 28, 28)>
        %12 = [[[[0.9853 ... 6183  ]]]]        # ClearTensor<float32, shape=(1, 128, 1, 1)>
        %13 = multiply(%11, %12)               # EncryptedTensor<float64, shape=(1, 128, 28, 28)>
        %14 = [[[[-0.030 ... 860164]]]]        # ClearTensor<float32, shape=(1, 128, 1, 1)>
        %15 = add(%13, %14)                    # EncryptedTensor<float64, shape=(1, 128, 28, 28)>
        %16 = 0                                # ClearScalar<uint1>
        %17 = maximum(%15, %16)                # EncryptedTensor<float64, shape=(1, 128, 28, 28)>
        %18 = 0.4469815                        # ClearScalar<float32>
        %19 = divide(%17, %18)                 # EncryptedTensor<float64, shape=(1, 128, 28, 28)>
        %20 = 0.0                              # ClearScalar<float32>
        %21 = add(%19, %20)                    # EncryptedTensor<float64, shape=(1, 128, 28, 28)>
        %22 = 0.0                              # ClearScalar<float64>
        %23 = 15.0                             # ClearScalar<float64>
        %24 = clip(%21, %22, %23)              # EncryptedTensor<float64, shape=(1, 128, 28, 28)>
        %25 = rint(%24)                        # EncryptedTensor<float64, shape=(1, 128, 28, 28)>
        %26 = 0.0                              # ClearScalar<float32>
        %27 = subtract(%25, %26)               # EncryptedTensor<float64, shape=(1, 128, 28, 28)>
        %28 = 0.4469815                        # ClearScalar<float32>
        %29 = multiply(%27, %28)               # EncryptedTensor<float64, shape=(1, 128, 28, 28)>
        %30 = 0.4469814896583557               # ClearScalar<float64>
        %31 = divide(%29, %30)                 # EncryptedTensor<float64, shape=(1, 128, 28, 28)>
        %32 = 0                                # ClearScalar<uint1>
        %33 = add(%31, %32)                    # EncryptedTensor<float64, shape=(1, 128, 28, 28)>
        %34 = rint(%33)                        # EncryptedTensor<float64, shape=(1, 128, 28, 28)>
        %35 = 0                                # ClearScalar<uint1>
        %36 = 15                               # ClearScalar<uint4>
        %37 = clip(%34, %35, %36)              # EncryptedTensor<float64, shape=(1, 128, 28, 28)>
        %38 = astype(%37, dtype=int_)          # EncryptedTensor<uint1, shape=(1, 128, 28, 28)>
        return %38

    %138 = subgraph(%137):

         %0 = input                            # EncryptedTensor<uint1, shape=(1, 512, 28, 28)>          @ /trunk/trunk.9/C3/Conv.conv_rounding
         %1 = astype(%0, dtype=float64)        # EncryptedTensor<float64, shape=(1, 512, 28, 28)>
         %2 = 0                                # ClearScalar<uint1>
         %3 = add(%1, %2)                      # EncryptedTensor<float64, shape=(1, 512, 28, 28)>
         %4 = [[[[0]]  [ ... ]  [[0]]]]        # ClearTensor<uint1, shape=(1, 512, 1, 1)>
         %5 = subtract(%3, %4)                 # EncryptedTensor<float64, shape=(1, 512, 28, 28)>
         %6 = 0.017807711631345757             # ClearScalar<float64>
         %7 = multiply(%6, %5)                 # EncryptedTensor<float64, shape=(1, 512, 28, 28)>
         %8 = [[[[-1.576 ... 46e-02]]]]        # ClearTensor<float32, shape=(1, 512, 1, 1)>
         %9 = subtract(%7, %8)                 # EncryptedTensor<float64, shape=(1, 512, 28, 28)>
        %10 = [[[[0.5218 ... 18285 ]]]]        # ClearTensor<float32, shape=(1, 512, 1, 1)>
        %11 = divide(%9, %10)                  # EncryptedTensor<float64, shape=(1, 512, 28, 28)>
        %12 = [[[[0.9496 ... 29912 ]]]]        # ClearTensor<float32, shape=(1, 512, 1, 1)>
        %13 = multiply(%11, %12)               # EncryptedTensor<float64, shape=(1, 512, 28, 28)>
        %14 = [[[[-7.795 ... 35e-02]]]]        # ClearTensor<float32, shape=(1, 512, 1, 1)>
        %15 = add(%13, %14)                    # EncryptedTensor<float64, shape=(1, 512, 28, 28)>
        %16 = 0.9515901                        # ClearScalar<float32>
        %17 = divide(%15, %16)                 # EncryptedTensor<float64, shape=(1, 512, 28, 28)>
        %18 = 0.0                              # ClearScalar<float32>
        %19 = add(%17, %18)                    # EncryptedTensor<float64, shape=(1, 512, 28, 28)>
        %20 = -8.0                             # ClearScalar<float64>
        %21 = 7.0                              # ClearScalar<float64>
        %22 = clip(%19, %20, %21)              # EncryptedTensor<float64, shape=(1, 512, 28, 28)>
        %23 = rint(%22)                        # EncryptedTensor<float64, shape=(1, 512, 28, 28)>
        %24 = 0.0                              # ClearScalar<float32>
        %25 = subtract(%23, %24)               # EncryptedTensor<float64, shape=(1, 512, 28, 28)>
        %26 = 0.9515901                        # ClearScalar<float32>
        %27 = multiply(%25, %26)               # EncryptedTensor<float64, shape=(1, 512, 28, 28)>
        %28 = 0.9515901207923889               # ClearScalar<float64>
        %29 = divide(%27, %28)                 # EncryptedTensor<float64, shape=(1, 512, 28, 28)>
        %30 = 0                                # ClearScalar<uint1>
        %31 = add(%29, %30)                    # EncryptedTensor<float64, shape=(1, 512, 28, 28)>
        %32 = rint(%31)                        # EncryptedTensor<float64, shape=(1, 512, 28, 28)>
        %33 = -8                               # ClearScalar<int4>
        %34 = 7                                # ClearScalar<uint3>
        %35 = clip(%32, %33, %34)              # EncryptedTensor<float64, shape=(1, 512, 28, 28)>
        %36 = astype(%35, dtype=int_)          # EncryptedTensor<uint1, shape=(1, 512, 28, 28)>
        return %36

    %139 = subgraph(%138):

         %0 = input                         # EncryptedTensor<uint1, shape=(1, 512, 28, 28)>
         %1 = 0.0                           # ClearScalar<float64>
         %2 = subtract(%0, %1)              # EncryptedTensor<float64, shape=(1, 512, 28, 28)>
         %3 = 0.9515901207923889            # ClearScalar<float64>
         %4 = multiply(%3, %2)              # EncryptedTensor<float64, shape=(1, 512, 28, 28)>
         %5 = 1.5643228491147358            # ClearScalar<float64>
         %6 = divide(%4, %5)                # EncryptedTensor<float64, shape=(1, 512, 28, 28)>
         %7 = 0                             # ClearScalar<uint1>
         %8 = add(%6, %7)                   # EncryptedTensor<float64, shape=(1, 512, 28, 28)>
         %9 = rint(%8)                      # EncryptedTensor<float64, shape=(1, 512, 28, 28)>
        %10 = astype(%9, dtype=int_)        # EncryptedTensor<uint1, shape=(1, 512, 28, 28)>
        return %10

    %140 = subgraph(%122):

         %0 = input                         # EncryptedTensor<uint1, shape=(1, 512, 28, 28)>
         %1 = 0.0                           # ClearScalar<float64>
         %2 = subtract(%0, %1)              # EncryptedTensor<float64, shape=(1, 512, 28, 28)>
         %3 = 0.9299294352531433            # ClearScalar<float64>
         %4 = multiply(%3, %2)              # EncryptedTensor<float64, shape=(1, 512, 28, 28)>
         %5 = 1.5643228491147358            # ClearScalar<float64>
         %6 = divide(%4, %5)                # EncryptedTensor<float64, shape=(1, 512, 28, 28)>
         %7 = 0                             # ClearScalar<uint1>
         %8 = add(%6, %7)                   # EncryptedTensor<float64, shape=(1, 512, 28, 28)>
         %9 = rint(%8)                      # EncryptedTensor<float64, shape=(1, 512, 28, 28)>
        %10 = astype(%9, dtype=int_)        # EncryptedTensor<uint1, shape=(1, 512, 28, 28)>
        return %10

    %144 = subgraph(%143):

         %0 = input                          # EncryptedTensor<uint2, shape=(1, 512, 28, 28)>
         %1 = 0.0                            # ClearScalar<float64>
         %2 = subtract(%0, %1)               # EncryptedTensor<float64, shape=(1, 512, 28, 28)>
         %3 = 1.5643228491147358             # ClearScalar<float64>
         %4 = multiply(%3, %2)               # EncryptedTensor<float64, shape=(1, 512, 28, 28)>
         %5 = 0                              # ClearScalar<uint1>
         %6 = maximum(%4, %5)                # EncryptedTensor<float64, shape=(1, 512, 28, 28)>
         %7 = 1.1146734                      # ClearScalar<float32>
         %8 = divide(%6, %7)                 # EncryptedTensor<float64, shape=(1, 512, 28, 28)>
         %9 = 0.0                            # ClearScalar<float32>
        %10 = add(%8, %9)                    # EncryptedTensor<float64, shape=(1, 512, 28, 28)>
        %11 = 0.0                            # ClearScalar<float64>
        %12 = 15.0                           # ClearScalar<float64>
        %13 = clip(%10, %11, %12)            # EncryptedTensor<float64, shape=(1, 512, 28, 28)>
        %14 = rint(%13)                      # EncryptedTensor<float64, shape=(1, 512, 28, 28)>
        %15 = 0.0                            # ClearScalar<float32>
        %16 = subtract(%14, %15)             # EncryptedTensor<float64, shape=(1, 512, 28, 28)>
        %17 = 1.1146734                      # ClearScalar<float32>
        %18 = multiply(%16, %17)             # EncryptedTensor<float64, shape=(1, 512, 28, 28)>
        %19 = 1.114673376083374              # ClearScalar<float64>
        %20 = divide(%18, %19)               # EncryptedTensor<float64, shape=(1, 512, 28, 28)>
        %21 = 0                              # ClearScalar<uint1>
        %22 = add(%20, %21)                  # EncryptedTensor<float64, shape=(1, 512, 28, 28)>
        %23 = rint(%22)                      # EncryptedTensor<float64, shape=(1, 512, 28, 28)>
        %24 = 0                              # ClearScalar<uint1>
        %25 = 15                             # ClearScalar<uint4>
        %26 = clip(%23, %24, %25)            # EncryptedTensor<float64, shape=(1, 512, 28, 28)>
        %27 = astype(%26, dtype=int_)        # EncryptedTensor<uint1, shape=(1, 512, 28, 28)>
        return %27

    %148 = subgraph(%147):

         %0 = input                            # EncryptedTensor<uint1, shape=(1, 128, 28, 28)>          @ /trunk/trunk.10/C1/Conv.conv_rounding
         %1 = astype(%0, dtype=float64)        # EncryptedTensor<float64, shape=(1, 128, 28, 28)>
         %2 = 0                                # ClearScalar<uint1>
         %3 = add(%1, %2)                      # EncryptedTensor<float64, shape=(1, 128, 28, 28)>
         %4 = [[[[0]]  [ ... ]  [[0]]]]        # ClearTensor<uint1, shape=(1, 128, 1, 1)>
         %5 = subtract(%3, %4)                 # EncryptedTensor<float64, shape=(1, 128, 28, 28)>
         %6 = 0.0823253374672337               # ClearScalar<float64>
         %7 = multiply(%6, %5)                 # EncryptedTensor<float64, shape=(1, 128, 28, 28)>
         %8 = [[[[-1.910 ... 878354]]]]        # ClearTensor<float32, shape=(1, 128, 1, 1)>
         %9 = subtract(%7, %8)                 # EncryptedTensor<float64, shape=(1, 128, 28, 28)>
        %10 = [[[[5.5317 ... 14985 ]]]]        # ClearTensor<float32, shape=(1, 128, 1, 1)>
        %11 = divide(%9, %10)                  # EncryptedTensor<float64, shape=(1, 128, 28, 28)>
        %12 = [[[[0.9456 ... 080453]]]]        # ClearTensor<float32, shape=(1, 128, 1, 1)>
        %13 = multiply(%11, %12)               # EncryptedTensor<float64, shape=(1, 128, 28, 28)>
        %14 = [[[[ 0.001 ... 935288]]]]        # ClearTensor<float32, shape=(1, 128, 1, 1)>
        %15 = add(%13, %14)                    # EncryptedTensor<float64, shape=(1, 128, 28, 28)>
        %16 = 0                                # ClearScalar<uint1>
        %17 = maximum(%15, %16)                # EncryptedTensor<float64, shape=(1, 128, 28, 28)>
        %18 = 0.4133387                        # ClearScalar<float32>
        %19 = divide(%17, %18)                 # EncryptedTensor<float64, shape=(1, 128, 28, 28)>
        %20 = 0.0                              # ClearScalar<float32>
        %21 = add(%19, %20)                    # EncryptedTensor<float64, shape=(1, 128, 28, 28)>
        %22 = 0.0                              # ClearScalar<float64>
        %23 = 15.0                             # ClearScalar<float64>
        %24 = clip(%21, %22, %23)              # EncryptedTensor<float64, shape=(1, 128, 28, 28)>
        %25 = rint(%24)                        # EncryptedTensor<float64, shape=(1, 128, 28, 28)>
        %26 = 0.0                              # ClearScalar<float32>
        %27 = subtract(%25, %26)               # EncryptedTensor<float64, shape=(1, 128, 28, 28)>
        %28 = 0.4133387                        # ClearScalar<float32>
        %29 = multiply(%27, %28)               # EncryptedTensor<float64, shape=(1, 128, 28, 28)>
        %30 = 0.41333869099617004              # ClearScalar<float64>
        %31 = divide(%29, %30)                 # EncryptedTensor<float64, shape=(1, 128, 28, 28)>
        %32 = 0                                # ClearScalar<uint1>
        %33 = add(%31, %32)                    # EncryptedTensor<float64, shape=(1, 128, 28, 28)>
        %34 = rint(%33)                        # EncryptedTensor<float64, shape=(1, 128, 28, 28)>
        %35 = 0                                # ClearScalar<uint1>
        %36 = 15                               # ClearScalar<uint4>
        %37 = clip(%34, %35, %36)              # EncryptedTensor<float64, shape=(1, 128, 28, 28)>
        %38 = astype(%37, dtype=int_)          # EncryptedTensor<uint1, shape=(1, 128, 28, 28)>
        return %38

    %156 = subgraph(%155):

         %0 = input                            # EncryptedTensor<uint1, shape=(1, 128, 28, 28)>          @ /trunk/trunk.10/C2/Conv.conv_rounding
         %1 = astype(%0, dtype=float64)        # EncryptedTensor<float64, shape=(1, 128, 28, 28)>
         %2 = 0                                # ClearScalar<uint1>
         %3 = add(%1, %2)                      # EncryptedTensor<float64, shape=(1, 128, 28, 28)>
         %4 = [[[[0]]  [ ... ]  [[0]]]]        # ClearTensor<uint1, shape=(1, 128, 1, 1)>
         %5 = subtract(%3, %4)                 # EncryptedTensor<float64, shape=(1, 128, 28, 28)>
         %6 = 0.011281549459176421             # ClearScalar<float64>
         %7 = multiply(%6, %5)                 # EncryptedTensor<float64, shape=(1, 128, 28, 28)>
         %8 = [[[[ 1.679 ... 21e-01]]]]        # ClearTensor<float32, shape=(1, 128, 1, 1)>
         %9 = subtract(%7, %8)                 # EncryptedTensor<float64, shape=(1, 128, 28, 28)>
        %10 = [[[[1.4560 ... 32308 ]]]]        # ClearTensor<float32, shape=(1, 128, 1, 1)>
        %11 = divide(%9, %10)                  # EncryptedTensor<float64, shape=(1, 128, 28, 28)>
        %12 = [[[[0.9610 ... 69973 ]]]]        # ClearTensor<float32, shape=(1, 128, 1, 1)>
        %13 = multiply(%11, %12)               # EncryptedTensor<float64, shape=(1, 128, 28, 28)>
        %14 = [[[[-0.001 ... 973703]]]]        # ClearTensor<float32, shape=(1, 128, 1, 1)>
        %15 = add(%13, %14)                    # EncryptedTensor<float64, shape=(1, 128, 28, 28)>
        %16 = 0                                # ClearScalar<uint1>
        %17 = maximum(%15, %16)                # EncryptedTensor<float64, shape=(1, 128, 28, 28)>
        %18 = 0.44755733                       # ClearScalar<float32>
        %19 = divide(%17, %18)                 # EncryptedTensor<float64, shape=(1, 128, 28, 28)>
        %20 = 0.0                              # ClearScalar<float32>
        %21 = add(%19, %20)                    # EncryptedTensor<float64, shape=(1, 128, 28, 28)>
        %22 = 0.0                              # ClearScalar<float64>
        %23 = 15.0                             # ClearScalar<float64>
        %24 = clip(%21, %22, %23)              # EncryptedTensor<float64, shape=(1, 128, 28, 28)>
        %25 = rint(%24)                        # EncryptedTensor<float64, shape=(1, 128, 28, 28)>
        %26 = 0.0                              # ClearScalar<float32>
        %27 = subtract(%25, %26)               # EncryptedTensor<float64, shape=(1, 128, 28, 28)>
        %28 = 0.44755733                       # ClearScalar<float32>
        %29 = multiply(%27, %28)               # EncryptedTensor<float64, shape=(1, 128, 28, 28)>
        %30 = 0.44755733013153076              # ClearScalar<float64>
        %31 = divide(%29, %30)                 # EncryptedTensor<float64, shape=(1, 128, 28, 28)>
        %32 = 0                                # ClearScalar<uint1>
        %33 = add(%31, %32)                    # EncryptedTensor<float64, shape=(1, 128, 28, 28)>
        %34 = rint(%33)                        # EncryptedTensor<float64, shape=(1, 128, 28, 28)>
        %35 = 0                                # ClearScalar<uint1>
        %36 = 15                               # ClearScalar<uint4>
        %37 = clip(%34, %35, %36)              # EncryptedTensor<float64, shape=(1, 128, 28, 28)>
        %38 = astype(%37, dtype=int_)          # EncryptedTensor<uint1, shape=(1, 128, 28, 28)>
        return %38

    %160 = subgraph(%159):

         %0 = input                            # EncryptedTensor<uint1, shape=(1, 512, 28, 28)>          @ /trunk/trunk.10/C3/Conv.conv_rounding
         %1 = astype(%0, dtype=float64)        # EncryptedTensor<float64, shape=(1, 512, 28, 28)>
         %2 = 0                                # ClearScalar<uint1>
         %3 = add(%1, %2)                      # EncryptedTensor<float64, shape=(1, 512, 28, 28)>
         %4 = [[[[0]]  [ ... ]  [[0]]]]        # ClearTensor<uint1, shape=(1, 512, 1, 1)>
         %5 = subtract(%3, %4)                 # EncryptedTensor<float64, shape=(1, 512, 28, 28)>
         %6 = 0.01640892090234436              # ClearScalar<float64>
         %7 = multiply(%6, %5)                 # EncryptedTensor<float64, shape=(1, 512, 28, 28)>
         %8 = [[[[-4.027 ... 01e-01]]]]        # ClearTensor<float32, shape=(1, 512, 1, 1)>
         %9 = subtract(%7, %8)                 # EncryptedTensor<float64, shape=(1, 512, 28, 28)>
        %10 = [[[[0.4848 ... 342834]]]]        # ClearTensor<float32, shape=(1, 512, 1, 1)>
        %11 = divide(%9, %10)                  # EncryptedTensor<float64, shape=(1, 512, 28, 28)>
        %12 = [[[[0.9518 ... 127893]]]]        # ClearTensor<float32, shape=(1, 512, 1, 1)>
        %13 = multiply(%11, %12)               # EncryptedTensor<float64, shape=(1, 512, 28, 28)>
        %14 = [[[[-4.166 ... 16e-02]]]]        # ClearTensor<float32, shape=(1, 512, 1, 1)>
        %15 = add(%13, %14)                    # EncryptedTensor<float64, shape=(1, 512, 28, 28)>
        %16 = 0.9194087                        # ClearScalar<float32>
        %17 = divide(%15, %16)                 # EncryptedTensor<float64, shape=(1, 512, 28, 28)>
        %18 = 0.0                              # ClearScalar<float32>
        %19 = add(%17, %18)                    # EncryptedTensor<float64, shape=(1, 512, 28, 28)>
        %20 = -8.0                             # ClearScalar<float64>
        %21 = 7.0                              # ClearScalar<float64>
        %22 = clip(%19, %20, %21)              # EncryptedTensor<float64, shape=(1, 512, 28, 28)>
        %23 = rint(%22)                        # EncryptedTensor<float64, shape=(1, 512, 28, 28)>
        %24 = 0.0                              # ClearScalar<float32>
        %25 = subtract(%23, %24)               # EncryptedTensor<float64, shape=(1, 512, 28, 28)>
        %26 = 0.9194087                        # ClearScalar<float32>
        %27 = multiply(%25, %26)               # EncryptedTensor<float64, shape=(1, 512, 28, 28)>
        %28 = 0.9194086790084839               # ClearScalar<float64>
        %29 = divide(%27, %28)                 # EncryptedTensor<float64, shape=(1, 512, 28, 28)>
        %30 = 0                                # ClearScalar<uint1>
        %31 = add(%29, %30)                    # EncryptedTensor<float64, shape=(1, 512, 28, 28)>
        %32 = rint(%31)                        # EncryptedTensor<float64, shape=(1, 512, 28, 28)>
        %33 = -8                               # ClearScalar<int4>
        %34 = 7                                # ClearScalar<uint3>
        %35 = clip(%32, %33, %34)              # EncryptedTensor<float64, shape=(1, 512, 28, 28)>
        %36 = astype(%35, dtype=int_)          # EncryptedTensor<uint1, shape=(1, 512, 28, 28)>
        return %36

    %161 = subgraph(%160):

         %0 = input                         # EncryptedTensor<uint1, shape=(1, 512, 28, 28)>
         %1 = 0.0                           # ClearScalar<float64>
         %2 = subtract(%0, %1)              # EncryptedTensor<float64, shape=(1, 512, 28, 28)>
         %3 = 0.9194086790084839            # ClearScalar<float64>
         %4 = multiply(%3, %2)              # EncryptedTensor<float64, shape=(1, 512, 28, 28)>
         %5 = 1.7276124954223633            # ClearScalar<float64>
         %6 = divide(%4, %5)                # EncryptedTensor<float64, shape=(1, 512, 28, 28)>
         %7 = 0                             # ClearScalar<uint1>
         %8 = add(%6, %7)                   # EncryptedTensor<float64, shape=(1, 512, 28, 28)>
         %9 = rint(%8)                      # EncryptedTensor<float64, shape=(1, 512, 28, 28)>
        %10 = astype(%9, dtype=int_)        # EncryptedTensor<uint1, shape=(1, 512, 28, 28)>
        return %10

    %162 = subgraph(%144):

         %0 = input                         # EncryptedTensor<uint1, shape=(1, 512, 28, 28)>
         %1 = 0.0                           # ClearScalar<float64>
         %2 = subtract(%0, %1)              # EncryptedTensor<float64, shape=(1, 512, 28, 28)>
         %3 = 1.114673376083374             # ClearScalar<float64>
         %4 = multiply(%3, %2)              # EncryptedTensor<float64, shape=(1, 512, 28, 28)>
         %5 = 1.7276124954223633            # ClearScalar<float64>
         %6 = divide(%4, %5)                # EncryptedTensor<float64, shape=(1, 512, 28, 28)>
         %7 = 0                             # ClearScalar<uint1>
         %8 = add(%6, %7)                   # EncryptedTensor<float64, shape=(1, 512, 28, 28)>
         %9 = rint(%8)                      # EncryptedTensor<float64, shape=(1, 512, 28, 28)>
        %10 = astype(%9, dtype=int_)        # EncryptedTensor<uint1, shape=(1, 512, 28, 28)>
        return %10

    %166 = subgraph(%165):

         %0 = input                          # EncryptedTensor<uint2, shape=(1, 512, 28, 28)>
         %1 = 0.0                            # ClearScalar<float64>
         %2 = subtract(%0, %1)               # EncryptedTensor<float64, shape=(1, 512, 28, 28)>
         %3 = 1.7276124954223633             # ClearScalar<float64>
         %4 = multiply(%3, %2)               # EncryptedTensor<float64, shape=(1, 512, 28, 28)>
         %5 = 0                              # ClearScalar<uint1>
         %6 = maximum(%4, %5)                # EncryptedTensor<float64, shape=(1, 512, 28, 28)>
         %7 = 1.2442391                      # ClearScalar<float32>
         %8 = divide(%6, %7)                 # EncryptedTensor<float64, shape=(1, 512, 28, 28)>
         %9 = 0.0                            # ClearScalar<float32>
        %10 = add(%8, %9)                    # EncryptedTensor<float64, shape=(1, 512, 28, 28)>
        %11 = 0.0                            # ClearScalar<float64>
        %12 = 15.0                           # ClearScalar<float64>
        %13 = clip(%10, %11, %12)            # EncryptedTensor<float64, shape=(1, 512, 28, 28)>
        %14 = rint(%13)                      # EncryptedTensor<float64, shape=(1, 512, 28, 28)>
        %15 = 0.0                            # ClearScalar<float32>
        %16 = subtract(%14, %15)             # EncryptedTensor<float64, shape=(1, 512, 28, 28)>
        %17 = 1.2442391                      # ClearScalar<float32>
        %18 = multiply(%16, %17)             # EncryptedTensor<float64, shape=(1, 512, 28, 28)>
        %19 = 1.244239091873169              # ClearScalar<float64>
        %20 = divide(%18, %19)               # EncryptedTensor<float64, shape=(1, 512, 28, 28)>
        %21 = 0                              # ClearScalar<uint1>
        %22 = add(%20, %21)                  # EncryptedTensor<float64, shape=(1, 512, 28, 28)>
        %23 = rint(%22)                      # EncryptedTensor<float64, shape=(1, 512, 28, 28)>
        %24 = 0                              # ClearScalar<uint1>
        %25 = 15                             # ClearScalar<uint4>
        %26 = clip(%23, %24, %25)            # EncryptedTensor<float64, shape=(1, 512, 28, 28)>
        %27 = astype(%26, dtype=int_)        # EncryptedTensor<uint1, shape=(1, 512, 28, 28)>
        return %27

    %170 = subgraph(%169):

         %0 = input                            # EncryptedTensor<uint1, shape=(1, 256, 28, 28)>          @ /trunk/trunk.11/C1/Conv.conv_rounding
         %1 = astype(%0, dtype=float64)        # EncryptedTensor<float64, shape=(1, 256, 28, 28)>
         %2 = 0                                # ClearScalar<uint1>
         %3 = add(%1, %2)                      # EncryptedTensor<float64, shape=(1, 256, 28, 28)>
         %4 = [[[[0]]  [ ... ]  [[0]]]]        # ClearTensor<uint1, shape=(1, 256, 1, 1)>
         %5 = subtract(%3, %4)                 # EncryptedTensor<float64, shape=(1, 256, 28, 28)>
         %6 = 0.07035699725515165              # ClearScalar<float64>
         %7 = multiply(%6, %5)                 # EncryptedTensor<float64, shape=(1, 256, 28, 28)>
         %8 = [[[[ 1.150 ... 11e+00]]]]        # ClearTensor<float32, shape=(1, 256, 1, 1)>
         %9 = subtract(%7, %8)                 # EncryptedTensor<float64, shape=(1, 256, 28, 28)>
        %10 = [[[[3.1121 ... 675484]]]]        # ClearTensor<float32, shape=(1, 256, 1, 1)>
        %11 = divide(%9, %10)                  # EncryptedTensor<float64, shape=(1, 256, 28, 28)>
        %12 = [[[[0.9032 ... 08973 ]]]]        # ClearTensor<float32, shape=(1, 256, 1, 1)>
        %13 = multiply(%11, %12)               # EncryptedTensor<float64, shape=(1, 256, 28, 28)>
        %14 = [[[[ 4.467 ... 32e-02]]]]        # ClearTensor<float32, shape=(1, 256, 1, 1)>
        %15 = add(%13, %14)                    # EncryptedTensor<float64, shape=(1, 256, 28, 28)>
        %16 = 0                                # ClearScalar<uint1>
        %17 = maximum(%15, %16)                # EncryptedTensor<float64, shape=(1, 256, 28, 28)>
        %18 = 0.42316157                       # ClearScalar<float32>
        %19 = divide(%17, %18)                 # EncryptedTensor<float64, shape=(1, 256, 28, 28)>
        %20 = 0.0                              # ClearScalar<float32>
        %21 = add(%19, %20)                    # EncryptedTensor<float64, shape=(1, 256, 28, 28)>
        %22 = 0.0                              # ClearScalar<float64>
        %23 = 15.0                             # ClearScalar<float64>
        %24 = clip(%21, %22, %23)              # EncryptedTensor<float64, shape=(1, 256, 28, 28)>
        %25 = rint(%24)                        # EncryptedTensor<float64, shape=(1, 256, 28, 28)>
        %26 = 0.0                              # ClearScalar<float32>
        %27 = subtract(%25, %26)               # EncryptedTensor<float64, shape=(1, 256, 28, 28)>
        %28 = 0.42316157                       # ClearScalar<float32>
        %29 = multiply(%27, %28)               # EncryptedTensor<float64, shape=(1, 256, 28, 28)>
        %30 = 0.4231615662574768               # ClearScalar<float64>
        %31 = divide(%29, %30)                 # EncryptedTensor<float64, shape=(1, 256, 28, 28)>
        %32 = 0                                # ClearScalar<uint1>
        %33 = add(%31, %32)                    # EncryptedTensor<float64, shape=(1, 256, 28, 28)>
        %34 = rint(%33)                        # EncryptedTensor<float64, shape=(1, 256, 28, 28)>
        %35 = 0                                # ClearScalar<uint1>
        %36 = 15                               # ClearScalar<uint4>
        %37 = clip(%34, %35, %36)              # EncryptedTensor<float64, shape=(1, 256, 28, 28)>
        %38 = astype(%37, dtype=int_)          # EncryptedTensor<uint1, shape=(1, 256, 28, 28)>
        return %38

    %178 = subgraph(%177):

         %0 = input                            # EncryptedTensor<uint1, shape=(1, 256, 14, 14)>          @ /trunk/trunk.11/C2/Conv.conv_rounding
         %1 = astype(%0, dtype=float64)        # EncryptedTensor<float64, shape=(1, 256, 14, 14)>
         %2 = 0                                # ClearScalar<uint1>
         %3 = add(%1, %2)                      # EncryptedTensor<float64, shape=(1, 256, 14, 14)>
         %4 = [[[[0]]  [ ... ]  [[0]]]]        # ClearTensor<uint1, shape=(1, 256, 1, 1)>
         %5 = subtract(%3, %4)                 # EncryptedTensor<float64, shape=(1, 256, 14, 14)>
         %6 = 0.007807053982038625             # ClearScalar<float64>
         %7 = multiply(%6, %5)                 # EncryptedTensor<float64, shape=(1, 256, 14, 14)>
         %8 = [[[[-2.006 ... 30e-03]]]]        # ClearTensor<float32, shape=(1, 256, 1, 1)>
         %9 = subtract(%7, %8)                 # EncryptedTensor<float64, shape=(1, 256, 14, 14)>
        %10 = [[[[1.6450 ... 939136]]]]        # ClearTensor<float32, shape=(1, 256, 1, 1)>
        %11 = divide(%9, %10)                  # EncryptedTensor<float64, shape=(1, 256, 14, 14)>
        %12 = [[[[0.8861 ... 624685]]]]        # ClearTensor<float32, shape=(1, 256, 1, 1)>
        %13 = multiply(%11, %12)               # EncryptedTensor<float64, shape=(1, 256, 14, 14)>
        %14 = [[[[-7.863 ... 28e-02]]]]        # ClearTensor<float32, shape=(1, 256, 1, 1)>
        %15 = add(%13, %14)                    # EncryptedTensor<float64, shape=(1, 256, 14, 14)>
        %16 = 0                                # ClearScalar<uint1>
        %17 = maximum(%15, %16)                # EncryptedTensor<float64, shape=(1, 256, 14, 14)>
        %18 = 0.47377127                       # ClearScalar<float32>
        %19 = divide(%17, %18)                 # EncryptedTensor<float64, shape=(1, 256, 14, 14)>
        %20 = 0.0                              # ClearScalar<float32>
        %21 = add(%19, %20)                    # EncryptedTensor<float64, shape=(1, 256, 14, 14)>
        %22 = 0.0                              # ClearScalar<float64>
        %23 = 15.0                             # ClearScalar<float64>
        %24 = clip(%21, %22, %23)              # EncryptedTensor<float64, shape=(1, 256, 14, 14)>
        %25 = rint(%24)                        # EncryptedTensor<float64, shape=(1, 256, 14, 14)>
        %26 = 0.0                              # ClearScalar<float32>
        %27 = subtract(%25, %26)               # EncryptedTensor<float64, shape=(1, 256, 14, 14)>
        %28 = 0.47377127                       # ClearScalar<float32>
        %29 = multiply(%27, %28)               # EncryptedTensor<float64, shape=(1, 256, 14, 14)>
        %30 = 0.47377127408981323              # ClearScalar<float64>
        %31 = divide(%29, %30)                 # EncryptedTensor<float64, shape=(1, 256, 14, 14)>
        %32 = 0                                # ClearScalar<uint1>
        %33 = add(%31, %32)                    # EncryptedTensor<float64, shape=(1, 256, 14, 14)>
        %34 = rint(%33)                        # EncryptedTensor<float64, shape=(1, 256, 14, 14)>
        %35 = 0                                # ClearScalar<uint1>
        %36 = 15                               # ClearScalar<uint4>
        %37 = clip(%34, %35, %36)              # EncryptedTensor<float64, shape=(1, 256, 14, 14)>
        %38 = astype(%37, dtype=int_)          # EncryptedTensor<uint1, shape=(1, 256, 14, 14)>
        return %38

    %182 = subgraph(%181):

         %0 = input                            # EncryptedTensor<uint1, shape=(1, 1024, 14, 14)>          @ /trunk/trunk.11/C3/Conv.conv_rounding
         %1 = astype(%0, dtype=float64)        # EncryptedTensor<float64, shape=(1, 1024, 14, 14)>
         %2 = 0                                # ClearScalar<uint1>
         %3 = add(%1, %2)                      # EncryptedTensor<float64, shape=(1, 1024, 14, 14)>
         %4 = [[[[0]]  [ ... ]  [[0]]]]        # ClearTensor<uint1, shape=(1, 1024, 1, 1)>
         %5 = subtract(%3, %4)                 # EncryptedTensor<float64, shape=(1, 1024, 14, 14)>
         %6 = 0.01401640407123017              # ClearScalar<float64>
         %7 = multiply(%6, %5)                 # EncryptedTensor<float64, shape=(1, 1024, 14, 14)>
         %8 = [[[[-0.791 ... 262242]]]]        # ClearTensor<float32, shape=(1, 1024, 1, 1)>
         %9 = subtract(%7, %8)                 # EncryptedTensor<float64, shape=(1, 1024, 14, 14)>
        %10 = [[[[0.8057 ... 503027]]]]        # ClearTensor<float32, shape=(1, 1024, 1, 1)>
        %11 = divide(%9, %10)                  # EncryptedTensor<float64, shape=(1, 1024, 14, 14)>
        %12 = [[[[0.8497 ... 8399  ]]]]        # ClearTensor<float32, shape=(1, 1024, 1, 1)>
        %13 = multiply(%11, %12)               # EncryptedTensor<float64, shape=(1, 1024, 14, 14)>
        %14 = [[[[ 0.019 ... 173742]]]]        # ClearTensor<float32, shape=(1, 1024, 1, 1)>
        %15 = add(%13, %14)                    # EncryptedTensor<float64, shape=(1, 1024, 14, 14)>
        %16 = 0.99541444                       # ClearScalar<float32>
        %17 = divide(%15, %16)                 # EncryptedTensor<float64, shape=(1, 1024, 14, 14)>
        %18 = 0.0                              # ClearScalar<float32>
        %19 = add(%17, %18)                    # EncryptedTensor<float64, shape=(1, 1024, 14, 14)>
        %20 = -8.0                             # ClearScalar<float64>
        %21 = 7.0                              # ClearScalar<float64>
        %22 = clip(%19, %20, %21)              # EncryptedTensor<float64, shape=(1, 1024, 14, 14)>
        %23 = rint(%22)                        # EncryptedTensor<float64, shape=(1, 1024, 14, 14)>
        %24 = 0.0                              # ClearScalar<float32>
        %25 = subtract(%23, %24)               # EncryptedTensor<float64, shape=(1, 1024, 14, 14)>
        %26 = 0.99541444                       # ClearScalar<float32>
        %27 = multiply(%25, %26)               # EncryptedTensor<float64, shape=(1, 1024, 14, 14)>
        %28 = 0.9954144358634949               # ClearScalar<float64>
        %29 = divide(%27, %28)                 # EncryptedTensor<float64, shape=(1, 1024, 14, 14)>
        %30 = 0                                # ClearScalar<uint1>
        %31 = add(%29, %30)                    # EncryptedTensor<float64, shape=(1, 1024, 14, 14)>
        %32 = rint(%31)                        # EncryptedTensor<float64, shape=(1, 1024, 14, 14)>
        %33 = -8                               # ClearScalar<int4>
        %34 = 7                                # ClearScalar<uint3>
        %35 = clip(%32, %33, %34)              # EncryptedTensor<float64, shape=(1, 1024, 14, 14)>
        %36 = astype(%35, dtype=int_)          # EncryptedTensor<uint1, shape=(1, 1024, 14, 14)>
        return %36

    %186 = subgraph(%185):

         %0 = input                            # EncryptedTensor<uint1, shape=(1, 1024, 14, 14)>          @ /trunk/trunk.11/shortcut/Conv.conv_rounding
         %1 = astype(%0, dtype=float64)        # EncryptedTensor<float64, shape=(1, 1024, 14, 14)>
         %2 = 0                                # ClearScalar<uint1>
         %3 = add(%1, %2)                      # EncryptedTensor<float64, shape=(1, 1024, 14, 14)>
         %4 = [[[[0]]  [ ... ]  [[0]]]]        # ClearTensor<uint1, shape=(1, 1024, 1, 1)>
         %5 = subtract(%3, %4)                 # EncryptedTensor<float64, shape=(1, 1024, 14, 14)>
         %6 = 0.03552227856760748              # ClearScalar<float64>
         %7 = multiply(%6, %5)                 # EncryptedTensor<float64, shape=(1, 1024, 14, 14)>
         %8 = [[[[ 0.926 ... 60311 ]]]]        # ClearTensor<float32, shape=(1, 1024, 1, 1)>
         %9 = subtract(%7, %8)                 # EncryptedTensor<float64, shape=(1, 1024, 14, 14)>
        %10 = [[[[2.9020 ... 193195]]]]        # ClearTensor<float32, shape=(1, 1024, 1, 1)>
        %11 = divide(%9, %10)                  # EncryptedTensor<float64, shape=(1, 1024, 14, 14)>
        %12 = [[[[0.9455 ... 8518  ]]]]        # ClearTensor<float32, shape=(1, 1024, 1, 1)>
        %13 = multiply(%11, %12)               # EncryptedTensor<float64, shape=(1, 1024, 14, 14)>
        %14 = [[[[ 0.019 ... 200806]]]]        # ClearTensor<float32, shape=(1, 1024, 1, 1)>
        %15 = add(%13, %14)                    # EncryptedTensor<float64, shape=(1, 1024, 14, 14)>
        %16 = 0.8297937                        # ClearScalar<float32>
        %17 = divide(%15, %16)                 # EncryptedTensor<float64, shape=(1, 1024, 14, 14)>
        %18 = 0.0                              # ClearScalar<float32>
        %19 = add(%17, %18)                    # EncryptedTensor<float64, shape=(1, 1024, 14, 14)>
        %20 = -8.0                             # ClearScalar<float64>
        %21 = 7.0                              # ClearScalar<float64>
        %22 = clip(%19, %20, %21)              # EncryptedTensor<float64, shape=(1, 1024, 14, 14)>
        %23 = rint(%22)                        # EncryptedTensor<float64, shape=(1, 1024, 14, 14)>
        %24 = 0.0                              # ClearScalar<float32>
        %25 = subtract(%23, %24)               # EncryptedTensor<float64, shape=(1, 1024, 14, 14)>
        %26 = 0.8297937                        # ClearScalar<float32>
        %27 = multiply(%25, %26)               # EncryptedTensor<float64, shape=(1, 1024, 14, 14)>
        %28 = 0.8297936916351318               # ClearScalar<float64>
        %29 = divide(%27, %28)                 # EncryptedTensor<float64, shape=(1, 1024, 14, 14)>
        %30 = 0                                # ClearScalar<uint1>
        %31 = add(%29, %30)                    # EncryptedTensor<float64, shape=(1, 1024, 14, 14)>
        %32 = rint(%31)                        # EncryptedTensor<float64, shape=(1, 1024, 14, 14)>
        %33 = -8                               # ClearScalar<int4>
        %34 = 7                                # ClearScalar<uint3>
        %35 = clip(%32, %33, %34)              # EncryptedTensor<float64, shape=(1, 1024, 14, 14)>
        %36 = astype(%35, dtype=int_)          # EncryptedTensor<uint1, shape=(1, 1024, 14, 14)>
        return %36

    %187 = subgraph(%182):

         %0 = input                         # EncryptedTensor<uint1, shape=(1, 1024, 14, 14)>
         %1 = 0.0                           # ClearScalar<float64>
         %2 = subtract(%0, %1)              # EncryptedTensor<float64, shape=(1, 1024, 14, 14)>
         %3 = 0.9954144358634949            # ClearScalar<float64>
         %4 = multiply(%3, %2)              # EncryptedTensor<float64, shape=(1, 1024, 14, 14)>
         %5 = 1.2168054183324177            # ClearScalar<float64>
         %6 = divide(%4, %5)                # EncryptedTensor<float64, shape=(1, 1024, 14, 14)>
         %7 = 0                             # ClearScalar<uint1>
         %8 = add(%6, %7)                   # EncryptedTensor<float64, shape=(1, 1024, 14, 14)>
         %9 = rint(%8)                      # EncryptedTensor<float64, shape=(1, 1024, 14, 14)>
        %10 = astype(%9, dtype=int_)        # EncryptedTensor<uint1, shape=(1, 1024, 14, 14)>
        return %10

    %188 = subgraph(%186):

         %0 = input                         # EncryptedTensor<uint1, shape=(1, 1024, 14, 14)>
         %1 = 0.0                           # ClearScalar<float64>
         %2 = subtract(%0, %1)              # EncryptedTensor<float64, shape=(1, 1024, 14, 14)>
         %3 = 0.8297936916351318            # ClearScalar<float64>
         %4 = multiply(%3, %2)              # EncryptedTensor<float64, shape=(1, 1024, 14, 14)>
         %5 = 1.2168054183324177            # ClearScalar<float64>
         %6 = divide(%4, %5)                # EncryptedTensor<float64, shape=(1, 1024, 14, 14)>
         %7 = 0                             # ClearScalar<uint1>
         %8 = add(%6, %7)                   # EncryptedTensor<float64, shape=(1, 1024, 14, 14)>
         %9 = rint(%8)                      # EncryptedTensor<float64, shape=(1, 1024, 14, 14)>
        %10 = astype(%9, dtype=int_)        # EncryptedTensor<uint1, shape=(1, 1024, 14, 14)>
        return %10

    %192 = subgraph(%191):

         %0 = input                          # EncryptedTensor<uint2, shape=(1, 1024, 14, 14)>
         %1 = 0.0                            # ClearScalar<float64>
         %2 = subtract(%0, %1)               # EncryptedTensor<float64, shape=(1, 1024, 14, 14)>
         %3 = 1.2168054183324177             # ClearScalar<float64>
         %4 = multiply(%3, %2)               # EncryptedTensor<float64, shape=(1, 1024, 14, 14)>
         %5 = 0                              # ClearScalar<uint1>
         %6 = maximum(%4, %5)                # EncryptedTensor<float64, shape=(1, 1024, 14, 14)>
         %7 = 0.7911163                      # ClearScalar<float32>
         %8 = divide(%6, %7)                 # EncryptedTensor<float64, shape=(1, 1024, 14, 14)>
         %9 = 0.0                            # ClearScalar<float32>
        %10 = add(%8, %9)                    # EncryptedTensor<float64, shape=(1, 1024, 14, 14)>
        %11 = 0.0                            # ClearScalar<float64>
        %12 = 15.0                           # ClearScalar<float64>
        %13 = clip(%10, %11, %12)            # EncryptedTensor<float64, shape=(1, 1024, 14, 14)>
        %14 = rint(%13)                      # EncryptedTensor<float64, shape=(1, 1024, 14, 14)>
        %15 = 0.0                            # ClearScalar<float32>
        %16 = subtract(%14, %15)             # EncryptedTensor<float64, shape=(1, 1024, 14, 14)>
        %17 = 0.7911163                      # ClearScalar<float32>
        %18 = multiply(%16, %17)             # EncryptedTensor<float64, shape=(1, 1024, 14, 14)>
        %19 = 0.7911162972450256             # ClearScalar<float64>
        %20 = divide(%18, %19)               # EncryptedTensor<float64, shape=(1, 1024, 14, 14)>
        %21 = 0                              # ClearScalar<uint1>
        %22 = add(%20, %21)                  # EncryptedTensor<float64, shape=(1, 1024, 14, 14)>
        %23 = rint(%22)                      # EncryptedTensor<float64, shape=(1, 1024, 14, 14)>
        %24 = 0                              # ClearScalar<uint1>
        %25 = 15                             # ClearScalar<uint4>
        %26 = clip(%23, %24, %25)            # EncryptedTensor<float64, shape=(1, 1024, 14, 14)>
        %27 = astype(%26, dtype=int_)        # EncryptedTensor<uint1, shape=(1, 1024, 14, 14)>
        return %27

    %196 = subgraph(%195):

         %0 = input                            # EncryptedTensor<uint1, shape=(1, 256, 14, 14)>          @ /trunk/trunk.12/C1/Conv.conv_rounding
         %1 = astype(%0, dtype=float64)        # EncryptedTensor<float64, shape=(1, 256, 14, 14)>
         %2 = 0                                # ClearScalar<uint1>
         %3 = add(%1, %2)                      # EncryptedTensor<float64, shape=(1, 256, 14, 14)>
         %4 = [[[[0]]  [ ... ]  [[0]]]]        # ClearTensor<uint1, shape=(1, 256, 1, 1)>
         %5 = subtract(%3, %4)                 # EncryptedTensor<float64, shape=(1, 256, 14, 14)>
         %6 = 0.04323009769756814              # ClearScalar<float64>
         %7 = multiply(%6, %5)                 # EncryptedTensor<float64, shape=(1, 256, 14, 14)>
         %8 = [[[[ 2.497 ... 49e+00]]]]        # ClearTensor<float32, shape=(1, 256, 1, 1)>
         %9 = subtract(%7, %8)                 # EncryptedTensor<float64, shape=(1, 256, 14, 14)>
        %10 = [[[[3.4108 ... 186428]]]]        # ClearTensor<float32, shape=(1, 256, 1, 1)>
        %11 = divide(%9, %10)                  # EncryptedTensor<float64, shape=(1, 256, 14, 14)>
        %12 = [[[[0.9028 ... 377367]]]]        # ClearTensor<float32, shape=(1, 256, 1, 1)>
        %13 = multiply(%11, %12)               # EncryptedTensor<float64, shape=(1, 256, 14, 14)>
        %14 = [[[[ 0.031 ... 074784]]]]        # ClearTensor<float32, shape=(1, 256, 1, 1)>
        %15 = add(%13, %14)                    # EncryptedTensor<float64, shape=(1, 256, 14, 14)>
        %16 = 0                                # ClearScalar<uint1>
        %17 = maximum(%15, %16)                # EncryptedTensor<float64, shape=(1, 256, 14, 14)>
        %18 = 0.5059603                        # ClearScalar<float32>
        %19 = divide(%17, %18)                 # EncryptedTensor<float64, shape=(1, 256, 14, 14)>
        %20 = 0.0                              # ClearScalar<float32>
        %21 = add(%19, %20)                    # EncryptedTensor<float64, shape=(1, 256, 14, 14)>
        %22 = 0.0                              # ClearScalar<float64>
        %23 = 15.0                             # ClearScalar<float64>
        %24 = clip(%21, %22, %23)              # EncryptedTensor<float64, shape=(1, 256, 14, 14)>
        %25 = rint(%24)                        # EncryptedTensor<float64, shape=(1, 256, 14, 14)>
        %26 = 0.0                              # ClearScalar<float32>
        %27 = subtract(%25, %26)               # EncryptedTensor<float64, shape=(1, 256, 14, 14)>
        %28 = 0.5059603                        # ClearScalar<float32>
        %29 = multiply(%27, %28)               # EncryptedTensor<float64, shape=(1, 256, 14, 14)>
        %30 = 0.5059602856636047               # ClearScalar<float64>
        %31 = divide(%29, %30)                 # EncryptedTensor<float64, shape=(1, 256, 14, 14)>
        %32 = 0                                # ClearScalar<uint1>
        %33 = add(%31, %32)                    # EncryptedTensor<float64, shape=(1, 256, 14, 14)>
        %34 = rint(%33)                        # EncryptedTensor<float64, shape=(1, 256, 14, 14)>
        %35 = 0                                # ClearScalar<uint1>
        %36 = 15                               # ClearScalar<uint4>
        %37 = clip(%34, %35, %36)              # EncryptedTensor<float64, shape=(1, 256, 14, 14)>
        %38 = astype(%37, dtype=int_)          # EncryptedTensor<uint1, shape=(1, 256, 14, 14)>
        return %38

    %204 = subgraph(%203):

         %0 = input                            # EncryptedTensor<uint1, shape=(1, 256, 14, 14)>          @ /trunk/trunk.12/C2/Conv.conv_rounding
         %1 = astype(%0, dtype=float64)        # EncryptedTensor<float64, shape=(1, 256, 14, 14)>
         %2 = 0                                # ClearScalar<uint1>
         %3 = add(%1, %2)                      # EncryptedTensor<float64, shape=(1, 256, 14, 14)>
         %4 = [[[[0]]  [ ... ]  [[0]]]]        # ClearTensor<uint1, shape=(1, 256, 1, 1)>
         %5 = subtract(%3, %4)                 # EncryptedTensor<float64, shape=(1, 256, 14, 14)>
         %6 = 0.010400375943401263             # ClearScalar<float64>
         %7 = multiply(%6, %5)                 # EncryptedTensor<float64, shape=(1, 256, 14, 14)>
         %8 = [[[[-1.466 ... 61e+00]]]]        # ClearTensor<float32, shape=(1, 256, 1, 1)>
         %9 = subtract(%7, %8)                 # EncryptedTensor<float64, shape=(1, 256, 14, 14)>
        %10 = [[[[2.0236 ... 891586]]]]        # ClearTensor<float32, shape=(1, 256, 1, 1)>
        %11 = divide(%9, %10)                  # EncryptedTensor<float64, shape=(1, 256, 14, 14)>
        %12 = [[[[0.9130 ... 92654 ]]]]        # ClearTensor<float32, shape=(1, 256, 1, 1)>
        %13 = multiply(%11, %12)               # EncryptedTensor<float64, shape=(1, 256, 14, 14)>
        %14 = [[[[-2.629 ... 66e-02]]]]        # ClearTensor<float32, shape=(1, 256, 1, 1)>
        %15 = add(%13, %14)                    # EncryptedTensor<float64, shape=(1, 256, 14, 14)>
        %16 = 0                                # ClearScalar<uint1>
        %17 = maximum(%15, %16)                # EncryptedTensor<float64, shape=(1, 256, 14, 14)>
        %18 = 0.51907784                       # ClearScalar<float32>
        %19 = divide(%17, %18)                 # EncryptedTensor<float64, shape=(1, 256, 14, 14)>
        %20 = 0.0                              # ClearScalar<float32>
        %21 = add(%19, %20)                    # EncryptedTensor<float64, shape=(1, 256, 14, 14)>
        %22 = 0.0                              # ClearScalar<float64>
        %23 = 15.0                             # ClearScalar<float64>
        %24 = clip(%21, %22, %23)              # EncryptedTensor<float64, shape=(1, 256, 14, 14)>
        %25 = rint(%24)                        # EncryptedTensor<float64, shape=(1, 256, 14, 14)>
        %26 = 0.0                              # ClearScalar<float32>
        %27 = subtract(%25, %26)               # EncryptedTensor<float64, shape=(1, 256, 14, 14)>
        %28 = 0.51907784                       # ClearScalar<float32>
        %29 = multiply(%27, %28)               # EncryptedTensor<float64, shape=(1, 256, 14, 14)>
        %30 = 0.5190778374671936               # ClearScalar<float64>
        %31 = divide(%29, %30)                 # EncryptedTensor<float64, shape=(1, 256, 14, 14)>
        %32 = 0                                # ClearScalar<uint1>
        %33 = add(%31, %32)                    # EncryptedTensor<float64, shape=(1, 256, 14, 14)>
        %34 = rint(%33)                        # EncryptedTensor<float64, shape=(1, 256, 14, 14)>
        %35 = 0                                # ClearScalar<uint1>
        %36 = 15                               # ClearScalar<uint4>
        %37 = clip(%34, %35, %36)              # EncryptedTensor<float64, shape=(1, 256, 14, 14)>
        %38 = astype(%37, dtype=int_)          # EncryptedTensor<uint1, shape=(1, 256, 14, 14)>
        return %38

    %208 = subgraph(%207):

         %0 = input                            # EncryptedTensor<uint1, shape=(1, 1024, 14, 14)>          @ /trunk/trunk.12/C3/Conv.conv_rounding
         %1 = astype(%0, dtype=float64)        # EncryptedTensor<float64, shape=(1, 1024, 14, 14)>
         %2 = 0                                # ClearScalar<uint1>
         %3 = add(%1, %2)                      # EncryptedTensor<float64, shape=(1, 1024, 14, 14)>
         %4 = [[[[0]]  [ ... ]  [[0]]]]        # ClearTensor<uint1, shape=(1, 1024, 1, 1)>
         %5 = subtract(%3, %4)                 # EncryptedTensor<float64, shape=(1, 1024, 14, 14)>
         %6 = 0.016973566034982346             # ClearScalar<float64>
         %7 = multiply(%6, %5)                 # EncryptedTensor<float64, shape=(1, 1024, 14, 14)>
         %8 = [[[[-0.070 ... 369054]]]]        # ClearTensor<float32, shape=(1, 1024, 1, 1)>
         %9 = subtract(%7, %8)                 # EncryptedTensor<float64, shape=(1, 1024, 14, 14)>
        %10 = [[[[0.5739 ... 866636]]]]        # ClearTensor<float32, shape=(1, 1024, 1, 1)>
        %11 = divide(%9, %10)                  # EncryptedTensor<float64, shape=(1, 1024, 14, 14)>
        %12 = [[[[0.7695 ... 710825]]]]        # ClearTensor<float32, shape=(1, 1024, 1, 1)>
        %13 = multiply(%11, %12)               # EncryptedTensor<float64, shape=(1, 1024, 14, 14)>
        %14 = [[[[ 0.036 ... 42907 ]]]]        # ClearTensor<float32, shape=(1, 1024, 1, 1)>
        %15 = add(%13, %14)                    # EncryptedTensor<float64, shape=(1, 1024, 14, 14)>
        %16 = 1.0898393                        # ClearScalar<float32>
        %17 = divide(%15, %16)                 # EncryptedTensor<float64, shape=(1, 1024, 14, 14)>
        %18 = 0.0                              # ClearScalar<float32>
        %19 = add(%17, %18)                    # EncryptedTensor<float64, shape=(1, 1024, 14, 14)>
        %20 = -8.0                             # ClearScalar<float64>
        %21 = 7.0                              # ClearScalar<float64>
        %22 = clip(%19, %20, %21)              # EncryptedTensor<float64, shape=(1, 1024, 14, 14)>
        %23 = rint(%22)                        # EncryptedTensor<float64, shape=(1, 1024, 14, 14)>
        %24 = 0.0                              # ClearScalar<float32>
        %25 = subtract(%23, %24)               # EncryptedTensor<float64, shape=(1, 1024, 14, 14)>
        %26 = 1.0898393                        # ClearScalar<float32>
        %27 = multiply(%25, %26)               # EncryptedTensor<float64, shape=(1, 1024, 14, 14)>
        %28 = 1.0898393392562866               # ClearScalar<float64>
        %29 = divide(%27, %28)                 # EncryptedTensor<float64, shape=(1, 1024, 14, 14)>
        %30 = 0                                # ClearScalar<uint1>
        %31 = add(%29, %30)                    # EncryptedTensor<float64, shape=(1, 1024, 14, 14)>
        %32 = rint(%31)                        # EncryptedTensor<float64, shape=(1, 1024, 14, 14)>
        %33 = -8                               # ClearScalar<int4>
        %34 = 7                                # ClearScalar<uint3>
        %35 = clip(%32, %33, %34)              # EncryptedTensor<float64, shape=(1, 1024, 14, 14)>
        %36 = astype(%35, dtype=int_)          # EncryptedTensor<uint1, shape=(1, 1024, 14, 14)>
        return %36

    %209 = subgraph(%208):

         %0 = input                         # EncryptedTensor<uint1, shape=(1, 1024, 14, 14)>
         %1 = 0.0                           # ClearScalar<float64>
         %2 = subtract(%0, %1)              # EncryptedTensor<float64, shape=(1, 1024, 14, 14)>
         %3 = 1.0898393392562866            # ClearScalar<float64>
         %4 = multiply(%3, %2)              # EncryptedTensor<float64, shape=(1, 1024, 14, 14)>
         %5 = 1.2141406853993735            # ClearScalar<float64>
         %6 = divide(%4, %5)                # EncryptedTensor<float64, shape=(1, 1024, 14, 14)>
         %7 = 0                             # ClearScalar<uint1>
         %8 = add(%6, %7)                   # EncryptedTensor<float64, shape=(1, 1024, 14, 14)>
         %9 = rint(%8)                      # EncryptedTensor<float64, shape=(1, 1024, 14, 14)>
        %10 = astype(%9, dtype=int_)        # EncryptedTensor<uint1, shape=(1, 1024, 14, 14)>
        return %10

    %210 = subgraph(%192):

         %0 = input                         # EncryptedTensor<uint1, shape=(1, 1024, 14, 14)>
         %1 = 0.0                           # ClearScalar<float64>
         %2 = subtract(%0, %1)              # EncryptedTensor<float64, shape=(1, 1024, 14, 14)>
         %3 = 0.7911162972450256            # ClearScalar<float64>
         %4 = multiply(%3, %2)              # EncryptedTensor<float64, shape=(1, 1024, 14, 14)>
         %5 = 1.2141406853993735            # ClearScalar<float64>
         %6 = divide(%4, %5)                # EncryptedTensor<float64, shape=(1, 1024, 14, 14)>
         %7 = 0                             # ClearScalar<uint1>
         %8 = add(%6, %7)                   # EncryptedTensor<float64, shape=(1, 1024, 14, 14)>
         %9 = rint(%8)                      # EncryptedTensor<float64, shape=(1, 1024, 14, 14)>
        %10 = astype(%9, dtype=int_)        # EncryptedTensor<uint1, shape=(1, 1024, 14, 14)>
        return %10

    %214 = subgraph(%213):

         %0 = input                          # EncryptedTensor<uint2, shape=(1, 1024, 14, 14)>
         %1 = 0.0                            # ClearScalar<float64>
         %2 = subtract(%0, %1)               # EncryptedTensor<float64, shape=(1, 1024, 14, 14)>
         %3 = 1.2141406853993735             # ClearScalar<float64>
         %4 = multiply(%3, %2)               # EncryptedTensor<float64, shape=(1, 1024, 14, 14)>
         %5 = 0                              # ClearScalar<uint1>
         %6 = maximum(%4, %5)                # EncryptedTensor<float64, shape=(1, 1024, 14, 14)>
         %7 = 1.10721                        # ClearScalar<float32>
         %8 = divide(%6, %7)                 # EncryptedTensor<float64, shape=(1, 1024, 14, 14)>
         %9 = 0.0                            # ClearScalar<float32>
        %10 = add(%8, %9)                    # EncryptedTensor<float64, shape=(1, 1024, 14, 14)>
        %11 = 0.0                            # ClearScalar<float64>
        %12 = 15.0                           # ClearScalar<float64>
        %13 = clip(%10, %11, %12)            # EncryptedTensor<float64, shape=(1, 1024, 14, 14)>
        %14 = rint(%13)                      # EncryptedTensor<float64, shape=(1, 1024, 14, 14)>
        %15 = 0.0                            # ClearScalar<float32>
        %16 = subtract(%14, %15)             # EncryptedTensor<float64, shape=(1, 1024, 14, 14)>
        %17 = 1.10721                        # ClearScalar<float32>
        %18 = multiply(%16, %17)             # EncryptedTensor<float64, shape=(1, 1024, 14, 14)>
        %19 = 1.1072100400924683             # ClearScalar<float64>
        %20 = divide(%18, %19)               # EncryptedTensor<float64, shape=(1, 1024, 14, 14)>
        %21 = 0                              # ClearScalar<uint1>
        %22 = add(%20, %21)                  # EncryptedTensor<float64, shape=(1, 1024, 14, 14)>
        %23 = rint(%22)                      # EncryptedTensor<float64, shape=(1, 1024, 14, 14)>
        %24 = 0                              # ClearScalar<uint1>
        %25 = 15                             # ClearScalar<uint4>
        %26 = clip(%23, %24, %25)            # EncryptedTensor<float64, shape=(1, 1024, 14, 14)>
        %27 = astype(%26, dtype=int_)        # EncryptedTensor<uint1, shape=(1, 1024, 14, 14)>
        return %27

    %218 = subgraph(%217):

         %0 = input                            # EncryptedTensor<uint1, shape=(1, 256, 14, 14)>          @ /trunk/trunk.13/C1/Conv.conv_rounding
         %1 = astype(%0, dtype=float64)        # EncryptedTensor<float64, shape=(1, 256, 14, 14)>
         %2 = 0                                # ClearScalar<uint1>
         %3 = add(%1, %2)                      # EncryptedTensor<float64, shape=(1, 256, 14, 14)>
         %4 = [[[[0]]  [ ... ]  [[0]]]]        # ClearTensor<uint1, shape=(1, 256, 1, 1)>
         %5 = subtract(%3, %4)                 # EncryptedTensor<float64, shape=(1, 256, 14, 14)>
         %6 = 0.06638247369895556              # ClearScalar<float64>
         %7 = multiply(%6, %5)                 # EncryptedTensor<float64, shape=(1, 256, 14, 14)>
         %8 = [[[[ 8.952 ... 65e-01]]]]        # ClearTensor<float32, shape=(1, 256, 1, 1)>
         %9 = subtract(%7, %8)                 # EncryptedTensor<float64, shape=(1, 256, 14, 14)>
        %10 = [[[[4.5645 ... 869684]]]]        # ClearTensor<float32, shape=(1, 256, 1, 1)>
        %11 = divide(%9, %10)                  # EncryptedTensor<float64, shape=(1, 256, 14, 14)>
        %12 = [[[[0.9380 ... 31578 ]]]]        # ClearTensor<float32, shape=(1, 256, 1, 1)>
        %13 = multiply(%11, %12)               # EncryptedTensor<float64, shape=(1, 256, 14, 14)>
        %14 = [[[[-2.268 ... 67e-04]]]]        # ClearTensor<float32, shape=(1, 256, 1, 1)>
        %15 = add(%13, %14)                    # EncryptedTensor<float64, shape=(1, 256, 14, 14)>
        %16 = 0                                # ClearScalar<uint1>
        %17 = maximum(%15, %16)                # EncryptedTensor<float64, shape=(1, 256, 14, 14)>
        %18 = 0.47896156                       # ClearScalar<float32>
        %19 = divide(%17, %18)                 # EncryptedTensor<float64, shape=(1, 256, 14, 14)>
        %20 = 0.0                              # ClearScalar<float32>
        %21 = add(%19, %20)                    # EncryptedTensor<float64, shape=(1, 256, 14, 14)>
        %22 = 0.0                              # ClearScalar<float64>
        %23 = 15.0                             # ClearScalar<float64>
        %24 = clip(%21, %22, %23)              # EncryptedTensor<float64, shape=(1, 256, 14, 14)>
        %25 = rint(%24)                        # EncryptedTensor<float64, shape=(1, 256, 14, 14)>
        %26 = 0.0                              # ClearScalar<float32>
        %27 = subtract(%25, %26)               # EncryptedTensor<float64, shape=(1, 256, 14, 14)>
        %28 = 0.47896156                       # ClearScalar<float32>
        %29 = multiply(%27, %28)               # EncryptedTensor<float64, shape=(1, 256, 14, 14)>
        %30 = 0.4789615571498871               # ClearScalar<float64>
        %31 = divide(%29, %30)                 # EncryptedTensor<float64, shape=(1, 256, 14, 14)>
        %32 = 0                                # ClearScalar<uint1>
        %33 = add(%31, %32)                    # EncryptedTensor<float64, shape=(1, 256, 14, 14)>
        %34 = rint(%33)                        # EncryptedTensor<float64, shape=(1, 256, 14, 14)>
        %35 = 0                                # ClearScalar<uint1>
        %36 = 15                               # ClearScalar<uint4>
        %37 = clip(%34, %35, %36)              # EncryptedTensor<float64, shape=(1, 256, 14, 14)>
        %38 = astype(%37, dtype=int_)          # EncryptedTensor<uint1, shape=(1, 256, 14, 14)>
        return %38

    %226 = subgraph(%225):

         %0 = input                            # EncryptedTensor<uint1, shape=(1, 256, 14, 14)>          @ /trunk/trunk.13/C2/Conv.conv_rounding
         %1 = astype(%0, dtype=float64)        # EncryptedTensor<float64, shape=(1, 256, 14, 14)>
         %2 = 0                                # ClearScalar<uint1>
         %3 = add(%1, %2)                      # EncryptedTensor<float64, shape=(1, 256, 14, 14)>
         %4 = [[[[0]]  [ ... ]  [[0]]]]        # ClearTensor<uint1, shape=(1, 256, 1, 1)>
         %5 = subtract(%3, %4)                 # EncryptedTensor<float64, shape=(1, 256, 14, 14)>
         %6 = 0.008909799272959429             # ClearScalar<float64>
         %7 = multiply(%6, %5)                 # EncryptedTensor<float64, shape=(1, 256, 14, 14)>
         %8 = [[[[-1.860 ... 57e+00]]]]        # ClearTensor<float32, shape=(1, 256, 1, 1)>
         %9 = subtract(%7, %8)                 # EncryptedTensor<float64, shape=(1, 256, 14, 14)>
        %10 = [[[[1.8196 ... 909038]]]]        # ClearTensor<float32, shape=(1, 256, 1, 1)>
        %11 = divide(%9, %10)                  # EncryptedTensor<float64, shape=(1, 256, 14, 14)>
        %12 = [[[[0.9393 ... 21998 ]]]]        # ClearTensor<float32, shape=(1, 256, 1, 1)>
        %13 = multiply(%11, %12)               # EncryptedTensor<float64, shape=(1, 256, 14, 14)>
        %14 = [[[[ 9.301 ... 26e-03]]]]        # ClearTensor<float32, shape=(1, 256, 1, 1)>
        %15 = add(%13, %14)                    # EncryptedTensor<float64, shape=(1, 256, 14, 14)>
        %16 = 0                                # ClearScalar<uint1>
        %17 = maximum(%15, %16)                # EncryptedTensor<float64, shape=(1, 256, 14, 14)>
        %18 = 0.5471614                        # ClearScalar<float32>
        %19 = divide(%17, %18)                 # EncryptedTensor<float64, shape=(1, 256, 14, 14)>
        %20 = 0.0                              # ClearScalar<float32>
        %21 = add(%19, %20)                    # EncryptedTensor<float64, shape=(1, 256, 14, 14)>
        %22 = 0.0                              # ClearScalar<float64>
        %23 = 15.0                             # ClearScalar<float64>
        %24 = clip(%21, %22, %23)              # EncryptedTensor<float64, shape=(1, 256, 14, 14)>
        %25 = rint(%24)                        # EncryptedTensor<float64, shape=(1, 256, 14, 14)>
        %26 = 0.0                              # ClearScalar<float32>
        %27 = subtract(%25, %26)               # EncryptedTensor<float64, shape=(1, 256, 14, 14)>
        %28 = 0.5471614                        # ClearScalar<float32>
        %29 = multiply(%27, %28)               # EncryptedTensor<float64, shape=(1, 256, 14, 14)>
        %30 = 0.5471614003181458               # ClearScalar<float64>
        %31 = divide(%29, %30)                 # EncryptedTensor<float64, shape=(1, 256, 14, 14)>
        %32 = 0                                # ClearScalar<uint1>
        %33 = add(%31, %32)                    # EncryptedTensor<float64, shape=(1, 256, 14, 14)>
        %34 = rint(%33)                        # EncryptedTensor<float64, shape=(1, 256, 14, 14)>
        %35 = 0                                # ClearScalar<uint1>
        %36 = 15                               # ClearScalar<uint4>
        %37 = clip(%34, %35, %36)              # EncryptedTensor<float64, shape=(1, 256, 14, 14)>
        %38 = astype(%37, dtype=int_)          # EncryptedTensor<uint1, shape=(1, 256, 14, 14)>
        return %38

    %230 = subgraph(%229):

         %0 = input                            # EncryptedTensor<uint1, shape=(1, 1024, 14, 14)>          @ /trunk/trunk.13/C3/Conv.conv_rounding
         %1 = astype(%0, dtype=float64)        # EncryptedTensor<float64, shape=(1, 1024, 14, 14)>
         %2 = 0                                # ClearScalar<uint1>
         %3 = add(%1, %2)                      # EncryptedTensor<float64, shape=(1, 1024, 14, 14)>
         %4 = [[[[0]]  [ ... ]  [[0]]]]        # ClearTensor<uint1, shape=(1, 1024, 1, 1)>
         %5 = subtract(%3, %4)                 # EncryptedTensor<float64, shape=(1, 1024, 14, 14)>
         %6 = 0.016324649393072987             # ClearScalar<float64>
         %7 = multiply(%6, %5)                 # EncryptedTensor<float64, shape=(1, 1024, 14, 14)>
         %8 = [[[[-0.276 ... 140718]]]]        # ClearTensor<float32, shape=(1, 1024, 1, 1)>
         %9 = subtract(%7, %8)                 # EncryptedTensor<float64, shape=(1, 1024, 14, 14)>
        %10 = [[[[0.7178 ... 61505 ]]]]        # ClearTensor<float32, shape=(1, 1024, 1, 1)>
        %11 = divide(%9, %10)                  # EncryptedTensor<float64, shape=(1, 1024, 14, 14)>
        %12 = [[[[0.8584 ... 07245 ]]]]        # ClearTensor<float32, shape=(1, 1024, 1, 1)>
        %13 = multiply(%11, %12)               # EncryptedTensor<float64, shape=(1, 1024, 14, 14)>
        %14 = [[[[ 0.010 ... 072867]]]]        # ClearTensor<float32, shape=(1, 1024, 1, 1)>
        %15 = add(%13, %14)                    # EncryptedTensor<float64, shape=(1, 1024, 14, 14)>
        %16 = 1.0994004                        # ClearScalar<float32>
        %17 = divide(%15, %16)                 # EncryptedTensor<float64, shape=(1, 1024, 14, 14)>
        %18 = 0.0                              # ClearScalar<float32>
        %19 = add(%17, %18)                    # EncryptedTensor<float64, shape=(1, 1024, 14, 14)>
        %20 = -8.0                             # ClearScalar<float64>
        %21 = 7.0                              # ClearScalar<float64>
        %22 = clip(%19, %20, %21)              # EncryptedTensor<float64, shape=(1, 1024, 14, 14)>
        %23 = rint(%22)                        # EncryptedTensor<float64, shape=(1, 1024, 14, 14)>
        %24 = 0.0                              # ClearScalar<float32>
        %25 = subtract(%23, %24)               # EncryptedTensor<float64, shape=(1, 1024, 14, 14)>
        %26 = 1.0994004                        # ClearScalar<float32>
        %27 = multiply(%25, %26)               # EncryptedTensor<float64, shape=(1, 1024, 14, 14)>
        %28 = 1.0994004011154175               # ClearScalar<float64>
        %29 = divide(%27, %28)                 # EncryptedTensor<float64, shape=(1, 1024, 14, 14)>
        %30 = 0                                # ClearScalar<uint1>
        %31 = add(%29, %30)                    # EncryptedTensor<float64, shape=(1, 1024, 14, 14)>
        %32 = rint(%31)                        # EncryptedTensor<float64, shape=(1, 1024, 14, 14)>
        %33 = -8                               # ClearScalar<int4>
        %34 = 7                                # ClearScalar<uint3>
        %35 = clip(%32, %33, %34)              # EncryptedTensor<float64, shape=(1, 1024, 14, 14)>
        %36 = astype(%35, dtype=int_)          # EncryptedTensor<uint1, shape=(1, 1024, 14, 14)>
        return %36

    %231 = subgraph(%230):

         %0 = input                         # EncryptedTensor<uint1, shape=(1, 1024, 14, 14)>
         %1 = 0.0                           # ClearScalar<float64>
         %2 = subtract(%0, %1)              # EncryptedTensor<float64, shape=(1, 1024, 14, 14)>
         %3 = 1.0994004011154175            # ClearScalar<float64>
         %4 = multiply(%3, %2)              # EncryptedTensor<float64, shape=(1, 1024, 14, 14)>
         %5 = 1.545928915341695             # ClearScalar<float64>
         %6 = divide(%4, %5)                # EncryptedTensor<float64, shape=(1, 1024, 14, 14)>
         %7 = 0                             # ClearScalar<uint1>
         %8 = add(%6, %7)                   # EncryptedTensor<float64, shape=(1, 1024, 14, 14)>
         %9 = rint(%8)                      # EncryptedTensor<float64, shape=(1, 1024, 14, 14)>
        %10 = astype(%9, dtype=int_)        # EncryptedTensor<uint1, shape=(1, 1024, 14, 14)>
        return %10

    %232 = subgraph(%214):

         %0 = input                         # EncryptedTensor<uint1, shape=(1, 1024, 14, 14)>
         %1 = 0.0                           # ClearScalar<float64>
         %2 = subtract(%0, %1)              # EncryptedTensor<float64, shape=(1, 1024, 14, 14)>
         %3 = 1.1072100400924683            # ClearScalar<float64>
         %4 = multiply(%3, %2)              # EncryptedTensor<float64, shape=(1, 1024, 14, 14)>
         %5 = 1.545928915341695             # ClearScalar<float64>
         %6 = divide(%4, %5)                # EncryptedTensor<float64, shape=(1, 1024, 14, 14)>
         %7 = 0                             # ClearScalar<uint1>
         %8 = add(%6, %7)                   # EncryptedTensor<float64, shape=(1, 1024, 14, 14)>
         %9 = rint(%8)                      # EncryptedTensor<float64, shape=(1, 1024, 14, 14)>
        %10 = astype(%9, dtype=int_)        # EncryptedTensor<uint1, shape=(1, 1024, 14, 14)>
        return %10

    %236 = subgraph(%235):

         %0 = input                          # EncryptedTensor<uint2, shape=(1, 1024, 14, 14)>
         %1 = 0.0                            # ClearScalar<float64>
         %2 = subtract(%0, %1)               # EncryptedTensor<float64, shape=(1, 1024, 14, 14)>
         %3 = 1.545928915341695              # ClearScalar<float64>
         %4 = multiply(%3, %2)               # EncryptedTensor<float64, shape=(1, 1024, 14, 14)>
         %5 = 0                              # ClearScalar<uint1>
         %6 = maximum(%4, %5)                # EncryptedTensor<float64, shape=(1, 1024, 14, 14)>
         %7 = 1.3953582                      # ClearScalar<float32>
         %8 = divide(%6, %7)                 # EncryptedTensor<float64, shape=(1, 1024, 14, 14)>
         %9 = 0.0                            # ClearScalar<float32>
        %10 = add(%8, %9)                    # EncryptedTensor<float64, shape=(1, 1024, 14, 14)>
        %11 = 0.0                            # ClearScalar<float64>
        %12 = 15.0                           # ClearScalar<float64>
        %13 = clip(%10, %11, %12)            # EncryptedTensor<float64, shape=(1, 1024, 14, 14)>
        %14 = rint(%13)                      # EncryptedTensor<float64, shape=(1, 1024, 14, 14)>
        %15 = 0.0                            # ClearScalar<float32>
        %16 = subtract(%14, %15)             # EncryptedTensor<float64, shape=(1, 1024, 14, 14)>
        %17 = 1.3953582                      # ClearScalar<float32>
        %18 = multiply(%16, %17)             # EncryptedTensor<float64, shape=(1, 1024, 14, 14)>
        %19 = 1.3953582048416138             # ClearScalar<float64>
        %20 = divide(%18, %19)               # EncryptedTensor<float64, shape=(1, 1024, 14, 14)>
        %21 = 0                              # ClearScalar<uint1>
        %22 = add(%20, %21)                  # EncryptedTensor<float64, shape=(1, 1024, 14, 14)>
        %23 = rint(%22)                      # EncryptedTensor<float64, shape=(1, 1024, 14, 14)>
        %24 = 0                              # ClearScalar<uint1>
        %25 = 15                             # ClearScalar<uint4>
        %26 = clip(%23, %24, %25)            # EncryptedTensor<float64, shape=(1, 1024, 14, 14)>
        %27 = astype(%26, dtype=int_)        # EncryptedTensor<uint1, shape=(1, 1024, 14, 14)>
        return %27

    %240 = subgraph(%239):

         %0 = input                            # EncryptedTensor<uint1, shape=(1, 256, 14, 14)>          @ /trunk/trunk.14/C1/Conv.conv_rounding
         %1 = astype(%0, dtype=float64)        # EncryptedTensor<float64, shape=(1, 256, 14, 14)>
         %2 = 0                                # ClearScalar<uint1>
         %3 = add(%1, %2)                      # EncryptedTensor<float64, shape=(1, 256, 14, 14)>
         %4 = [[[[0]]  [ ... ]  [[0]]]]        # ClearTensor<uint1, shape=(1, 256, 1, 1)>
         %5 = subtract(%3, %4)                 # EncryptedTensor<float64, shape=(1, 256, 14, 14)>
         %6 = 0.08068586439288561              # ClearScalar<float64>
         %7 = multiply(%6, %5)                 # EncryptedTensor<float64, shape=(1, 256, 14, 14)>
         %8 = [[[[-3.515 ... 08e+00]]]]        # ClearTensor<float32, shape=(1, 256, 1, 1)>
         %9 = subtract(%7, %8)                 # EncryptedTensor<float64, shape=(1, 256, 14, 14)>
        %10 = [[[[5.4623 ... 45962 ]]]]        # ClearTensor<float32, shape=(1, 256, 1, 1)>
        %11 = divide(%9, %10)                  # EncryptedTensor<float64, shape=(1, 256, 14, 14)>
        %12 = [[[[0.7689 ... 82306 ]]]]        # ClearTensor<float32, shape=(1, 256, 1, 1)>
        %13 = multiply(%11, %12)               # EncryptedTensor<float64, shape=(1, 256, 14, 14)>
        %14 = [[[[ 0.028 ... 282443]]]]        # ClearTensor<float32, shape=(1, 256, 1, 1)>
        %15 = add(%13, %14)                    # EncryptedTensor<float64, shape=(1, 256, 14, 14)>
        %16 = 0                                # ClearScalar<uint1>
        %17 = maximum(%15, %16)                # EncryptedTensor<float64, shape=(1, 256, 14, 14)>
        %18 = 0.49638796                       # ClearScalar<float32>
        %19 = divide(%17, %18)                 # EncryptedTensor<float64, shape=(1, 256, 14, 14)>
        %20 = 0.0                              # ClearScalar<float32>
        %21 = add(%19, %20)                    # EncryptedTensor<float64, shape=(1, 256, 14, 14)>
        %22 = 0.0                              # ClearScalar<float64>
        %23 = 15.0                             # ClearScalar<float64>
        %24 = clip(%21, %22, %23)              # EncryptedTensor<float64, shape=(1, 256, 14, 14)>
        %25 = rint(%24)                        # EncryptedTensor<float64, shape=(1, 256, 14, 14)>
        %26 = 0.0                              # ClearScalar<float32>
        %27 = subtract(%25, %26)               # EncryptedTensor<float64, shape=(1, 256, 14, 14)>
        %28 = 0.49638796                       # ClearScalar<float32>
        %29 = multiply(%27, %28)               # EncryptedTensor<float64, shape=(1, 256, 14, 14)>
        %30 = 0.49638795852661133              # ClearScalar<float64>
        %31 = divide(%29, %30)                 # EncryptedTensor<float64, shape=(1, 256, 14, 14)>
        %32 = 0                                # ClearScalar<uint1>
        %33 = add(%31, %32)                    # EncryptedTensor<float64, shape=(1, 256, 14, 14)>
        %34 = rint(%33)                        # EncryptedTensor<float64, shape=(1, 256, 14, 14)>
        %35 = 0                                # ClearScalar<uint1>
        %36 = 15                               # ClearScalar<uint4>
        %37 = clip(%34, %35, %36)              # EncryptedTensor<float64, shape=(1, 256, 14, 14)>
        %38 = astype(%37, dtype=int_)          # EncryptedTensor<uint1, shape=(1, 256, 14, 14)>
        return %38

    %248 = subgraph(%247):

         %0 = input                            # EncryptedTensor<uint1, shape=(1, 256, 14, 14)>          @ /trunk/trunk.14/C2/Conv.conv_rounding
         %1 = astype(%0, dtype=float64)        # EncryptedTensor<float64, shape=(1, 256, 14, 14)>
         %2 = 0                                # ClearScalar<uint1>
         %3 = add(%1, %2)                      # EncryptedTensor<float64, shape=(1, 256, 14, 14)>
         %4 = [[[[0]]  [ ... ]  [[0]]]]        # ClearTensor<uint1, shape=(1, 256, 1, 1)>
         %5 = subtract(%3, %4)                 # EncryptedTensor<float64, shape=(1, 256, 14, 14)>
         %6 = 0.009948085236823445             # ClearScalar<float64>
         %7 = multiply(%6, %5)                 # EncryptedTensor<float64, shape=(1, 256, 14, 14)>
         %8 = [[[[-8.710 ... 26e-01]]]]        # ClearTensor<float32, shape=(1, 256, 1, 1)>
         %9 = subtract(%7, %8)                 # EncryptedTensor<float64, shape=(1, 256, 14, 14)>
        %10 = [[[[1.5233 ... 67506 ]]]]        # ClearTensor<float32, shape=(1, 256, 1, 1)>
        %11 = divide(%9, %10)                  # EncryptedTensor<float64, shape=(1, 256, 14, 14)>
        %12 = [[[[0.9130 ... 23884 ]]]]        # ClearTensor<float32, shape=(1, 256, 1, 1)>
        %13 = multiply(%11, %12)               # EncryptedTensor<float64, shape=(1, 256, 14, 14)>
        %14 = [[[[ 0.013 ... 850995]]]]        # ClearTensor<float32, shape=(1, 256, 1, 1)>
        %15 = add(%13, %14)                    # EncryptedTensor<float64, shape=(1, 256, 14, 14)>
        %16 = 0                                # ClearScalar<uint1>
        %17 = maximum(%15, %16)                # EncryptedTensor<float64, shape=(1, 256, 14, 14)>
        %18 = 0.5625382                        # ClearScalar<float32>
        %19 = divide(%17, %18)                 # EncryptedTensor<float64, shape=(1, 256, 14, 14)>
        %20 = 0.0                              # ClearScalar<float32>
        %21 = add(%19, %20)                    # EncryptedTensor<float64, shape=(1, 256, 14, 14)>
        %22 = 0.0                              # ClearScalar<float64>
        %23 = 15.0                             # ClearScalar<float64>
        %24 = clip(%21, %22, %23)              # EncryptedTensor<float64, shape=(1, 256, 14, 14)>
        %25 = rint(%24)                        # EncryptedTensor<float64, shape=(1, 256, 14, 14)>
        %26 = 0.0                              # ClearScalar<float32>
        %27 = subtract(%25, %26)               # EncryptedTensor<float64, shape=(1, 256, 14, 14)>
        %28 = 0.5625382                        # ClearScalar<float32>
        %29 = multiply(%27, %28)               # EncryptedTensor<float64, shape=(1, 256, 14, 14)>
        %30 = 0.562538206577301                # ClearScalar<float64>
        %31 = divide(%29, %30)                 # EncryptedTensor<float64, shape=(1, 256, 14, 14)>
        %32 = 0                                # ClearScalar<uint1>
        %33 = add(%31, %32)                    # EncryptedTensor<float64, shape=(1, 256, 14, 14)>
        %34 = rint(%33)                        # EncryptedTensor<float64, shape=(1, 256, 14, 14)>
        %35 = 0                                # ClearScalar<uint1>
        %36 = 15                               # ClearScalar<uint4>
        %37 = clip(%34, %35, %36)              # EncryptedTensor<float64, shape=(1, 256, 14, 14)>
        %38 = astype(%37, dtype=int_)          # EncryptedTensor<uint1, shape=(1, 256, 14, 14)>
        return %38

    %252 = subgraph(%251):

         %0 = input                            # EncryptedTensor<uint1, shape=(1, 1024, 14, 14)>          @ /trunk/trunk.14/C3/Conv.conv_rounding
         %1 = astype(%0, dtype=float64)        # EncryptedTensor<float64, shape=(1, 1024, 14, 14)>
         %2 = 0                                # ClearScalar<uint1>
         %3 = add(%1, %2)                      # EncryptedTensor<float64, shape=(1, 1024, 14, 14)>
         %4 = [[[[0]]  [ ... ]  [[0]]]]        # ClearTensor<uint1, shape=(1, 1024, 1, 1)>
         %5 = subtract(%3, %4)                 # EncryptedTensor<float64, shape=(1, 1024, 14, 14)>
         %6 = 0.014816328188843597             # ClearScalar<float64>
         %7 = multiply(%6, %5)                 # EncryptedTensor<float64, shape=(1, 1024, 14, 14)>
         %8 = [[[[ 0.032 ... 32278 ]]]]        # ClearTensor<float32, shape=(1, 1024, 1, 1)>
         %9 = subtract(%7, %8)                 # EncryptedTensor<float64, shape=(1, 1024, 14, 14)>
        %10 = [[[[0.3670 ... 10197 ]]]]        # ClearTensor<float32, shape=(1, 1024, 1, 1)>
        %11 = divide(%9, %10)                  # EncryptedTensor<float64, shape=(1, 1024, 14, 14)>
        %12 = [[[[0.7022 ... 75686 ]]]]        # ClearTensor<float32, shape=(1, 1024, 1, 1)>
        %13 = multiply(%11, %12)               # EncryptedTensor<float64, shape=(1, 1024, 14, 14)>
        %14 = [[[[ 0.019 ... 179327]]]]        # ClearTensor<float32, shape=(1, 1024, 1, 1)>
        %15 = add(%13, %14)                    # EncryptedTensor<float64, shape=(1, 1024, 14, 14)>
        %16 = 1.1140108                        # ClearScalar<float32>
        %17 = divide(%15, %16)                 # EncryptedTensor<float64, shape=(1, 1024, 14, 14)>
        %18 = 0.0                              # ClearScalar<float32>
        %19 = add(%17, %18)                    # EncryptedTensor<float64, shape=(1, 1024, 14, 14)>
        %20 = -8.0                             # ClearScalar<float64>
        %21 = 7.0                              # ClearScalar<float64>
        %22 = clip(%19, %20, %21)              # EncryptedTensor<float64, shape=(1, 1024, 14, 14)>
        %23 = rint(%22)                        # EncryptedTensor<float64, shape=(1, 1024, 14, 14)>
        %24 = 0.0                              # ClearScalar<float32>
        %25 = subtract(%23, %24)               # EncryptedTensor<float64, shape=(1, 1024, 14, 14)>
        %26 = 1.1140108                        # ClearScalar<float32>
        %27 = multiply(%25, %26)               # EncryptedTensor<float64, shape=(1, 1024, 14, 14)>
        %28 = 1.1140108108520508               # ClearScalar<float64>
        %29 = divide(%27, %28)                 # EncryptedTensor<float64, shape=(1, 1024, 14, 14)>
        %30 = 0                                # ClearScalar<uint1>
        %31 = add(%29, %30)                    # EncryptedTensor<float64, shape=(1, 1024, 14, 14)>
        %32 = rint(%31)                        # EncryptedTensor<float64, shape=(1, 1024, 14, 14)>
        %33 = -8                               # ClearScalar<int4>
        %34 = 7                                # ClearScalar<uint3>
        %35 = clip(%32, %33, %34)              # EncryptedTensor<float64, shape=(1, 1024, 14, 14)>
        %36 = astype(%35, dtype=int_)          # EncryptedTensor<uint1, shape=(1, 1024, 14, 14)>
        return %36

    %253 = subgraph(%252):

         %0 = input                         # EncryptedTensor<uint1, shape=(1, 1024, 14, 14)>
         %1 = 0.0                           # ClearScalar<float64>
         %2 = subtract(%0, %1)              # EncryptedTensor<float64, shape=(1, 1024, 14, 14)>
         %3 = 1.1140108108520508            # ClearScalar<float64>
         %4 = multiply(%3, %2)              # EncryptedTensor<float64, shape=(1, 1024, 14, 14)>
         %5 = 1.7291821559270224            # ClearScalar<float64>
         %6 = divide(%4, %5)                # EncryptedTensor<float64, shape=(1, 1024, 14, 14)>
         %7 = 0                             # ClearScalar<uint1>
         %8 = add(%6, %7)                   # EncryptedTensor<float64, shape=(1, 1024, 14, 14)>
         %9 = rint(%8)                      # EncryptedTensor<float64, shape=(1, 1024, 14, 14)>
        %10 = astype(%9, dtype=int_)        # EncryptedTensor<uint1, shape=(1, 1024, 14, 14)>
        return %10

    %254 = subgraph(%236):

         %0 = input                         # EncryptedTensor<uint1, shape=(1, 1024, 14, 14)>
         %1 = 0.0                           # ClearScalar<float64>
         %2 = subtract(%0, %1)              # EncryptedTensor<float64, shape=(1, 1024, 14, 14)>
         %3 = 1.3953582048416138            # ClearScalar<float64>
         %4 = multiply(%3, %2)              # EncryptedTensor<float64, shape=(1, 1024, 14, 14)>
         %5 = 1.7291821559270224            # ClearScalar<float64>
         %6 = divide(%4, %5)                # EncryptedTensor<float64, shape=(1, 1024, 14, 14)>
         %7 = 0                             # ClearScalar<uint1>
         %8 = add(%6, %7)                   # EncryptedTensor<float64, shape=(1, 1024, 14, 14)>
         %9 = rint(%8)                      # EncryptedTensor<float64, shape=(1, 1024, 14, 14)>
        %10 = astype(%9, dtype=int_)        # EncryptedTensor<uint1, shape=(1, 1024, 14, 14)>
        return %10

    %258 = subgraph(%257):

         %0 = input                          # EncryptedTensor<uint2, shape=(1, 1024, 14, 14)>
         %1 = 0.0                            # ClearScalar<float64>
         %2 = subtract(%0, %1)               # EncryptedTensor<float64, shape=(1, 1024, 14, 14)>
         %3 = 1.7291821559270224             # ClearScalar<float64>
         %4 = multiply(%3, %2)               # EncryptedTensor<float64, shape=(1, 1024, 14, 14)>
         %5 = 0                              # ClearScalar<uint1>
         %6 = maximum(%4, %5)                # EncryptedTensor<float64, shape=(1, 1024, 14, 14)>
         %7 = 1.7060955                      # ClearScalar<float32>
         %8 = divide(%6, %7)                 # EncryptedTensor<float64, shape=(1, 1024, 14, 14)>
         %9 = 0.0                            # ClearScalar<float32>
        %10 = add(%8, %9)                    # EncryptedTensor<float64, shape=(1, 1024, 14, 14)>
        %11 = 0.0                            # ClearScalar<float64>
        %12 = 15.0                           # ClearScalar<float64>
        %13 = clip(%10, %11, %12)            # EncryptedTensor<float64, shape=(1, 1024, 14, 14)>
        %14 = rint(%13)                      # EncryptedTensor<float64, shape=(1, 1024, 14, 14)>
        %15 = 0.0                            # ClearScalar<float32>
        %16 = subtract(%14, %15)             # EncryptedTensor<float64, shape=(1, 1024, 14, 14)>
        %17 = 1.7060955                      # ClearScalar<float32>
        %18 = multiply(%16, %17)             # EncryptedTensor<float64, shape=(1, 1024, 14, 14)>
        %19 = 1.7060954570770264             # ClearScalar<float64>
        %20 = divide(%18, %19)               # EncryptedTensor<float64, shape=(1, 1024, 14, 14)>
        %21 = 0                              # ClearScalar<uint1>
        %22 = add(%20, %21)                  # EncryptedTensor<float64, shape=(1, 1024, 14, 14)>
        %23 = rint(%22)                      # EncryptedTensor<float64, shape=(1, 1024, 14, 14)>
        %24 = 0                              # ClearScalar<uint1>
        %25 = 15                             # ClearScalar<uint4>
        %26 = clip(%23, %24, %25)            # EncryptedTensor<float64, shape=(1, 1024, 14, 14)>
        %27 = astype(%26, dtype=int_)        # EncryptedTensor<uint1, shape=(1, 1024, 14, 14)>
        return %27

    %262 = subgraph(%261):

         %0 = input                            # EncryptedTensor<uint1, shape=(1, 256, 14, 14)>          @ /trunk/trunk.15/C1/Conv.conv_rounding
         %1 = astype(%0, dtype=float64)        # EncryptedTensor<float64, shape=(1, 256, 14, 14)>
         %2 = 0                                # ClearScalar<uint1>
         %3 = add(%1, %2)                      # EncryptedTensor<float64, shape=(1, 256, 14, 14)>
         %4 = [[[[0]]  [ ... ]  [[0]]]]        # ClearTensor<uint1, shape=(1, 256, 1, 1)>
         %5 = subtract(%3, %4)                 # EncryptedTensor<float64, shape=(1, 256, 14, 14)>
         %6 = 0.09488283437982403              # ClearScalar<float64>
         %7 = multiply(%6, %5)                 # EncryptedTensor<float64, shape=(1, 256, 14, 14)>
         %8 = [[[[-2.108 ... 73028 ]]]]        # ClearTensor<float32, shape=(1, 256, 1, 1)>
         %9 = subtract(%7, %8)                 # EncryptedTensor<float64, shape=(1, 256, 14, 14)>
        %10 = [[[[ 4.992 ... 863214]]]]        # ClearTensor<float32, shape=(1, 256, 1, 1)>
        %11 = divide(%9, %10)                  # EncryptedTensor<float64, shape=(1, 256, 14, 14)>
        %12 = [[[[0.8470 ... 78743 ]]]]        # ClearTensor<float32, shape=(1, 256, 1, 1)>
        %13 = multiply(%11, %12)               # EncryptedTensor<float64, shape=(1, 256, 14, 14)>
        %14 = [[[[ 1.602 ... 45e-02]]]]        # ClearTensor<float32, shape=(1, 256, 1, 1)>
        %15 = add(%13, %14)                    # EncryptedTensor<float64, shape=(1, 256, 14, 14)>
        %16 = 0                                # ClearScalar<uint1>
        %17 = maximum(%15, %16)                # EncryptedTensor<float64, shape=(1, 256, 14, 14)>
        %18 = 0.5220031                        # ClearScalar<float32>
        %19 = divide(%17, %18)                 # EncryptedTensor<float64, shape=(1, 256, 14, 14)>
        %20 = 0.0                              # ClearScalar<float32>
        %21 = add(%19, %20)                    # EncryptedTensor<float64, shape=(1, 256, 14, 14)>
        %22 = 0.0                              # ClearScalar<float64>
        %23 = 15.0                             # ClearScalar<float64>
        %24 = clip(%21, %22, %23)              # EncryptedTensor<float64, shape=(1, 256, 14, 14)>
        %25 = rint(%24)                        # EncryptedTensor<float64, shape=(1, 256, 14, 14)>
        %26 = 0.0                              # ClearScalar<float32>
        %27 = subtract(%25, %26)               # EncryptedTensor<float64, shape=(1, 256, 14, 14)>
        %28 = 0.5220031                        # ClearScalar<float32>
        %29 = multiply(%27, %28)               # EncryptedTensor<float64, shape=(1, 256, 14, 14)>
        %30 = 0.5220031142234802               # ClearScalar<float64>
        %31 = divide(%29, %30)                 # EncryptedTensor<float64, shape=(1, 256, 14, 14)>
        %32 = 0                                # ClearScalar<uint1>
        %33 = add(%31, %32)                    # EncryptedTensor<float64, shape=(1, 256, 14, 14)>
        %34 = rint(%33)                        # EncryptedTensor<float64, shape=(1, 256, 14, 14)>
        %35 = 0                                # ClearScalar<uint1>
        %36 = 15                               # ClearScalar<uint4>
        %37 = clip(%34, %35, %36)              # EncryptedTensor<float64, shape=(1, 256, 14, 14)>
        %38 = astype(%37, dtype=int_)          # EncryptedTensor<uint1, shape=(1, 256, 14, 14)>
        return %38

    %270 = subgraph(%269):

         %0 = input                            # EncryptedTensor<uint1, shape=(1, 256, 14, 14)>          @ /trunk/trunk.15/C2/Conv.conv_rounding
         %1 = astype(%0, dtype=float64)        # EncryptedTensor<float64, shape=(1, 256, 14, 14)>
         %2 = 0                                # ClearScalar<uint1>
         %3 = add(%1, %2)                      # EncryptedTensor<float64, shape=(1, 256, 14, 14)>
         %4 = [[[[0]]  [ ... ]  [[0]]]]        # ClearTensor<uint1, shape=(1, 256, 1, 1)>
         %5 = subtract(%3, %4)                 # EncryptedTensor<float64, shape=(1, 256, 14, 14)>
         %6 = 0.010832597769761643             # ClearScalar<float64>
         %7 = multiply(%6, %5)                 # EncryptedTensor<float64, shape=(1, 256, 14, 14)>
         %8 = [[[[-0.701 ... 94726 ]]]]        # ClearTensor<float32, shape=(1, 256, 1, 1)>
         %9 = subtract(%7, %8)                 # EncryptedTensor<float64, shape=(1, 256, 14, 14)>
        %10 = [[[[1.5902 ... 448051]]]]        # ClearTensor<float32, shape=(1, 256, 1, 1)>
        %11 = divide(%9, %10)                  # EncryptedTensor<float64, shape=(1, 256, 14, 14)>
        %12 = [[[[0.9141 ... 411345]]]]        # ClearTensor<float32, shape=(1, 256, 1, 1)>
        %13 = multiply(%11, %12)               # EncryptedTensor<float64, shape=(1, 256, 14, 14)>
        %14 = [[[[ 4.536 ... 67e-02]]]]        # ClearTensor<float32, shape=(1, 256, 1, 1)>
        %15 = add(%13, %14)                    # EncryptedTensor<float64, shape=(1, 256, 14, 14)>
        %16 = 0                                # ClearScalar<uint1>
        %17 = maximum(%15, %16)                # EncryptedTensor<float64, shape=(1, 256, 14, 14)>
        %18 = 0.5832792                        # ClearScalar<float32>
        %19 = divide(%17, %18)                 # EncryptedTensor<float64, shape=(1, 256, 14, 14)>
        %20 = 0.0                              # ClearScalar<float32>
        %21 = add(%19, %20)                    # EncryptedTensor<float64, shape=(1, 256, 14, 14)>
        %22 = 0.0                              # ClearScalar<float64>
        %23 = 15.0                             # ClearScalar<float64>
        %24 = clip(%21, %22, %23)              # EncryptedTensor<float64, shape=(1, 256, 14, 14)>
        %25 = rint(%24)                        # EncryptedTensor<float64, shape=(1, 256, 14, 14)>
        %26 = 0.0                              # ClearScalar<float32>
        %27 = subtract(%25, %26)               # EncryptedTensor<float64, shape=(1, 256, 14, 14)>
        %28 = 0.5832792                        # ClearScalar<float32>
        %29 = multiply(%27, %28)               # EncryptedTensor<float64, shape=(1, 256, 14, 14)>
        %30 = 0.5832791924476624               # ClearScalar<float64>
        %31 = divide(%29, %30)                 # EncryptedTensor<float64, shape=(1, 256, 14, 14)>
        %32 = 0                                # ClearScalar<uint1>
        %33 = add(%31, %32)                    # EncryptedTensor<float64, shape=(1, 256, 14, 14)>
        %34 = rint(%33)                        # EncryptedTensor<float64, shape=(1, 256, 14, 14)>
        %35 = 0                                # ClearScalar<uint1>
        %36 = 15                               # ClearScalar<uint4>
        %37 = clip(%34, %35, %36)              # EncryptedTensor<float64, shape=(1, 256, 14, 14)>
        %38 = astype(%37, dtype=int_)          # EncryptedTensor<uint1, shape=(1, 256, 14, 14)>
        return %38

    %274 = subgraph(%273):

         %0 = input                            # EncryptedTensor<uint1, shape=(1, 1024, 14, 14)>          @ /trunk/trunk.15/C3/Conv.conv_rounding
         %1 = astype(%0, dtype=float64)        # EncryptedTensor<float64, shape=(1, 1024, 14, 14)>
         %2 = 0                                # ClearScalar<uint1>
         %3 = add(%1, %2)                      # EncryptedTensor<float64, shape=(1, 1024, 14, 14)>
         %4 = [[[[0]]  [ ... ]  [[0]]]]        # ClearTensor<uint1, shape=(1, 1024, 1, 1)>
         %5 = subtract(%3, %4)                 # EncryptedTensor<float64, shape=(1, 1024, 14, 14)>
         %6 = 0.015123480183330984             # ClearScalar<float64>
         %7 = multiply(%6, %5)                 # EncryptedTensor<float64, shape=(1, 1024, 14, 14)>
         %8 = [[[[-0.116 ... 259237]]]]        # ClearTensor<float32, shape=(1, 1024, 1, 1)>
         %9 = subtract(%7, %8)                 # EncryptedTensor<float64, shape=(1, 1024, 14, 14)>
        %10 = [[[[0.5480 ... 959697]]]]        # ClearTensor<float32, shape=(1, 1024, 1, 1)>
        %11 = divide(%9, %10)                  # EncryptedTensor<float64, shape=(1, 1024, 14, 14)>
        %12 = [[[[0.8965 ... 17647 ]]]]        # ClearTensor<float32, shape=(1, 1024, 1, 1)>
        %13 = multiply(%11, %12)               # EncryptedTensor<float64, shape=(1, 1024, 14, 14)>
        %14 = [[[[ 0.004 ... 538484]]]]        # ClearTensor<float32, shape=(1, 1024, 1, 1)>
        %15 = add(%13, %14)                    # EncryptedTensor<float64, shape=(1, 1024, 14, 14)>
        %16 = 1.1737438                        # ClearScalar<float32>
        %17 = divide(%15, %16)                 # EncryptedTensor<float64, shape=(1, 1024, 14, 14)>
        %18 = 0.0                              # ClearScalar<float32>
        %19 = add(%17, %18)                    # EncryptedTensor<float64, shape=(1, 1024, 14, 14)>
        %20 = -8.0                             # ClearScalar<float64>
        %21 = 7.0                              # ClearScalar<float64>
        %22 = clip(%19, %20, %21)              # EncryptedTensor<float64, shape=(1, 1024, 14, 14)>
        %23 = rint(%22)                        # EncryptedTensor<float64, shape=(1, 1024, 14, 14)>
        %24 = 0.0                              # ClearScalar<float32>
        %25 = subtract(%23, %24)               # EncryptedTensor<float64, shape=(1, 1024, 14, 14)>
        %26 = 1.1737438                        # ClearScalar<float32>
        %27 = multiply(%25, %26)               # EncryptedTensor<float64, shape=(1, 1024, 14, 14)>
        %28 = 1.1737438440322876               # ClearScalar<float64>
        %29 = divide(%27, %28)                 # EncryptedTensor<float64, shape=(1, 1024, 14, 14)>
        %30 = 0                                # ClearScalar<uint1>
        %31 = add(%29, %30)                    # EncryptedTensor<float64, shape=(1, 1024, 14, 14)>
        %32 = rint(%31)                        # EncryptedTensor<float64, shape=(1, 1024, 14, 14)>
        %33 = -8                               # ClearScalar<int4>
        %34 = 7                                # ClearScalar<uint3>
        %35 = clip(%32, %33, %34)              # EncryptedTensor<float64, shape=(1, 1024, 14, 14)>
        %36 = astype(%35, dtype=int_)          # EncryptedTensor<uint1, shape=(1, 1024, 14, 14)>
        return %36

    %275 = subgraph(%274):

         %0 = input                         # EncryptedTensor<uint1, shape=(1, 1024, 14, 14)>
         %1 = 0.0                           # ClearScalar<float64>
         %2 = subtract(%0, %1)              # EncryptedTensor<float64, shape=(1, 1024, 14, 14)>
         %3 = 1.1737438440322876            # ClearScalar<float64>
         %4 = multiply(%3, %2)              # EncryptedTensor<float64, shape=(1, 1024, 14, 14)>
         %5 = 2.026363190015157             # ClearScalar<float64>
         %6 = divide(%4, %5)                # EncryptedTensor<float64, shape=(1, 1024, 14, 14)>
         %7 = 0                             # ClearScalar<uint1>
         %8 = add(%6, %7)                   # EncryptedTensor<float64, shape=(1, 1024, 14, 14)>
         %9 = rint(%8)                      # EncryptedTensor<float64, shape=(1, 1024, 14, 14)>
        %10 = astype(%9, dtype=int_)        # EncryptedTensor<uint1, shape=(1, 1024, 14, 14)>
        return %10

    %276 = subgraph(%258):

         %0 = input                         # EncryptedTensor<uint1, shape=(1, 1024, 14, 14)>
         %1 = 0.0                           # ClearScalar<float64>
         %2 = subtract(%0, %1)              # EncryptedTensor<float64, shape=(1, 1024, 14, 14)>
         %3 = 1.7060954570770264            # ClearScalar<float64>
         %4 = multiply(%3, %2)              # EncryptedTensor<float64, shape=(1, 1024, 14, 14)>
         %5 = 2.026363190015157             # ClearScalar<float64>
         %6 = divide(%4, %5)                # EncryptedTensor<float64, shape=(1, 1024, 14, 14)>
         %7 = 0                             # ClearScalar<uint1>
         %8 = add(%6, %7)                   # EncryptedTensor<float64, shape=(1, 1024, 14, 14)>
         %9 = rint(%8)                      # EncryptedTensor<float64, shape=(1, 1024, 14, 14)>
        %10 = astype(%9, dtype=int_)        # EncryptedTensor<uint1, shape=(1, 1024, 14, 14)>
        return %10

    %280 = subgraph(%279):

         %0 = input                          # EncryptedTensor<uint2, shape=(1, 1024, 14, 14)>
         %1 = 0.0                            # ClearScalar<float64>
         %2 = subtract(%0, %1)               # EncryptedTensor<float64, shape=(1, 1024, 14, 14)>
         %3 = 2.026363190015157              # ClearScalar<float64>
         %4 = multiply(%3, %2)               # EncryptedTensor<float64, shape=(1, 1024, 14, 14)>
         %5 = 0                              # ClearScalar<uint1>
         %6 = maximum(%4, %5)                # EncryptedTensor<float64, shape=(1, 1024, 14, 14)>
         %7 = 2.0925648                      # ClearScalar<float32>
         %8 = divide(%6, %7)                 # EncryptedTensor<float64, shape=(1, 1024, 14, 14)>
         %9 = 0.0                            # ClearScalar<float32>
        %10 = add(%8, %9)                    # EncryptedTensor<float64, shape=(1, 1024, 14, 14)>
        %11 = 0.0                            # ClearScalar<float64>
        %12 = 15.0                           # ClearScalar<float64>
        %13 = clip(%10, %11, %12)            # EncryptedTensor<float64, shape=(1, 1024, 14, 14)>
        %14 = rint(%13)                      # EncryptedTensor<float64, shape=(1, 1024, 14, 14)>
        %15 = 0.0                            # ClearScalar<float32>
        %16 = subtract(%14, %15)             # EncryptedTensor<float64, shape=(1, 1024, 14, 14)>
        %17 = 2.0925648                      # ClearScalar<float32>
        %18 = multiply(%16, %17)             # EncryptedTensor<float64, shape=(1, 1024, 14, 14)>
        %19 = 2.092564821243286              # ClearScalar<float64>
        %20 = divide(%18, %19)               # EncryptedTensor<float64, shape=(1, 1024, 14, 14)>
        %21 = 0                              # ClearScalar<uint1>
        %22 = add(%20, %21)                  # EncryptedTensor<float64, shape=(1, 1024, 14, 14)>
        %23 = rint(%22)                      # EncryptedTensor<float64, shape=(1, 1024, 14, 14)>
        %24 = 0                              # ClearScalar<uint1>
        %25 = 15                             # ClearScalar<uint4>
        %26 = clip(%23, %24, %25)            # EncryptedTensor<float64, shape=(1, 1024, 14, 14)>
        %27 = astype(%26, dtype=int_)        # EncryptedTensor<uint1, shape=(1, 1024, 14, 14)>
        return %27

    %284 = subgraph(%283):

         %0 = input                            # EncryptedTensor<uint1, shape=(1, 256, 14, 14)>          @ /trunk/trunk.16/C1/Conv.conv_rounding
         %1 = astype(%0, dtype=float64)        # EncryptedTensor<float64, shape=(1, 256, 14, 14)>
         %2 = 0                                # ClearScalar<uint1>
         %3 = add(%1, %2)                      # EncryptedTensor<float64, shape=(1, 256, 14, 14)>
         %4 = [[[[0]]  [ ... ]  [[0]]]]        # ClearTensor<uint1, shape=(1, 256, 1, 1)>
         %5 = subtract(%3, %4)                 # EncryptedTensor<float64, shape=(1, 256, 14, 14)>
         %6 = 0.12528908413746898              # ClearScalar<float64>
         %7 = multiply(%6, %5)                 # EncryptedTensor<float64, shape=(1, 256, 14, 14)>
         %8 = [[[[  1.38 ... 65173 ]]]]        # ClearTensor<float32, shape=(1, 256, 1, 1)>
         %9 = subtract(%7, %8)                 # EncryptedTensor<float64, shape=(1, 256, 14, 14)>
        %10 = [[[[ 5.029 ... 42927 ]]]]        # ClearTensor<float32, shape=(1, 256, 1, 1)>
        %11 = divide(%9, %10)                  # EncryptedTensor<float64, shape=(1, 256, 14, 14)>
        %12 = [[[[0.8389 ... 06273 ]]]]        # ClearTensor<float32, shape=(1, 256, 1, 1)>
        %13 = multiply(%11, %12)               # EncryptedTensor<float64, shape=(1, 256, 14, 14)>
        %14 = [[[[-0.000 ... 37349 ]]]]        # ClearTensor<float32, shape=(1, 256, 1, 1)>
        %15 = add(%13, %14)                    # EncryptedTensor<float64, shape=(1, 256, 14, 14)>
        %16 = 0                                # ClearScalar<uint1>
        %17 = maximum(%15, %16)                # EncryptedTensor<float64, shape=(1, 256, 14, 14)>
        %18 = 0.48446745                       # ClearScalar<float32>
        %19 = divide(%17, %18)                 # EncryptedTensor<float64, shape=(1, 256, 14, 14)>
        %20 = 0.0                              # ClearScalar<float32>
        %21 = add(%19, %20)                    # EncryptedTensor<float64, shape=(1, 256, 14, 14)>
        %22 = 0.0                              # ClearScalar<float64>
        %23 = 15.0                             # ClearScalar<float64>
        %24 = clip(%21, %22, %23)              # EncryptedTensor<float64, shape=(1, 256, 14, 14)>
        %25 = rint(%24)                        # EncryptedTensor<float64, shape=(1, 256, 14, 14)>
        %26 = 0.0                              # ClearScalar<float32>
        %27 = subtract(%25, %26)               # EncryptedTensor<float64, shape=(1, 256, 14, 14)>
        %28 = 0.48446745                       # ClearScalar<float32>
        %29 = multiply(%27, %28)               # EncryptedTensor<float64, shape=(1, 256, 14, 14)>
        %30 = 0.48446744680404663              # ClearScalar<float64>
        %31 = divide(%29, %30)                 # EncryptedTensor<float64, shape=(1, 256, 14, 14)>
        %32 = 0                                # ClearScalar<uint1>
        %33 = add(%31, %32)                    # EncryptedTensor<float64, shape=(1, 256, 14, 14)>
        %34 = rint(%33)                        # EncryptedTensor<float64, shape=(1, 256, 14, 14)>
        %35 = 0                                # ClearScalar<uint1>
        %36 = 15                               # ClearScalar<uint4>
        %37 = clip(%34, %35, %36)              # EncryptedTensor<float64, shape=(1, 256, 14, 14)>
        %38 = astype(%37, dtype=int_)          # EncryptedTensor<uint1, shape=(1, 256, 14, 14)>
        return %38

    %292 = subgraph(%291):

         %0 = input                            # EncryptedTensor<uint1, shape=(1, 256, 14, 14)>          @ /trunk/trunk.16/C2/Conv.conv_rounding
         %1 = astype(%0, dtype=float64)        # EncryptedTensor<float64, shape=(1, 256, 14, 14)>
         %2 = 0                                # ClearScalar<uint1>
         %3 = add(%1, %2)                      # EncryptedTensor<float64, shape=(1, 256, 14, 14)>
         %4 = [[[[0]]  [ ... ]  [[0]]]]        # ClearTensor<uint1, shape=(1, 256, 1, 1)>
         %5 = subtract(%3, %4)                 # EncryptedTensor<float64, shape=(1, 256, 14, 14)>
         %6 = 0.009946321685028736             # ClearScalar<float64>
         %7 = multiply(%6, %5)                 # EncryptedTensor<float64, shape=(1, 256, 14, 14)>
         %8 = [[[[-0.049 ... 66981 ]]]]        # ClearTensor<float32, shape=(1, 256, 1, 1)>
         %9 = subtract(%7, %8)                 # EncryptedTensor<float64, shape=(1, 256, 14, 14)>
        %10 = [[[[1.3150 ... 4504  ]]]]        # ClearTensor<float32, shape=(1, 256, 1, 1)>
        %11 = divide(%9, %10)                  # EncryptedTensor<float64, shape=(1, 256, 14, 14)>
        %12 = [[[[0.9493 ... 72514 ]]]]        # ClearTensor<float32, shape=(1, 256, 1, 1)>
        %13 = multiply(%11, %12)               # EncryptedTensor<float64, shape=(1, 256, 14, 14)>
        %14 = [[[[ 3.206 ... 09e-03]]]]        # ClearTensor<float32, shape=(1, 256, 1, 1)>
        %15 = add(%13, %14)                    # EncryptedTensor<float64, shape=(1, 256, 14, 14)>
        %16 = 0                                # ClearScalar<uint1>
        %17 = maximum(%15, %16)                # EncryptedTensor<float64, shape=(1, 256, 14, 14)>
        %18 = 0.54089737                       # ClearScalar<float32>
        %19 = divide(%17, %18)                 # EncryptedTensor<float64, shape=(1, 256, 14, 14)>
        %20 = 0.0                              # ClearScalar<float32>
        %21 = add(%19, %20)                    # EncryptedTensor<float64, shape=(1, 256, 14, 14)>
        %22 = 0.0                              # ClearScalar<float64>
        %23 = 15.0                             # ClearScalar<float64>
        %24 = clip(%21, %22, %23)              # EncryptedTensor<float64, shape=(1, 256, 14, 14)>
        %25 = rint(%24)                        # EncryptedTensor<float64, shape=(1, 256, 14, 14)>
        %26 = 0.0                              # ClearScalar<float32>
        %27 = subtract(%25, %26)               # EncryptedTensor<float64, shape=(1, 256, 14, 14)>
        %28 = 0.54089737                       # ClearScalar<float32>
        %29 = multiply(%27, %28)               # EncryptedTensor<float64, shape=(1, 256, 14, 14)>
        %30 = 0.5408973693847656               # ClearScalar<float64>
        %31 = divide(%29, %30)                 # EncryptedTensor<float64, shape=(1, 256, 14, 14)>
        %32 = 0                                # ClearScalar<uint1>
        %33 = add(%31, %32)                    # EncryptedTensor<float64, shape=(1, 256, 14, 14)>
        %34 = rint(%33)                        # EncryptedTensor<float64, shape=(1, 256, 14, 14)>
        %35 = 0                                # ClearScalar<uint1>
        %36 = 15                               # ClearScalar<uint4>
        %37 = clip(%34, %35, %36)              # EncryptedTensor<float64, shape=(1, 256, 14, 14)>
        %38 = astype(%37, dtype=int_)          # EncryptedTensor<uint1, shape=(1, 256, 14, 14)>
        return %38

    %296 = subgraph(%295):

         %0 = input                            # EncryptedTensor<uint1, shape=(1, 1024, 14, 14)>          @ /trunk/trunk.16/C3/Conv.conv_rounding
         %1 = astype(%0, dtype=float64)        # EncryptedTensor<float64, shape=(1, 1024, 14, 14)>
         %2 = 0                                # ClearScalar<uint1>
         %3 = add(%1, %2)                      # EncryptedTensor<float64, shape=(1, 1024, 14, 14)>
         %4 = [[[[0]]  [ ... ]  [[0]]]]        # ClearTensor<uint1, shape=(1, 1024, 1, 1)>
         %5 = subtract(%3, %4)                 # EncryptedTensor<float64, shape=(1, 1024, 14, 14)>
         %6 = 0.016818165967457332             # ClearScalar<float64>
         %7 = multiply(%6, %5)                 # EncryptedTensor<float64, shape=(1, 1024, 14, 14)>
         %8 = [[[[-0.215 ... 224158]]]]        # ClearTensor<float32, shape=(1, 1024, 1, 1)>
         %9 = subtract(%7, %8)                 # EncryptedTensor<float64, shape=(1, 1024, 14, 14)>
        %10 = [[[[0.6474 ... 229215]]]]        # ClearTensor<float32, shape=(1, 1024, 1, 1)>
        %11 = divide(%9, %10)                  # EncryptedTensor<float64, shape=(1, 1024, 14, 14)>
        %12 = [[[[0.8288 ... 94238 ]]]]        # ClearTensor<float32, shape=(1, 1024, 1, 1)>
        %13 = multiply(%11, %12)               # EncryptedTensor<float64, shape=(1, 1024, 14, 14)>
        %14 = [[[[-0.004 ... 74286 ]]]]        # ClearTensor<float32, shape=(1, 1024, 1, 1)>
        %15 = add(%13, %14)                    # EncryptedTensor<float64, shape=(1, 1024, 14, 14)>
        %16 = 1.0591937                        # ClearScalar<float32>
        %17 = divide(%15, %16)                 # EncryptedTensor<float64, shape=(1, 1024, 14, 14)>
        %18 = 0.0                              # ClearScalar<float32>
        %19 = add(%17, %18)                    # EncryptedTensor<float64, shape=(1, 1024, 14, 14)>
        %20 = -8.0                             # ClearScalar<float64>
        %21 = 7.0                              # ClearScalar<float64>
        %22 = clip(%19, %20, %21)              # EncryptedTensor<float64, shape=(1, 1024, 14, 14)>
        %23 = rint(%22)                        # EncryptedTensor<float64, shape=(1, 1024, 14, 14)>
        %24 = 0.0                              # ClearScalar<float32>
        %25 = subtract(%23, %24)               # EncryptedTensor<float64, shape=(1, 1024, 14, 14)>
        %26 = 1.0591937                        # ClearScalar<float32>
        %27 = multiply(%25, %26)               # EncryptedTensor<float64, shape=(1, 1024, 14, 14)>
        %28 = 1.059193730354309                # ClearScalar<float64>
        %29 = divide(%27, %28)                 # EncryptedTensor<float64, shape=(1, 1024, 14, 14)>
        %30 = 0                                # ClearScalar<uint1>
        %31 = add(%29, %30)                    # EncryptedTensor<float64, shape=(1, 1024, 14, 14)>
        %32 = rint(%31)                        # EncryptedTensor<float64, shape=(1, 1024, 14, 14)>
        %33 = -8                               # ClearScalar<int4>
        %34 = 7                                # ClearScalar<uint3>
        %35 = clip(%32, %33, %34)              # EncryptedTensor<float64, shape=(1, 1024, 14, 14)>
        %36 = astype(%35, dtype=int_)          # EncryptedTensor<uint1, shape=(1, 1024, 14, 14)>
        return %36

    %297 = subgraph(%296):

         %0 = input                         # EncryptedTensor<uint1, shape=(1, 1024, 14, 14)>
         %1 = 0.0                           # ClearScalar<float64>
         %2 = subtract(%0, %1)              # EncryptedTensor<float64, shape=(1, 1024, 14, 14)>
         %3 = 1.059193730354309             # ClearScalar<float64>
         %4 = multiply(%3, %2)              # EncryptedTensor<float64, shape=(1, 1024, 14, 14)>
         %5 = 2.4490724166234332            # ClearScalar<float64>
         %6 = divide(%4, %5)                # EncryptedTensor<float64, shape=(1, 1024, 14, 14)>
         %7 = 0                             # ClearScalar<uint1>
         %8 = add(%6, %7)                   # EncryptedTensor<float64, shape=(1, 1024, 14, 14)>
         %9 = rint(%8)                      # EncryptedTensor<float64, shape=(1, 1024, 14, 14)>
        %10 = astype(%9, dtype=int_)        # EncryptedTensor<uint1, shape=(1, 1024, 14, 14)>
        return %10

    %298 = subgraph(%280):

         %0 = input                         # EncryptedTensor<uint1, shape=(1, 1024, 14, 14)>
         %1 = 0.0                           # ClearScalar<float64>
         %2 = subtract(%0, %1)              # EncryptedTensor<float64, shape=(1, 1024, 14, 14)>
         %3 = 2.092564821243286             # ClearScalar<float64>
         %4 = multiply(%3, %2)              # EncryptedTensor<float64, shape=(1, 1024, 14, 14)>
         %5 = 2.4490724166234332            # ClearScalar<float64>
         %6 = divide(%4, %5)                # EncryptedTensor<float64, shape=(1, 1024, 14, 14)>
         %7 = 0                             # ClearScalar<uint1>
         %8 = add(%6, %7)                   # EncryptedTensor<float64, shape=(1, 1024, 14, 14)>
         %9 = rint(%8)                      # EncryptedTensor<float64, shape=(1, 1024, 14, 14)>
        %10 = astype(%9, dtype=int_)        # EncryptedTensor<uint1, shape=(1, 1024, 14, 14)>
        return %10

    %302 = subgraph(%301):

         %0 = input                          # EncryptedTensor<uint2, shape=(1, 1024, 14, 14)>
         %1 = 0.0                            # ClearScalar<float64>
         %2 = subtract(%0, %1)               # EncryptedTensor<float64, shape=(1, 1024, 14, 14)>
         %3 = 2.4490724166234332             # ClearScalar<float64>
         %4 = multiply(%3, %2)               # EncryptedTensor<float64, shape=(1, 1024, 14, 14)>
         %5 = 0                              # ClearScalar<uint1>
         %6 = maximum(%4, %5)                # EncryptedTensor<float64, shape=(1, 1024, 14, 14)>
         %7 = 2.424031                       # ClearScalar<float32>
         %8 = divide(%6, %7)                 # EncryptedTensor<float64, shape=(1, 1024, 14, 14)>
         %9 = 0.0                            # ClearScalar<float32>
        %10 = add(%8, %9)                    # EncryptedTensor<float64, shape=(1, 1024, 14, 14)>
        %11 = 0.0                            # ClearScalar<float64>
        %12 = 15.0                           # ClearScalar<float64>
        %13 = clip(%10, %11, %12)            # EncryptedTensor<float64, shape=(1, 1024, 14, 14)>
        %14 = rint(%13)                      # EncryptedTensor<float64, shape=(1, 1024, 14, 14)>
        %15 = 0.0                            # ClearScalar<float32>
        %16 = subtract(%14, %15)             # EncryptedTensor<float64, shape=(1, 1024, 14, 14)>
        %17 = 2.424031                       # ClearScalar<float32>
        %18 = multiply(%16, %17)             # EncryptedTensor<float64, shape=(1, 1024, 14, 14)>
        %19 = 2.4240310192108154             # ClearScalar<float64>
        %20 = divide(%18, %19)               # EncryptedTensor<float64, shape=(1, 1024, 14, 14)>
        %21 = 0                              # ClearScalar<uint1>
        %22 = add(%20, %21)                  # EncryptedTensor<float64, shape=(1, 1024, 14, 14)>
        %23 = rint(%22)                      # EncryptedTensor<float64, shape=(1, 1024, 14, 14)>
        %24 = 0                              # ClearScalar<uint1>
        %25 = 15                             # ClearScalar<uint4>
        %26 = clip(%23, %24, %25)            # EncryptedTensor<float64, shape=(1, 1024, 14, 14)>
        %27 = astype(%26, dtype=int_)        # EncryptedTensor<uint1, shape=(1, 1024, 14, 14)>
        return %27

    %306 = subgraph(%305):

         %0 = input                            # EncryptedTensor<uint1, shape=(1, 512, 14, 14)>          @ /trunk/trunk.17/C1/Conv.conv_rounding
         %1 = astype(%0, dtype=float64)        # EncryptedTensor<float64, shape=(1, 512, 14, 14)>
         %2 = 0                                # ClearScalar<uint1>
         %3 = add(%1, %2)                      # EncryptedTensor<float64, shape=(1, 512, 14, 14)>
         %4 = [[[[0]]  [ ... ]  [[0]]]]        # ClearTensor<uint1, shape=(1, 512, 1, 1)>
         %5 = subtract(%3, %4)                 # EncryptedTensor<float64, shape=(1, 512, 14, 14)>
         %6 = 0.10771144369867613              # ClearScalar<float64>
         %7 = multiply(%6, %5)                 # EncryptedTensor<float64, shape=(1, 512, 14, 14)>
         %8 = [[[[ 4.012 ... 55e+00]]]]        # ClearTensor<float32, shape=(1, 512, 1, 1)>
         %9 = subtract(%7, %8)                 # EncryptedTensor<float64, shape=(1, 512, 14, 14)>
        %10 = [[[[ 7.005 ... 549766]]]]        # ClearTensor<float32, shape=(1, 512, 1, 1)>
        %11 = divide(%9, %10)                  # EncryptedTensor<float64, shape=(1, 512, 14, 14)>
        %12 = [[[[0.8851 ... 7493  ]]]]        # ClearTensor<float32, shape=(1, 512, 1, 1)>
        %13 = multiply(%11, %12)               # EncryptedTensor<float64, shape=(1, 512, 14, 14)>
        %14 = [[[[ 6.805 ... 39e-03]]]]        # ClearTensor<float32, shape=(1, 512, 1, 1)>
        %15 = add(%13, %14)                    # EncryptedTensor<float64, shape=(1, 512, 14, 14)>
        %16 = 0                                # ClearScalar<uint1>
        %17 = maximum(%15, %16)                # EncryptedTensor<float64, shape=(1, 512, 14, 14)>
        %18 = 0.5131304                        # ClearScalar<float32>
        %19 = divide(%17, %18)                 # EncryptedTensor<float64, shape=(1, 512, 14, 14)>
        %20 = 0.0                              # ClearScalar<float32>
        %21 = add(%19, %20)                    # EncryptedTensor<float64, shape=(1, 512, 14, 14)>
        %22 = 0.0                              # ClearScalar<float64>
        %23 = 15.0                             # ClearScalar<float64>
        %24 = clip(%21, %22, %23)              # EncryptedTensor<float64, shape=(1, 512, 14, 14)>
        %25 = rint(%24)                        # EncryptedTensor<float64, shape=(1, 512, 14, 14)>
        %26 = 0.0                              # ClearScalar<float32>
        %27 = subtract(%25, %26)               # EncryptedTensor<float64, shape=(1, 512, 14, 14)>
        %28 = 0.5131304                        # ClearScalar<float32>
        %29 = multiply(%27, %28)               # EncryptedTensor<float64, shape=(1, 512, 14, 14)>
        %30 = 0.5131304264068604               # ClearScalar<float64>
        %31 = divide(%29, %30)                 # EncryptedTensor<float64, shape=(1, 512, 14, 14)>
        %32 = 0                                # ClearScalar<uint1>
        %33 = add(%31, %32)                    # EncryptedTensor<float64, shape=(1, 512, 14, 14)>
        %34 = rint(%33)                        # EncryptedTensor<float64, shape=(1, 512, 14, 14)>
        %35 = 0                                # ClearScalar<uint1>
        %36 = 15                               # ClearScalar<uint4>
        %37 = clip(%34, %35, %36)              # EncryptedTensor<float64, shape=(1, 512, 14, 14)>
        %38 = astype(%37, dtype=int_)          # EncryptedTensor<uint1, shape=(1, 512, 14, 14)>
        return %38

    %314 = subgraph(%313):

         %0 = input                            # EncryptedTensor<uint1, shape=(1, 512, 7, 7)>          @ /trunk/trunk.17/C2/Conv.conv_rounding
         %1 = astype(%0, dtype=float64)        # EncryptedTensor<float64, shape=(1, 512, 7, 7)>
         %2 = 0                                # ClearScalar<uint1>
         %3 = add(%1, %2)                      # EncryptedTensor<float64, shape=(1, 512, 7, 7)>
         %4 = [[[[0]]  [ ... ]  [[0]]]]        # ClearTensor<uint1, shape=(1, 512, 1, 1)>
         %5 = subtract(%3, %4)                 # EncryptedTensor<float64, shape=(1, 512, 7, 7)>
         %6 = 0.007396648268026551             # ClearScalar<float64>
         %7 = multiply(%6, %5)                 # EncryptedTensor<float64, shape=(1, 512, 7, 7)>
         %8 = [[[[ 0.922 ... 9495  ]]]]        # ClearTensor<float32, shape=(1, 512, 1, 1)>
         %9 = subtract(%7, %8)                 # EncryptedTensor<float64, shape=(1, 512, 7, 7)>
        %10 = [[[[3.2833 ... 294299]]]]        # ClearTensor<float32, shape=(1, 512, 1, 1)>
        %11 = divide(%9, %10)                  # EncryptedTensor<float64, shape=(1, 512, 7, 7)>
        %12 = [[[[0.9538 ... 34142 ]]]]        # ClearTensor<float32, shape=(1, 512, 1, 1)>
        %13 = multiply(%11, %12)               # EncryptedTensor<float64, shape=(1, 512, 7, 7)>
        %14 = [[[[ 1.510 ... 16e-03]]]]        # ClearTensor<float32, shape=(1, 512, 1, 1)>
        %15 = add(%13, %14)                    # EncryptedTensor<float64, shape=(1, 512, 7, 7)>
        %16 = 0                                # ClearScalar<uint1>
        %17 = maximum(%15, %16)                # EncryptedTensor<float64, shape=(1, 512, 7, 7)>
        %18 = 0.5161495                        # ClearScalar<float32>
        %19 = divide(%17, %18)                 # EncryptedTensor<float64, shape=(1, 512, 7, 7)>
        %20 = 0.0                              # ClearScalar<float32>
        %21 = add(%19, %20)                    # EncryptedTensor<float64, shape=(1, 512, 7, 7)>
        %22 = 0.0                              # ClearScalar<float64>
        %23 = 15.0                             # ClearScalar<float64>
        %24 = clip(%21, %22, %23)              # EncryptedTensor<float64, shape=(1, 512, 7, 7)>
        %25 = rint(%24)                        # EncryptedTensor<float64, shape=(1, 512, 7, 7)>
        %26 = 0.0                              # ClearScalar<float32>
        %27 = subtract(%25, %26)               # EncryptedTensor<float64, shape=(1, 512, 7, 7)>
        %28 = 0.5161495                        # ClearScalar<float32>
        %29 = multiply(%27, %28)               # EncryptedTensor<float64, shape=(1, 512, 7, 7)>
        %30 = 0.5161495208740234               # ClearScalar<float64>
        %31 = divide(%29, %30)                 # EncryptedTensor<float64, shape=(1, 512, 7, 7)>
        %32 = 0                                # ClearScalar<uint1>
        %33 = add(%31, %32)                    # EncryptedTensor<float64, shape=(1, 512, 7, 7)>
        %34 = rint(%33)                        # EncryptedTensor<float64, shape=(1, 512, 7, 7)>
        %35 = 0                                # ClearScalar<uint1>
        %36 = 15                               # ClearScalar<uint4>
        %37 = clip(%34, %35, %36)              # EncryptedTensor<float64, shape=(1, 512, 7, 7)>
        %38 = astype(%37, dtype=int_)          # EncryptedTensor<uint1, shape=(1, 512, 7, 7)>
        return %38

    %318 = subgraph(%317):

         %0 = input                            # EncryptedTensor<uint1, shape=(1, 2048, 7, 7)>          @ /trunk/trunk.17/C3/Conv.conv_rounding
         %1 = astype(%0, dtype=float64)        # EncryptedTensor<float64, shape=(1, 2048, 7, 7)>
         %2 = 0                                # ClearScalar<uint1>
         %3 = add(%1, %2)                      # EncryptedTensor<float64, shape=(1, 2048, 7, 7)>
         %4 = [[[[0]]  [ ... ]  [[0]]]]        # ClearTensor<uint1, shape=(1, 2048, 1, 1)>
         %5 = subtract(%3, %4)                 # EncryptedTensor<float64, shape=(1, 2048, 7, 7)>
         %6 = 0.011474934128187897             # ClearScalar<float64>
         %7 = multiply(%6, %5)                 # EncryptedTensor<float64, shape=(1, 2048, 7, 7)>
         %8 = [[[[ 0.489 ... 505743]]]]        # ClearTensor<float32, shape=(1, 2048, 1, 1)>
         %9 = subtract(%7, %8)                 # EncryptedTensor<float64, shape=(1, 2048, 7, 7)>
        %10 = [[[[1.2299 ... 800416]]]]        # ClearTensor<float32, shape=(1, 2048, 1, 1)>
        %11 = divide(%9, %10)                  # EncryptedTensor<float64, shape=(1, 2048, 7, 7)>
        %12 = [[[[0.9503 ... 118294]]]]        # ClearTensor<float32, shape=(1, 2048, 1, 1)>
        %13 = multiply(%11, %12)               # EncryptedTensor<float64, shape=(1, 2048, 7, 7)>
        %14 = [[[[-0.020 ... 631014]]]]        # ClearTensor<float32, shape=(1, 2048, 1, 1)>
        %15 = add(%13, %14)                    # EncryptedTensor<float64, shape=(1, 2048, 7, 7)>
        %16 = 1.0645207                        # ClearScalar<float32>
        %17 = divide(%15, %16)                 # EncryptedTensor<float64, shape=(1, 2048, 7, 7)>
        %18 = 0.0                              # ClearScalar<float32>
        %19 = add(%17, %18)                    # EncryptedTensor<float64, shape=(1, 2048, 7, 7)>
        %20 = -8.0                             # ClearScalar<float64>
        %21 = 7.0                              # ClearScalar<float64>
        %22 = clip(%19, %20, %21)              # EncryptedTensor<float64, shape=(1, 2048, 7, 7)>
        %23 = rint(%22)                        # EncryptedTensor<float64, shape=(1, 2048, 7, 7)>
        %24 = 0.0                              # ClearScalar<float32>
        %25 = subtract(%23, %24)               # EncryptedTensor<float64, shape=(1, 2048, 7, 7)>
        %26 = 1.0645207                        # ClearScalar<float32>
        %27 = multiply(%25, %26)               # EncryptedTensor<float64, shape=(1, 2048, 7, 7)>
        %28 = 1.0645207166671753               # ClearScalar<float64>
        %29 = divide(%27, %28)                 # EncryptedTensor<float64, shape=(1, 2048, 7, 7)>
        %30 = 0                                # ClearScalar<uint1>
        %31 = add(%29, %30)                    # EncryptedTensor<float64, shape=(1, 2048, 7, 7)>
        %32 = rint(%31)                        # EncryptedTensor<float64, shape=(1, 2048, 7, 7)>
        %33 = -8                               # ClearScalar<int4>
        %34 = 7                                # ClearScalar<uint3>
        %35 = clip(%32, %33, %34)              # EncryptedTensor<float64, shape=(1, 2048, 7, 7)>
        %36 = astype(%35, dtype=int_)          # EncryptedTensor<uint1, shape=(1, 2048, 7, 7)>
        return %36

    %322 = subgraph(%321):

         %0 = input                            # EncryptedTensor<uint1, shape=(1, 2048, 7, 7)>          @ /trunk/trunk.17/shortcut/Conv.conv_rounding
         %1 = astype(%0, dtype=float64)        # EncryptedTensor<float64, shape=(1, 2048, 7, 7)>
         %2 = 0                                # ClearScalar<uint1>
         %3 = add(%1, %2)                      # EncryptedTensor<float64, shape=(1, 2048, 7, 7)>
         %4 = [[[[0]]  [ ... ]  [[0]]]]        # ClearTensor<uint1, shape=(1, 2048, 1, 1)>
         %5 = subtract(%3, %4)                 # EncryptedTensor<float64, shape=(1, 2048, 7, 7)>
         %6 = 0.04991289785898401              # ClearScalar<float64>
         %7 = multiply(%6, %5)                 # EncryptedTensor<float64, shape=(1, 2048, 7, 7)>
         %8 = [[[[ 6.781 ... 24452 ]]]]        # ClearTensor<float32, shape=(1, 2048, 1, 1)>
         %9 = subtract(%7, %8)                 # EncryptedTensor<float64, shape=(1, 2048, 7, 7)>
        %10 = [[[[4.9551 ... 683395]]]]        # ClearTensor<float32, shape=(1, 2048, 1, 1)>
        %11 = divide(%9, %10)                  # EncryptedTensor<float64, shape=(1, 2048, 7, 7)>
        %12 = [[[[0.9870 ... 05591 ]]]]        # ClearTensor<float32, shape=(1, 2048, 1, 1)>
        %13 = multiply(%11, %12)               # EncryptedTensor<float64, shape=(1, 2048, 7, 7)>
        %14 = [[[[-0.000 ... 631014]]]]        # ClearTensor<float32, shape=(1, 2048, 1, 1)>
        %15 = add(%13, %14)                    # EncryptedTensor<float64, shape=(1, 2048, 7, 7)>
        %16 = 1.0424247                        # ClearScalar<float32>
        %17 = divide(%15, %16)                 # EncryptedTensor<float64, shape=(1, 2048, 7, 7)>
        %18 = 0.0                              # ClearScalar<float32>
        %19 = add(%17, %18)                    # EncryptedTensor<float64, shape=(1, 2048, 7, 7)>
        %20 = -8.0                             # ClearScalar<float64>
        %21 = 7.0                              # ClearScalar<float64>
        %22 = clip(%19, %20, %21)              # EncryptedTensor<float64, shape=(1, 2048, 7, 7)>
        %23 = rint(%22)                        # EncryptedTensor<float64, shape=(1, 2048, 7, 7)>
        %24 = 0.0                              # ClearScalar<float32>
        %25 = subtract(%23, %24)               # EncryptedTensor<float64, shape=(1, 2048, 7, 7)>
        %26 = 1.0424247                        # ClearScalar<float32>
        %27 = multiply(%25, %26)               # EncryptedTensor<float64, shape=(1, 2048, 7, 7)>
        %28 = 1.0424246788024902               # ClearScalar<float64>
        %29 = divide(%27, %28)                 # EncryptedTensor<float64, shape=(1, 2048, 7, 7)>
        %30 = 0                                # ClearScalar<uint1>
        %31 = add(%29, %30)                    # EncryptedTensor<float64, shape=(1, 2048, 7, 7)>
        %32 = rint(%31)                        # EncryptedTensor<float64, shape=(1, 2048, 7, 7)>
        %33 = -8                               # ClearScalar<int4>
        %34 = 7                                # ClearScalar<uint3>
        %35 = clip(%32, %33, %34)              # EncryptedTensor<float64, shape=(1, 2048, 7, 7)>
        %36 = astype(%35, dtype=int_)          # EncryptedTensor<uint1, shape=(1, 2048, 7, 7)>
        return %36

    %323 = subgraph(%318):

         %0 = input                         # EncryptedTensor<uint1, shape=(1, 2048, 7, 7)>
         %1 = 0.0                           # ClearScalar<float64>
         %2 = subtract(%0, %1)              # EncryptedTensor<float64, shape=(1, 2048, 7, 7)>
         %3 = 1.0645207166671753            # ClearScalar<float64>
         %4 = multiply(%3, %2)              # EncryptedTensor<float64, shape=(1, 2048, 7, 7)>
         %5 = 1.4046302636464436            # ClearScalar<float64>
         %6 = divide(%4, %5)                # EncryptedTensor<float64, shape=(1, 2048, 7, 7)>
         %7 = 0                             # ClearScalar<uint1>
         %8 = add(%6, %7)                   # EncryptedTensor<float64, shape=(1, 2048, 7, 7)>
         %9 = rint(%8)                      # EncryptedTensor<float64, shape=(1, 2048, 7, 7)>
        %10 = astype(%9, dtype=int_)        # EncryptedTensor<uint1, shape=(1, 2048, 7, 7)>
        return %10

    %324 = subgraph(%322):

         %0 = input                         # EncryptedTensor<uint1, shape=(1, 2048, 7, 7)>
         %1 = 0.0                           # ClearScalar<float64>
         %2 = subtract(%0, %1)              # EncryptedTensor<float64, shape=(1, 2048, 7, 7)>
         %3 = 1.0424246788024902            # ClearScalar<float64>
         %4 = multiply(%3, %2)              # EncryptedTensor<float64, shape=(1, 2048, 7, 7)>
         %5 = 1.4046302636464436            # ClearScalar<float64>
         %6 = divide(%4, %5)                # EncryptedTensor<float64, shape=(1, 2048, 7, 7)>
         %7 = 0                             # ClearScalar<uint1>
         %8 = add(%6, %7)                   # EncryptedTensor<float64, shape=(1, 2048, 7, 7)>
         %9 = rint(%8)                      # EncryptedTensor<float64, shape=(1, 2048, 7, 7)>
        %10 = astype(%9, dtype=int_)        # EncryptedTensor<uint1, shape=(1, 2048, 7, 7)>
        return %10

    %328 = subgraph(%327):

         %0 = input                          # EncryptedTensor<uint2, shape=(1, 2048, 7, 7)>
         %1 = 0.0                            # ClearScalar<float64>
         %2 = subtract(%0, %1)               # EncryptedTensor<float64, shape=(1, 2048, 7, 7)>
         %3 = 1.4046302636464436             # ClearScalar<float64>
         %4 = multiply(%3, %2)               # EncryptedTensor<float64, shape=(1, 2048, 7, 7)>
         %5 = 0                              # ClearScalar<uint1>
         %6 = maximum(%4, %5)                # EncryptedTensor<float64, shape=(1, 2048, 7, 7)>
         %7 = 0.9619039                      # ClearScalar<float32>
         %8 = divide(%6, %7)                 # EncryptedTensor<float64, shape=(1, 2048, 7, 7)>
         %9 = 0.0                            # ClearScalar<float32>
        %10 = add(%8, %9)                    # EncryptedTensor<float64, shape=(1, 2048, 7, 7)>
        %11 = 0.0                            # ClearScalar<float64>
        %12 = 15.0                           # ClearScalar<float64>
        %13 = clip(%10, %11, %12)            # EncryptedTensor<float64, shape=(1, 2048, 7, 7)>
        %14 = rint(%13)                      # EncryptedTensor<float64, shape=(1, 2048, 7, 7)>
        %15 = 0.0                            # ClearScalar<float32>
        %16 = subtract(%14, %15)             # EncryptedTensor<float64, shape=(1, 2048, 7, 7)>
        %17 = 0.9619039                      # ClearScalar<float32>
        %18 = multiply(%16, %17)             # EncryptedTensor<float64, shape=(1, 2048, 7, 7)>
        %19 = 0.9619039297103882             # ClearScalar<float64>
        %20 = divide(%18, %19)               # EncryptedTensor<float64, shape=(1, 2048, 7, 7)>
        %21 = 0                              # ClearScalar<uint1>
        %22 = add(%20, %21)                  # EncryptedTensor<float64, shape=(1, 2048, 7, 7)>
        %23 = rint(%22)                      # EncryptedTensor<float64, shape=(1, 2048, 7, 7)>
        %24 = 0                              # ClearScalar<uint1>
        %25 = 15                             # ClearScalar<uint4>
        %26 = clip(%23, %24, %25)            # EncryptedTensor<float64, shape=(1, 2048, 7, 7)>
        %27 = astype(%26, dtype=int_)        # EncryptedTensor<uint1, shape=(1, 2048, 7, 7)>
        return %27

    %332 = subgraph(%331):

         %0 = input                            # EncryptedTensor<uint1, shape=(1, 512, 7, 7)>          @ /trunk/trunk.18/C1/Conv.conv_rounding
         %1 = astype(%0, dtype=float64)        # EncryptedTensor<float64, shape=(1, 512, 7, 7)>
         %2 = 0                                # ClearScalar<uint1>
         %3 = add(%1, %2)                      # EncryptedTensor<float64, shape=(1, 512, 7, 7)>
         %4 = [[[[0]]  [ ... ]  [[0]]]]        # ClearTensor<uint1, shape=(1, 512, 1, 1)>
         %5 = subtract(%3, %4)                 # EncryptedTensor<float64, shape=(1, 512, 7, 7)>
         %6 = 0.045945020290782956             # ClearScalar<float64>
         %7 = multiply(%6, %5)                 # EncryptedTensor<float64, shape=(1, 512, 7, 7)>
         %8 = [[[[ 1.289 ... 18852 ]]]]        # ClearTensor<float32, shape=(1, 512, 1, 1)>
         %9 = subtract(%7, %8)                 # EncryptedTensor<float64, shape=(1, 512, 7, 7)>
        %10 = [[[[4.1519 ... 52797 ]]]]        # ClearTensor<float32, shape=(1, 512, 1, 1)>
        %11 = divide(%9, %10)                  # EncryptedTensor<float64, shape=(1, 512, 7, 7)>
        %12 = [[[[0.8257 ... 63314 ]]]]        # ClearTensor<float32, shape=(1, 512, 1, 1)>
        %13 = multiply(%11, %12)               # EncryptedTensor<float64, shape=(1, 512, 7, 7)>
        %14 = [[[[-5.429 ... 93e-02]]]]        # ClearTensor<float32, shape=(1, 512, 1, 1)>
        %15 = add(%13, %14)                    # EncryptedTensor<float64, shape=(1, 512, 7, 7)>
        %16 = 0                                # ClearScalar<uint1>
        %17 = maximum(%15, %16)                # EncryptedTensor<float64, shape=(1, 512, 7, 7)>
        %18 = 0.51200575                       # ClearScalar<float32>
        %19 = divide(%17, %18)                 # EncryptedTensor<float64, shape=(1, 512, 7, 7)>
        %20 = 0.0                              # ClearScalar<float32>
        %21 = add(%19, %20)                    # EncryptedTensor<float64, shape=(1, 512, 7, 7)>
        %22 = 0.0                              # ClearScalar<float64>
        %23 = 15.0                             # ClearScalar<float64>
        %24 = clip(%21, %22, %23)              # EncryptedTensor<float64, shape=(1, 512, 7, 7)>
        %25 = rint(%24)                        # EncryptedTensor<float64, shape=(1, 512, 7, 7)>
        %26 = 0.0                              # ClearScalar<float32>
        %27 = subtract(%25, %26)               # EncryptedTensor<float64, shape=(1, 512, 7, 7)>
        %28 = 0.51200575                       # ClearScalar<float32>
        %29 = multiply(%27, %28)               # EncryptedTensor<float64, shape=(1, 512, 7, 7)>
        %30 = 0.5120057463645935               # ClearScalar<float64>
        %31 = divide(%29, %30)                 # EncryptedTensor<float64, shape=(1, 512, 7, 7)>
        %32 = 0                                # ClearScalar<uint1>
        %33 = add(%31, %32)                    # EncryptedTensor<float64, shape=(1, 512, 7, 7)>
        %34 = rint(%33)                        # EncryptedTensor<float64, shape=(1, 512, 7, 7)>
        %35 = 0                                # ClearScalar<uint1>
        %36 = 15                               # ClearScalar<uint4>
        %37 = clip(%34, %35, %36)              # EncryptedTensor<float64, shape=(1, 512, 7, 7)>
        %38 = astype(%37, dtype=int_)          # EncryptedTensor<uint1, shape=(1, 512, 7, 7)>
        return %38

    %340 = subgraph(%339):

         %0 = input                            # EncryptedTensor<uint1, shape=(1, 512, 7, 7)>          @ /trunk/trunk.18/C2/Conv.conv_rounding
         %1 = astype(%0, dtype=float64)        # EncryptedTensor<float64, shape=(1, 512, 7, 7)>
         %2 = 0                                # ClearScalar<uint1>
         %3 = add(%1, %2)                      # EncryptedTensor<float64, shape=(1, 512, 7, 7)>
         %4 = [[[[0]]  [ ... ]  [[0]]]]        # ClearTensor<uint1, shape=(1, 512, 1, 1)>
         %5 = subtract(%3, %4)                 # EncryptedTensor<float64, shape=(1, 512, 7, 7)>
         %6 = 0.008621565305923506             # ClearScalar<float64>
         %7 = multiply(%6, %5)                 # EncryptedTensor<float64, shape=(1, 512, 7, 7)>
         %8 = [[[[ 6.230 ... 80e+00]]]]        # ClearTensor<float32, shape=(1, 512, 1, 1)>
         %9 = subtract(%7, %8)                 # EncryptedTensor<float64, shape=(1, 512, 7, 7)>
        %10 = [[[[2.4734 ... 017458]]]]        # ClearTensor<float32, shape=(1, 512, 1, 1)>
        %11 = divide(%9, %10)                  # EncryptedTensor<float64, shape=(1, 512, 7, 7)>
        %12 = [[[[0.9572 ... 49831 ]]]]        # ClearTensor<float32, shape=(1, 512, 1, 1)>
        %13 = multiply(%11, %12)               # EncryptedTensor<float64, shape=(1, 512, 7, 7)>
        %14 = [[[[-1.067 ... 15e-03]]]]        # ClearTensor<float32, shape=(1, 512, 1, 1)>
        %15 = add(%13, %14)                    # EncryptedTensor<float64, shape=(1, 512, 7, 7)>
        %16 = 0                                # ClearScalar<uint1>
        %17 = maximum(%15, %16)                # EncryptedTensor<float64, shape=(1, 512, 7, 7)>
        %18 = 0.5708927                        # ClearScalar<float32>
        %19 = divide(%17, %18)                 # EncryptedTensor<float64, shape=(1, 512, 7, 7)>
        %20 = 0.0                              # ClearScalar<float32>
        %21 = add(%19, %20)                    # EncryptedTensor<float64, shape=(1, 512, 7, 7)>
        %22 = 0.0                              # ClearScalar<float64>
        %23 = 15.0                             # ClearScalar<float64>
        %24 = clip(%21, %22, %23)              # EncryptedTensor<float64, shape=(1, 512, 7, 7)>
        %25 = rint(%24)                        # EncryptedTensor<float64, shape=(1, 512, 7, 7)>
        %26 = 0.0                              # ClearScalar<float32>
        %27 = subtract(%25, %26)               # EncryptedTensor<float64, shape=(1, 512, 7, 7)>
        %28 = 0.5708927                        # ClearScalar<float32>
        %29 = multiply(%27, %28)               # EncryptedTensor<float64, shape=(1, 512, 7, 7)>
        %30 = 0.5708926916122437               # ClearScalar<float64>
        %31 = divide(%29, %30)                 # EncryptedTensor<float64, shape=(1, 512, 7, 7)>
        %32 = 0                                # ClearScalar<uint1>
        %33 = add(%31, %32)                    # EncryptedTensor<float64, shape=(1, 512, 7, 7)>
        %34 = rint(%33)                        # EncryptedTensor<float64, shape=(1, 512, 7, 7)>
        %35 = 0                                # ClearScalar<uint1>
        %36 = 15                               # ClearScalar<uint4>
        %37 = clip(%34, %35, %36)              # EncryptedTensor<float64, shape=(1, 512, 7, 7)>
        %38 = astype(%37, dtype=int_)          # EncryptedTensor<uint1, shape=(1, 512, 7, 7)>
        return %38

    %344 = subgraph(%343):

         %0 = input                            # EncryptedTensor<uint1, shape=(1, 2048, 7, 7)>          @ /trunk/trunk.18/C3/Conv.conv_rounding
         %1 = astype(%0, dtype=float64)        # EncryptedTensor<float64, shape=(1, 2048, 7, 7)>
         %2 = 0                                # ClearScalar<uint1>
         %3 = add(%1, %2)                      # EncryptedTensor<float64, shape=(1, 2048, 7, 7)>
         %4 = [[[[0]]  [ ... ]  [[0]]]]        # ClearTensor<uint1, shape=(1, 2048, 1, 1)>
         %5 = subtract(%3, %4)                 # EncryptedTensor<float64, shape=(1, 2048, 7, 7)>
         %6 = 0.013007171383947469             # ClearScalar<float64>
         %7 = multiply(%6, %5)                 # EncryptedTensor<float64, shape=(1, 2048, 7, 7)>
         %8 = [[[[-0.211 ... 10218 ]]]]        # ClearTensor<float32, shape=(1, 2048, 1, 1)>
         %9 = subtract(%7, %8)                 # EncryptedTensor<float64, shape=(1, 2048, 7, 7)>
        %10 = [[[[0.6593 ... 106956]]]]        # ClearTensor<float32, shape=(1, 2048, 1, 1)>
        %11 = divide(%9, %10)                  # EncryptedTensor<float64, shape=(1, 2048, 7, 7)>
        %12 = [[[[0.6657 ... 80068 ]]]]        # ClearTensor<float32, shape=(1, 2048, 1, 1)>
        %13 = multiply(%11, %12)               # EncryptedTensor<float64, shape=(1, 2048, 7, 7)>
        %14 = [[[[-0.019 ... 698472]]]]        # ClearTensor<float32, shape=(1, 2048, 1, 1)>
        %15 = add(%13, %14)                    # EncryptedTensor<float64, shape=(1, 2048, 7, 7)>
        %16 = 1.1149497                        # ClearScalar<float32>
        %17 = divide(%15, %16)                 # EncryptedTensor<float64, shape=(1, 2048, 7, 7)>
        %18 = 0.0                              # ClearScalar<float32>
        %19 = add(%17, %18)                    # EncryptedTensor<float64, shape=(1, 2048, 7, 7)>
        %20 = -8.0                             # ClearScalar<float64>
        %21 = 7.0                              # ClearScalar<float64>
        %22 = clip(%19, %20, %21)              # EncryptedTensor<float64, shape=(1, 2048, 7, 7)>
        %23 = rint(%22)                        # EncryptedTensor<float64, shape=(1, 2048, 7, 7)>
        %24 = 0.0                              # ClearScalar<float32>
        %25 = subtract(%23, %24)               # EncryptedTensor<float64, shape=(1, 2048, 7, 7)>
        %26 = 1.1149497                        # ClearScalar<float32>
        %27 = multiply(%25, %26)               # EncryptedTensor<float64, shape=(1, 2048, 7, 7)>
        %28 = 1.1149497032165527               # ClearScalar<float64>
        %29 = divide(%27, %28)                 # EncryptedTensor<float64, shape=(1, 2048, 7, 7)>
        %30 = 0                                # ClearScalar<uint1>
        %31 = add(%29, %30)                    # EncryptedTensor<float64, shape=(1, 2048, 7, 7)>
        %32 = rint(%31)                        # EncryptedTensor<float64, shape=(1, 2048, 7, 7)>
        %33 = -8                               # ClearScalar<int4>
        %34 = 7                                # ClearScalar<uint3>
        %35 = clip(%32, %33, %34)              # EncryptedTensor<float64, shape=(1, 2048, 7, 7)>
        %36 = astype(%35, dtype=int_)          # EncryptedTensor<uint1, shape=(1, 2048, 7, 7)>
        return %36

    %345 = subgraph(%344):

         %0 = input                         # EncryptedTensor<uint1, shape=(1, 2048, 7, 7)>
         %1 = 0.0                           # ClearScalar<float64>
         %2 = subtract(%0, %1)              # EncryptedTensor<float64, shape=(1, 2048, 7, 7)>
         %3 = 1.1149497032165527            # ClearScalar<float64>
         %4 = multiply(%3, %2)              # EncryptedTensor<float64, shape=(1, 2048, 7, 7)>
         %5 = 1.4486960172653198            # ClearScalar<float64>
         %6 = divide(%4, %5)                # EncryptedTensor<float64, shape=(1, 2048, 7, 7)>
         %7 = 0                             # ClearScalar<uint1>
         %8 = add(%6, %7)                   # EncryptedTensor<float64, shape=(1, 2048, 7, 7)>
         %9 = rint(%8)                      # EncryptedTensor<float64, shape=(1, 2048, 7, 7)>
        %10 = astype(%9, dtype=int_)        # EncryptedTensor<uint1, shape=(1, 2048, 7, 7)>
        return %10

    %346 = subgraph(%328):

         %0 = input                         # EncryptedTensor<uint1, shape=(1, 2048, 7, 7)>
         %1 = 0.0                           # ClearScalar<float64>
         %2 = subtract(%0, %1)              # EncryptedTensor<float64, shape=(1, 2048, 7, 7)>
         %3 = 0.9619039297103882            # ClearScalar<float64>
         %4 = multiply(%3, %2)              # EncryptedTensor<float64, shape=(1, 2048, 7, 7)>
         %5 = 1.4486960172653198            # ClearScalar<float64>
         %6 = divide(%4, %5)                # EncryptedTensor<float64, shape=(1, 2048, 7, 7)>
         %7 = 0                             # ClearScalar<uint1>
         %8 = add(%6, %7)                   # EncryptedTensor<float64, shape=(1, 2048, 7, 7)>
         %9 = rint(%8)                      # EncryptedTensor<float64, shape=(1, 2048, 7, 7)>
        %10 = astype(%9, dtype=int_)        # EncryptedTensor<uint1, shape=(1, 2048, 7, 7)>
        return %10

    %350 = subgraph(%349):

         %0 = input                          # EncryptedTensor<uint2, shape=(1, 2048, 7, 7)>
         %1 = 0.0                            # ClearScalar<float64>
         %2 = subtract(%0, %1)               # EncryptedTensor<float64, shape=(1, 2048, 7, 7)>
         %3 = 1.4486960172653198             # ClearScalar<float64>
         %4 = multiply(%3, %2)               # EncryptedTensor<float64, shape=(1, 2048, 7, 7)>
         %5 = 0                              # ClearScalar<uint1>
         %6 = maximum(%4, %5)                # EncryptedTensor<float64, shape=(1, 2048, 7, 7)>
         %7 = 1.4110655                      # ClearScalar<float32>
         %8 = divide(%6, %7)                 # EncryptedTensor<float64, shape=(1, 2048, 7, 7)>
         %9 = 0.0                            # ClearScalar<float32>
        %10 = add(%8, %9)                    # EncryptedTensor<float64, shape=(1, 2048, 7, 7)>
        %11 = 0.0                            # ClearScalar<float64>
        %12 = 15.0                           # ClearScalar<float64>
        %13 = clip(%10, %11, %12)            # EncryptedTensor<float64, shape=(1, 2048, 7, 7)>
        %14 = rint(%13)                      # EncryptedTensor<float64, shape=(1, 2048, 7, 7)>
        %15 = 0.0                            # ClearScalar<float32>
        %16 = subtract(%14, %15)             # EncryptedTensor<float64, shape=(1, 2048, 7, 7)>
        %17 = 1.4110655                      # ClearScalar<float32>
        %18 = multiply(%16, %17)             # EncryptedTensor<float64, shape=(1, 2048, 7, 7)>
        %19 = 1.4110654592514038             # ClearScalar<float64>
        %20 = divide(%18, %19)               # EncryptedTensor<float64, shape=(1, 2048, 7, 7)>
        %21 = 0                              # ClearScalar<uint1>
        %22 = add(%20, %21)                  # EncryptedTensor<float64, shape=(1, 2048, 7, 7)>
        %23 = rint(%22)                      # EncryptedTensor<float64, shape=(1, 2048, 7, 7)>
        %24 = 0                              # ClearScalar<uint1>
        %25 = 15                             # ClearScalar<uint4>
        %26 = clip(%23, %24, %25)            # EncryptedTensor<float64, shape=(1, 2048, 7, 7)>
        %27 = astype(%26, dtype=int_)        # EncryptedTensor<uint1, shape=(1, 2048, 7, 7)>
        return %27

    %354 = subgraph(%353):

         %0 = input                            # EncryptedTensor<uint1, shape=(1, 512, 7, 7)>          @ /trunk/trunk.19/C1/Conv.conv_rounding
         %1 = astype(%0, dtype=float64)        # EncryptedTensor<float64, shape=(1, 512, 7, 7)>
         %2 = 0                                # ClearScalar<uint1>
         %3 = add(%1, %2)                      # EncryptedTensor<float64, shape=(1, 512, 7, 7)>
         %4 = [[[[0]]  [ ... ]  [[0]]]]        # ClearTensor<uint1, shape=(1, 512, 1, 1)>
         %5 = subtract(%3, %4)                 # EncryptedTensor<float64, shape=(1, 512, 7, 7)>
         %6 = 0.05837173141926                 # ClearScalar<float64>
         %7 = multiply(%6, %5)                 # EncryptedTensor<float64, shape=(1, 512, 7, 7)>
         %8 = [[[[ 3.760 ... 95128 ]]]]        # ClearTensor<float32, shape=(1, 512, 1, 1)>
         %9 = subtract(%7, %8)                 # EncryptedTensor<float64, shape=(1, 512, 7, 7)>
        %10 = [[[[ 8.938 ... 025666]]]]        # ClearTensor<float32, shape=(1, 512, 1, 1)>
        %11 = divide(%9, %10)                  # EncryptedTensor<float64, shape=(1, 512, 7, 7)>
        %12 = [[[[0.8755 ... 84989 ]]]]        # ClearTensor<float32, shape=(1, 512, 1, 1)>
        %13 = multiply(%11, %12)               # EncryptedTensor<float64, shape=(1, 512, 7, 7)>
        %14 = [[[[ 2.889 ... 52e-02]]]]        # ClearTensor<float32, shape=(1, 512, 1, 1)>
        %15 = add(%13, %14)                    # EncryptedTensor<float64, shape=(1, 512, 7, 7)>
        %16 = 0                                # ClearScalar<uint1>
        %17 = maximum(%15, %16)                # EncryptedTensor<float64, shape=(1, 512, 7, 7)>
        %18 = 0.52432126                       # ClearScalar<float32>
        %19 = divide(%17, %18)                 # EncryptedTensor<float64, shape=(1, 512, 7, 7)>
        %20 = 0.0                              # ClearScalar<float32>
        %21 = add(%19, %20)                    # EncryptedTensor<float64, shape=(1, 512, 7, 7)>
        %22 = 0.0                              # ClearScalar<float64>
        %23 = 15.0                             # ClearScalar<float64>
        %24 = clip(%21, %22, %23)              # EncryptedTensor<float64, shape=(1, 512, 7, 7)>
        %25 = rint(%24)                        # EncryptedTensor<float64, shape=(1, 512, 7, 7)>
        %26 = 0.0                              # ClearScalar<float32>
        %27 = subtract(%25, %26)               # EncryptedTensor<float64, shape=(1, 512, 7, 7)>
        %28 = 0.52432126                       # ClearScalar<float32>
        %29 = multiply(%27, %28)               # EncryptedTensor<float64, shape=(1, 512, 7, 7)>
        %30 = 0.5243212580680847               # ClearScalar<float64>
        %31 = divide(%29, %30)                 # EncryptedTensor<float64, shape=(1, 512, 7, 7)>
        %32 = 0                                # ClearScalar<uint1>
        %33 = add(%31, %32)                    # EncryptedTensor<float64, shape=(1, 512, 7, 7)>
        %34 = rint(%33)                        # EncryptedTensor<float64, shape=(1, 512, 7, 7)>
        %35 = 0                                # ClearScalar<uint1>
        %36 = 15                               # ClearScalar<uint4>
        %37 = clip(%34, %35, %36)              # EncryptedTensor<float64, shape=(1, 512, 7, 7)>
        %38 = astype(%37, dtype=int_)          # EncryptedTensor<uint1, shape=(1, 512, 7, 7)>
        return %38

    %362 = subgraph(%361):

         %0 = input                            # EncryptedTensor<uint1, shape=(1, 512, 7, 7)>          @ /trunk/trunk.19/C2/Conv.conv_rounding
         %1 = astype(%0, dtype=float64)        # EncryptedTensor<float64, shape=(1, 512, 7, 7)>
         %2 = 0                                # ClearScalar<uint1>
         %3 = add(%1, %2)                      # EncryptedTensor<float64, shape=(1, 512, 7, 7)>
         %4 = [[[[0]]  [ ... ]  [[0]]]]        # ClearTensor<uint1, shape=(1, 512, 1, 1)>
         %5 = subtract(%3, %4)                 # EncryptedTensor<float64, shape=(1, 512, 7, 7)>
         %6 = 0.008527874913509814             # ClearScalar<float64>
         %7 = multiply(%6, %5)                 # EncryptedTensor<float64, shape=(1, 512, 7, 7)>
         %8 = [[[[-1.320 ... 43876 ]]]]        # ClearTensor<float32, shape=(1, 512, 1, 1)>
         %9 = subtract(%7, %8)                 # EncryptedTensor<float64, shape=(1, 512, 7, 7)>
        %10 = [[[[3.2783 ... 616314]]]]        # ClearTensor<float32, shape=(1, 512, 1, 1)>
        %11 = divide(%9, %10)                  # EncryptedTensor<float64, shape=(1, 512, 7, 7)>
        %12 = [[[[0.8193 ... 843505]]]]        # ClearTensor<float32, shape=(1, 512, 1, 1)>
        %13 = multiply(%11, %12)               # EncryptedTensor<float64, shape=(1, 512, 7, 7)>
        %14 = [[[[-0.026 ... 162859]]]]        # ClearTensor<float32, shape=(1, 512, 1, 1)>
        %15 = add(%13, %14)                    # EncryptedTensor<float64, shape=(1, 512, 7, 7)>
        %16 = 0                                # ClearScalar<uint1>
        %17 = maximum(%15, %16)                # EncryptedTensor<float64, shape=(1, 512, 7, 7)>
        %18 = 0.51961327                       # ClearScalar<float32>
        %19 = divide(%17, %18)                 # EncryptedTensor<float64, shape=(1, 512, 7, 7)>
        %20 = 0.0                              # ClearScalar<float32>
        %21 = add(%19, %20)                    # EncryptedTensor<float64, shape=(1, 512, 7, 7)>
        %22 = 0.0                              # ClearScalar<float64>
        %23 = 15.0                             # ClearScalar<float64>
        %24 = clip(%21, %22, %23)              # EncryptedTensor<float64, shape=(1, 512, 7, 7)>
        %25 = rint(%24)                        # EncryptedTensor<float64, shape=(1, 512, 7, 7)>
        %26 = 0.0                              # ClearScalar<float32>
        %27 = subtract(%25, %26)               # EncryptedTensor<float64, shape=(1, 512, 7, 7)>
        %28 = 0.51961327                       # ClearScalar<float32>
        %29 = multiply(%27, %28)               # EncryptedTensor<float64, shape=(1, 512, 7, 7)>
        %30 = 0.5196132659912109               # ClearScalar<float64>
        %31 = divide(%29, %30)                 # EncryptedTensor<float64, shape=(1, 512, 7, 7)>
        %32 = 0                                # ClearScalar<uint1>
        %33 = add(%31, %32)                    # EncryptedTensor<float64, shape=(1, 512, 7, 7)>
        %34 = rint(%33)                        # EncryptedTensor<float64, shape=(1, 512, 7, 7)>
        %35 = 0                                # ClearScalar<uint1>
        %36 = 15                               # ClearScalar<uint4>
        %37 = clip(%34, %35, %36)              # EncryptedTensor<float64, shape=(1, 512, 7, 7)>
        %38 = astype(%37, dtype=int_)          # EncryptedTensor<uint1, shape=(1, 512, 7, 7)>
        return %38

    %366 = subgraph(%365):

         %0 = input                            # EncryptedTensor<uint1, shape=(1, 2048, 7, 7)>          @ /trunk/trunk.19/C3/Conv.conv_rounding
         %1 = astype(%0, dtype=float64)        # EncryptedTensor<float64, shape=(1, 2048, 7, 7)>
         %2 = 0                                # ClearScalar<uint1>
         %3 = add(%1, %2)                      # EncryptedTensor<float64, shape=(1, 2048, 7, 7)>
         %4 = [[[[0]]  [ ... ]  [[0]]]]        # ClearTensor<uint1, shape=(1, 2048, 1, 1)>
         %5 = subtract(%3, %4)                 # EncryptedTensor<float64, shape=(1, 2048, 7, 7)>
         %6 = 0.012065125250252606             # ClearScalar<float64>
         %7 = multiply(%6, %5)                 # EncryptedTensor<float64, shape=(1, 2048, 7, 7)>
         %8 = [[[[-0.178 ... 356856]]]]        # ClearTensor<float32, shape=(1, 2048, 1, 1)>
         %9 = subtract(%7, %8)                 # EncryptedTensor<float64, shape=(1, 2048, 7, 7)>
        %10 = [[[[0.5664 ... 31917 ]]]]        # ClearTensor<float32, shape=(1, 2048, 1, 1)>
        %11 = divide(%9, %10)                  # EncryptedTensor<float64, shape=(1, 2048, 7, 7)>
        %12 = [[[[0.4180 ... 076336]]]]        # ClearTensor<float32, shape=(1, 2048, 1, 1)>
        %13 = multiply(%11, %12)               # EncryptedTensor<float64, shape=(1, 2048, 7, 7)>
        %14 = [[[[-0.014 ... 702776]]]]        # ClearTensor<float32, shape=(1, 2048, 1, 1)>
        %15 = add(%13, %14)                    # EncryptedTensor<float64, shape=(1, 2048, 7, 7)>
        %16 = 1.019117                         # ClearScalar<float32>
        %17 = divide(%15, %16)                 # EncryptedTensor<float64, shape=(1, 2048, 7, 7)>
        %18 = 0.0                              # ClearScalar<float32>
        %19 = add(%17, %18)                    # EncryptedTensor<float64, shape=(1, 2048, 7, 7)>
        %20 = -8.0                             # ClearScalar<float64>
        %21 = 7.0                              # ClearScalar<float64>
        %22 = clip(%19, %20, %21)              # EncryptedTensor<float64, shape=(1, 2048, 7, 7)>
        %23 = rint(%22)                        # EncryptedTensor<float64, shape=(1, 2048, 7, 7)>
        %24 = 0.0                              # ClearScalar<float32>
        %25 = subtract(%23, %24)               # EncryptedTensor<float64, shape=(1, 2048, 7, 7)>
        %26 = 1.019117                         # ClearScalar<float32>
        %27 = multiply(%25, %26)               # EncryptedTensor<float64, shape=(1, 2048, 7, 7)>
        %28 = 1.019116997718811                # ClearScalar<float64>
        %29 = divide(%27, %28)                 # EncryptedTensor<float64, shape=(1, 2048, 7, 7)>
        %30 = 0                                # ClearScalar<uint1>
        %31 = add(%29, %30)                    # EncryptedTensor<float64, shape=(1, 2048, 7, 7)>
        %32 = rint(%31)                        # EncryptedTensor<float64, shape=(1, 2048, 7, 7)>
        %33 = -8                               # ClearScalar<int4>
        %34 = 7                                # ClearScalar<uint3>
        %35 = clip(%32, %33, %34)              # EncryptedTensor<float64, shape=(1, 2048, 7, 7)>
        %36 = astype(%35, dtype=int_)          # EncryptedTensor<uint1, shape=(1, 2048, 7, 7)>
        return %36

    %367 = subgraph(%366):

         %0 = input                         # EncryptedTensor<uint1, shape=(1, 2048, 7, 7)>
         %1 = 0.0                           # ClearScalar<float64>
         %2 = subtract(%0, %1)              # EncryptedTensor<float64, shape=(1, 2048, 7, 7)>
         %3 = 1.019116997718811             # ClearScalar<float64>
         %4 = multiply(%3, %2)              # EncryptedTensor<float64, shape=(1, 2048, 7, 7)>
         %5 = 1.5783104022343954            # ClearScalar<float64>
         %6 = divide(%4, %5)                # EncryptedTensor<float64, shape=(1, 2048, 7, 7)>
         %7 = 0                             # ClearScalar<uint1>
         %8 = add(%6, %7)                   # EncryptedTensor<float64, shape=(1, 2048, 7, 7)>
         %9 = rint(%8)                      # EncryptedTensor<float64, shape=(1, 2048, 7, 7)>
        %10 = astype(%9, dtype=int_)        # EncryptedTensor<uint1, shape=(1, 2048, 7, 7)>
        return %10

    %368 = subgraph(%350):

         %0 = input                         # EncryptedTensor<uint1, shape=(1, 2048, 7, 7)>
         %1 = 0.0                           # ClearScalar<float64>
         %2 = subtract(%0, %1)              # EncryptedTensor<float64, shape=(1, 2048, 7, 7)>
         %3 = 1.4110654592514038            # ClearScalar<float64>
         %4 = multiply(%3, %2)              # EncryptedTensor<float64, shape=(1, 2048, 7, 7)>
         %5 = 1.5783104022343954            # ClearScalar<float64>
         %6 = divide(%4, %5)                # EncryptedTensor<float64, shape=(1, 2048, 7, 7)>
         %7 = 0                             # ClearScalar<uint1>
         %8 = add(%6, %7)                   # EncryptedTensor<float64, shape=(1, 2048, 7, 7)>
         %9 = rint(%8)                      # EncryptedTensor<float64, shape=(1, 2048, 7, 7)>
        %10 = astype(%9, dtype=int_)        # EncryptedTensor<uint1, shape=(1, 2048, 7, 7)>
        return %10

    %372 = subgraph(%371):

         %0 = input                          # EncryptedTensor<uint2, shape=(1, 2048, 7, 7)>
         %1 = 0.0                            # ClearScalar<float64>
         %2 = subtract(%0, %1)               # EncryptedTensor<float64, shape=(1, 2048, 7, 7)>
         %3 = 1.5783104022343954             # ClearScalar<float64>
         %4 = multiply(%3, %2)               # EncryptedTensor<float64, shape=(1, 2048, 7, 7)>
         %5 = 0                              # ClearScalar<uint1>
         %6 = maximum(%4, %5)                # EncryptedTensor<float64, shape=(1, 2048, 7, 7)>
         %7 = 1.5702503                      # ClearScalar<float32>
         %8 = divide(%6, %7)                 # EncryptedTensor<float64, shape=(1, 2048, 7, 7)>
         %9 = 0.0                            # ClearScalar<float32>
        %10 = add(%8, %9)                    # EncryptedTensor<float64, shape=(1, 2048, 7, 7)>
        %11 = 0.0                            # ClearScalar<float64>
        %12 = 15.0                           # ClearScalar<float64>
        %13 = clip(%10, %11, %12)            # EncryptedTensor<float64, shape=(1, 2048, 7, 7)>
        %14 = rint(%13)                      # EncryptedTensor<float64, shape=(1, 2048, 7, 7)>
        %15 = 0.0                            # ClearScalar<float32>
        %16 = subtract(%14, %15)             # EncryptedTensor<float64, shape=(1, 2048, 7, 7)>
        %17 = 1.5702503                      # ClearScalar<float32>
        %18 = multiply(%16, %17)             # EncryptedTensor<float64, shape=(1, 2048, 7, 7)>
        %19 = 1.5702502727508545             # ClearScalar<float64>
        %20 = divide(%18, %19)               # EncryptedTensor<float64, shape=(1, 2048, 7, 7)>
        %21 = 0                              # ClearScalar<uint1>
        %22 = add(%20, %21)                  # EncryptedTensor<float64, shape=(1, 2048, 7, 7)>
        %23 = rint(%22)                      # EncryptedTensor<float64, shape=(1, 2048, 7, 7)>
        %24 = 0                              # ClearScalar<uint1>
        %25 = 15                             # ClearScalar<uint4>
        %26 = clip(%23, %24, %25)            # EncryptedTensor<float64, shape=(1, 2048, 7, 7)>
        %27 = astype(%26, dtype=int_)        # EncryptedTensor<uint1, shape=(1, 2048, 7, 7)>
        return %27

    %375 = subgraph(%374):

         %0 = input                            # EncryptedTensor<uint1, shape=(1, 2048, 1, 1)>          @ /trunk/trunk.20/AveragePool.avgpool
         %1 = astype(%0, dtype=float64)        # EncryptedTensor<float64, shape=(1, 2048, 1, 1)>
         %2 = 0.04                             # ClearScalar<float64>
         %3 = multiply(%1, %2)                 # EncryptedTensor<float64, shape=(1, 2048, 1, 1)>
         %4 = 0                                # ClearScalar<uint1>
         %5 = subtract(%3, %4)                 # EncryptedTensor<float64, shape=(1, 2048, 1, 1)>
         %6 = 1.5702502727508545               # ClearScalar<float64>
         %7 = multiply(%5, %6)                 # EncryptedTensor<float64, shape=(1, 2048, 1, 1)>
         %8 = 0.4186586                        # ClearScalar<float32>
         %9 = divide(%7, %8)                   # EncryptedTensor<float64, shape=(1, 2048, 1, 1)>
        %10 = 0.0                              # ClearScalar<float32>
        %11 = add(%9, %10)                     # EncryptedTensor<float64, shape=(1, 2048, 1, 1)>
        %12 = -8.0                             # ClearScalar<float64>
        %13 = 7.0                              # ClearScalar<float64>
        %14 = clip(%11, %12, %13)              # EncryptedTensor<float64, shape=(1, 2048, 1, 1)>
        %15 = rint(%14)                        # EncryptedTensor<float64, shape=(1, 2048, 1, 1)>
        %16 = 0.0                              # ClearScalar<float32>
        %17 = subtract(%15, %16)               # EncryptedTensor<float64, shape=(1, 2048, 1, 1)>
        %18 = 0.4186586                        # ClearScalar<float32>
        %19 = multiply(%17, %18)               # EncryptedTensor<float64, shape=(1, 2048, 1, 1)>
        %20 = 0.41865861415863037              # ClearScalar<float64>
        %21 = divide(%19, %20)                 # EncryptedTensor<float64, shape=(1, 2048, 1, 1)>
        %22 = 0                                # ClearScalar<uint1>
        %23 = add(%21, %22)                    # EncryptedTensor<float64, shape=(1, 2048, 1, 1)>
        %24 = rint(%23)                        # EncryptedTensor<float64, shape=(1, 2048, 1, 1)>
        %25 = -8                               # ClearScalar<int4>
        %26 = 7                                # ClearScalar<uint3>
        %27 = clip(%24, %25, %26)              # EncryptedTensor<float64, shape=(1, 2048, 1, 1)>
        %28 = astype(%27, dtype=int_)          # EncryptedTensor<uint1, shape=(1, 2048, 1, 1)>
        return %28
--------------------------------------------------------------------------------

Bit-Width Constraints
--------------------------------------------------------------------------------
%0:
    main.%0 >= 4
%1:
    main.%1 >= 4
%2:
    main.%2 >= 8
    main.%0 == main.%1
    main.%1 == main.%2
%3:
    main.%3 >= 8
%4:
    main.%4 >= 4
%5:
    main.%5 >= 4
%6:
    main.%6 >= 10
    main.%4 == main.%5
    main.%5 == main.%6
%7:
    main.%7 >= 10
%8:
    main.%8 >= 4
%9:
    main.%9 >= 1
%10:
    main.%10 >= 1
%11:
    main.%11 >= 1
    main.%9 == main.%10
    main.%10 == main.%11
%12:
    main.%12 >= 4
    main.%11 == main.%8
    main.%8 == main.%12
%13:
    main.%13 >= 4
%14:
    main.%14 >= 12
    main.%12 == main.%13
    main.%13 == main.%14
%15:
    main.%15 >= 12
%16:
    main.%16 >= 4
%17:
    main.%17 >= 4
%18:
    main.%18 >= 10
    main.%16 == main.%17
    main.%17 == main.%18
%19:
    main.%19 >= 10
%20:
    main.%20 >= 4
%21:
    main.%21 >= 4
%22:
    main.%22 >= 10
    main.%4 == main.%21
    main.%21 == main.%22
%23:
    main.%23 >= 10
%24:
    main.%24 >= 4
%25:
    main.%25 >= 4
%26:
    main.%26 >= 4
%27:
    main.%27 >= 1
%28:
    main.%28 >= 4
    main.%27 == main.%26
    main.%26 == main.%28
%29:
    main.%29 >= 5
    main.%25 == main.%28
    main.%28 == main.%29
%30:
    main.%30 >= 4
%31:
    main.%31 >= 4
%32:
    main.%32 >= 11
    main.%30 == main.%31
    main.%31 == main.%32
%33:
    main.%33 >= 11
%34:
    main.%34 >= 4
%35:
    main.%35 >= 1
%36:
    main.%36 >= 1
%37:
    main.%37 >= 1
    main.%35 == main.%36
    main.%36 == main.%37
%38:
    main.%38 >= 4
    main.%37 == main.%34
    main.%34 == main.%38
%39:
    main.%39 >= 4
%40:
    main.%40 >= 12
    main.%38 == main.%39
    main.%39 == main.%40
%41:
    main.%41 >= 12
%42:
    main.%42 >= 4
%43:
    main.%43 >= 4
%44:
    main.%44 >= 10
    main.%42 == main.%43
    main.%43 == main.%44
%45:
    main.%45 >= 10
%46:
    main.%46 >= 4
%47:
    main.%47 >= 4
%48:
    main.%48 >= 4
%49:
    main.%49 >= 1
%50:
    main.%50 >= 4
    main.%49 == main.%48
    main.%48 == main.%50
%51:
    main.%51 >= 5
    main.%47 == main.%50
    main.%50 == main.%51
%52:
    main.%52 >= 4
%53:
    main.%53 >= 4
%54:
    main.%54 >= 11
    main.%52 == main.%53
    main.%53 == main.%54
%55:
    main.%55 >= 11
%56:
    main.%56 >= 4
%57:
    main.%57 >= 1
%58:
    main.%58 >= 1
%59:
    main.%59 >= 1
    main.%57 == main.%58
    main.%58 == main.%59
%60:
    main.%60 >= 4
    main.%59 == main.%56
    main.%56 == main.%60
%61:
    main.%61 >= 4
%62:
    main.%62 >= 12
    main.%60 == main.%61
    main.%61 == main.%62
%63:
    main.%63 >= 12
%64:
    main.%64 >= 4
%65:
    main.%65 >= 4
%66:
    main.%66 >= 10
    main.%64 == main.%65
    main.%65 == main.%66
%67:
    main.%67 >= 10
%68:
    main.%68 >= 4
%69:
    main.%69 >= 4
%70:
    main.%70 >= 4
%71:
    main.%71 >= 1
%72:
    main.%72 >= 4
    main.%71 == main.%70
    main.%70 == main.%72
%73:
    main.%73 >= 5
    main.%69 == main.%72
    main.%72 == main.%73
%74:
    main.%74 >= 4
%75:
    main.%75 >= 4
%76:
    main.%76 >= 11
    main.%74 == main.%75
    main.%75 == main.%76
%77:
    main.%77 >= 11
%78:
    main.%78 >= 4
%79:
    main.%79 >= 1
%80:
    main.%80 >= 1
%81:
    main.%81 >= 1
    main.%79 == main.%80
    main.%80 == main.%81
%82:
    main.%82 >= 4
    main.%81 == main.%78
    main.%78 == main.%82
%83:
    main.%83 >= 4
%84:
    main.%84 >= 13
    main.%82 == main.%83
    main.%83 == main.%84
%85:
    main.%85 >= 12
%86:
    main.%86 >= 4
%87:
    main.%87 >= 4
%88:
    main.%88 >= 11
    main.%86 == main.%87
    main.%87 == main.%88
%89:
    main.%89 >= 11
%90:
    main.%90 >= 4
%91:
    main.%91 >= 4
%92:
    main.%92 >= 11
    main.%74 == main.%91
    main.%91 == main.%92
%93:
    main.%93 >= 11
%94:
    main.%94 >= 4
%95:
    main.%95 >= 4
%96:
    main.%96 >= 4
%97:
    main.%97 >= 1
%98:
    main.%98 >= 4
    main.%97 == main.%96
    main.%96 == main.%98
%99:
    main.%99 >= 5
    main.%95 == main.%98
    main.%98 == main.%99
%100:
    main.%100 >= 4
%101:
    main.%101 >= 4
%102:
    main.%102 >= 12
    main.%100 == main.%101
    main.%101 == main.%102
%103:
    main.%103 >= 12
%104:
    main.%104 >= 4
%105:
    main.%105 >= 1
%106:
    main.%106 >= 1
%107:
    main.%107 >= 1
    main.%105 == main.%106
    main.%106 == main.%107
%108:
    main.%108 >= 4
    main.%107 == main.%104
    main.%104 == main.%108
%109:
    main.%109 >= 4
%110:
    main.%110 >= 13
    main.%108 == main.%109
    main.%109 == main.%110
%111:
    main.%111 >= 12
%112:
    main.%112 >= 4
%113:
    main.%113 >= 4
%114:
    main.%114 >= 11
    main.%112 == main.%113
    main.%113 == main.%114
%115:
    main.%115 >= 11
%116:
    main.%116 >= 4
%117:
    main.%117 >= 4
%118:
    main.%118 >= 4
%119:
    main.%119 >= 1
%120:
    main.%120 >= 4
    main.%119 == main.%118
    main.%118 == main.%120
%121:
    main.%121 >= 5
    main.%117 == main.%120
    main.%120 == main.%121
%122:
    main.%122 >= 4
%123:
    main.%123 >= 4
%124:
    main.%124 >= 12
    main.%122 == main.%123
    main.%123 == main.%124
%125:
    main.%125 >= 12
%126:
    main.%126 >= 4
%127:
    main.%127 >= 1
%128:
    main.%128 >= 1
%129:
    main.%129 >= 1
    main.%127 == main.%128
    main.%128 == main.%129
%130:
    main.%130 >= 4
    main.%129 == main.%126
    main.%126 == main.%130
%131:
    main.%131 >= 4
%132:
    main.%132 >= 12
    main.%130 == main.%131
    main.%131 == main.%132
%133:
    main.%133 >= 12
%134:
    main.%134 >= 4
%135:
    main.%135 >= 4
%136:
    main.%136 >= 10
    main.%134 == main.%135
    main.%135 == main.%136
%137:
    main.%137 >= 10
%138:
    main.%138 >= 4
%139:
    main.%139 >= 4
%140:
    main.%140 >= 4
%141:
    main.%141 >= 1
%142:
    main.%142 >= 4
    main.%141 == main.%140
    main.%140 == main.%142
%143:
    main.%143 >= 5
    main.%139 == main.%142
    main.%142 == main.%143
%144:
    main.%144 >= 4
%145:
    main.%145 >= 4
%146:
    main.%146 >= 11
    main.%144 == main.%145
    main.%145 == main.%146
%147:
    main.%147 >= 11
%148:
    main.%148 >= 4
%149:
    main.%149 >= 1
%150:
    main.%150 >= 1
%151:
    main.%151 >= 1
    main.%149 == main.%150
    main.%150 == main.%151
%152:
    main.%152 >= 4
    main.%151 == main.%148
    main.%148 == main.%152
%153:
    main.%153 >= 4
%154:
    main.%154 >= 12
    main.%152 == main.%153
    main.%153 == main.%154
%155:
    main.%155 >= 12
%156:
    main.%156 >= 4
%157:
    main.%157 >= 4
%158:
    main.%158 >= 10
    main.%156 == main.%157
    main.%157 == main.%158
%159:
    main.%159 >= 10
%160:
    main.%160 >= 4
%161:
    main.%161 >= 4
%162:
    main.%162 >= 4
%163:
    main.%163 >= 1
%164:
    main.%164 >= 4
    main.%163 == main.%162
    main.%162 == main.%164
%165:
    main.%165 >= 5
    main.%161 == main.%164
    main.%164 == main.%165
%166:
    main.%166 >= 4
%167:
    main.%167 >= 4
%168:
    main.%168 >= 11
    main.%166 == main.%167
    main.%167 == main.%168
%169:
    main.%169 >= 11
%170:
    main.%170 >= 4
%171:
    main.%171 >= 1
%172:
    main.%172 >= 1
%173:
    main.%173 >= 1
    main.%171 == main.%172
    main.%172 == main.%173
%174:
    main.%174 >= 4
    main.%173 == main.%170
    main.%170 == main.%174
%175:
    main.%175 >= 4
%176:
    main.%176 >= 13
    main.%174 == main.%175
    main.%175 == main.%176
%177:
    main.%177 >= 13
%178:
    main.%178 >= 4
%179:
    main.%179 >= 4
%180:
    main.%180 >= 11
    main.%178 == main.%179
    main.%179 == main.%180
%181:
    main.%181 >= 11
%182:
    main.%182 >= 4
%183:
    main.%183 >= 4
%184:
    main.%184 >= 11
    main.%166 == main.%183
    main.%183 == main.%184
%185:
    main.%185 >= 11
%186:
    main.%186 >= 4
%187:
    main.%187 >= 4
%188:
    main.%188 >= 4
%189:
    main.%189 >= 1
%190:
    main.%190 >= 4
    main.%189 == main.%188
    main.%188 == main.%190
%191:
    main.%191 >= 5
    main.%187 == main.%190
    main.%190 == main.%191
%192:
    main.%192 >= 4
%193:
    main.%193 >= 4
%194:
    main.%194 >= 12
    main.%192 == main.%193
    main.%193 == main.%194
%195:
    main.%195 >= 12
%196:
    main.%196 >= 4
%197:
    main.%197 >= 1
%198:
    main.%198 >= 1
%199:
    main.%199 >= 1
    main.%197 == main.%198
    main.%198 == main.%199
%200:
    main.%200 >= 4
    main.%199 == main.%196
    main.%196 == main.%200
%201:
    main.%201 >= 4
%202:
    main.%202 >= 13
    main.%200 == main.%201
    main.%201 == main.%202
%203:
    main.%203 >= 13
%204:
    main.%204 >= 4
%205:
    main.%205 >= 4
%206:
    main.%206 >= 11
    main.%204 == main.%205
    main.%205 == main.%206
%207:
    main.%207 >= 11
%208:
    main.%208 >= 4
%209:
    main.%209 >= 4
%210:
    main.%210 >= 4
%211:
    main.%211 >= 1
%212:
    main.%212 >= 4
    main.%211 == main.%210
    main.%210 == main.%212
%213:
    main.%213 >= 6
    main.%209 == main.%212
    main.%212 == main.%213
%214:
    main.%214 >= 4
%215:
    main.%215 >= 4
%216:
    main.%216 >= 12
    main.%214 == main.%215
    main.%215 == main.%216
%217:
    main.%217 >= 12
%218:
    main.%218 >= 4
%219:
    main.%219 >= 1
%220:
    main.%220 >= 1
%221:
    main.%221 >= 1
    main.%219 == main.%220
    main.%220 == main.%221
%222:
    main.%222 >= 4
    main.%221 == main.%218
    main.%218 == main.%222
%223:
    main.%223 >= 4
%224:
    main.%224 >= 13
    main.%222 == main.%223
    main.%223 == main.%224
%225:
    main.%225 >= 13
%226:
    main.%226 >= 4
%227:
    main.%227 >= 4
%228:
    main.%228 >= 11
    main.%226 == main.%227
    main.%227 == main.%228
%229:
    main.%229 >= 11
%230:
    main.%230 >= 4
%231:
    main.%231 >= 4
%232:
    main.%232 >= 4
%233:
    main.%233 >= 1
%234:
    main.%234 >= 4
    main.%233 == main.%232
    main.%232 == main.%234
%235:
    main.%235 >= 6
    main.%231 == main.%234
    main.%234 == main.%235
%236:
    main.%236 >= 4
%237:
    main.%237 >= 4
%238:
    main.%238 >= 11
    main.%236 == main.%237
    main.%237 == main.%238
%239:
    main.%239 >= 11
%240:
    main.%240 >= 4
%241:
    main.%241 >= 1
%242:
    main.%242 >= 1
%243:
    main.%243 >= 1
    main.%241 == main.%242
    main.%242 == main.%243
%244:
    main.%244 >= 4
    main.%243 == main.%240
    main.%240 == main.%244
%245:
    main.%245 >= 4
%246:
    main.%246 >= 13
    main.%244 == main.%245
    main.%245 == main.%246
%247:
    main.%247 >= 13
%248:
    main.%248 >= 4
%249:
    main.%249 >= 4
%250:
    main.%250 >= 11
    main.%248 == main.%249
    main.%249 == main.%250
%251:
    main.%251 >= 11
%252:
    main.%252 >= 4
%253:
    main.%253 >= 4
%254:
    main.%254 >= 4
%255:
    main.%255 >= 1
%256:
    main.%256 >= 4
    main.%255 == main.%254
    main.%254 == main.%256
%257:
    main.%257 >= 6
    main.%253 == main.%256
    main.%256 == main.%257
%258:
    main.%258 >= 4
%259:
    main.%259 >= 4
%260:
    main.%260 >= 12
    main.%258 == main.%259
    main.%259 == main.%260
%261:
    main.%261 >= 12
%262:
    main.%262 >= 4
%263:
    main.%263 >= 1
%264:
    main.%264 >= 1
%265:
    main.%265 >= 1
    main.%263 == main.%264
    main.%264 == main.%265
%266:
    main.%266 >= 4
    main.%265 == main.%262
    main.%262 == main.%266
%267:
    main.%267 >= 4
%268:
    main.%268 >= 13
    main.%266 == main.%267
    main.%267 == main.%268
%269:
    main.%269 >= 13
%270:
    main.%270 >= 4
%271:
    main.%271 >= 4
%272:
    main.%272 >= 11
    main.%270 == main.%271
    main.%271 == main.%272
%273:
    main.%273 >= 11
%274:
    main.%274 >= 4
%275:
    main.%275 >= 4
%276:
    main.%276 >= 4
%277:
    main.%277 >= 1
%278:
    main.%278 >= 4
    main.%277 == main.%276
    main.%276 == main.%278
%279:
    main.%279 >= 6
    main.%275 == main.%278
    main.%278 == main.%279
%280:
    main.%280 >= 4
%281:
    main.%281 >= 4
%282:
    main.%282 >= 11
    main.%280 == main.%281
    main.%281 == main.%282
%283:
    main.%283 >= 11
%284:
    main.%284 >= 4
%285:
    main.%285 >= 1
%286:
    main.%286 >= 1
%287:
    main.%287 >= 1
    main.%285 == main.%286
    main.%286 == main.%287
%288:
    main.%288 >= 4
    main.%287 == main.%284
    main.%284 == main.%288
%289:
    main.%289 >= 4
%290:
    main.%290 >= 13
    main.%288 == main.%289
    main.%289 == main.%290
%291:
    main.%291 >= 13
%292:
    main.%292 >= 4
%293:
    main.%293 >= 4
%294:
    main.%294 >= 11
    main.%292 == main.%293
    main.%293 == main.%294
%295:
    main.%295 >= 11
%296:
    main.%296 >= 4
%297:
    main.%297 >= 3
%298:
    main.%298 >= 4
%299:
    main.%299 >= 1
%300:
    main.%300 >= 4
    main.%299 == main.%298
    main.%298 == main.%300
%301:
    main.%301 >= 6
    main.%297 == main.%300
    main.%300 == main.%301
%302:
    main.%302 >= 4
%303:
    main.%303 >= 4
%304:
    main.%304 >= 12
    main.%302 == main.%303
    main.%303 == main.%304
%305:
    main.%305 >= 12
%306:
    main.%306 >= 4
%307:
    main.%307 >= 1
%308:
    main.%308 >= 1
%309:
    main.%309 >= 1
    main.%307 == main.%308
    main.%308 == main.%309
%310:
    main.%310 >= 4
    main.%309 == main.%306
    main.%306 == main.%310
%311:
    main.%311 >= 4
%312:
    main.%312 >= 14
    main.%310 == main.%311
    main.%311 == main.%312
%313:
    main.%313 >= 14
%314:
    main.%314 >= 4
%315:
    main.%315 >= 4
%316:
    main.%316 >= 13
    main.%314 == main.%315
    main.%315 == main.%316
%317:
    main.%317 >= 13
%318:
    main.%318 >= 4
%319:
    main.%319 >= 4
%320:
    main.%320 >= 13
    main.%302 == main.%319
    main.%319 == main.%320
%321:
    main.%321 >= 13
%322:
    main.%322 >= 4
%323:
    main.%323 >= 4
%324:
    main.%324 >= 4
%325:
    main.%325 >= 1
%326:
    main.%326 >= 4
    main.%325 == main.%324
    main.%324 == main.%326
%327:
    main.%327 >= 5
    main.%323 == main.%326
    main.%326 == main.%327
%328:
    main.%328 >= 4
%329:
    main.%329 >= 4
%330:
    main.%330 >= 12
    main.%328 == main.%329
    main.%329 == main.%330
%331:
    main.%331 >= 12
%332:
    main.%332 >= 4
%333:
    main.%333 >= 1
%334:
    main.%334 >= 1
%335:
    main.%335 >= 1
    main.%333 == main.%334
    main.%334 == main.%335
%336:
    main.%336 >= 4
    main.%335 == main.%332
    main.%332 == main.%336
%337:
    main.%337 >= 4
%338:
    main.%338 >= 14
    main.%336 == main.%337
    main.%337 == main.%338
%339:
    main.%339 >= 14
%340:
    main.%340 >= 4
%341:
    main.%341 >= 4
%342:
    main.%342 >= 12
    main.%340 == main.%341
    main.%341 == main.%342
%343:
    main.%343 >= 12
%344:
    main.%344 >= 4
%345:
    main.%345 >= 4
%346:
    main.%346 >= 4
%347:
    main.%347 >= 1
%348:
    main.%348 >= 4
    main.%347 == main.%346
    main.%346 == main.%348
%349:
    main.%349 >= 5
    main.%345 == main.%348
    main.%348 == main.%349
%350:
    main.%350 >= 4
%351:
    main.%351 >= 4
%352:
    main.%352 >= 13
    main.%350 == main.%351
    main.%351 == main.%352
%353:
    main.%353 >= 13
%354:
    main.%354 >= 4
%355:
    main.%355 >= 1
%356:
    main.%356 >= 1
%357:
    main.%357 >= 1
    main.%355 == main.%356
    main.%356 == main.%357
%358:
    main.%358 >= 4
    main.%357 == main.%354
    main.%354 == main.%358
%359:
    main.%359 >= 4
%360:
    main.%360 >= 14
    main.%358 == main.%359
    main.%359 == main.%360
%361:
    main.%361 >= 14
%362:
    main.%362 >= 4
%363:
    main.%363 >= 4
%364:
    main.%364 >= 13
    main.%362 == main.%363
    main.%363 == main.%364
%365:
    main.%365 >= 13
%366:
    main.%366 >= 4
%367:
    main.%367 >= 4
%368:
    main.%368 >= 4
%369:
    main.%369 >= 1
%370:
    main.%370 >= 4
    main.%369 == main.%368
    main.%368 == main.%370
%371:
    main.%371 >= 6
    main.%367 == main.%370
    main.%370 == main.%371
%372:
    main.%372 >= 4
%373:
    main.%373 >= 1
%374:
    main.%374 >= 8
    main.%372 == main.%373
    main.%373 == main.%374
%375:
    main.%375 >= 3
%376:
    main.%376 >= 3
    main.%375 == main.%376
--------------------------------------------------------------------------------

Bit-Width Assignments
--------------------------------------------------------------------------------
  main.%0 = 8
  main.%1 = 8
  main.%2 = 8
  main.%3 = 8
  main.%4 = 10
  main.%5 = 10
  main.%6 = 10
  main.%7 = 10
  main.%8 = 12
  main.%9 = 12
 main.%10 = 12
 main.%11 = 12
 main.%12 = 12
 main.%13 = 12
 main.%14 = 12
 main.%15 = 12
 main.%16 = 10
 main.%17 = 10
 main.%18 = 10
 main.%19 = 10
 main.%20 = 4
 main.%21 = 10
 main.%22 = 10
 main.%23 = 10
 main.%24 = 4
 main.%25 = 5
 main.%26 = 5
 main.%27 = 5
 main.%28 = 5
 main.%29 = 5
 main.%30 = 11
 main.%31 = 11
 main.%32 = 11
 main.%33 = 11
 main.%34 = 12
 main.%35 = 12
 main.%36 = 12
 main.%37 = 12
 main.%38 = 12
 main.%39 = 12
 main.%40 = 12
 main.%41 = 12
 main.%42 = 10
 main.%43 = 10
 main.%44 = 10
 main.%45 = 10
 main.%46 = 4
 main.%47 = 5
 main.%48 = 5
 main.%49 = 5
 main.%50 = 5
 main.%51 = 5
 main.%52 = 11
 main.%53 = 11
 main.%54 = 11
 main.%55 = 11
 main.%56 = 12
 main.%57 = 12
 main.%58 = 12
 main.%59 = 12
 main.%60 = 12
 main.%61 = 12
 main.%62 = 12
 main.%63 = 12
 main.%64 = 10
 main.%65 = 10
 main.%66 = 10
 main.%67 = 10
 main.%68 = 4
 main.%69 = 5
 main.%70 = 5
 main.%71 = 5
 main.%72 = 5
 main.%73 = 5
 main.%74 = 11
 main.%75 = 11
 main.%76 = 11
 main.%77 = 11
 main.%78 = 13
 main.%79 = 13
 main.%80 = 13
 main.%81 = 13
 main.%82 = 13
 main.%83 = 13
 main.%84 = 13
 main.%85 = 12
 main.%86 = 11
 main.%87 = 11
 main.%88 = 11
 main.%89 = 11
 main.%90 = 4
 main.%91 = 11
 main.%92 = 11
 main.%93 = 11
 main.%94 = 4
 main.%95 = 5
 main.%96 = 5
 main.%97 = 5
 main.%98 = 5
 main.%99 = 5
main.%100 = 12
main.%101 = 12
main.%102 = 12
main.%103 = 12
main.%104 = 13
main.%105 = 13
main.%106 = 13
main.%107 = 13
main.%108 = 13
main.%109 = 13
main.%110 = 13
main.%111 = 12
main.%112 = 11
main.%113 = 11
main.%114 = 11
main.%115 = 11
main.%116 = 4
main.%117 = 5
main.%118 = 5
main.%119 = 5
main.%120 = 5
main.%121 = 5
main.%122 = 12
main.%123 = 12
main.%124 = 12
main.%125 = 12
main.%126 = 12
main.%127 = 12
main.%128 = 12
main.%129 = 12
main.%130 = 12
main.%131 = 12
main.%132 = 12
main.%133 = 12
main.%134 = 10
main.%135 = 10
main.%136 = 10
main.%137 = 10
main.%138 = 4
main.%139 = 5
main.%140 = 5
main.%141 = 5
main.%142 = 5
main.%143 = 5
main.%144 = 11
main.%145 = 11
main.%146 = 11
main.%147 = 11
main.%148 = 12
main.%149 = 12
main.%150 = 12
main.%151 = 12
main.%152 = 12
main.%153 = 12
main.%154 = 12
main.%155 = 12
main.%156 = 10
main.%157 = 10
main.%158 = 10
main.%159 = 10
main.%160 = 4
main.%161 = 5
main.%162 = 5
main.%163 = 5
main.%164 = 5
main.%165 = 5
main.%166 = 11
main.%167 = 11
main.%168 = 11
main.%169 = 11
main.%170 = 13
main.%171 = 13
main.%172 = 13
main.%173 = 13
main.%174 = 13
main.%175 = 13
main.%176 = 13
main.%177 = 13
main.%178 = 11
main.%179 = 11
main.%180 = 11
main.%181 = 11
main.%182 = 4
main.%183 = 11
main.%184 = 11
main.%185 = 11
main.%186 = 4
main.%187 = 5
main.%188 = 5
main.%189 = 5
main.%190 = 5
main.%191 = 5
main.%192 = 12
main.%193 = 12
main.%194 = 12
main.%195 = 12
main.%196 = 13
main.%197 = 13
main.%198 = 13
main.%199 = 13
main.%200 = 13
main.%201 = 13
main.%202 = 13
main.%203 = 13
main.%204 = 11
main.%205 = 11
main.%206 = 11
main.%207 = 11
main.%208 = 4
main.%209 = 6
main.%210 = 6
main.%211 = 6
main.%212 = 6
main.%213 = 6
main.%214 = 12
main.%215 = 12
main.%216 = 12
main.%217 = 12
main.%218 = 13
main.%219 = 13
main.%220 = 13
main.%221 = 13
main.%222 = 13
main.%223 = 13
main.%224 = 13
main.%225 = 13
main.%226 = 11
main.%227 = 11
main.%228 = 11
main.%229 = 11
main.%230 = 4
main.%231 = 6
main.%232 = 6
main.%233 = 6
main.%234 = 6
main.%235 = 6
main.%236 = 11
main.%237 = 11
main.%238 = 11
main.%239 = 11
main.%240 = 13
main.%241 = 13
main.%242 = 13
main.%243 = 13
main.%244 = 13
main.%245 = 13
main.%246 = 13
main.%247 = 13
main.%248 = 11
main.%249 = 11
main.%250 = 11
main.%251 = 11
main.%252 = 4
main.%253 = 6
main.%254 = 6
main.%255 = 6
main.%256 = 6
main.%257 = 6
main.%258 = 12
main.%259 = 12
main.%260 = 12
main.%261 = 12
main.%262 = 13
main.%263 = 13
main.%264 = 13
main.%265 = 13
main.%266 = 13
main.%267 = 13
main.%268 = 13
main.%269 = 13
main.%270 = 11
main.%271 = 11
main.%272 = 11
main.%273 = 11
main.%274 = 4
main.%275 = 6
main.%276 = 6
main.%277 = 6
main.%278 = 6
main.%279 = 6
main.%280 = 11
main.%281 = 11
main.%282 = 11
main.%283 = 11
main.%284 = 13
main.%285 = 13
main.%286 = 13
main.%287 = 13
main.%288 = 13
main.%289 = 13
main.%290 = 13
main.%291 = 13
main.%292 = 11
main.%293 = 11
main.%294 = 11
main.%295 = 11
main.%296 = 4
main.%297 = 6
main.%298 = 6
main.%299 = 6
main.%300 = 6
main.%301 = 6
main.%302 = 13
main.%303 = 13
main.%304 = 13
main.%305 = 12
main.%306 = 14
main.%307 = 14
main.%308 = 14
main.%309 = 14
main.%310 = 14
main.%311 = 14
main.%312 = 14
main.%313 = 14
main.%314 = 13
main.%315 = 13
main.%316 = 13
main.%317 = 13
main.%318 = 4
main.%319 = 13
main.%320 = 13
main.%321 = 13
main.%322 = 4
main.%323 = 5
main.%324 = 5
main.%325 = 5
main.%326 = 5
main.%327 = 5
main.%328 = 12
main.%329 = 12
main.%330 = 12
main.%331 = 12
main.%332 = 14
main.%333 = 14
main.%334 = 14
main.%335 = 14
main.%336 = 14
main.%337 = 14
main.%338 = 14
main.%339 = 14
main.%340 = 12
main.%341 = 12
main.%342 = 12
main.%343 = 12
main.%344 = 4
main.%345 = 5
main.%346 = 5
main.%347 = 5
main.%348 = 5
main.%349 = 5
main.%350 = 13
main.%351 = 13
main.%352 = 13
main.%353 = 13
main.%354 = 14
main.%355 = 14
main.%356 = 14
main.%357 = 14
main.%358 = 14
main.%359 = 14
main.%360 = 14
main.%361 = 14
main.%362 = 13
main.%363 = 13
main.%364 = 13
main.%365 = 13
main.%366 = 4
main.%367 = 6
main.%368 = 6
main.%369 = 6
main.%370 = 6
main.%371 = 6
main.%372 = 8
main.%373 = 8
main.%374 = 8
main.%375 = 3
main.%376 = 3
 main.max = 14
--------------------------------------------------------------------------------

Bit-Width Assigned Computation Graph
--------------------------------------------------------------------------------
  %0 = _inp_1                                                                                                             # EncryptedTensor<int8, shape=(1, 24, 56, 56)>            ∈ [-8, 7]
  %1 = [[[[ 0]]   ...   [[ 1]]]]                                                                                          # ClearTensor<int5, shape=(64, 24, 1, 1)>                 ∈ [-6, 7]              @ /trunk/trunk.1/Conv.conv
  %2 = conv2d(%0, %1, [0 0 0 0 0 ... 0 0 0 0 0], pads=[0, 0, 0, 0], strides=(1, 1), dilations=(1, 1), group=1)            # EncryptedTensor<int8, shape=(1, 64, 56, 56)>            ∈ [-98, 98]            @ /trunk/trunk.1/Conv.conv
  %3 = round_bit_pattern(%2, lsbs_to_remove=1, overflow_protection=False, exactness=Exactness.EXACT)                      # EncryptedTensor<int8, shape=(1, 64, 56, 56)>            ∈ [-98, 98]            @ /trunk/trunk.1/Conv.conv_rounding
  %4 = subgraph(%3)                                                                                                       # EncryptedTensor<int10, shape=(1, 64, 56, 56)>           ∈ [-8, 7]
  %5 = [[[[ 4]]   ...   [[ 0]]]]                                                                                          # ClearTensor<int5, shape=(64, 64, 1, 1)>                 ∈ [-7, 7]              @ /trunk/trunk.4/C1/Conv.conv
  %6 = conv2d(%4, %5, [0 0 0 0 0 ... 0 0 0 0 0], pads=[0, 0, 0, 0], strides=(1, 1), dilations=(1, 1), group=1)            # EncryptedTensor<int10, shape=(1, 64, 56, 56)>           ∈ [-271, 272]          @ /trunk/trunk.4/C1/Conv.conv
  %7 = round_bit_pattern(%6, lsbs_to_remove=3, overflow_protection=False, exactness=Exactness.EXACT)                      # EncryptedTensor<int10, shape=(1, 64, 56, 56)>           ∈ [-272, 272]          @ /trunk/trunk.4/C1/Conv.conv_rounding
  %8 = subgraph(%7)                                                                                                       # EncryptedTensor<uint12, shape=(1, 64, 56, 56)>          ∈ [0, 15]
  %9 = ones()                                                                                                             # EncryptedTensor<uint12, shape=(1, 64, 58, 58)>          ∈ [1, 1]
 %10 = 0                                                                                                                  # ClearScalar<uint2>                                      ∈ [0, 0]
 %11 = multiply(%9, %10)                                                                                                  # EncryptedTensor<uint12, shape=(1, 64, 58, 58)>          ∈ [0, 0]
 %12 = (%11[:, :, 1:57, 1:57] = %8)                                                                                       # EncryptedTensor<uint12, shape=(1, 64, 58, 58)>          ∈ [0, 15]
 %13 = [[[[ 0  1  ...   1  1]]]]                                                                                          # ClearTensor<int5, shape=(64, 64, 3, 3)>                 ∈ [-7, 7]              @ /trunk/trunk.4/C2/Conv.conv
 %14 = conv2d(%12, %13, [0 0 0 0 0 ... 0 0 0 0 0], pads=[0, 0, 0, 0], strides=(1, 1), dilations=(1, 1), group=1)          # EncryptedTensor<int12, shape=(1, 64, 56, 56)>           ∈ [-956, 1128]         @ /trunk/trunk.4/C2/Conv.conv
 %15 = round_bit_pattern(%14, lsbs_to_remove=4, overflow_protection=False, exactness=Exactness.EXACT)                     # EncryptedTensor<int12, shape=(1, 64, 56, 56)>           ∈ [-960, 1136]         @ /trunk/trunk.4/C2/Conv.conv_rounding
 %16 = subgraph(%15)                                                                                                      # EncryptedTensor<uint10, shape=(1, 64, 56, 56)>          ∈ [0, 15]
 %17 = [[[[-2]]   ...   [[ 1]]]]                                                                                          # ClearTensor<int5, shape=(256, 64, 1, 1)>                ∈ [-7, 7]              @ /trunk/trunk.4/C3/Conv.conv
 %18 = conv2d(%16, %17, [0 0 0 0 0 ... 0 0 0 0 0], pads=[0, 0, 0, 0], strides=(1, 1), dilations=(1, 1), group=1)          # EncryptedTensor<int10, shape=(1, 256, 56, 56)>          ∈ [-399, 403]          @ /trunk/trunk.4/C3/Conv.conv
 %19 = round_bit_pattern(%18, lsbs_to_remove=3, overflow_protection=False, exactness=Exactness.EXACT)                     # EncryptedTensor<int10, shape=(1, 256, 56, 56)>          ∈ [-400, 400]          @ /trunk/trunk.4/C3/Conv.conv_rounding
 %20 = subgraph(%19)                                                                                                      # EncryptedTensor<int4, shape=(1, 256, 56, 56)>           ∈ [-8, 7]
 %21 = [[[[ 3]]   ...   [[-4]]]]                                                                                          # ClearTensor<int5, shape=(256, 64, 1, 1)>                ∈ [-7, 7]              @ /trunk/trunk.4/shortcut/Conv.conv
 %22 = conv2d(%4, %21, [0 0 0 0 0 ... 0 0 0 0 0], pads=[0, 0, 0, 0], strides=(1, 1), dilations=(1, 1), group=1)           # EncryptedTensor<int10, shape=(1, 256, 56, 56)>          ∈ [-271, 290]          @ /trunk/trunk.4/shortcut/Conv.conv
 %23 = round_bit_pattern(%22, lsbs_to_remove=2, overflow_protection=False, exactness=Exactness.EXACT)                     # EncryptedTensor<int10, shape=(1, 256, 56, 56)>          ∈ [-272, 292]          @ /trunk/trunk.4/shortcut/Conv.conv_rounding
 %24 = subgraph(%23)                                                                                                      # EncryptedTensor<int4, shape=(1, 256, 56, 56)>           ∈ [-8, 7]
 %25 = subgraph(%20)                                                                                                      # EncryptedTensor<int5, shape=(1, 256, 56, 56)>           ∈ [-5, 5]
 %26 = subgraph(%24)                                                                                                      # EncryptedTensor<int5, shape=(1, 256, 56, 56)>           ∈ [-7, 6]
 %27 = 1                                                                                                                  # ClearScalar<uint2>                                      ∈ [1, 1]
 %28 = multiply(%27, %26)                                                                                                 # EncryptedTensor<int5, shape=(1, 256, 56, 56)>           ∈ [-7, 6]
 %29 = add(%25, %28)                                                                                                      # EncryptedTensor<int5, shape=(1, 256, 56, 56)>           ∈ [-12, 11]
 %30 = subgraph(%29)                                                                                                      # EncryptedTensor<uint11, shape=(1, 256, 56, 56)>         ∈ [0, 15]
 %31 = [[[[ 2]]   ...   [[ 2]]]]                                                                                          # ClearTensor<int5, shape=(64, 256, 1, 1)>                ∈ [-7, 7]              @ /trunk/trunk.5/C1/Conv.conv
 %32 = conv2d(%30, %31, [0 0 0 0 0 ... 0 0 0 0 0], pads=[0, 0, 0, 0], strides=(1, 1), dilations=(1, 1), group=1)          # EncryptedTensor<int11, shape=(1, 64, 56, 56)>           ∈ [-652, 633]          @ /trunk/trunk.5/C1/Conv.conv
 %33 = round_bit_pattern(%32, lsbs_to_remove=4, overflow_protection=False, exactness=Exactness.EXACT)                     # EncryptedTensor<int11, shape=(1, 64, 56, 56)>           ∈ [-656, 640]          @ /trunk/trunk.5/C1/Conv.conv_rounding
 %34 = subgraph(%33)                                                                                                      # EncryptedTensor<uint12, shape=(1, 64, 56, 56)>          ∈ [0, 15]
 %35 = ones()                                                                                                             # EncryptedTensor<uint12, shape=(1, 64, 58, 58)>          ∈ [1, 1]
 %36 = 0                                                                                                                  # ClearScalar<uint2>                                      ∈ [0, 0]
 %37 = multiply(%35, %36)                                                                                                 # EncryptedTensor<uint12, shape=(1, 64, 58, 58)>          ∈ [0, 0]
 %38 = (%37[:, :, 1:57, 1:57] = %34)                                                                                      # EncryptedTensor<uint12, shape=(1, 64, 58, 58)>          ∈ [0, 15]
 %39 = [[[[ 1  1  ...   3  1]]]]                                                                                          # ClearTensor<int5, shape=(64, 64, 3, 3)>                 ∈ [-7, 7]              @ /trunk/trunk.5/C2/Conv.conv
 %40 = conv2d(%38, %39, [0 0 0 0 0 ... 0 0 0 0 0], pads=[0, 0, 0, 0], strides=(1, 1), dilations=(1, 1), group=1)          # EncryptedTensor<int12, shape=(1, 64, 56, 56)>           ∈ [-1225, 1116]        @ /trunk/trunk.5/C2/Conv.conv
 %41 = round_bit_pattern(%40, lsbs_to_remove=4, overflow_protection=False, exactness=Exactness.EXACT)                     # EncryptedTensor<int12, shape=(1, 64, 56, 56)>           ∈ [-1232, 1120]        @ /trunk/trunk.5/C2/Conv.conv_rounding
 %42 = subgraph(%41)                                                                                                      # EncryptedTensor<uint10, shape=(1, 64, 56, 56)>          ∈ [0, 15]
 %43 = [[[[ 1]]   ...   [[-2]]]]                                                                                          # ClearTensor<int5, shape=(256, 64, 1, 1)>                ∈ [-7, 7]              @ /trunk/trunk.5/C3/Conv.conv
 %44 = conv2d(%42, %43, [0 0 0 0 0 ... 0 0 0 0 0], pads=[0, 0, 0, 0], strides=(1, 1), dilations=(1, 1), group=1)          # EncryptedTensor<int10, shape=(1, 256, 56, 56)>          ∈ [-381, 342]          @ /trunk/trunk.5/C3/Conv.conv
 %45 = round_bit_pattern(%44, lsbs_to_remove=3, overflow_protection=False, exactness=Exactness.EXACT)                     # EncryptedTensor<int10, shape=(1, 256, 56, 56)>          ∈ [-384, 344]          @ /trunk/trunk.5/C3/Conv.conv_rounding
 %46 = subgraph(%45)                                                                                                      # EncryptedTensor<int4, shape=(1, 256, 56, 56)>           ∈ [-8, 7]
 %47 = subgraph(%46)                                                                                                      # EncryptedTensor<int5, shape=(1, 256, 56, 56)>           ∈ [-6, 5]
 %48 = subgraph(%30)                                                                                                      # EncryptedTensor<uint5, shape=(1, 256, 56, 56)>          ∈ [0, 9]
 %49 = 1                                                                                                                  # ClearScalar<uint2>                                      ∈ [1, 1]
 %50 = multiply(%49, %48)                                                                                                 # EncryptedTensor<uint5, shape=(1, 256, 56, 56)>          ∈ [0, 9]
 %51 = add(%47, %50)                                                                                                      # EncryptedTensor<int5, shape=(1, 256, 56, 56)>           ∈ [-6, 14]
 %52 = subgraph(%51)                                                                                                      # EncryptedTensor<uint11, shape=(1, 256, 56, 56)>         ∈ [0, 15]
 %53 = [[[[-2]]   ...   [[ 2]]]]                                                                                          # ClearTensor<int5, shape=(64, 256, 1, 1)>                ∈ [-6, 7]              @ /trunk/trunk.6/C1/Conv.conv
 %54 = conv2d(%52, %53, [0 0 0 0 0 ... 0 0 0 0 0], pads=[0, 0, 0, 0], strides=(1, 1), dilations=(1, 1), group=1)          # EncryptedTensor<int11, shape=(1, 64, 56, 56)>           ∈ [-578, 573]          @ /trunk/trunk.6/C1/Conv.conv
 %55 = round_bit_pattern(%54, lsbs_to_remove=3, overflow_protection=False, exactness=Exactness.EXACT)                     # EncryptedTensor<int11, shape=(1, 64, 56, 56)>           ∈ [-576, 576]          @ /trunk/trunk.6/C1/Conv.conv_rounding
 %56 = subgraph(%55)                                                                                                      # EncryptedTensor<uint12, shape=(1, 64, 56, 56)>          ∈ [0, 15]
 %57 = ones()                                                                                                             # EncryptedTensor<uint12, shape=(1, 64, 58, 58)>          ∈ [1, 1]
 %58 = 0                                                                                                                  # ClearScalar<uint2>                                      ∈ [0, 0]
 %59 = multiply(%57, %58)                                                                                                 # EncryptedTensor<uint12, shape=(1, 64, 58, 58)>          ∈ [0, 0]
 %60 = (%59[:, :, 1:57, 1:57] = %56)                                                                                      # EncryptedTensor<uint12, shape=(1, 64, 58, 58)>          ∈ [0, 15]
 %61 = [[[[-2  3  ...  -1  4]]]]                                                                                          # ClearTensor<int5, shape=(64, 64, 3, 3)>                 ∈ [-7, 7]              @ /trunk/trunk.6/C2/Conv.conv
 %62 = conv2d(%60, %61, [0 0 0 0 0 ... 0 0 0 0 0], pads=[0, 0, 0, 0], strides=(1, 1), dilations=(1, 1), group=1)          # EncryptedTensor<int12, shape=(1, 64, 56, 56)>           ∈ [-1203, 1134]        @ /trunk/trunk.6/C2/Conv.conv
 %63 = round_bit_pattern(%62, lsbs_to_remove=4, overflow_protection=False, exactness=Exactness.EXACT)                     # EncryptedTensor<int12, shape=(1, 64, 56, 56)>           ∈ [-1200, 1136]        @ /trunk/trunk.6/C2/Conv.conv_rounding
 %64 = subgraph(%63)                                                                                                      # EncryptedTensor<uint10, shape=(1, 64, 56, 56)>          ∈ [0, 15]
 %65 = [[[[-1]]   ...   [[-1]]]]                                                                                          # ClearTensor<int5, shape=(256, 64, 1, 1)>                ∈ [-7, 7]              @ /trunk/trunk.6/C3/Conv.conv
 %66 = conv2d(%64, %65, [0 0 0 0 0 ... 0 0 0 0 0], pads=[0, 0, 0, 0], strides=(1, 1), dilations=(1, 1), group=1)          # EncryptedTensor<int10, shape=(1, 256, 56, 56)>          ∈ [-394, 439]          @ /trunk/trunk.6/C3/Conv.conv
 %67 = round_bit_pattern(%66, lsbs_to_remove=3, overflow_protection=False, exactness=Exactness.EXACT)                     # EncryptedTensor<int10, shape=(1, 256, 56, 56)>          ∈ [-392, 440]          @ /trunk/trunk.6/C3/Conv.conv_rounding
 %68 = subgraph(%67)                                                                                                      # EncryptedTensor<int4, shape=(1, 256, 56, 56)>           ∈ [-8, 7]
 %69 = subgraph(%68)                                                                                                      # EncryptedTensor<int5, shape=(1, 256, 56, 56)>           ∈ [-4, 4]
 %70 = subgraph(%52)                                                                                                      # EncryptedTensor<uint5, shape=(1, 256, 56, 56)>          ∈ [0, 9]
 %71 = 1                                                                                                                  # ClearScalar<uint2>                                      ∈ [1, 1]
 %72 = multiply(%71, %70)                                                                                                 # EncryptedTensor<uint5, shape=(1, 256, 56, 56)>          ∈ [0, 9]
 %73 = add(%69, %72)                                                                                                      # EncryptedTensor<int5, shape=(1, 256, 56, 56)>           ∈ [-4, 13]
 %74 = subgraph(%73)                                                                                                      # EncryptedTensor<uint11, shape=(1, 256, 56, 56)>         ∈ [0, 15]
 %75 = [[[[ 1]]   ...   [[ 0]]]]                                                                                          # ClearTensor<int5, shape=(128, 256, 1, 1)>               ∈ [-6, 7]              @ /trunk/trunk.7/C1/Conv.conv
 %76 = conv2d(%74, %75, [0 0 0 0 0 ... 0 0 0 0 0], pads=[0, 0, 0, 0], strides=(1, 1), dilations=(1, 1), group=1)          # EncryptedTensor<int11, shape=(1, 128, 56, 56)>          ∈ [-534, 630]          @ /trunk/trunk.7/C1/Conv.conv
 %77 = round_bit_pattern(%76, lsbs_to_remove=3, overflow_protection=False, exactness=Exactness.EXACT)                     # EncryptedTensor<int11, shape=(1, 128, 56, 56)>          ∈ [-536, 632]          @ /trunk/trunk.7/C1/Conv.conv_rounding
 %78 = subgraph(%77)                                                                                                      # EncryptedTensor<uint13, shape=(1, 128, 56, 56)>         ∈ [0, 15]
 %79 = ones()                                                                                                             # EncryptedTensor<uint13, shape=(1, 128, 58, 58)>         ∈ [1, 1]
 %80 = 0                                                                                                                  # ClearScalar<uint2>                                      ∈ [0, 0]
 %81 = multiply(%79, %80)                                                                                                 # EncryptedTensor<uint13, shape=(1, 128, 58, 58)>         ∈ [0, 0]
 %82 = (%81[:, :, 1:57, 1:57] = %78)                                                                                      # EncryptedTensor<uint13, shape=(1, 128, 58, 58)>         ∈ [0, 15]
 %83 = [[[[-1  0  ...  -2 -1]]]]                                                                                          # ClearTensor<int5, shape=(128, 128, 3, 3)>               ∈ [-7, 7]              @ /trunk/trunk.7/C2/Conv.conv
 %84 = conv2d(%82, %83, [0 0 0 0 0 ... 0 0 0 0 0], pads=[0, 0, 0, 0], strides=(2, 2), dilations=(1, 1), group=1)          # EncryptedTensor<int13, shape=(1, 128, 28, 28)>          ∈ [-2057, 1783]        @ /trunk/trunk.7/C2/Conv.conv
 %85 = round_bit_pattern(%84, lsbs_to_remove=5, overflow_protection=False, exactness=Exactness.EXACT)                     # EncryptedTensor<int12, shape=(1, 128, 28, 28)>          ∈ [-2048, 1792]        @ /trunk/trunk.7/C2/Conv.conv_rounding
 %86 = subgraph(%85)                                                                                                      # EncryptedTensor<uint11, shape=(1, 128, 28, 28)>         ∈ [0, 15]
 %87 = [[[[-1]]   ...   [[-3]]]]                                                                                          # ClearTensor<int5, shape=(512, 128, 1, 1)>               ∈ [-6, 7]              @ /trunk/trunk.7/C3/Conv.conv
 %88 = conv2d(%86, %87, [0 0 0 0 0 ... 0 0 0 0 0], pads=[0, 0, 0, 0], strides=(1, 1), dilations=(1, 1), group=1)          # EncryptedTensor<int11, shape=(1, 512, 28, 28)>          ∈ [-548, 640]          @ /trunk/trunk.7/C3/Conv.conv
 %89 = round_bit_pattern(%88, lsbs_to_remove=3, overflow_protection=False, exactness=Exactness.EXACT)                     # EncryptedTensor<int11, shape=(1, 512, 28, 28)>          ∈ [-544, 640]          @ /trunk/trunk.7/C3/Conv.conv_rounding
 %90 = subgraph(%89)                                                                                                      # EncryptedTensor<int4, shape=(1, 512, 28, 28)>           ∈ [-8, 7]
 %91 = [[[[ 1]]   ...   [[ 0]]]]                                                                                          # ClearTensor<int5, shape=(512, 256, 1, 1)>               ∈ [-7, 7]              @ /trunk/trunk.7/shortcut/Conv.conv
 %92 = conv2d(%74, %91, [0 0 0 0 0 ... 0 0 0 0 0], pads=[0, 0, 0, 0], strides=(2, 2), dilations=(1, 1), group=1)          # EncryptedTensor<int11, shape=(1, 512, 28, 28)>          ∈ [-622, 817]          @ /trunk/trunk.7/shortcut/Conv.conv
 %93 = round_bit_pattern(%92, lsbs_to_remove=4, overflow_protection=False, exactness=Exactness.EXACT)                     # EncryptedTensor<int11, shape=(1, 512, 28, 28)>          ∈ [-624, 816]          @ /trunk/trunk.7/shortcut/Conv.conv_rounding
 %94 = subgraph(%93)                                                                                                      # EncryptedTensor<int4, shape=(1, 512, 28, 28)>           ∈ [-8, 7]
 %95 = subgraph(%90)                                                                                                      # EncryptedTensor<int5, shape=(1, 512, 28, 28)>           ∈ [-6, 5]
 %96 = subgraph(%94)                                                                                                      # EncryptedTensor<int5, shape=(1, 512, 28, 28)>           ∈ [-6, 5]
 %97 = 1                                                                                                                  # ClearScalar<uint2>                                      ∈ [1, 1]
 %98 = multiply(%97, %96)                                                                                                 # EncryptedTensor<int5, shape=(1, 512, 28, 28)>           ∈ [-6, 5]
 %99 = add(%95, %98)                                                                                                      # EncryptedTensor<int5, shape=(1, 512, 28, 28)>           ∈ [-12, 10]
%100 = subgraph(%99)                                                                                                      # EncryptedTensor<uint12, shape=(1, 512, 28, 28)>         ∈ [0, 15]
%101 = [[[[-1]]   ...   [[ 0]]]]                                                                                          # ClearTensor<int5, shape=(128, 512, 1, 1)>               ∈ [-6, 7]              @ /trunk/trunk.8/C1/Conv.conv
%102 = conv2d(%100, %101, [0 0 0 0 0 ... 0 0 0 0 0], pads=[0, 0, 0, 0], strides=(1, 1), dilations=(1, 1), group=1)        # EncryptedTensor<int12, shape=(1, 128, 28, 28)>          ∈ [-878, 1167]         @ /trunk/trunk.8/C1/Conv.conv
%103 = round_bit_pattern(%102, lsbs_to_remove=4, overflow_protection=False, exactness=Exactness.EXACT)                    # EncryptedTensor<int12, shape=(1, 128, 28, 28)>          ∈ [-880, 1168]         @ /trunk/trunk.8/C1/Conv.conv_rounding
%104 = subgraph(%103)                                                                                                     # EncryptedTensor<uint13, shape=(1, 128, 28, 28)>         ∈ [0, 15]
%105 = ones()                                                                                                             # EncryptedTensor<uint13, shape=(1, 128, 30, 30)>         ∈ [1, 1]
%106 = 0                                                                                                                  # ClearScalar<uint2>                                      ∈ [0, 0]
%107 = multiply(%105, %106)                                                                                               # EncryptedTensor<uint13, shape=(1, 128, 30, 30)>         ∈ [0, 0]
%108 = (%107[:, :, 1:29, 1:29] = %104)                                                                                    # EncryptedTensor<uint13, shape=(1, 128, 30, 30)>         ∈ [0, 15]
%109 = [[[[-2 -1  ...   1  0]]]]                                                                                          # ClearTensor<int5, shape=(128, 128, 3, 3)>               ∈ [-7, 7]              @ /trunk/trunk.8/C2/Conv.conv
%110 = conv2d(%108, %109, [0 0 0 0 0 ... 0 0 0 0 0], pads=[0, 0, 0, 0], strides=(1, 1), dilations=(1, 1), group=1)        # EncryptedTensor<int13, shape=(1, 128, 28, 28)>          ∈ [-2050, 1849]        @ /trunk/trunk.8/C2/Conv.conv
%111 = round_bit_pattern(%110, lsbs_to_remove=5, overflow_protection=False, exactness=Exactness.EXACT)                    # EncryptedTensor<int12, shape=(1, 128, 28, 28)>          ∈ [-2048, 1856]        @ /trunk/trunk.8/C2/Conv.conv_rounding
%112 = subgraph(%111)                                                                                                     # EncryptedTensor<uint11, shape=(1, 128, 28, 28)>         ∈ [0, 15]
%113 = [[[[-2]]   ...   [[ 0]]]]                                                                                          # ClearTensor<int5, shape=(512, 128, 1, 1)>               ∈ [-7, 7]              @ /trunk/trunk.8/C3/Conv.conv
%114 = conv2d(%112, %113, [0 0 0 0 0 ... 0 0 0 0 0], pads=[0, 0, 0, 0], strides=(1, 1), dilations=(1, 1), group=1)        # EncryptedTensor<int11, shape=(1, 512, 28, 28)>          ∈ [-496, 524]          @ /trunk/trunk.8/C3/Conv.conv
%115 = round_bit_pattern(%114, lsbs_to_remove=3, overflow_protection=False, exactness=Exactness.EXACT)                    # EncryptedTensor<int11, shape=(1, 512, 28, 28)>          ∈ [-496, 528]          @ /trunk/trunk.8/C3/Conv.conv_rounding
%116 = subgraph(%115)                                                                                                     # EncryptedTensor<int4, shape=(1, 512, 28, 28)>           ∈ [-8, 7]
%117 = subgraph(%116)                                                                                                     # EncryptedTensor<int5, shape=(1, 512, 28, 28)>           ∈ [-6, 5]
%118 = subgraph(%100)                                                                                                     # EncryptedTensor<uint5, shape=(1, 512, 28, 28)>          ∈ [0, 8]
%119 = 1                                                                                                                  # ClearScalar<uint2>                                      ∈ [1, 1]
%120 = multiply(%119, %118)                                                                                               # EncryptedTensor<uint5, shape=(1, 512, 28, 28)>          ∈ [0, 8]
%121 = add(%117, %120)                                                                                                    # EncryptedTensor<int5, shape=(1, 512, 28, 28)>           ∈ [-6, 13]
%122 = subgraph(%121)                                                                                                     # EncryptedTensor<uint12, shape=(1, 512, 28, 28)>         ∈ [0, 15]
%123 = [[[[-2]]   ...   [[ 2]]]]                                                                                          # ClearTensor<int5, shape=(128, 512, 1, 1)>               ∈ [-6, 7]              @ /trunk/trunk.9/C1/Conv.conv
%124 = conv2d(%122, %123, [0 0 0 0 0 ... 0 0 0 0 0], pads=[0, 0, 0, 0], strides=(1, 1), dilations=(1, 1), group=1)        # EncryptedTensor<int12, shape=(1, 128, 28, 28)>          ∈ [-815, 1109]         @ /trunk/trunk.9/C1/Conv.conv
%125 = round_bit_pattern(%124, lsbs_to_remove=4, overflow_protection=False, exactness=Exactness.EXACT)                    # EncryptedTensor<int12, shape=(1, 128, 28, 28)>          ∈ [-816, 1104]         @ /trunk/trunk.9/C1/Conv.conv_rounding
%126 = subgraph(%125)                                                                                                     # EncryptedTensor<uint12, shape=(1, 128, 28, 28)>         ∈ [0, 15]
%127 = ones()                                                                                                             # EncryptedTensor<uint12, shape=(1, 128, 30, 30)>         ∈ [1, 1]
%128 = 0                                                                                                                  # ClearScalar<uint2>                                      ∈ [0, 0]
%129 = multiply(%127, %128)                                                                                               # EncryptedTensor<uint12, shape=(1, 128, 30, 30)>         ∈ [0, 0]
%130 = (%129[:, :, 1:29, 1:29] = %126)                                                                                    # EncryptedTensor<uint12, shape=(1, 128, 30, 30)>         ∈ [0, 15]
%131 = [[[[-2 -1  ...  -2  0]]]]                                                                                          # ClearTensor<int5, shape=(128, 128, 3, 3)>               ∈ [-7, 6]              @ /trunk/trunk.9/C2/Conv.conv
%132 = conv2d(%130, %131, [0 0 0 0 0 ... 0 0 0 0 0], pads=[0, 0, 0, 0], strides=(1, 1), dilations=(1, 1), group=1)        # EncryptedTensor<int12, shape=(1, 128, 28, 28)>          ∈ [-1825, 1527]        @ /trunk/trunk.9/C2/Conv.conv
%133 = round_bit_pattern(%132, lsbs_to_remove=5, overflow_protection=False, exactness=Exactness.EXACT)                    # EncryptedTensor<int12, shape=(1, 128, 28, 28)>          ∈ [-1824, 1536]        @ /trunk/trunk.9/C2/Conv.conv_rounding
%134 = subgraph(%133)                                                                                                     # EncryptedTensor<uint10, shape=(1, 128, 28, 28)>         ∈ [0, 15]
%135 = [[[[ 0]]   ...   [[ 2]]]]                                                                                          # ClearTensor<int5, shape=(512, 128, 1, 1)>               ∈ [-6, 7]              @ /trunk/trunk.9/C3/Conv.conv
%136 = conv2d(%134, %135, [0 0 0 0 0 ... 0 0 0 0 0], pads=[0, 0, 0, 0], strides=(1, 1), dilations=(1, 1), group=1)        # EncryptedTensor<int10, shape=(1, 512, 28, 28)>          ∈ [-460, 475]          @ /trunk/trunk.9/C3/Conv.conv
%137 = round_bit_pattern(%136, lsbs_to_remove=3, overflow_protection=False, exactness=Exactness.EXACT)                    # EncryptedTensor<int10, shape=(1, 512, 28, 28)>          ∈ [-456, 472]          @ /trunk/trunk.9/C3/Conv.conv_rounding
%138 = subgraph(%137)                                                                                                     # EncryptedTensor<int4, shape=(1, 512, 28, 28)>           ∈ [-8, 7]
%139 = subgraph(%138)                                                                                                     # EncryptedTensor<int5, shape=(1, 512, 28, 28)>           ∈ [-5, 4]
%140 = subgraph(%122)                                                                                                     # EncryptedTensor<uint5, shape=(1, 512, 28, 28)>          ∈ [0, 9]
%141 = 1                                                                                                                  # ClearScalar<uint2>                                      ∈ [1, 1]
%142 = multiply(%141, %140)                                                                                               # EncryptedTensor<uint5, shape=(1, 512, 28, 28)>          ∈ [0, 9]
%143 = add(%139, %142)                                                                                                    # EncryptedTensor<int5, shape=(1, 512, 28, 28)>           ∈ [-5, 13]
%144 = subgraph(%143)                                                                                                     # EncryptedTensor<uint11, shape=(1, 512, 28, 28)>         ∈ [0, 15]
%145 = [[[[ 1]]   ...   [[ 0]]]]                                                                                          # ClearTensor<int5, shape=(128, 512, 1, 1)>               ∈ [-6, 7]              @ /trunk/trunk.10/C1/Conv.conv
%146 = conv2d(%144, %145, [0 0 0 0 0 ... 0 0 0 0 0], pads=[0, 0, 0, 0], strides=(1, 1), dilations=(1, 1), group=1)        # EncryptedTensor<int11, shape=(1, 128, 28, 28)>          ∈ [-654, 871]          @ /trunk/trunk.10/C1/Conv.conv
%147 = round_bit_pattern(%146, lsbs_to_remove=4, overflow_protection=False, exactness=Exactness.EXACT)                    # EncryptedTensor<int11, shape=(1, 128, 28, 28)>          ∈ [-656, 864]          @ /trunk/trunk.10/C1/Conv.conv_rounding
%148 = subgraph(%147)                                                                                                     # EncryptedTensor<uint12, shape=(1, 128, 28, 28)>         ∈ [0, 15]
%149 = ones()                                                                                                             # EncryptedTensor<uint12, shape=(1, 128, 30, 30)>         ∈ [1, 1]
%150 = 0                                                                                                                  # ClearScalar<uint2>                                      ∈ [0, 0]
%151 = multiply(%149, %150)                                                                                               # EncryptedTensor<uint12, shape=(1, 128, 30, 30)>         ∈ [0, 0]
%152 = (%151[:, :, 1:29, 1:29] = %148)                                                                                    # EncryptedTensor<uint12, shape=(1, 128, 30, 30)>         ∈ [0, 15]
%153 = [[[[-1  0  ...  -2  1]]]]                                                                                          # ClearTensor<int5, shape=(128, 128, 3, 3)>               ∈ [-7, 6]              @ /trunk/trunk.10/C2/Conv.conv
%154 = conv2d(%152, %153, [0 0 0 0 0 ... 0 0 0 0 0], pads=[0, 0, 0, 0], strides=(1, 1), dilations=(1, 1), group=1)        # EncryptedTensor<int12, shape=(1, 128, 28, 28)>          ∈ [-1550, 1634]        @ /trunk/trunk.10/C2/Conv.conv
%155 = round_bit_pattern(%154, lsbs_to_remove=5, overflow_protection=False, exactness=Exactness.EXACT)                    # EncryptedTensor<int12, shape=(1, 128, 28, 28)>          ∈ [-1536, 1632]        @ /trunk/trunk.10/C2/Conv.conv_rounding
%156 = subgraph(%155)                                                                                                     # EncryptedTensor<uint10, shape=(1, 128, 28, 28)>         ∈ [0, 15]
%157 = [[[[-1]]   ...   [[-2]]]]                                                                                          # ClearTensor<int5, shape=(512, 128, 1, 1)>               ∈ [-6, 7]              @ /trunk/trunk.10/C3/Conv.conv
%158 = conv2d(%156, %157, [0 0 0 0 0 ... 0 0 0 0 0], pads=[0, 0, 0, 0], strides=(1, 1), dilations=(1, 1), group=1)        # EncryptedTensor<int10, shape=(1, 512, 28, 28)>          ∈ [-455, 482]          @ /trunk/trunk.10/C3/Conv.conv
%159 = round_bit_pattern(%158, lsbs_to_remove=3, overflow_protection=False, exactness=Exactness.EXACT)                    # EncryptedTensor<int10, shape=(1, 512, 28, 28)>          ∈ [-456, 480]          @ /trunk/trunk.10/C3/Conv.conv_rounding
%160 = subgraph(%159)                                                                                                     # EncryptedTensor<int4, shape=(1, 512, 28, 28)>           ∈ [-8, 7]
%161 = subgraph(%160)                                                                                                     # EncryptedTensor<int5, shape=(1, 512, 28, 28)>           ∈ [-4, 4]
%162 = subgraph(%144)                                                                                                     # EncryptedTensor<uint5, shape=(1, 512, 28, 28)>          ∈ [0, 10]
%163 = 1                                                                                                                  # ClearScalar<uint2>                                      ∈ [1, 1]
%164 = multiply(%163, %162)                                                                                               # EncryptedTensor<uint5, shape=(1, 512, 28, 28)>          ∈ [0, 10]
%165 = add(%161, %164)                                                                                                    # EncryptedTensor<int5, shape=(1, 512, 28, 28)>           ∈ [-4, 14]
%166 = subgraph(%165)                                                                                                     # EncryptedTensor<uint11, shape=(1, 512, 28, 28)>         ∈ [0, 15]
%167 = [[[[-2]]   ...   [[ 1]]]]                                                                                          # ClearTensor<int5, shape=(256, 512, 1, 1)>               ∈ [-7, 6]              @ /trunk/trunk.11/C1/Conv.conv
%168 = conv2d(%166, %167, [0 0 0 0 0 ... 0 0 0 0 0], pads=[0, 0, 0, 0], strides=(1, 1), dilations=(1, 1), group=1)        # EncryptedTensor<int11, shape=(1, 256, 28, 28)>          ∈ [-671, 891]          @ /trunk/trunk.11/C1/Conv.conv
%169 = round_bit_pattern(%168, lsbs_to_remove=4, overflow_protection=False, exactness=Exactness.EXACT)                    # EncryptedTensor<int11, shape=(1, 256, 28, 28)>          ∈ [-672, 896]          @ /trunk/trunk.11/C1/Conv.conv_rounding
%170 = subgraph(%169)                                                                                                     # EncryptedTensor<uint13, shape=(1, 256, 28, 28)>         ∈ [0, 15]
%171 = ones()                                                                                                             # EncryptedTensor<uint13, shape=(1, 256, 30, 30)>         ∈ [1, 1]
%172 = 0                                                                                                                  # ClearScalar<uint2>                                      ∈ [0, 0]
%173 = multiply(%171, %172)                                                                                               # EncryptedTensor<uint13, shape=(1, 256, 30, 30)>         ∈ [0, 0]
%174 = (%173[:, :, 1:29, 1:29] = %170)                                                                                    # EncryptedTensor<uint13, shape=(1, 256, 30, 30)>         ∈ [0, 15]
%175 = [[[[ 0 -2  ...   1  2]]]]                                                                                          # ClearTensor<int5, shape=(256, 256, 3, 3)>               ∈ [-7, 7]              @ /trunk/trunk.11/C2/Conv.conv
%176 = conv2d(%174, %175, [0 0 0 0 0 ... 0 0 0 0 0], pads=[0, 0, 0, 0], strides=(2, 2), dilations=(1, 1), group=1)        # EncryptedTensor<int13, shape=(1, 256, 14, 14)>          ∈ [-2863, 4004]        @ /trunk/trunk.11/C2/Conv.conv
%177 = round_bit_pattern(%176, lsbs_to_remove=6, overflow_protection=False, exactness=Exactness.EXACT)                    # EncryptedTensor<int13, shape=(1, 256, 14, 14)>          ∈ [-2880, 4032]        @ /trunk/trunk.11/C2/Conv.conv_rounding
%178 = subgraph(%177)                                                                                                     # EncryptedTensor<uint11, shape=(1, 256, 14, 14)>         ∈ [0, 15]
%179 = [[[[ 1]]   ...   [[ 3]]]]                                                                                          # ClearTensor<int5, shape=(1024, 256, 1, 1)>              ∈ [-6, 7]              @ /trunk/trunk.11/C3/Conv.conv
%180 = conv2d(%178, %179, [0 0 0 ... 0 0 0], pads=[0, 0, 0, 0], strides=(1, 1), dilations=(1, 1), group=1)                # EncryptedTensor<int11, shape=(1, 1024, 14, 14)>         ∈ [-665, 732]          @ /trunk/trunk.11/C3/Conv.conv
%181 = round_bit_pattern(%180, lsbs_to_remove=4, overflow_protection=False, exactness=Exactness.EXACT)                    # EncryptedTensor<int11, shape=(1, 1024, 14, 14)>         ∈ [-672, 736]          @ /trunk/trunk.11/C3/Conv.conv_rounding
%182 = subgraph(%181)                                                                                                     # EncryptedTensor<int4, shape=(1, 1024, 14, 14)>          ∈ [-8, 7]
%183 = [[[[ 1]]   ...   [[ 0]]]]                                                                                          # ClearTensor<int5, shape=(1024, 512, 1, 1)>              ∈ [-7, 6]              @ /trunk/trunk.11/shortcut/Conv.conv
%184 = conv2d(%166, %183, [0 0 0 ... 0 0 0], pads=[0, 0, 0, 0], strides=(2, 2), dilations=(1, 1), group=1)                # EncryptedTensor<int11, shape=(1, 1024, 14, 14)>         ∈ [-914, 1013]         @ /trunk/trunk.11/shortcut/Conv.conv
%185 = round_bit_pattern(%184, lsbs_to_remove=4, overflow_protection=False, exactness=Exactness.EXACT)                    # EncryptedTensor<int11, shape=(1, 1024, 14, 14)>         ∈ [-912, 1008]         @ /trunk/trunk.11/shortcut/Conv.conv_rounding
%186 = subgraph(%185)                                                                                                     # EncryptedTensor<int4, shape=(1, 1024, 14, 14)>          ∈ [-8, 7]
%187 = subgraph(%182)                                                                                                     # EncryptedTensor<int5, shape=(1, 1024, 14, 14)>          ∈ [-7, 6]
%188 = subgraph(%186)                                                                                                     # EncryptedTensor<int5, shape=(1, 1024, 14, 14)>          ∈ [-5, 5]
%189 = 1                                                                                                                  # ClearScalar<uint2>                                      ∈ [1, 1]
%190 = multiply(%189, %188)                                                                                               # EncryptedTensor<int5, shape=(1, 1024, 14, 14)>          ∈ [-5, 5]
%191 = add(%187, %190)                                                                                                    # EncryptedTensor<int5, shape=(1, 1024, 14, 14)>          ∈ [-12, 11]
%192 = subgraph(%191)                                                                                                     # EncryptedTensor<uint12, shape=(1, 1024, 14, 14)>        ∈ [0, 15]
%193 = [[[[-1]]   ...   [[ 0]]]]                                                                                          # ClearTensor<int5, shape=(256, 1024, 1, 1)>              ∈ [-6, 7]              @ /trunk/trunk.12/C1/Conv.conv
%194 = conv2d(%192, %193, [0 0 0 0 0 ... 0 0 0 0 0], pads=[0, 0, 0, 0], strides=(1, 1), dilations=(1, 1), group=1)        # EncryptedTensor<int12, shape=(1, 256, 14, 14)>          ∈ [-1219, 1589]        @ /trunk/trunk.12/C1/Conv.conv
%195 = round_bit_pattern(%194, lsbs_to_remove=5, overflow_protection=False, exactness=Exactness.EXACT)                    # EncryptedTensor<int12, shape=(1, 256, 14, 14)>          ∈ [-1216, 1600]        @ /trunk/trunk.12/C1/Conv.conv_rounding
%196 = subgraph(%195)                                                                                                     # EncryptedTensor<uint13, shape=(1, 256, 14, 14)>         ∈ [0, 15]
%197 = ones()                                                                                                             # EncryptedTensor<uint13, shape=(1, 256, 16, 16)>         ∈ [1, 1]
%198 = 0                                                                                                                  # ClearScalar<uint2>                                      ∈ [0, 0]
%199 = multiply(%197, %198)                                                                                               # EncryptedTensor<uint13, shape=(1, 256, 16, 16)>         ∈ [0, 0]
%200 = (%199[:, :, 1:15, 1:15] = %196)                                                                                    # EncryptedTensor<uint13, shape=(1, 256, 16, 16)>         ∈ [0, 15]
%201 = [[[[ 1  1  ...  -3 -1]]]]                                                                                          # ClearTensor<int5, shape=(256, 256, 3, 3)>               ∈ [-7, 7]              @ /trunk/trunk.12/C2/Conv.conv
%202 = conv2d(%200, %201, [0 0 0 0 0 ... 0 0 0 0 0], pads=[0, 0, 0, 0], strides=(1, 1), dilations=(1, 1), group=1)        # EncryptedTensor<int13, shape=(1, 256, 14, 14)>          ∈ [-3249, 3052]        @ /trunk/trunk.12/C2/Conv.conv
%203 = round_bit_pattern(%202, lsbs_to_remove=6, overflow_protection=False, exactness=Exactness.EXACT)                    # EncryptedTensor<int13, shape=(1, 256, 14, 14)>          ∈ [-3264, 3072]        @ /trunk/trunk.12/C2/Conv.conv_rounding
%204 = subgraph(%203)                                                                                                     # EncryptedTensor<uint11, shape=(1, 256, 14, 14)>         ∈ [0, 15]
%205 = [[[[ 1]]   ...   [[-1]]]]                                                                                          # ClearTensor<int5, shape=(1024, 256, 1, 1)>              ∈ [-7, 6]              @ /trunk/trunk.12/C3/Conv.conv
%206 = conv2d(%204, %205, [0 0 0 ... 0 0 0], pads=[0, 0, 0, 0], strides=(1, 1), dilations=(1, 1), group=1)                # EncryptedTensor<int11, shape=(1, 1024, 14, 14)>         ∈ [-512, 536]          @ /trunk/trunk.12/C3/Conv.conv
%207 = round_bit_pattern(%206, lsbs_to_remove=3, overflow_protection=False, exactness=Exactness.EXACT)                    # EncryptedTensor<int11, shape=(1, 1024, 14, 14)>         ∈ [-512, 536]          @ /trunk/trunk.12/C3/Conv.conv_rounding
%208 = subgraph(%207)                                                                                                     # EncryptedTensor<int4, shape=(1, 1024, 14, 14)>          ∈ [-8, 7]
%209 = subgraph(%208)                                                                                                     # EncryptedTensor<int6, shape=(1, 1024, 14, 14)>          ∈ [-7, 6]
%210 = subgraph(%192)                                                                                                     # EncryptedTensor<uint6, shape=(1, 1024, 14, 14)>         ∈ [0, 10]
%211 = 1                                                                                                                  # ClearScalar<uint2>                                      ∈ [1, 1]
%212 = multiply(%211, %210)                                                                                               # EncryptedTensor<uint6, shape=(1, 1024, 14, 14)>         ∈ [0, 10]
%213 = add(%209, %212)                                                                                                    # EncryptedTensor<int6, shape=(1, 1024, 14, 14)>          ∈ [-7, 16]
%214 = subgraph(%213)                                                                                                     # EncryptedTensor<uint12, shape=(1, 1024, 14, 14)>        ∈ [0, 15]
%215 = [[[[ 0]]   ...   [[ 1]]]]                                                                                          # ClearTensor<int5, shape=(256, 1024, 1, 1)>              ∈ [-7, 5]              @ /trunk/trunk.13/C1/Conv.conv
%216 = conv2d(%214, %215, [0 0 0 0 0 ... 0 0 0 0 0], pads=[0, 0, 0, 0], strides=(1, 1), dilations=(1, 1), group=1)        # EncryptedTensor<int12, shape=(1, 256, 14, 14)>          ∈ [-884, 1107]         @ /trunk/trunk.13/C1/Conv.conv
%217 = round_bit_pattern(%216, lsbs_to_remove=4, overflow_protection=False, exactness=Exactness.EXACT)                    # EncryptedTensor<int12, shape=(1, 256, 14, 14)>          ∈ [-880, 1104]         @ /trunk/trunk.13/C1/Conv.conv_rounding
%218 = subgraph(%217)                                                                                                     # EncryptedTensor<uint13, shape=(1, 256, 14, 14)>         ∈ [0, 15]
%219 = ones()                                                                                                             # EncryptedTensor<uint13, shape=(1, 256, 16, 16)>         ∈ [1, 1]
%220 = 0                                                                                                                  # ClearScalar<uint2>                                      ∈ [0, 0]
%221 = multiply(%219, %220)                                                                                               # EncryptedTensor<uint13, shape=(1, 256, 16, 16)>         ∈ [0, 0]
%222 = (%221[:, :, 1:15, 1:15] = %218)                                                                                    # EncryptedTensor<uint13, shape=(1, 256, 16, 16)>         ∈ [0, 15]
%223 = [[[[ 1 -2  ...  -1  0]]]]                                                                                          # ClearTensor<int5, shape=(256, 256, 3, 3)>               ∈ [-7, 7]              @ /trunk/trunk.13/C2/Conv.conv
%224 = conv2d(%222, %223, [0 0 0 0 0 ... 0 0 0 0 0], pads=[0, 0, 0, 0], strides=(1, 1), dilations=(1, 1), group=1)        # EncryptedTensor<int13, shape=(1, 256, 14, 14)>          ∈ [-3393, 3490]        @ /trunk/trunk.13/C2/Conv.conv
%225 = round_bit_pattern(%224, lsbs_to_remove=6, overflow_protection=False, exactness=Exactness.EXACT)                    # EncryptedTensor<int13, shape=(1, 256, 14, 14)>          ∈ [-3392, 3520]        @ /trunk/trunk.13/C2/Conv.conv_rounding
%226 = subgraph(%225)                                                                                                     # EncryptedTensor<uint11, shape=(1, 256, 14, 14)>         ∈ [0, 15]
%227 = [[[[ 0]]   ...   [[-2]]]]                                                                                          # ClearTensor<int5, shape=(1024, 256, 1, 1)>              ∈ [-6, 7]              @ /trunk/trunk.13/C3/Conv.conv
%228 = conv2d(%226, %227, [0 0 0 ... 0 0 0], pads=[0, 0, 0, 0], strides=(1, 1), dilations=(1, 1), group=1)                # EncryptedTensor<int11, shape=(1, 1024, 14, 14)>         ∈ [-547, 657]          @ /trunk/trunk.13/C3/Conv.conv
%229 = round_bit_pattern(%228, lsbs_to_remove=3, overflow_protection=False, exactness=Exactness.EXACT)                    # EncryptedTensor<int11, shape=(1, 1024, 14, 14)>         ∈ [-544, 656]          @ /trunk/trunk.13/C3/Conv.conv_rounding
%230 = subgraph(%229)                                                                                                     # EncryptedTensor<int4, shape=(1, 1024, 14, 14)>          ∈ [-8, 7]
%231 = subgraph(%230)                                                                                                     # EncryptedTensor<int6, shape=(1, 1024, 14, 14)>          ∈ [-6, 5]
%232 = subgraph(%214)                                                                                                     # EncryptedTensor<uint6, shape=(1, 1024, 14, 14)>         ∈ [0, 11]
%233 = 1                                                                                                                  # ClearScalar<uint2>                                      ∈ [1, 1]
%234 = multiply(%233, %232)                                                                                               # EncryptedTensor<uint6, shape=(1, 1024, 14, 14)>         ∈ [0, 11]
%235 = add(%231, %234)                                                                                                    # EncryptedTensor<int6, shape=(1, 1024, 14, 14)>          ∈ [-6, 16]
%236 = subgraph(%235)                                                                                                     # EncryptedTensor<uint11, shape=(1, 1024, 14, 14)>        ∈ [0, 15]
%237 = [[[[ 1]]   ...   [[ 0]]]]                                                                                          # ClearTensor<int5, shape=(256, 1024, 1, 1)>              ∈ [-5, 7]              @ /trunk/trunk.14/C1/Conv.conv
%238 = conv2d(%236, %237, [0 0 0 0 0 ... 0 0 0 0 0], pads=[0, 0, 0, 0], strides=(1, 1), dilations=(1, 1), group=1)        # EncryptedTensor<int11, shape=(1, 256, 14, 14)>          ∈ [-773, 1003]         @ /trunk/trunk.14/C1/Conv.conv
%239 = round_bit_pattern(%238, lsbs_to_remove=4, overflow_protection=False, exactness=Exactness.EXACT)                    # EncryptedTensor<int11, shape=(1, 256, 14, 14)>          ∈ [-768, 1008]         @ /trunk/trunk.14/C1/Conv.conv_rounding
%240 = subgraph(%239)                                                                                                     # EncryptedTensor<uint13, shape=(1, 256, 14, 14)>         ∈ [0, 15]
%241 = ones()                                                                                                             # EncryptedTensor<uint13, shape=(1, 256, 16, 16)>         ∈ [1, 1]
%242 = 0                                                                                                                  # ClearScalar<uint2>                                      ∈ [0, 0]
%243 = multiply(%241, %242)                                                                                               # EncryptedTensor<uint13, shape=(1, 256, 16, 16)>         ∈ [0, 0]
%244 = (%243[:, :, 1:15, 1:15] = %240)                                                                                    # EncryptedTensor<uint13, shape=(1, 256, 16, 16)>         ∈ [0, 15]
%245 = [[[[ 1  0  ...   0 -2]]]]                                                                                          # ClearTensor<int5, shape=(256, 256, 3, 3)>               ∈ [-7, 7]              @ /trunk/trunk.14/C2/Conv.conv
%246 = conv2d(%244, %245, [0 0 0 0 0 ... 0 0 0 0 0], pads=[0, 0, 0, 0], strides=(1, 1), dilations=(1, 1), group=1)        # EncryptedTensor<int13, shape=(1, 256, 14, 14)>          ∈ [-2238, 2592]        @ /trunk/trunk.14/C2/Conv.conv
%247 = round_bit_pattern(%246, lsbs_to_remove=5, overflow_protection=False, exactness=Exactness.EXACT)                    # EncryptedTensor<int13, shape=(1, 256, 14, 14)>          ∈ [-2240, 2592]        @ /trunk/trunk.14/C2/Conv.conv_rounding
%248 = subgraph(%247)                                                                                                     # EncryptedTensor<uint11, shape=(1, 256, 14, 14)>         ∈ [0, 15]
%249 = [[[[-1]]   ...   [[-1]]]]                                                                                          # ClearTensor<int5, shape=(1024, 256, 1, 1)>              ∈ [-7, 7]              @ /trunk/trunk.14/C3/Conv.conv
%250 = conv2d(%248, %249, [0 0 0 ... 0 0 0], pads=[0, 0, 0, 0], strides=(1, 1), dilations=(1, 1), group=1)                # EncryptedTensor<int11, shape=(1, 1024, 14, 14)>         ∈ [-671, 642]          @ /trunk/trunk.14/C3/Conv.conv
%251 = round_bit_pattern(%250, lsbs_to_remove=3, overflow_protection=False, exactness=Exactness.EXACT)                    # EncryptedTensor<int11, shape=(1, 1024, 14, 14)>         ∈ [-672, 640]          @ /trunk/trunk.14/C3/Conv.conv_rounding
%252 = subgraph(%251)                                                                                                     # EncryptedTensor<int4, shape=(1, 1024, 14, 14)>          ∈ [-8, 7]
%253 = subgraph(%252)                                                                                                     # EncryptedTensor<int6, shape=(1, 1024, 14, 14)>          ∈ [-5, 5]
%254 = subgraph(%236)                                                                                                     # EncryptedTensor<uint6, shape=(1, 1024, 14, 14)>         ∈ [0, 12]
%255 = 1                                                                                                                  # ClearScalar<uint2>                                      ∈ [1, 1]
%256 = multiply(%255, %254)                                                                                               # EncryptedTensor<uint6, shape=(1, 1024, 14, 14)>         ∈ [0, 12]
%257 = add(%253, %256)                                                                                                    # EncryptedTensor<int6, shape=(1, 1024, 14, 14)>          ∈ [-5, 17]
%258 = subgraph(%257)                                                                                                     # EncryptedTensor<uint12, shape=(1, 1024, 14, 14)>        ∈ [0, 15]
%259 = [[[[ 0]]   ...   [[ 0]]]]                                                                                          # ClearTensor<int5, shape=(256, 1024, 1, 1)>              ∈ [-6, 7]              @ /trunk/trunk.15/C1/Conv.conv
%260 = conv2d(%258, %259, [0 0 0 0 0 ... 0 0 0 0 0], pads=[0, 0, 0, 0], strides=(1, 1), dilations=(1, 1), group=1)        # EncryptedTensor<int12, shape=(1, 256, 14, 14)>          ∈ [-855, 1025]         @ /trunk/trunk.15/C1/Conv.conv
%261 = round_bit_pattern(%260, lsbs_to_remove=4, overflow_protection=False, exactness=Exactness.EXACT)                    # EncryptedTensor<int12, shape=(1, 256, 14, 14)>          ∈ [-848, 1024]         @ /trunk/trunk.15/C1/Conv.conv_rounding
%262 = subgraph(%261)                                                                                                     # EncryptedTensor<uint13, shape=(1, 256, 14, 14)>         ∈ [0, 15]
%263 = ones()                                                                                                             # EncryptedTensor<uint13, shape=(1, 256, 16, 16)>         ∈ [1, 1]
%264 = 0                                                                                                                  # ClearScalar<uint2>                                      ∈ [0, 0]
%265 = multiply(%263, %264)                                                                                               # EncryptedTensor<uint13, shape=(1, 256, 16, 16)>         ∈ [0, 0]
%266 = (%265[:, :, 1:15, 1:15] = %262)                                                                                    # EncryptedTensor<uint13, shape=(1, 256, 16, 16)>         ∈ [0, 15]
%267 = [[[[ 0 -1  ...  -2  1]]]]                                                                                          # ClearTensor<int5, shape=(256, 256, 3, 3)>               ∈ [-6, 7]              @ /trunk/trunk.15/C2/Conv.conv
%268 = conv2d(%266, %267, [0 0 0 0 0 ... 0 0 0 0 0], pads=[0, 0, 0, 0], strides=(1, 1), dilations=(1, 1), group=1)        # EncryptedTensor<int13, shape=(1, 256, 14, 14)>          ∈ [-1955, 2131]        @ /trunk/trunk.15/C2/Conv.conv
%269 = round_bit_pattern(%268, lsbs_to_remove=5, overflow_protection=False, exactness=Exactness.EXACT)                    # EncryptedTensor<int13, shape=(1, 256, 14, 14)>          ∈ [-1952, 2144]        @ /trunk/trunk.15/C2/Conv.conv_rounding
%270 = subgraph(%269)                                                                                                     # EncryptedTensor<uint11, shape=(1, 256, 14, 14)>         ∈ [0, 15]
%271 = [[[[-1]]   ...   [[ 1]]]]                                                                                          # ClearTensor<int5, shape=(1024, 256, 1, 1)>              ∈ [-6, 7]              @ /trunk/trunk.15/C3/Conv.conv
%272 = conv2d(%270, %271, [0 0 0 ... 0 0 0], pads=[0, 0, 0, 0], strides=(1, 1), dilations=(1, 1), group=1)                # EncryptedTensor<int11, shape=(1, 1024, 14, 14)>         ∈ [-701, 694]          @ /trunk/trunk.15/C3/Conv.conv
%273 = round_bit_pattern(%272, lsbs_to_remove=3, overflow_protection=False, exactness=Exactness.EXACT)                    # EncryptedTensor<int11, shape=(1, 1024, 14, 14)>         ∈ [-704, 696]          @ /trunk/trunk.15/C3/Conv.conv_rounding
%274 = subgraph(%273)                                                                                                     # EncryptedTensor<int4, shape=(1, 1024, 14, 14)>          ∈ [-8, 7]
%275 = subgraph(%274)                                                                                                     # EncryptedTensor<int6, shape=(1, 1024, 14, 14)>          ∈ [-5, 4]
%276 = subgraph(%258)                                                                                                     # EncryptedTensor<uint6, shape=(1, 1024, 14, 14)>         ∈ [0, 13]
%277 = 1                                                                                                                  # ClearScalar<uint2>                                      ∈ [1, 1]
%278 = multiply(%277, %276)                                                                                               # EncryptedTensor<uint6, shape=(1, 1024, 14, 14)>         ∈ [0, 13]
%279 = add(%275, %278)                                                                                                    # EncryptedTensor<int6, shape=(1, 1024, 14, 14)>          ∈ [-5, 17]
%280 = subgraph(%279)                                                                                                     # EncryptedTensor<uint11, shape=(1, 1024, 14, 14)>        ∈ [0, 15]
%281 = [[[[ 0]]   ...   [[ 1]]]]                                                                                          # ClearTensor<int5, shape=(256, 1024, 1, 1)>              ∈ [-7, 6]              @ /trunk/trunk.16/C1/Conv.conv
%282 = conv2d(%280, %281, [0 0 0 0 0 ... 0 0 0 0 0], pads=[0, 0, 0, 0], strides=(1, 1), dilations=(1, 1), group=1)        # EncryptedTensor<int11, shape=(1, 256, 14, 14)>          ∈ [-838, 902]          @ /trunk/trunk.16/C1/Conv.conv
%283 = round_bit_pattern(%282, lsbs_to_remove=4, overflow_protection=False, exactness=Exactness.EXACT)                    # EncryptedTensor<int11, shape=(1, 256, 14, 14)>          ∈ [-832, 896]          @ /trunk/trunk.16/C1/Conv.conv_rounding
%284 = subgraph(%283)                                                                                                     # EncryptedTensor<uint13, shape=(1, 256, 14, 14)>         ∈ [0, 15]
%285 = ones()                                                                                                             # EncryptedTensor<uint13, shape=(1, 256, 16, 16)>         ∈ [1, 1]
%286 = 0                                                                                                                  # ClearScalar<uint2>                                      ∈ [0, 0]
%287 = multiply(%285, %286)                                                                                               # EncryptedTensor<uint13, shape=(1, 256, 16, 16)>         ∈ [0, 0]
%288 = (%287[:, :, 1:15, 1:15] = %284)                                                                                    # EncryptedTensor<uint13, shape=(1, 256, 16, 16)>         ∈ [0, 15]
%289 = [[[[ 1  1  ...  -1  0]]]]                                                                                          # ClearTensor<int5, shape=(256, 256, 3, 3)>               ∈ [-7, 6]              @ /trunk/trunk.16/C2/Conv.conv
%290 = conv2d(%288, %289, [0 0 0 0 0 ... 0 0 0 0 0], pads=[0, 0, 0, 0], strides=(1, 1), dilations=(1, 1), group=1)        # EncryptedTensor<int13, shape=(1, 256, 14, 14)>          ∈ [-2119, 2287]        @ /trunk/trunk.16/C2/Conv.conv
%291 = round_bit_pattern(%290, lsbs_to_remove=5, overflow_protection=False, exactness=Exactness.EXACT)                    # EncryptedTensor<int13, shape=(1, 256, 14, 14)>          ∈ [-2112, 2272]        @ /trunk/trunk.16/C2/Conv.conv_rounding
%292 = subgraph(%291)                                                                                                     # EncryptedTensor<uint11, shape=(1, 256, 14, 14)>         ∈ [0, 15]
%293 = [[[[ 1]]   ...   [[ 1]]]]                                                                                          # ClearTensor<int5, shape=(1024, 256, 1, 1)>              ∈ [-7, 6]              @ /trunk/trunk.16/C3/Conv.conv
%294 = conv2d(%292, %293, [0 0 0 ... 0 0 0], pads=[0, 0, 0, 0], strides=(1, 1), dilations=(1, 1), group=1)                # EncryptedTensor<int11, shape=(1, 1024, 14, 14)>         ∈ [-617, 598]          @ /trunk/trunk.16/C3/Conv.conv
%295 = round_bit_pattern(%294, lsbs_to_remove=3, overflow_protection=False, exactness=Exactness.EXACT)                    # EncryptedTensor<int11, shape=(1, 1024, 14, 14)>         ∈ [-616, 600]          @ /trunk/trunk.16/C3/Conv.conv_rounding
%296 = subgraph(%295)                                                                                                     # EncryptedTensor<int4, shape=(1, 1024, 14, 14)>          ∈ [-8, 7]
%297 = subgraph(%296)                                                                                                     # EncryptedTensor<int6, shape=(1, 1024, 14, 14)>          ∈ [-3, 3]
%298 = subgraph(%280)                                                                                                     # EncryptedTensor<uint6, shape=(1, 1024, 14, 14)>         ∈ [0, 13]
%299 = 1                                                                                                                  # ClearScalar<uint2>                                      ∈ [1, 1]
%300 = multiply(%299, %298)                                                                                               # EncryptedTensor<uint6, shape=(1, 1024, 14, 14)>         ∈ [0, 13]
%301 = add(%297, %300)                                                                                                    # EncryptedTensor<int6, shape=(1, 1024, 14, 14)>          ∈ [-3, 16]
%302 = subgraph(%301)                                                                                                     # EncryptedTensor<uint13, shape=(1, 1024, 14, 14)>        ∈ [0, 15]
%303 = [[[[ 0]]   ...   [[ 1]]]]                                                                                          # ClearTensor<int5, shape=(512, 1024, 1, 1)>              ∈ [-7, 6]              @ /trunk/trunk.17/C1/Conv.conv
%304 = conv2d(%302, %303, [0 0 0 0 0 ... 0 0 0 0 0], pads=[0, 0, 0, 0], strides=(1, 1), dilations=(1, 1), group=1)        # EncryptedTensor<int13, shape=(1, 512, 14, 14)>          ∈ [-863, 1121]         @ /trunk/trunk.17/C1/Conv.conv
%305 = round_bit_pattern(%304, lsbs_to_remove=4, overflow_protection=False, exactness=Exactness.EXACT)                    # EncryptedTensor<int12, shape=(1, 512, 14, 14)>          ∈ [-864, 1120]         @ /trunk/trunk.17/C1/Conv.conv_rounding
%306 = subgraph(%305)                                                                                                     # EncryptedTensor<uint14, shape=(1, 512, 14, 14)>         ∈ [0, 15]
%307 = ones()                                                                                                             # EncryptedTensor<uint14, shape=(1, 512, 16, 16)>         ∈ [1, 1]
%308 = 0                                                                                                                  # ClearScalar<uint2>                                      ∈ [0, 0]
%309 = multiply(%307, %308)                                                                                               # EncryptedTensor<uint14, shape=(1, 512, 16, 16)>         ∈ [0, 0]
%310 = (%309[:, :, 1:15, 1:15] = %306)                                                                                    # EncryptedTensor<uint14, shape=(1, 512, 16, 16)>         ∈ [0, 15]
%311 = [[[[ 0  1  ...   1  1]]]]                                                                                          # ClearTensor<int5, shape=(512, 512, 3, 3)>               ∈ [-7, 7]              @ /trunk/trunk.17/C2/Conv.conv
%312 = conv2d(%310, %311, [0 0 0 0 0 ... 0 0 0 0 0], pads=[0, 0, 0, 0], strides=(2, 2), dilations=(1, 1), group=1)        # EncryptedTensor<int14, shape=(1, 512, 7, 7)>            ∈ [-6465, 7587]        @ /trunk/trunk.17/C2/Conv.conv
%313 = round_bit_pattern(%312, lsbs_to_remove=7, overflow_protection=False, exactness=Exactness.EXACT)                    # EncryptedTensor<int14, shape=(1, 512, 7, 7)>            ∈ [-6528, 7552]        @ /trunk/trunk.17/C2/Conv.conv_rounding
%314 = subgraph(%313)                                                                                                     # EncryptedTensor<uint13, shape=(1, 512, 7, 7)>           ∈ [0, 15]
%315 = [[[[ 0]]   ...   [[ 0]]]]                                                                                          # ClearTensor<int5, shape=(2048, 512, 1, 1)>              ∈ [-7, 6]              @ /trunk/trunk.17/C3/Conv.conv
%316 = conv2d(%314, %315, [0 0 0 ... 0 0 0], pads=[0, 0, 0, 0], strides=(1, 1), dilations=(1, 1), group=1)                # EncryptedTensor<int13, shape=(1, 2048, 7, 7)>           ∈ [-2878, 2684]        @ /trunk/trunk.17/C3/Conv.conv
%317 = round_bit_pattern(%316, lsbs_to_remove=6, overflow_protection=False, exactness=Exactness.EXACT)                    # EncryptedTensor<int13, shape=(1, 2048, 7, 7)>           ∈ [-2880, 2688]        @ /trunk/trunk.17/C3/Conv.conv_rounding
%318 = subgraph(%317)                                                                                                     # EncryptedTensor<int4, shape=(1, 2048, 7, 7)>            ∈ [-8, 7]
%319 = [[[[ 1]]   ...   [[ 0]]]]                                                                                          # ClearTensor<int5, shape=(2048, 1024, 1, 1)>             ∈ [-7, 7]              @ /trunk/trunk.17/shortcut/Conv.conv
%320 = conv2d(%302, %319, [0 0 0 ... 0 0 0], pads=[0, 0, 0, 0], strides=(2, 2), dilations=(1, 1), group=1)                # EncryptedTensor<int13, shape=(1, 2048, 7, 7)>           ∈ [-2544, 2734]        @ /trunk/trunk.17/shortcut/Conv.conv
%321 = round_bit_pattern(%320, lsbs_to_remove=5, overflow_protection=False, exactness=Exactness.EXACT)                    # EncryptedTensor<int13, shape=(1, 2048, 7, 7)>           ∈ [-2528, 2720]        @ /trunk/trunk.17/shortcut/Conv.conv_rounding
%322 = subgraph(%321)                                                                                                     # EncryptedTensor<int4, shape=(1, 2048, 7, 7)>            ∈ [-8, 7]
%323 = subgraph(%318)                                                                                                     # EncryptedTensor<int5, shape=(1, 2048, 7, 7)>            ∈ [-6, 5]
%324 = subgraph(%322)                                                                                                     # EncryptedTensor<int5, shape=(1, 2048, 7, 7)>            ∈ [-6, 5]
%325 = 1                                                                                                                  # ClearScalar<uint2>                                      ∈ [1, 1]
%326 = multiply(%325, %324)                                                                                               # EncryptedTensor<int5, shape=(1, 2048, 7, 7)>            ∈ [-6, 5]
%327 = add(%323, %326)                                                                                                    # EncryptedTensor<int5, shape=(1, 2048, 7, 7)>            ∈ [-12, 10]
%328 = subgraph(%327)                                                                                                     # EncryptedTensor<uint12, shape=(1, 2048, 7, 7)>          ∈ [0, 15]
%329 = [[[[ 1]]   ...   [[-1]]]]                                                                                          # ClearTensor<int5, shape=(512, 2048, 1, 1)>              ∈ [-5, 7]              @ /trunk/trunk.18/C1/Conv.conv
%330 = conv2d(%328, %329, [0 0 0 0 0 ... 0 0 0 0 0], pads=[0, 0, 0, 0], strides=(1, 1), dilations=(1, 1), group=1)        # EncryptedTensor<int12, shape=(1, 512, 7, 7)>            ∈ [-1327, 1433]        @ /trunk/trunk.18/C1/Conv.conv
%331 = round_bit_pattern(%330, lsbs_to_remove=5, overflow_protection=False, exactness=Exactness.EXACT)                    # EncryptedTensor<int12, shape=(1, 512, 7, 7)>            ∈ [-1312, 1440]        @ /trunk/trunk.18/C1/Conv.conv_rounding
%332 = subgraph(%331)                                                                                                     # EncryptedTensor<uint14, shape=(1, 512, 7, 7)>           ∈ [0, 15]
%333 = ones()                                                                                                             # EncryptedTensor<uint14, shape=(1, 512, 9, 9)>           ∈ [1, 1]
%334 = 0                                                                                                                  # ClearScalar<uint2>                                      ∈ [0, 0]
%335 = multiply(%333, %334)                                                                                               # EncryptedTensor<uint14, shape=(1, 512, 9, 9)>           ∈ [0, 0]
%336 = (%335[:, :, 1:8, 1:8] = %332)                                                                                      # EncryptedTensor<uint14, shape=(1, 512, 9, 9)>           ∈ [0, 15]
%337 = [[[[ 1 -1  ...   0  1]]]]                                                                                          # ClearTensor<int5, shape=(512, 512, 3, 3)>               ∈ [-6, 7]              @ /trunk/trunk.18/C2/Conv.conv
%338 = conv2d(%336, %337, [0 0 0 0 0 ... 0 0 0 0 0], pads=[0, 0, 0, 0], strides=(1, 1), dilations=(1, 1), group=1)        # EncryptedTensor<int14, shape=(1, 512, 7, 7)>            ∈ [-5965, 5086]        @ /trunk/trunk.18/C2/Conv.conv
%339 = round_bit_pattern(%338, lsbs_to_remove=6, overflow_protection=False, exactness=Exactness.EXACT)                    # EncryptedTensor<int14, shape=(1, 512, 7, 7)>            ∈ [-5952, 5056]        @ /trunk/trunk.18/C2/Conv.conv_rounding
%340 = subgraph(%339)                                                                                                     # EncryptedTensor<uint12, shape=(1, 512, 7, 7)>           ∈ [0, 15]
%341 = [[[[ 0]]   ...   [[-1]]]]                                                                                          # ClearTensor<int5, shape=(2048, 512, 1, 1)>              ∈ [-6, 7]              @ /trunk/trunk.18/C3/Conv.conv
%342 = conv2d(%340, %341, [0 0 0 ... 0 0 0], pads=[0, 0, 0, 0], strides=(1, 1), dilations=(1, 1), group=1)                # EncryptedTensor<int12, shape=(1, 2048, 7, 7)>           ∈ [-1952, 1706]        @ /trunk/trunk.18/C3/Conv.conv
%343 = round_bit_pattern(%342, lsbs_to_remove=5, overflow_protection=False, exactness=Exactness.EXACT)                    # EncryptedTensor<int12, shape=(1, 2048, 7, 7)>           ∈ [-1952, 1696]        @ /trunk/trunk.18/C3/Conv.conv_rounding
%344 = subgraph(%343)                                                                                                     # EncryptedTensor<int4, shape=(1, 2048, 7, 7)>            ∈ [-8, 7]
%345 = subgraph(%344)                                                                                                     # EncryptedTensor<int5, shape=(1, 2048, 7, 7)>            ∈ [-6, 5]
%346 = subgraph(%328)                                                                                                     # EncryptedTensor<uint5, shape=(1, 2048, 7, 7)>           ∈ [0, 10]
%347 = 1                                                                                                                  # ClearScalar<uint2>                                      ∈ [1, 1]
%348 = multiply(%347, %346)                                                                                               # EncryptedTensor<uint5, shape=(1, 2048, 7, 7)>           ∈ [0, 10]
%349 = add(%345, %348)                                                                                                    # EncryptedTensor<int5, shape=(1, 2048, 7, 7)>            ∈ [-6, 15]
%350 = subgraph(%349)                                                                                                     # EncryptedTensor<uint13, shape=(1, 2048, 7, 7)>          ∈ [0, 15]
%351 = [[[[ 2]]   ...   [[ 0]]]]                                                                                          # ClearTensor<int5, shape=(512, 2048, 1, 1)>              ∈ [-7, 6]              @ /trunk/trunk.19/C1/Conv.conv
%352 = conv2d(%350, %351, [0 0 0 0 0 ... 0 0 0 0 0], pads=[0, 0, 0, 0], strides=(1, 1), dilations=(1, 1), group=1)        # EncryptedTensor<int13, shape=(1, 512, 7, 7)>            ∈ [-1256, 2126]        @ /trunk/trunk.19/C1/Conv.conv
%353 = round_bit_pattern(%352, lsbs_to_remove=5, overflow_protection=False, exactness=Exactness.EXACT)                    # EncryptedTensor<int13, shape=(1, 512, 7, 7)>            ∈ [-1248, 2112]        @ /trunk/trunk.19/C1/Conv.conv_rounding
%354 = subgraph(%353)                                                                                                     # EncryptedTensor<uint14, shape=(1, 512, 7, 7)>           ∈ [0, 15]
%355 = ones()                                                                                                             # EncryptedTensor<uint14, shape=(1, 512, 9, 9)>           ∈ [1, 1]
%356 = 0                                                                                                                  # ClearScalar<uint2>                                      ∈ [0, 0]
%357 = multiply(%355, %356)                                                                                               # EncryptedTensor<uint14, shape=(1, 512, 9, 9)>           ∈ [0, 0]
%358 = (%357[:, :, 1:8, 1:8] = %354)                                                                                      # EncryptedTensor<uint14, shape=(1, 512, 9, 9)>           ∈ [0, 15]
%359 = [[[[ 0  0  ...  -1  0]]]]                                                                                          # ClearTensor<int5, shape=(512, 512, 3, 3)>               ∈ [-7, 7]              @ /trunk/trunk.19/C2/Conv.conv
%360 = conv2d(%358, %359, [0 0 0 0 0 ... 0 0 0 0 0], pads=[0, 0, 0, 0], strides=(1, 1), dilations=(1, 1), group=1)        # EncryptedTensor<int14, shape=(1, 512, 7, 7)>            ∈ [-5404, 5113]        @ /trunk/trunk.19/C2/Conv.conv
%361 = round_bit_pattern(%360, lsbs_to_remove=6, overflow_protection=False, exactness=Exactness.EXACT)                    # EncryptedTensor<int14, shape=(1, 512, 7, 7)>            ∈ [-5376, 5120]        @ /trunk/trunk.19/C2/Conv.conv_rounding
%362 = subgraph(%361)                                                                                                     # EncryptedTensor<uint13, shape=(1, 512, 7, 7)>           ∈ [0, 15]
%363 = [[[[ 0]]   ...   [[ 0]]]]                                                                                          # ClearTensor<int5, shape=(2048, 512, 1, 1)>              ∈ [-6, 7]              @ /trunk/trunk.19/C3/Conv.conv
%364 = conv2d(%362, %363, [0 0 0 ... 0 0 0], pads=[0, 0, 0, 0], strides=(1, 1), dilations=(1, 1), group=1)                # EncryptedTensor<int13, shape=(1, 2048, 7, 7)>           ∈ [-3257, 3274]        @ /trunk/trunk.19/C3/Conv.conv
%365 = round_bit_pattern(%364, lsbs_to_remove=5, overflow_protection=False, exactness=Exactness.EXACT)                    # EncryptedTensor<int13, shape=(1, 2048, 7, 7)>           ∈ [-3264, 3264]        @ /trunk/trunk.19/C3/Conv.conv_rounding
%366 = subgraph(%365)                                                                                                     # EncryptedTensor<int4, shape=(1, 2048, 7, 7)>            ∈ [-8, 7]
%367 = subgraph(%366)                                                                                                     # EncryptedTensor<int6, shape=(1, 2048, 7, 7)>            ∈ [-5, 5]
%368 = subgraph(%350)                                                                                                     # EncryptedTensor<uint6, shape=(1, 2048, 7, 7)>           ∈ [0, 13]
%369 = 1                                                                                                                  # ClearScalar<uint2>                                      ∈ [1, 1]
%370 = multiply(%369, %368)                                                                                               # EncryptedTensor<uint6, shape=(1, 2048, 7, 7)>           ∈ [0, 13]
%371 = add(%367, %370)                                                                                                    # EncryptedTensor<int6, shape=(1, 2048, 7, 7)>            ∈ [-5, 18]
%372 = subgraph(%371)                                                                                                     # EncryptedTensor<uint8, shape=(1, 2048, 7, 7)>           ∈ [0, 15]
%373 = [[[[1 1 1  ...  1 1 1]]]]                                                                                          # ClearTensor<uint2, shape=(2048, 2048, 5, 5)>            ∈ [0, 1]               @ /trunk/trunk.20/AveragePool.avgpool
%374 = conv2d(%372, %373, [0 0 0 ... 0 0 0], pads=[0, 0, 0, 0], strides=(5, 5), dilations=(1, 1), group=1)                # EncryptedTensor<uint8, shape=(1, 2048, 1, 1)>           ∈ [0, 135]             @ /trunk/trunk.20/AveragePool.avgpool
%375 = subgraph(%374)                                                                                                     # EncryptedTensor<uint3, shape=(1, 2048, 1, 1)>           ∈ [0, 7]
%376 = reshape(%375, newshape=(1, 2048))                                                                                  # EncryptedTensor<uint3, shape=(1, 2048)>                 ∈ [0, 7]
return %376

Subgraphs:

    %4 = subgraph(%3):

         %0 = input                            # EncryptedTensor<int4, shape=(1, 64, 56, 56)>           @ /trunk/trunk.1/Conv.conv_rounding
         %1 = astype(%0, dtype=float64)        # EncryptedTensor<float64, shape=(1, 64, 56, 56)>
         %2 = 0                                # ClearScalar<uint1>
         %3 = add(%1, %2)                      # EncryptedTensor<float64, shape=(1, 64, 56, 56)>
         %4 = [[[[0]]  [ ... ]  [[0]]]]        # ClearTensor<uint1, shape=(1, 64, 1, 1)>
         %5 = subtract(%3, %4)                 # EncryptedTensor<float64, shape=(1, 64, 56, 56)>
         %6 = 4.336093436695876                # ClearScalar<float64>
         %7 = multiply(%6, %5)                 # EncryptedTensor<float64, shape=(1, 64, 56, 56)>
         %8 = [[[[-0.130 ... 695105]]]]        # ClearTensor<float32, shape=(1, 64, 1, 1)>
         %9 = subtract(%7, %8)                 # EncryptedTensor<float64, shape=(1, 64, 56, 56)>
        %10 = [[[[13.689 ... 269718]]]]        # ClearTensor<float32, shape=(1, 64, 1, 1)>
        %11 = divide(%9, %10)                  # EncryptedTensor<float64, shape=(1, 64, 56, 56)>
        %12 = [[[[1.0264 ... 17723 ]]]]        # ClearTensor<float32, shape=(1, 64, 1, 1)>
        %13 = multiply(%11, %12)               # EncryptedTensor<float64, shape=(1, 64, 56, 56)>
        %14 = [[[[-0.004 ... 475713]]]]        # ClearTensor<float32, shape=(1, 64, 1, 1)>
        %15 = add(%13, %14)                    # EncryptedTensor<float64, shape=(1, 64, 56, 56)>
        %16 = 1.4706209                        # ClearScalar<float32>
        %17 = divide(%15, %16)                 # EncryptedTensor<float64, shape=(1, 64, 56, 56)>
        %18 = 0.0                              # ClearScalar<float32>
        %19 = add(%17, %18)                    # EncryptedTensor<float64, shape=(1, 64, 56, 56)>
        %20 = -8.0                             # ClearScalar<float64>
        %21 = 7.0                              # ClearScalar<float64>
        %22 = clip(%19, %20, %21)              # EncryptedTensor<float64, shape=(1, 64, 56, 56)>
        %23 = rint(%22)                        # EncryptedTensor<float64, shape=(1, 64, 56, 56)>
        %24 = 0.0                              # ClearScalar<float32>
        %25 = subtract(%23, %24)               # EncryptedTensor<float64, shape=(1, 64, 56, 56)>
        %26 = 1.4706209                        # ClearScalar<float32>
        %27 = multiply(%25, %26)               # EncryptedTensor<float64, shape=(1, 64, 56, 56)>
        %28 = 1.47062087059021                 # ClearScalar<float64>
        %29 = divide(%27, %28)                 # EncryptedTensor<float64, shape=(1, 64, 56, 56)>
        %30 = 0                                # ClearScalar<uint1>
        %31 = add(%29, %30)                    # EncryptedTensor<float64, shape=(1, 64, 56, 56)>
        %32 = rint(%31)                        # EncryptedTensor<float64, shape=(1, 64, 56, 56)>
        %33 = -8                               # ClearScalar<int4>
        %34 = 7                                # ClearScalar<uint3>
        %35 = clip(%32, %33, %34)              # EncryptedTensor<float64, shape=(1, 64, 56, 56)>
        %36 = astype(%35, dtype=int_)          # EncryptedTensor<uint1, shape=(1, 64, 56, 56)>
        return %36

    %8 = subgraph(%7):

         %0 = input                            # EncryptedTensor<uint1, shape=(1, 64, 56, 56)>          @ /trunk/trunk.4/C1/Conv.conv_rounding
         %1 = astype(%0, dtype=float64)        # EncryptedTensor<float64, shape=(1, 64, 56, 56)>
         %2 = 0                                # ClearScalar<uint1>
         %3 = add(%1, %2)                      # EncryptedTensor<float64, shape=(1, 64, 56, 56)>
         %4 = [[[[0]]  [ ... ]  [[0]]]]        # ClearTensor<uint1, shape=(1, 64, 1, 1)>
         %5 = subtract(%3, %4)                 # EncryptedTensor<float64, shape=(1, 64, 56, 56)>
         %6 = 0.12366464325810078              # ClearScalar<float64>
         %7 = multiply(%6, %5)                 # EncryptedTensor<float64, shape=(1, 64, 56, 56)>
         %8 = [[[[ 0.016 ... 564646]]]]        # ClearTensor<float32, shape=(1, 64, 1, 1)>
         %9 = subtract(%7, %8)                 # EncryptedTensor<float64, shape=(1, 64, 56, 56)>
        %10 = [[[[1.2937 ... 858399]]]]        # ClearTensor<float32, shape=(1, 64, 1, 1)>
        %11 = divide(%9, %10)                  # EncryptedTensor<float64, shape=(1, 64, 56, 56)>
        %12 = [[[[1.0307 ... 50379 ]]]]        # ClearTensor<float32, shape=(1, 64, 1, 1)>
        %13 = multiply(%11, %12)               # EncryptedTensor<float64, shape=(1, 64, 56, 56)>
        %14 = [[[[ 0.005 ... 420712]]]]        # ClearTensor<float32, shape=(1, 64, 1, 1)>
        %15 = add(%13, %14)                    # EncryptedTensor<float64, shape=(1, 64, 56, 56)>
        %16 = 0                                # ClearScalar<uint1>
        %17 = maximum(%15, %16)                # EncryptedTensor<float64, shape=(1, 64, 56, 56)>
        %18 = 0.6321019                        # ClearScalar<float32>
        %19 = divide(%17, %18)                 # EncryptedTensor<float64, shape=(1, 64, 56, 56)>
        %20 = 0.0                              # ClearScalar<float32>
        %21 = add(%19, %20)                    # EncryptedTensor<float64, shape=(1, 64, 56, 56)>
        %22 = 0.0                              # ClearScalar<float64>
        %23 = 15.0                             # ClearScalar<float64>
        %24 = clip(%21, %22, %23)              # EncryptedTensor<float64, shape=(1, 64, 56, 56)>
        %25 = rint(%24)                        # EncryptedTensor<float64, shape=(1, 64, 56, 56)>
        %26 = 0.0                              # ClearScalar<float32>
        %27 = subtract(%25, %26)               # EncryptedTensor<float64, shape=(1, 64, 56, 56)>
        %28 = 0.6321019                        # ClearScalar<float32>
        %29 = multiply(%27, %28)               # EncryptedTensor<float64, shape=(1, 64, 56, 56)>
        %30 = 0.6321018934249878               # ClearScalar<float64>
        %31 = divide(%29, %30)                 # EncryptedTensor<float64, shape=(1, 64, 56, 56)>
        %32 = 0                                # ClearScalar<uint1>
        %33 = add(%31, %32)                    # EncryptedTensor<float64, shape=(1, 64, 56, 56)>
        %34 = rint(%33)                        # EncryptedTensor<float64, shape=(1, 64, 56, 56)>
        %35 = 0                                # ClearScalar<uint1>
        %36 = 15                               # ClearScalar<uint4>
        %37 = clip(%34, %35, %36)              # EncryptedTensor<float64, shape=(1, 64, 56, 56)>
        %38 = astype(%37, dtype=int_)          # EncryptedTensor<uint1, shape=(1, 64, 56, 56)>
        return %38

    %16 = subgraph(%15):

         %0 = input                            # EncryptedTensor<uint1, shape=(1, 64, 56, 56)>          @ /trunk/trunk.4/C2/Conv.conv_rounding
         %1 = astype(%0, dtype=float64)        # EncryptedTensor<float64, shape=(1, 64, 56, 56)>
         %2 = 0                                # ClearScalar<uint1>
         %3 = add(%1, %2)                      # EncryptedTensor<float64, shape=(1, 64, 56, 56)>
         %4 = [[[[0]]  [ ... ]  [[0]]]]        # ClearTensor<uint1, shape=(1, 64, 1, 1)>
         %5 = subtract(%3, %4)                 # EncryptedTensor<float64, shape=(1, 64, 56, 56)>
         %6 = 0.02214790754972551              # ClearScalar<float64>
         %7 = multiply(%6, %5)                 # EncryptedTensor<float64, shape=(1, 64, 56, 56)>
         %8 = [[[[-0.088 ... 53886 ]]]]        # ClearTensor<float32, shape=(1, 64, 1, 1)>
         %9 = subtract(%7, %8)                 # EncryptedTensor<float64, shape=(1, 64, 56, 56)>
        %10 = [[[[1.0334 ... 42958 ]]]]        # ClearTensor<float32, shape=(1, 64, 1, 1)>
        %11 = divide(%9, %10)                  # EncryptedTensor<float64, shape=(1, 64, 56, 56)>
        %12 = [[[[0.9989 ... 63006 ]]]]        # ClearTensor<float32, shape=(1, 64, 1, 1)>
        %13 = multiply(%11, %12)               # EncryptedTensor<float64, shape=(1, 64, 56, 56)>
        %14 = [[[[ 0.017 ... 29523 ]]]]        # ClearTensor<float32, shape=(1, 64, 1, 1)>
        %15 = add(%13, %14)                    # EncryptedTensor<float64, shape=(1, 64, 56, 56)>
        %16 = 0                                # ClearScalar<uint1>
        %17 = maximum(%15, %16)                # EncryptedTensor<float64, shape=(1, 64, 56, 56)>
        %18 = 0.57716393                       # ClearScalar<float32>
        %19 = divide(%17, %18)                 # EncryptedTensor<float64, shape=(1, 64, 56, 56)>
        %20 = 0.0                              # ClearScalar<float32>
        %21 = add(%19, %20)                    # EncryptedTensor<float64, shape=(1, 64, 56, 56)>
        %22 = 0.0                              # ClearScalar<float64>
        %23 = 15.0                             # ClearScalar<float64>
        %24 = clip(%21, %22, %23)              # EncryptedTensor<float64, shape=(1, 64, 56, 56)>
        %25 = rint(%24)                        # EncryptedTensor<float64, shape=(1, 64, 56, 56)>
        %26 = 0.0                              # ClearScalar<float32>
        %27 = subtract(%25, %26)               # EncryptedTensor<float64, shape=(1, 64, 56, 56)>
        %28 = 0.57716393                       # ClearScalar<float32>
        %29 = multiply(%27, %28)               # EncryptedTensor<float64, shape=(1, 64, 56, 56)>
        %30 = 0.5771639347076416               # ClearScalar<float64>
        %31 = divide(%29, %30)                 # EncryptedTensor<float64, shape=(1, 64, 56, 56)>
        %32 = 0                                # ClearScalar<uint1>
        %33 = add(%31, %32)                    # EncryptedTensor<float64, shape=(1, 64, 56, 56)>
        %34 = rint(%33)                        # EncryptedTensor<float64, shape=(1, 64, 56, 56)>
        %35 = 0                                # ClearScalar<uint1>
        %36 = 15                               # ClearScalar<uint4>
        %37 = clip(%34, %35, %36)              # EncryptedTensor<float64, shape=(1, 64, 56, 56)>
        %38 = astype(%37, dtype=int_)          # EncryptedTensor<uint1, shape=(1, 64, 56, 56)>
        return %38

    %20 = subgraph(%19):

         %0 = input                            # EncryptedTensor<uint1, shape=(1, 256, 56, 56)>          @ /trunk/trunk.4/C3/Conv.conv_rounding
         %1 = astype(%0, dtype=float64)        # EncryptedTensor<float64, shape=(1, 256, 56, 56)>
         %2 = 0                                # ClearScalar<uint1>
         %3 = add(%1, %2)                      # EncryptedTensor<float64, shape=(1, 256, 56, 56)>
         %4 = [[[[0]]  [ ... ]  [[0]]]]        # ClearTensor<uint1, shape=(1, 256, 1, 1)>
         %5 = subtract(%3, %4)                 # EncryptedTensor<float64, shape=(1, 256, 56, 56)>
         %6 = 0.0285377866354537               # ClearScalar<float64>
         %7 = multiply(%6, %5)                 # EncryptedTensor<float64, shape=(1, 256, 56, 56)>
         %8 = [[[[ 0.311 ... 45024 ]]]]        # ClearTensor<float32, shape=(1, 256, 1, 1)>
         %9 = subtract(%7, %8)                 # EncryptedTensor<float64, shape=(1, 256, 56, 56)>
        %10 = [[[[0.4349 ... 26987 ]]]]        # ClearTensor<float32, shape=(1, 256, 1, 1)>
        %11 = divide(%9, %10)                  # EncryptedTensor<float64, shape=(1, 256, 56, 56)>
        %12 = [[[[0.9833 ... 12613 ]]]]        # ClearTensor<float32, shape=(1, 256, 1, 1)>
        %13 = multiply(%11, %12)               # EncryptedTensor<float64, shape=(1, 256, 56, 56)>
        %14 = [[[[ 1.404 ... 69e-02]]]]        # ClearTensor<float32, shape=(1, 256, 1, 1)>
        %15 = add(%13, %14)                    # EncryptedTensor<float64, shape=(1, 256, 56, 56)>
        %16 = 1.141535                         # ClearScalar<float32>
        %17 = divide(%15, %16)                 # EncryptedTensor<float64, shape=(1, 256, 56, 56)>
        %18 = 0.0                              # ClearScalar<float32>
        %19 = add(%17, %18)                    # EncryptedTensor<float64, shape=(1, 256, 56, 56)>
        %20 = -8.0                             # ClearScalar<float64>
        %21 = 7.0                              # ClearScalar<float64>
        %22 = clip(%19, %20, %21)              # EncryptedTensor<float64, shape=(1, 256, 56, 56)>
        %23 = rint(%22)                        # EncryptedTensor<float64, shape=(1, 256, 56, 56)>
        %24 = 0.0                              # ClearScalar<float32>
        %25 = subtract(%23, %24)               # EncryptedTensor<float64, shape=(1, 256, 56, 56)>
        %26 = 1.141535                         # ClearScalar<float32>
        %27 = multiply(%25, %26)               # EncryptedTensor<float64, shape=(1, 256, 56, 56)>
        %28 = 1.1415350437164307               # ClearScalar<float64>
        %29 = divide(%27, %28)                 # EncryptedTensor<float64, shape=(1, 256, 56, 56)>
        %30 = 0                                # ClearScalar<uint1>
        %31 = add(%29, %30)                    # EncryptedTensor<float64, shape=(1, 256, 56, 56)>
        %32 = rint(%31)                        # EncryptedTensor<float64, shape=(1, 256, 56, 56)>
        %33 = -8                               # ClearScalar<int4>
        %34 = 7                                # ClearScalar<uint3>
        %35 = clip(%32, %33, %34)              # EncryptedTensor<float64, shape=(1, 256, 56, 56)>
        %36 = astype(%35, dtype=int_)          # EncryptedTensor<uint1, shape=(1, 256, 56, 56)>
        return %36

    %24 = subgraph(%23):

         %0 = input                            # EncryptedTensor<uint1, shape=(1, 256, 56, 56)>          @ /trunk/trunk.4/shortcut/Conv.conv_rounding
         %1 = astype(%0, dtype=float64)        # EncryptedTensor<float64, shape=(1, 256, 56, 56)>
         %2 = 0                                # ClearScalar<uint1>
         %3 = add(%1, %2)                      # EncryptedTensor<float64, shape=(1, 256, 56, 56)>
         %4 = [[[[0]]  [ ... ]  [[0]]]]        # ClearTensor<uint1, shape=(1, 256, 1, 1)>
         %5 = subtract(%3, %4)                 # EncryptedTensor<float64, shape=(1, 256, 56, 56)>
         %6 = 0.06565728258423409              # ClearScalar<float64>
         %7 = multiply(%6, %5)                 # EncryptedTensor<float64, shape=(1, 256, 56, 56)>
         %8 = [[[[ 6.594 ... 12e-03]]]]        # ClearTensor<float32, shape=(1, 256, 1, 1)>
         %9 = subtract(%7, %8)                 # EncryptedTensor<float64, shape=(1, 256, 56, 56)>
        %10 = [[[[0.7908 ... 72521 ]]]]        # ClearTensor<float32, shape=(1, 256, 1, 1)>
        %11 = divide(%9, %10)                  # EncryptedTensor<float64, shape=(1, 256, 56, 56)>
        %12 = [[[[1.0285 ... 47996 ]]]]        # ClearTensor<float32, shape=(1, 256, 1, 1)>
        %13 = multiply(%11, %12)               # EncryptedTensor<float64, shape=(1, 256, 56, 56)>
        %14 = [[[[ 1.269 ... 94e-02]]]]        # ClearTensor<float32, shape=(1, 256, 1, 1)>
        %15 = add(%13, %14)                    # EncryptedTensor<float64, shape=(1, 256, 56, 56)>
        %16 = 1.3630817                        # ClearScalar<float32>
        %17 = divide(%15, %16)                 # EncryptedTensor<float64, shape=(1, 256, 56, 56)>
        %18 = 0.0                              # ClearScalar<float32>
        %19 = add(%17, %18)                    # EncryptedTensor<float64, shape=(1, 256, 56, 56)>
        %20 = -8.0                             # ClearScalar<float64>
        %21 = 7.0                              # ClearScalar<float64>
        %22 = clip(%19, %20, %21)              # EncryptedTensor<float64, shape=(1, 256, 56, 56)>
        %23 = rint(%22)                        # EncryptedTensor<float64, shape=(1, 256, 56, 56)>
        %24 = 0.0                              # ClearScalar<float32>
        %25 = subtract(%23, %24)               # EncryptedTensor<float64, shape=(1, 256, 56, 56)>
        %26 = 1.3630817                        # ClearScalar<float32>
        %27 = multiply(%25, %26)               # EncryptedTensor<float64, shape=(1, 256, 56, 56)>
        %28 = 1.363081693649292                # ClearScalar<float64>
        %29 = divide(%27, %28)                 # EncryptedTensor<float64, shape=(1, 256, 56, 56)>
        %30 = 0                                # ClearScalar<uint1>
        %31 = add(%29, %30)                    # EncryptedTensor<float64, shape=(1, 256, 56, 56)>
        %32 = rint(%31)                        # EncryptedTensor<float64, shape=(1, 256, 56, 56)>
        %33 = -8                               # ClearScalar<int4>
        %34 = 7                                # ClearScalar<uint3>
        %35 = clip(%32, %33, %34)              # EncryptedTensor<float64, shape=(1, 256, 56, 56)>
        %36 = astype(%35, dtype=int_)          # EncryptedTensor<uint1, shape=(1, 256, 56, 56)>
        return %36

    %25 = subgraph(%20):

         %0 = input                         # EncryptedTensor<uint1, shape=(1, 256, 56, 56)>
         %1 = 0.0                           # ClearScalar<float64>
         %2 = subtract(%0, %1)              # EncryptedTensor<float64, shape=(1, 256, 56, 56)>
         %3 = 1.1415350437164307            # ClearScalar<float64>
         %4 = multiply(%3, %2)              # EncryptedTensor<float64, shape=(1, 256, 56, 56)>
         %5 = 1.6697444915771484            # ClearScalar<float64>
         %6 = divide(%4, %5)                # EncryptedTensor<float64, shape=(1, 256, 56, 56)>
         %7 = 0                             # ClearScalar<uint1>
         %8 = add(%6, %7)                   # EncryptedTensor<float64, shape=(1, 256, 56, 56)>
         %9 = rint(%8)                      # EncryptedTensor<float64, shape=(1, 256, 56, 56)>
        %10 = astype(%9, dtype=int_)        # EncryptedTensor<uint1, shape=(1, 256, 56, 56)>
        return %10

    %26 = subgraph(%24):

         %0 = input                         # EncryptedTensor<uint1, shape=(1, 256, 56, 56)>
         %1 = 0.0                           # ClearScalar<float64>
         %2 = subtract(%0, %1)              # EncryptedTensor<float64, shape=(1, 256, 56, 56)>
         %3 = 1.363081693649292             # ClearScalar<float64>
         %4 = multiply(%3, %2)              # EncryptedTensor<float64, shape=(1, 256, 56, 56)>
         %5 = 1.6697444915771484            # ClearScalar<float64>
         %6 = divide(%4, %5)                # EncryptedTensor<float64, shape=(1, 256, 56, 56)>
         %7 = 0                             # ClearScalar<uint1>
         %8 = add(%6, %7)                   # EncryptedTensor<float64, shape=(1, 256, 56, 56)>
         %9 = rint(%8)                      # EncryptedTensor<float64, shape=(1, 256, 56, 56)>
        %10 = astype(%9, dtype=int_)        # EncryptedTensor<uint1, shape=(1, 256, 56, 56)>
        return %10

    %30 = subgraph(%29):

         %0 = input                          # EncryptedTensor<uint2, shape=(1, 256, 56, 56)>
         %1 = 0.0                            # ClearScalar<float64>
         %2 = subtract(%0, %1)               # EncryptedTensor<float64, shape=(1, 256, 56, 56)>
         %3 = 1.6697444915771484             # ClearScalar<float64>
         %4 = multiply(%3, %2)               # EncryptedTensor<float64, shape=(1, 256, 56, 56)>
         %5 = 0                              # ClearScalar<uint1>
         %6 = maximum(%4, %5)                # EncryptedTensor<float64, shape=(1, 256, 56, 56)>
         %7 = 0.88038975                     # ClearScalar<float32>
         %8 = divide(%6, %7)                 # EncryptedTensor<float64, shape=(1, 256, 56, 56)>
         %9 = 0.0                            # ClearScalar<float32>
        %10 = add(%8, %9)                    # EncryptedTensor<float64, shape=(1, 256, 56, 56)>
        %11 = 0.0                            # ClearScalar<float64>
        %12 = 15.0                           # ClearScalar<float64>
        %13 = clip(%10, %11, %12)            # EncryptedTensor<float64, shape=(1, 256, 56, 56)>
        %14 = rint(%13)                      # EncryptedTensor<float64, shape=(1, 256, 56, 56)>
        %15 = 0.0                            # ClearScalar<float32>
        %16 = subtract(%14, %15)             # EncryptedTensor<float64, shape=(1, 256, 56, 56)>
        %17 = 0.88038975                     # ClearScalar<float32>
        %18 = multiply(%16, %17)             # EncryptedTensor<float64, shape=(1, 256, 56, 56)>
        %19 = 0.8803897500038147             # ClearScalar<float64>
        %20 = divide(%18, %19)               # EncryptedTensor<float64, shape=(1, 256, 56, 56)>
        %21 = 0                              # ClearScalar<uint1>
        %22 = add(%20, %21)                  # EncryptedTensor<float64, shape=(1, 256, 56, 56)>
        %23 = rint(%22)                      # EncryptedTensor<float64, shape=(1, 256, 56, 56)>
        %24 = 0                              # ClearScalar<uint1>
        %25 = 15                             # ClearScalar<uint4>
        %26 = clip(%23, %24, %25)            # EncryptedTensor<float64, shape=(1, 256, 56, 56)>
        %27 = astype(%26, dtype=int_)        # EncryptedTensor<uint1, shape=(1, 256, 56, 56)>
        return %27

    %34 = subgraph(%33):

         %0 = input                            # EncryptedTensor<uint1, shape=(1, 64, 56, 56)>          @ /trunk/trunk.5/C1/Conv.conv_rounding
         %1 = astype(%0, dtype=float64)        # EncryptedTensor<float64, shape=(1, 64, 56, 56)>
         %2 = 0                                # ClearScalar<uint1>
         %3 = add(%1, %2)                      # EncryptedTensor<float64, shape=(1, 64, 56, 56)>
         %4 = [[[[0]]  [ ... ]  [[0]]]]        # ClearTensor<uint1, shape=(1, 64, 1, 1)>
         %5 = subtract(%3, %4)                 # EncryptedTensor<float64, shape=(1, 64, 56, 56)>
         %6 = 0.08289389598056829              # ClearScalar<float64>
         %7 = multiply(%6, %5)                 # EncryptedTensor<float64, shape=(1, 64, 56, 56)>
         %8 = [[[[-1.011 ... 39627 ]]]]        # ClearTensor<float32, shape=(1, 64, 1, 1)>
         %9 = subtract(%7, %8)                 # EncryptedTensor<float64, shape=(1, 64, 56, 56)>
        %10 = [[[[3.2450 ... 593896]]]]        # ClearTensor<float32, shape=(1, 64, 1, 1)>
        %11 = divide(%9, %10)                  # EncryptedTensor<float64, shape=(1, 64, 56, 56)>
        %12 = [[[[0.9608 ... 96763 ]]]]        # ClearTensor<float32, shape=(1, 64, 1, 1)>
        %13 = multiply(%11, %12)               # EncryptedTensor<float64, shape=(1, 64, 56, 56)>
        %14 = [[[[-0.011 ... 25026 ]]]]        # ClearTensor<float32, shape=(1, 64, 1, 1)>
        %15 = add(%13, %14)                    # EncryptedTensor<float64, shape=(1, 64, 56, 56)>
        %16 = 0                                # ClearScalar<uint1>
        %17 = maximum(%15, %16)                # EncryptedTensor<float64, shape=(1, 64, 56, 56)>
        %18 = 0.586181                         # ClearScalar<float32>
        %19 = divide(%17, %18)                 # EncryptedTensor<float64, shape=(1, 64, 56, 56)>
        %20 = 0.0                              # ClearScalar<float32>
        %21 = add(%19, %20)                    # EncryptedTensor<float64, shape=(1, 64, 56, 56)>
        %22 = 0.0                              # ClearScalar<float64>
        %23 = 15.0                             # ClearScalar<float64>
        %24 = clip(%21, %22, %23)              # EncryptedTensor<float64, shape=(1, 64, 56, 56)>
        %25 = rint(%24)                        # EncryptedTensor<float64, shape=(1, 64, 56, 56)>
        %26 = 0.0                              # ClearScalar<float32>
        %27 = subtract(%25, %26)               # EncryptedTensor<float64, shape=(1, 64, 56, 56)>
        %28 = 0.586181                         # ClearScalar<float32>
        %29 = multiply(%27, %28)               # EncryptedTensor<float64, shape=(1, 64, 56, 56)>
        %30 = 0.5861809849739075               # ClearScalar<float64>
        %31 = divide(%29, %30)                 # EncryptedTensor<float64, shape=(1, 64, 56, 56)>
        %32 = 0                                # ClearScalar<uint1>
        %33 = add(%31, %32)                    # EncryptedTensor<float64, shape=(1, 64, 56, 56)>
        %34 = rint(%33)                        # EncryptedTensor<float64, shape=(1, 64, 56, 56)>
        %35 = 0                                # ClearScalar<uint1>
        %36 = 15                               # ClearScalar<uint4>
        %37 = clip(%34, %35, %36)              # EncryptedTensor<float64, shape=(1, 64, 56, 56)>
        %38 = astype(%37, dtype=int_)          # EncryptedTensor<uint1, shape=(1, 64, 56, 56)>
        return %38

    %42 = subgraph(%41):

         %0 = input                            # EncryptedTensor<uint1, shape=(1, 64, 56, 56)>          @ /trunk/trunk.5/C2/Conv.conv_rounding
         %1 = astype(%0, dtype=float64)        # EncryptedTensor<float64, shape=(1, 64, 56, 56)>
         %2 = 0                                # ClearScalar<uint1>
         %3 = add(%1, %2)                      # EncryptedTensor<float64, shape=(1, 64, 56, 56)>
         %4 = [[[[0]]  [ ... ]  [[0]]]]        # ClearTensor<uint1, shape=(1, 64, 1, 1)>
         %5 = subtract(%3, %4)                 # EncryptedTensor<float64, shape=(1, 64, 56, 56)>
         %6 = 0.019602047947088197             # ClearScalar<float64>
         %7 = multiply(%6, %5)                 # EncryptedTensor<float64, shape=(1, 64, 56, 56)>
         %8 = [[[[-0.295 ... 66362 ]]]]        # ClearTensor<float32, shape=(1, 64, 1, 1)>
         %9 = subtract(%7, %8)                 # EncryptedTensor<float64, shape=(1, 64, 56, 56)>
        %10 = [[[[1.0107 ... 99827 ]]]]        # ClearTensor<float32, shape=(1, 64, 1, 1)>
        %11 = divide(%9, %10)                  # EncryptedTensor<float64, shape=(1, 64, 56, 56)>
        %12 = [[[[1.0142 ... 6613  ]]]]        # ClearTensor<float32, shape=(1, 64, 1, 1)>
        %13 = multiply(%11, %12)               # EncryptedTensor<float64, shape=(1, 64, 56, 56)>
        %14 = [[[[ 0.013 ... 036285]]]]        # ClearTensor<float32, shape=(1, 64, 1, 1)>
        %15 = add(%13, %14)                    # EncryptedTensor<float64, shape=(1, 64, 56, 56)>
        %16 = 0                                # ClearScalar<uint1>
        %17 = maximum(%15, %16)                # EncryptedTensor<float64, shape=(1, 64, 56, 56)>
        %18 = 0.5284729                        # ClearScalar<float32>
        %19 = divide(%17, %18)                 # EncryptedTensor<float64, shape=(1, 64, 56, 56)>
        %20 = 0.0                              # ClearScalar<float32>
        %21 = add(%19, %20)                    # EncryptedTensor<float64, shape=(1, 64, 56, 56)>
        %22 = 0.0                              # ClearScalar<float64>
        %23 = 15.0                             # ClearScalar<float64>
        %24 = clip(%21, %22, %23)              # EncryptedTensor<float64, shape=(1, 64, 56, 56)>
        %25 = rint(%24)                        # EncryptedTensor<float64, shape=(1, 64, 56, 56)>
        %26 = 0.0                              # ClearScalar<float32>
        %27 = subtract(%25, %26)               # EncryptedTensor<float64, shape=(1, 64, 56, 56)>
        %28 = 0.5284729                        # ClearScalar<float32>
        %29 = multiply(%27, %28)               # EncryptedTensor<float64, shape=(1, 64, 56, 56)>
        %30 = 0.528472900390625                # ClearScalar<float64>
        %31 = divide(%29, %30)                 # EncryptedTensor<float64, shape=(1, 64, 56, 56)>
        %32 = 0                                # ClearScalar<uint1>
        %33 = add(%31, %32)                    # EncryptedTensor<float64, shape=(1, 64, 56, 56)>
        %34 = rint(%33)                        # EncryptedTensor<float64, shape=(1, 64, 56, 56)>
        %35 = 0                                # ClearScalar<uint1>
        %36 = 15                               # ClearScalar<uint4>
        %37 = clip(%34, %35, %36)              # EncryptedTensor<float64, shape=(1, 64, 56, 56)>
        %38 = astype(%37, dtype=int_)          # EncryptedTensor<uint1, shape=(1, 64, 56, 56)>
        return %38

    %46 = subgraph(%45):

         %0 = input                            # EncryptedTensor<uint1, shape=(1, 256, 56, 56)>          @ /trunk/trunk.5/C3/Conv.conv_rounding
         %1 = astype(%0, dtype=float64)        # EncryptedTensor<float64, shape=(1, 256, 56, 56)>
         %2 = 0                                # ClearScalar<uint1>
         %3 = add(%1, %2)                      # EncryptedTensor<float64, shape=(1, 256, 56, 56)>
         %4 = [[[[0]]  [ ... ]  [[0]]]]        # ClearTensor<uint1, shape=(1, 256, 1, 1)>
         %5 = subtract(%3, %4)                 # EncryptedTensor<float64, shape=(1, 256, 56, 56)>
         %6 = 0.0301932955551365               # ClearScalar<float64>
         %7 = multiply(%6, %5)                 # EncryptedTensor<float64, shape=(1, 256, 56, 56)>
         %8 = [[[[-1.853 ... 76e-01]]]]        # ClearTensor<float32, shape=(1, 256, 1, 1)>
         %9 = subtract(%7, %8)                 # EncryptedTensor<float64, shape=(1, 256, 56, 56)>
        %10 = [[[[0.5687 ... 23778 ]]]]        # ClearTensor<float32, shape=(1, 256, 1, 1)>
        %11 = divide(%9, %10)                  # EncryptedTensor<float64, shape=(1, 256, 56, 56)>
        %12 = [[[[0.9623 ... 9534  ]]]]        # ClearTensor<float32, shape=(1, 256, 1, 1)>
        %13 = multiply(%11, %12)               # EncryptedTensor<float64, shape=(1, 256, 56, 56)>
        %14 = [[[[-0.010 ... 231315]]]]        # ClearTensor<float32, shape=(1, 256, 1, 1)>
        %15 = add(%13, %14)                    # EncryptedTensor<float64, shape=(1, 256, 56, 56)>
        %16 = 1.0737511                        # ClearScalar<float32>
        %17 = divide(%15, %16)                 # EncryptedTensor<float64, shape=(1, 256, 56, 56)>
        %18 = 0.0                              # ClearScalar<float32>
        %19 = add(%17, %18)                    # EncryptedTensor<float64, shape=(1, 256, 56, 56)>
        %20 = -8.0                             # ClearScalar<float64>
        %21 = 7.0                              # ClearScalar<float64>
        %22 = clip(%19, %20, %21)              # EncryptedTensor<float64, shape=(1, 256, 56, 56)>
        %23 = rint(%22)                        # EncryptedTensor<float64, shape=(1, 256, 56, 56)>
        %24 = 0.0                              # ClearScalar<float32>
        %25 = subtract(%23, %24)               # EncryptedTensor<float64, shape=(1, 256, 56, 56)>
        %26 = 1.0737511                        # ClearScalar<float32>
        %27 = multiply(%25, %26)               # EncryptedTensor<float64, shape=(1, 256, 56, 56)>
        %28 = 1.0737510919570923               # ClearScalar<float64>
        %29 = divide(%27, %28)                 # EncryptedTensor<float64, shape=(1, 256, 56, 56)>
        %30 = 0                                # ClearScalar<uint1>
        %31 = add(%29, %30)                    # EncryptedTensor<float64, shape=(1, 256, 56, 56)>
        %32 = rint(%31)                        # EncryptedTensor<float64, shape=(1, 256, 56, 56)>
        %33 = -8                               # ClearScalar<int4>
        %34 = 7                                # ClearScalar<uint3>
        %35 = clip(%32, %33, %34)              # EncryptedTensor<float64, shape=(1, 256, 56, 56)>
        %36 = astype(%35, dtype=int_)          # EncryptedTensor<uint1, shape=(1, 256, 56, 56)>
        return %36

    %47 = subgraph(%46):

         %0 = input                         # EncryptedTensor<uint1, shape=(1, 256, 56, 56)>
         %1 = 0.0                           # ClearScalar<float64>
         %2 = subtract(%0, %1)              # EncryptedTensor<float64, shape=(1, 256, 56, 56)>
         %3 = 1.0737510919570923            # ClearScalar<float64>
         %4 = multiply(%3, %2)              # EncryptedTensor<float64, shape=(1, 256, 56, 56)>
         %5 = 1.5375311613082885            # ClearScalar<float64>
         %6 = divide(%4, %5)                # EncryptedTensor<float64, shape=(1, 256, 56, 56)>
         %7 = 0                             # ClearScalar<uint1>
         %8 = add(%6, %7)                   # EncryptedTensor<float64, shape=(1, 256, 56, 56)>
         %9 = rint(%8)                      # EncryptedTensor<float64, shape=(1, 256, 56, 56)>
        %10 = astype(%9, dtype=int_)        # EncryptedTensor<uint1, shape=(1, 256, 56, 56)>
        return %10

    %48 = subgraph(%30):

         %0 = input                         # EncryptedTensor<uint1, shape=(1, 256, 56, 56)>
         %1 = 0.0                           # ClearScalar<float64>
         %2 = subtract(%0, %1)              # EncryptedTensor<float64, shape=(1, 256, 56, 56)>
         %3 = 0.8803897500038147            # ClearScalar<float64>
         %4 = multiply(%3, %2)              # EncryptedTensor<float64, shape=(1, 256, 56, 56)>
         %5 = 1.5375311613082885            # ClearScalar<float64>
         %6 = divide(%4, %5)                # EncryptedTensor<float64, shape=(1, 256, 56, 56)>
         %7 = 0                             # ClearScalar<uint1>
         %8 = add(%6, %7)                   # EncryptedTensor<float64, shape=(1, 256, 56, 56)>
         %9 = rint(%8)                      # EncryptedTensor<float64, shape=(1, 256, 56, 56)>
        %10 = astype(%9, dtype=int_)        # EncryptedTensor<uint1, shape=(1, 256, 56, 56)>
        return %10

    %52 = subgraph(%51):

         %0 = input                          # EncryptedTensor<uint2, shape=(1, 256, 56, 56)>
         %1 = 0.0                            # ClearScalar<float64>
         %2 = subtract(%0, %1)               # EncryptedTensor<float64, shape=(1, 256, 56, 56)>
         %3 = 1.5375311613082885             # ClearScalar<float64>
         %4 = multiply(%3, %2)               # EncryptedTensor<float64, shape=(1, 256, 56, 56)>
         %5 = 0                              # ClearScalar<uint1>
         %6 = maximum(%4, %5)                # EncryptedTensor<float64, shape=(1, 256, 56, 56)>
         %7 = 1.0484111                      # ClearScalar<float32>
         %8 = divide(%6, %7)                 # EncryptedTensor<float64, shape=(1, 256, 56, 56)>
         %9 = 0.0                            # ClearScalar<float32>
        %10 = add(%8, %9)                    # EncryptedTensor<float64, shape=(1, 256, 56, 56)>
        %11 = 0.0                            # ClearScalar<float64>
        %12 = 15.0                           # ClearScalar<float64>
        %13 = clip(%10, %11, %12)            # EncryptedTensor<float64, shape=(1, 256, 56, 56)>
        %14 = rint(%13)                      # EncryptedTensor<float64, shape=(1, 256, 56, 56)>
        %15 = 0.0                            # ClearScalar<float32>
        %16 = subtract(%14, %15)             # EncryptedTensor<float64, shape=(1, 256, 56, 56)>
        %17 = 1.0484111                      # ClearScalar<float32>
        %18 = multiply(%16, %17)             # EncryptedTensor<float64, shape=(1, 256, 56, 56)>
        %19 = 1.0484111309051514             # ClearScalar<float64>
        %20 = divide(%18, %19)               # EncryptedTensor<float64, shape=(1, 256, 56, 56)>
        %21 = 0                              # ClearScalar<uint1>
        %22 = add(%20, %21)                  # EncryptedTensor<float64, shape=(1, 256, 56, 56)>
        %23 = rint(%22)                      # EncryptedTensor<float64, shape=(1, 256, 56, 56)>
        %24 = 0                              # ClearScalar<uint1>
        %25 = 15                             # ClearScalar<uint4>
        %26 = clip(%23, %24, %25)            # EncryptedTensor<float64, shape=(1, 256, 56, 56)>
        %27 = astype(%26, dtype=int_)        # EncryptedTensor<uint1, shape=(1, 256, 56, 56)>
        return %27

    %56 = subgraph(%55):

         %0 = input                            # EncryptedTensor<uint1, shape=(1, 64, 56, 56)>          @ /trunk/trunk.6/C1/Conv.conv_rounding
         %1 = astype(%0, dtype=float64)        # EncryptedTensor<float64, shape=(1, 64, 56, 56)>
         %2 = 0                                # ClearScalar<uint1>
         %3 = add(%1, %2)                      # EncryptedTensor<float64, shape=(1, 64, 56, 56)>
         %4 = [[[[0]]  [ ... ]  [[0]]]]        # ClearTensor<uint1, shape=(1, 64, 1, 1)>
         %5 = subtract(%3, %4)                 # EncryptedTensor<float64, shape=(1, 64, 56, 56)>
         %6 = 0.11481161704248066              # ClearScalar<float64>
         %7 = multiply(%6, %5)                 # EncryptedTensor<float64, shape=(1, 64, 56, 56)>
         %8 = [[[[-0.993 ... 06662 ]]]]        # ClearTensor<float32, shape=(1, 64, 1, 1)>
         %9 = subtract(%7, %8)                 # EncryptedTensor<float64, shape=(1, 64, 56, 56)>
        %10 = [[[[3.4326 ... 026076]]]]        # ClearTensor<float32, shape=(1, 64, 1, 1)>
        %11 = divide(%9, %10)                  # EncryptedTensor<float64, shape=(1, 64, 56, 56)>
        %12 = [[[[1.0225 ... 854465]]]]        # ClearTensor<float32, shape=(1, 64, 1, 1)>
        %13 = multiply(%11, %12)               # EncryptedTensor<float64, shape=(1, 64, 56, 56)>
        %14 = [[[[ 0.029 ... 073019]]]]        # ClearTensor<float32, shape=(1, 64, 1, 1)>
        %15 = add(%13, %14)                    # EncryptedTensor<float64, shape=(1, 64, 56, 56)>
        %16 = 0                                # ClearScalar<uint1>
        %17 = maximum(%15, %16)                # EncryptedTensor<float64, shape=(1, 64, 56, 56)>
        %18 = 0.5167939                        # ClearScalar<float32>
        %19 = divide(%17, %18)                 # EncryptedTensor<float64, shape=(1, 64, 56, 56)>
        %20 = 0.0                              # ClearScalar<float32>
        %21 = add(%19, %20)                    # EncryptedTensor<float64, shape=(1, 64, 56, 56)>
        %22 = 0.0                              # ClearScalar<float64>
        %23 = 15.0                             # ClearScalar<float64>
        %24 = clip(%21, %22, %23)              # EncryptedTensor<float64, shape=(1, 64, 56, 56)>
        %25 = rint(%24)                        # EncryptedTensor<float64, shape=(1, 64, 56, 56)>
        %26 = 0.0                              # ClearScalar<float32>
        %27 = subtract(%25, %26)               # EncryptedTensor<float64, shape=(1, 64, 56, 56)>
        %28 = 0.5167939                        # ClearScalar<float32>
        %29 = multiply(%27, %28)               # EncryptedTensor<float64, shape=(1, 64, 56, 56)>
        %30 = 0.5167939066886902               # ClearScalar<float64>
        %31 = divide(%29, %30)                 # EncryptedTensor<float64, shape=(1, 64, 56, 56)>
        %32 = 0                                # ClearScalar<uint1>
        %33 = add(%31, %32)                    # EncryptedTensor<float64, shape=(1, 64, 56, 56)>
        %34 = rint(%33)                        # EncryptedTensor<float64, shape=(1, 64, 56, 56)>
        %35 = 0                                # ClearScalar<uint1>
        %36 = 15                               # ClearScalar<uint4>
        %37 = clip(%34, %35, %36)              # EncryptedTensor<float64, shape=(1, 64, 56, 56)>
        %38 = astype(%37, dtype=int_)          # EncryptedTensor<uint1, shape=(1, 64, 56, 56)>
        return %38

    %64 = subgraph(%63):

         %0 = input                            # EncryptedTensor<uint1, shape=(1, 64, 56, 56)>          @ /trunk/trunk.6/C2/Conv.conv_rounding
         %1 = astype(%0, dtype=float64)        # EncryptedTensor<float64, shape=(1, 64, 56, 56)>
         %2 = 0                                # ClearScalar<uint1>
         %3 = add(%1, %2)                      # EncryptedTensor<float64, shape=(1, 64, 56, 56)>
         %4 = [[[[0]]  [ ... ]  [[0]]]]        # ClearTensor<uint1, shape=(1, 64, 1, 1)>
         %5 = subtract(%3, %4)                 # EncryptedTensor<float64, shape=(1, 64, 56, 56)>
         %6 = 0.018053260142911975             # ClearScalar<float64>
         %7 = multiply(%6, %5)                 # EncryptedTensor<float64, shape=(1, 64, 56, 56)>
         %8 = [[[[ 0.290 ... 015367]]]]        # ClearTensor<float32, shape=(1, 64, 1, 1)>
         %9 = subtract(%7, %8)                 # EncryptedTensor<float64, shape=(1, 64, 56, 56)>
        %10 = [[[[0.8955 ... 1074  ]]]]        # ClearTensor<float32, shape=(1, 64, 1, 1)>
        %11 = divide(%9, %10)                  # EncryptedTensor<float64, shape=(1, 64, 56, 56)>
        %12 = [[[[0.9730 ... 34142 ]]]]        # ClearTensor<float32, shape=(1, 64, 1, 1)>
        %13 = multiply(%11, %12)               # EncryptedTensor<float64, shape=(1, 64, 56, 56)>
        %14 = [[[[-0.011 ... 775276]]]]        # ClearTensor<float32, shape=(1, 64, 1, 1)>
        %15 = add(%13, %14)                    # EncryptedTensor<float64, shape=(1, 64, 56, 56)>
        %16 = 0                                # ClearScalar<uint1>
        %17 = maximum(%15, %16)                # EncryptedTensor<float64, shape=(1, 64, 56, 56)>
        %18 = 0.4651601                        # ClearScalar<float32>
        %19 = divide(%17, %18)                 # EncryptedTensor<float64, shape=(1, 64, 56, 56)>
        %20 = 0.0                              # ClearScalar<float32>
        %21 = add(%19, %20)                    # EncryptedTensor<float64, shape=(1, 64, 56, 56)>
        %22 = 0.0                              # ClearScalar<float64>
        %23 = 15.0                             # ClearScalar<float64>
        %24 = clip(%21, %22, %23)              # EncryptedTensor<float64, shape=(1, 64, 56, 56)>
        %25 = rint(%24)                        # EncryptedTensor<float64, shape=(1, 64, 56, 56)>
        %26 = 0.0                              # ClearScalar<float32>
        %27 = subtract(%25, %26)               # EncryptedTensor<float64, shape=(1, 64, 56, 56)>
        %28 = 0.4651601                        # ClearScalar<float32>
        %29 = multiply(%27, %28)               # EncryptedTensor<float64, shape=(1, 64, 56, 56)>
        %30 = 0.4651601016521454               # ClearScalar<float64>
        %31 = divide(%29, %30)                 # EncryptedTensor<float64, shape=(1, 64, 56, 56)>
        %32 = 0                                # ClearScalar<uint1>
        %33 = add(%31, %32)                    # EncryptedTensor<float64, shape=(1, 64, 56, 56)>
        %34 = rint(%33)                        # EncryptedTensor<float64, shape=(1, 64, 56, 56)>
        %35 = 0                                # ClearScalar<uint1>
        %36 = 15                               # ClearScalar<uint4>
        %37 = clip(%34, %35, %36)              # EncryptedTensor<float64, shape=(1, 64, 56, 56)>
        %38 = astype(%37, dtype=int_)          # EncryptedTensor<uint1, shape=(1, 64, 56, 56)>
        return %38

    %68 = subgraph(%67):

         %0 = input                            # EncryptedTensor<uint1, shape=(1, 256, 56, 56)>          @ /trunk/trunk.6/C3/Conv.conv_rounding
         %1 = astype(%0, dtype=float64)        # EncryptedTensor<float64, shape=(1, 256, 56, 56)>
         %2 = 0                                # ClearScalar<uint1>
         %3 = add(%1, %2)                      # EncryptedTensor<float64, shape=(1, 256, 56, 56)>
         %4 = [[[[0]]  [ ... ]  [[0]]]]        # ClearTensor<uint1, shape=(1, 256, 1, 1)>
         %5 = subtract(%3, %4)                 # EncryptedTensor<float64, shape=(1, 256, 56, 56)>
         %6 = 0.020906207361339635             # ClearScalar<float64>
         %7 = multiply(%6, %5)                 # EncryptedTensor<float64, shape=(1, 256, 56, 56)>
         %8 = [[[[-2.783 ... 10e-01]]]]        # ClearTensor<float32, shape=(1, 256, 1, 1)>
         %9 = subtract(%7, %8)                 # EncryptedTensor<float64, shape=(1, 256, 56, 56)>
        %10 = [[[[0.4265 ... 34352 ]]]]        # ClearTensor<float32, shape=(1, 256, 1, 1)>
        %11 = divide(%9, %10)                  # EncryptedTensor<float64, shape=(1, 256, 56, 56)>
        %12 = [[[[0.9679 ... 75741 ]]]]        # ClearTensor<float32, shape=(1, 256, 1, 1)>
        %13 = multiply(%11, %12)               # EncryptedTensor<float64, shape=(1, 256, 56, 56)>
        %14 = [[[[-1.649 ... 75e-03]]]]        # ClearTensor<float32, shape=(1, 256, 1, 1)>
        %15 = add(%13, %14)                    # EncryptedTensor<float64, shape=(1, 256, 56, 56)>
        %16 = 0.9390777                        # ClearScalar<float32>
        %17 = divide(%15, %16)                 # EncryptedTensor<float64, shape=(1, 256, 56, 56)>
        %18 = 0.0                              # ClearScalar<float32>
        %19 = add(%17, %18)                    # EncryptedTensor<float64, shape=(1, 256, 56, 56)>
        %20 = -8.0                             # ClearScalar<float64>
        %21 = 7.0                              # ClearScalar<float64>
        %22 = clip(%19, %20, %21)              # EncryptedTensor<float64, shape=(1, 256, 56, 56)>
        %23 = rint(%22)                        # EncryptedTensor<float64, shape=(1, 256, 56, 56)>
        %24 = 0.0                              # ClearScalar<float32>
        %25 = subtract(%23, %24)               # EncryptedTensor<float64, shape=(1, 256, 56, 56)>
        %26 = 0.9390777                        # ClearScalar<float32>
        %27 = multiply(%25, %26)               # EncryptedTensor<float64, shape=(1, 256, 56, 56)>
        %28 = 0.9390776753425598               # ClearScalar<float64>
        %29 = divide(%27, %28)                 # EncryptedTensor<float64, shape=(1, 256, 56, 56)>
        %30 = 0                                # ClearScalar<uint1>
        %31 = add(%29, %30)                    # EncryptedTensor<float64, shape=(1, 256, 56, 56)>
        %32 = rint(%31)                        # EncryptedTensor<float64, shape=(1, 256, 56, 56)>
        %33 = -8                               # ClearScalar<int4>
        %34 = 7                                # ClearScalar<uint3>
        %35 = clip(%32, %33, %34)              # EncryptedTensor<float64, shape=(1, 256, 56, 56)>
        %36 = astype(%35, dtype=int_)          # EncryptedTensor<uint1, shape=(1, 256, 56, 56)>
        return %36

    %69 = subgraph(%68):

         %0 = input                         # EncryptedTensor<uint1, shape=(1, 256, 56, 56)>
         %1 = 0.0                           # ClearScalar<float64>
         %2 = subtract(%0, %1)              # EncryptedTensor<float64, shape=(1, 256, 56, 56)>
         %3 = 0.9390776753425598            # ClearScalar<float64>
         %4 = multiply(%3, %2)              # EncryptedTensor<float64, shape=(1, 256, 56, 56)>
         %5 = 1.674462914466858             # ClearScalar<float64>
         %6 = divide(%4, %5)                # EncryptedTensor<float64, shape=(1, 256, 56, 56)>
         %7 = 0                             # ClearScalar<uint1>
         %8 = add(%6, %7)                   # EncryptedTensor<float64, shape=(1, 256, 56, 56)>
         %9 = rint(%8)                      # EncryptedTensor<float64, shape=(1, 256, 56, 56)>
        %10 = astype(%9, dtype=int_)        # EncryptedTensor<uint1, shape=(1, 256, 56, 56)>
        return %10

    %70 = subgraph(%52):

         %0 = input                         # EncryptedTensor<uint1, shape=(1, 256, 56, 56)>
         %1 = 0.0                           # ClearScalar<float64>
         %2 = subtract(%0, %1)              # EncryptedTensor<float64, shape=(1, 256, 56, 56)>
         %3 = 1.0484111309051514            # ClearScalar<float64>
         %4 = multiply(%3, %2)              # EncryptedTensor<float64, shape=(1, 256, 56, 56)>
         %5 = 1.674462914466858             # ClearScalar<float64>
         %6 = divide(%4, %5)                # EncryptedTensor<float64, shape=(1, 256, 56, 56)>
         %7 = 0                             # ClearScalar<uint1>
         %8 = add(%6, %7)                   # EncryptedTensor<float64, shape=(1, 256, 56, 56)>
         %9 = rint(%8)                      # EncryptedTensor<float64, shape=(1, 256, 56, 56)>
        %10 = astype(%9, dtype=int_)        # EncryptedTensor<uint1, shape=(1, 256, 56, 56)>
        return %10

    %74 = subgraph(%73):

         %0 = input                          # EncryptedTensor<uint2, shape=(1, 256, 56, 56)>
         %1 = 0.0                            # ClearScalar<float64>
         %2 = subtract(%0, %1)               # EncryptedTensor<float64, shape=(1, 256, 56, 56)>
         %3 = 1.674462914466858              # ClearScalar<float64>
         %4 = multiply(%3, %2)               # EncryptedTensor<float64, shape=(1, 256, 56, 56)>
         %5 = 0                              # ClearScalar<uint1>
         %6 = maximum(%4, %5)                # EncryptedTensor<float64, shape=(1, 256, 56, 56)>
         %7 = 1.1744465                      # ClearScalar<float32>
         %8 = divide(%6, %7)                 # EncryptedTensor<float64, shape=(1, 256, 56, 56)>
         %9 = 0.0                            # ClearScalar<float32>
        %10 = add(%8, %9)                    # EncryptedTensor<float64, shape=(1, 256, 56, 56)>
        %11 = 0.0                            # ClearScalar<float64>
        %12 = 15.0                           # ClearScalar<float64>
        %13 = clip(%10, %11, %12)            # EncryptedTensor<float64, shape=(1, 256, 56, 56)>
        %14 = rint(%13)                      # EncryptedTensor<float64, shape=(1, 256, 56, 56)>
        %15 = 0.0                            # ClearScalar<float32>
        %16 = subtract(%14, %15)             # EncryptedTensor<float64, shape=(1, 256, 56, 56)>
        %17 = 1.1744465                      # ClearScalar<float32>
        %18 = multiply(%16, %17)             # EncryptedTensor<float64, shape=(1, 256, 56, 56)>
        %19 = 1.1744464635849                # ClearScalar<float64>
        %20 = divide(%18, %19)               # EncryptedTensor<float64, shape=(1, 256, 56, 56)>
        %21 = 0                              # ClearScalar<uint1>
        %22 = add(%20, %21)                  # EncryptedTensor<float64, shape=(1, 256, 56, 56)>
        %23 = rint(%22)                      # EncryptedTensor<float64, shape=(1, 256, 56, 56)>
        %24 = 0                              # ClearScalar<uint1>
        %25 = 15                             # ClearScalar<uint4>
        %26 = clip(%23, %24, %25)            # EncryptedTensor<float64, shape=(1, 256, 56, 56)>
        %27 = astype(%26, dtype=int_)        # EncryptedTensor<uint1, shape=(1, 256, 56, 56)>
        return %27

    %78 = subgraph(%77):

         %0 = input                            # EncryptedTensor<uint1, shape=(1, 128, 56, 56)>          @ /trunk/trunk.7/C1/Conv.conv_rounding
         %1 = astype(%0, dtype=float64)        # EncryptedTensor<float64, shape=(1, 128, 56, 56)>
         %2 = 0                                # ClearScalar<uint1>
         %3 = add(%1, %2)                      # EncryptedTensor<float64, shape=(1, 128, 56, 56)>
         %4 = [[[[0]]  [ ... ]  [[0]]]]        # ClearTensor<uint1, shape=(1, 128, 1, 1)>
         %5 = subtract(%3, %4)                 # EncryptedTensor<float64, shape=(1, 128, 56, 56)>
         %6 = 0.09635336064011124              # ClearScalar<float64>
         %7 = multiply(%6, %5)                 # EncryptedTensor<float64, shape=(1, 128, 56, 56)>
         %8 = [[[[ 0.927 ... 56585 ]]]]        # ClearTensor<float32, shape=(1, 128, 1, 1)>
         %9 = subtract(%7, %8)                 # EncryptedTensor<float64, shape=(1, 128, 56, 56)>
        %10 = [[[[2.4903 ... 339314]]]]        # ClearTensor<float32, shape=(1, 128, 1, 1)>
        %11 = divide(%9, %10)                  # EncryptedTensor<float64, shape=(1, 128, 56, 56)>
        %12 = [[[[0.9808 ... 69578 ]]]]        # ClearTensor<float32, shape=(1, 128, 1, 1)>
        %13 = multiply(%11, %12)               # EncryptedTensor<float64, shape=(1, 128, 56, 56)>
        %14 = [[[[-0.022 ... 789559]]]]        # ClearTensor<float32, shape=(1, 128, 1, 1)>
        %15 = add(%13, %14)                    # EncryptedTensor<float64, shape=(1, 128, 56, 56)>
        %16 = 0                                # ClearScalar<uint1>
        %17 = maximum(%15, %16)                # EncryptedTensor<float64, shape=(1, 128, 56, 56)>
        %18 = 0.44320253                       # ClearScalar<float32>
        %19 = divide(%17, %18)                 # EncryptedTensor<float64, shape=(1, 128, 56, 56)>
        %20 = 0.0                              # ClearScalar<float32>
        %21 = add(%19, %20)                    # EncryptedTensor<float64, shape=(1, 128, 56, 56)>
        %22 = 0.0                              # ClearScalar<float64>
        %23 = 15.0                             # ClearScalar<float64>
        %24 = clip(%21, %22, %23)              # EncryptedTensor<float64, shape=(1, 128, 56, 56)>
        %25 = rint(%24)                        # EncryptedTensor<float64, shape=(1, 128, 56, 56)>
        %26 = 0.0                              # ClearScalar<float32>
        %27 = subtract(%25, %26)               # EncryptedTensor<float64, shape=(1, 128, 56, 56)>
        %28 = 0.44320253                       # ClearScalar<float32>
        %29 = multiply(%27, %28)               # EncryptedTensor<float64, shape=(1, 128, 56, 56)>
        %30 = 0.44320252537727356              # ClearScalar<float64>
        %31 = divide(%29, %30)                 # EncryptedTensor<float64, shape=(1, 128, 56, 56)>
        %32 = 0                                # ClearScalar<uint1>
        %33 = add(%31, %32)                    # EncryptedTensor<float64, shape=(1, 128, 56, 56)>
        %34 = rint(%33)                        # EncryptedTensor<float64, shape=(1, 128, 56, 56)>
        %35 = 0                                # ClearScalar<uint1>
        %36 = 15                               # ClearScalar<uint4>
        %37 = clip(%34, %35, %36)              # EncryptedTensor<float64, shape=(1, 128, 56, 56)>
        %38 = astype(%37, dtype=int_)          # EncryptedTensor<uint1, shape=(1, 128, 56, 56)>
        return %38

    %86 = subgraph(%85):

         %0 = input                            # EncryptedTensor<uint1, shape=(1, 128, 28, 28)>          @ /trunk/trunk.7/C2/Conv.conv_rounding
         %1 = astype(%0, dtype=float64)        # EncryptedTensor<float64, shape=(1, 128, 28, 28)>
         %2 = 0                                # ClearScalar<uint1>
         %3 = add(%1, %2)                      # EncryptedTensor<float64, shape=(1, 128, 28, 28)>
         %4 = [[[[0]]  [ ... ]  [[0]]]]        # ClearTensor<uint1, shape=(1, 128, 1, 1)>
         %5 = subtract(%3, %4)                 # EncryptedTensor<float64, shape=(1, 128, 28, 28)>
         %6 = 0.011150877180075958             # ClearScalar<float64>
         %7 = multiply(%6, %5)                 # EncryptedTensor<float64, shape=(1, 128, 28, 28)>
         %8 = [[[[-0.591 ... 761955]]]]        # ClearTensor<float32, shape=(1, 128, 1, 1)>
         %9 = subtract(%7, %8)                 # EncryptedTensor<float64, shape=(1, 128, 28, 28)>
        %10 = [[[[0.9504 ... 98238 ]]]]        # ClearTensor<float32, shape=(1, 128, 1, 1)>
        %11 = divide(%9, %10)                  # EncryptedTensor<float64, shape=(1, 128, 28, 28)>
        %12 = [[[[0.9816 ... 70845 ]]]]        # ClearTensor<float32, shape=(1, 128, 1, 1)>
        %13 = multiply(%11, %12)               # EncryptedTensor<float64, shape=(1, 128, 28, 28)>
        %14 = [[[[-0.012 ... 75563 ]]]]        # ClearTensor<float32, shape=(1, 128, 1, 1)>
        %15 = add(%13, %14)                    # EncryptedTensor<float64, shape=(1, 128, 28, 28)>
        %16 = 0                                # ClearScalar<uint1>
        %17 = maximum(%15, %16)                # EncryptedTensor<float64, shape=(1, 128, 28, 28)>
        %18 = 0.41699275                       # ClearScalar<float32>
        %19 = divide(%17, %18)                 # EncryptedTensor<float64, shape=(1, 128, 28, 28)>
        %20 = 0.0                              # ClearScalar<float32>
        %21 = add(%19, %20)                    # EncryptedTensor<float64, shape=(1, 128, 28, 28)>
        %22 = 0.0                              # ClearScalar<float64>
        %23 = 15.0                             # ClearScalar<float64>
        %24 = clip(%21, %22, %23)              # EncryptedTensor<float64, shape=(1, 128, 28, 28)>
        %25 = rint(%24)                        # EncryptedTensor<float64, shape=(1, 128, 28, 28)>
        %26 = 0.0                              # ClearScalar<float32>
        %27 = subtract(%25, %26)               # EncryptedTensor<float64, shape=(1, 128, 28, 28)>
        %28 = 0.41699275                       # ClearScalar<float32>
        %29 = multiply(%27, %28)               # EncryptedTensor<float64, shape=(1, 128, 28, 28)>
        %30 = 0.41699275374412537              # ClearScalar<float64>
        %31 = divide(%29, %30)                 # EncryptedTensor<float64, shape=(1, 128, 28, 28)>
        %32 = 0                                # ClearScalar<uint1>
        %33 = add(%31, %32)                    # EncryptedTensor<float64, shape=(1, 128, 28, 28)>
        %34 = rint(%33)                        # EncryptedTensor<float64, shape=(1, 128, 28, 28)>
        %35 = 0                                # ClearScalar<uint1>
        %36 = 15                               # ClearScalar<uint4>
        %37 = clip(%34, %35, %36)              # EncryptedTensor<float64, shape=(1, 128, 28, 28)>
        %38 = astype(%37, dtype=int_)          # EncryptedTensor<uint1, shape=(1, 128, 28, 28)>
        return %38

    %90 = subgraph(%89):

         %0 = input                            # EncryptedTensor<uint1, shape=(1, 512, 28, 28)>          @ /trunk/trunk.7/C3/Conv.conv_rounding
         %1 = astype(%0, dtype=float64)        # EncryptedTensor<float64, shape=(1, 512, 28, 28)>
         %2 = 0                                # ClearScalar<uint1>
         %3 = add(%1, %2)                      # EncryptedTensor<float64, shape=(1, 512, 28, 28)>
         %4 = [[[[0]]  [ ... ]  [[0]]]]        # ClearTensor<uint1, shape=(1, 512, 1, 1)>
         %5 = subtract(%3, %4)                 # EncryptedTensor<float64, shape=(1, 512, 28, 28)>
         %6 = 0.016541865583231674             # ClearScalar<float64>
         %7 = multiply(%6, %5)                 # EncryptedTensor<float64, shape=(1, 512, 28, 28)>
         %8 = [[[[ 0.470 ... 96801 ]]]]        # ClearTensor<float32, shape=(1, 512, 1, 1)>
         %9 = subtract(%7, %8)                 # EncryptedTensor<float64, shape=(1, 512, 28, 28)>
        %10 = [[[[0.6178 ... 595544]]]]        # ClearTensor<float32, shape=(1, 512, 1, 1)>
        %11 = divide(%9, %10)                  # EncryptedTensor<float64, shape=(1, 512, 28, 28)>
        %12 = [[[[0.9960 ... 552325]]]]        # ClearTensor<float32, shape=(1, 512, 1, 1)>
        %13 = multiply(%11, %12)               # EncryptedTensor<float64, shape=(1, 512, 28, 28)>
        %14 = [[[[ 2.036 ... 99e-02]]]]        # ClearTensor<float32, shape=(1, 512, 1, 1)>
        %15 = add(%13, %14)                    # EncryptedTensor<float64, shape=(1, 512, 28, 28)>
        %16 = 0.9019725                        # ClearScalar<float32>
        %17 = divide(%15, %16)                 # EncryptedTensor<float64, shape=(1, 512, 28, 28)>
        %18 = 0.0                              # ClearScalar<float32>
        %19 = add(%17, %18)                    # EncryptedTensor<float64, shape=(1, 512, 28, 28)>
        %20 = -8.0                             # ClearScalar<float64>
        %21 = 7.0                              # ClearScalar<float64>
        %22 = clip(%19, %20, %21)              # EncryptedTensor<float64, shape=(1, 512, 28, 28)>
        %23 = rint(%22)                        # EncryptedTensor<float64, shape=(1, 512, 28, 28)>
        %24 = 0.0                              # ClearScalar<float32>
        %25 = subtract(%23, %24)               # EncryptedTensor<float64, shape=(1, 512, 28, 28)>
        %26 = 0.9019725                        # ClearScalar<float32>
        %27 = multiply(%25, %26)               # EncryptedTensor<float64, shape=(1, 512, 28, 28)>
        %28 = 0.9019724726676941               # ClearScalar<float64>
        %29 = divide(%27, %28)                 # EncryptedTensor<float64, shape=(1, 512, 28, 28)>
        %30 = 0                                # ClearScalar<uint1>
        %31 = add(%29, %30)                    # EncryptedTensor<float64, shape=(1, 512, 28, 28)>
        %32 = rint(%31)                        # EncryptedTensor<float64, shape=(1, 512, 28, 28)>
        %33 = -8                               # ClearScalar<int4>
        %34 = 7                                # ClearScalar<uint3>
        %35 = clip(%32, %33, %34)              # EncryptedTensor<float64, shape=(1, 512, 28, 28)>
        %36 = astype(%35, dtype=int_)          # EncryptedTensor<uint1, shape=(1, 512, 28, 28)>
        return %36

    %94 = subgraph(%93):

         %0 = input                            # EncryptedTensor<uint1, shape=(1, 512, 28, 28)>          @ /trunk/trunk.7/shortcut/Conv.conv_rounding
         %1 = astype(%0, dtype=float64)        # EncryptedTensor<float64, shape=(1, 512, 28, 28)>
         %2 = 0                                # ClearScalar<uint1>
         %3 = add(%1, %2)                      # EncryptedTensor<float64, shape=(1, 512, 28, 28)>
         %4 = [[[[0]]  [ ... ]  [[0]]]]        # ClearTensor<uint1, shape=(1, 512, 1, 1)>
         %5 = subtract(%3, %4)                 # EncryptedTensor<float64, shape=(1, 512, 28, 28)>
         %6 = 0.043359933257970606             # ClearScalar<float64>
         %7 = multiply(%6, %5)                 # EncryptedTensor<float64, shape=(1, 512, 28, 28)>
         %8 = [[[[-0.021 ... 060955]]]]        # ClearTensor<float32, shape=(1, 512, 1, 1)>
         %9 = subtract(%7, %8)                 # EncryptedTensor<float64, shape=(1, 512, 28, 28)>
        %10 = [[[[1.3087 ... 63099 ]]]]        # ClearTensor<float32, shape=(1, 512, 1, 1)>
        %11 = divide(%9, %10)                  # EncryptedTensor<float64, shape=(1, 512, 28, 28)>
        %12 = [[[[0.9779 ... 418896]]]]        # ClearTensor<float32, shape=(1, 512, 1, 1)>
        %13 = multiply(%11, %12)               # EncryptedTensor<float64, shape=(1, 512, 28, 28)>
        %14 = [[[[ 2.127 ... 99e-02]]]]        # ClearTensor<float32, shape=(1, 512, 1, 1)>
        %15 = add(%13, %14)                    # EncryptedTensor<float64, shape=(1, 512, 28, 28)>
        %16 = 0.9012733                        # ClearScalar<float32>
        %17 = divide(%15, %16)                 # EncryptedTensor<float64, shape=(1, 512, 28, 28)>
        %18 = 0.0                              # ClearScalar<float32>
        %19 = add(%17, %18)                    # EncryptedTensor<float64, shape=(1, 512, 28, 28)>
        %20 = -8.0                             # ClearScalar<float64>
        %21 = 7.0                              # ClearScalar<float64>
        %22 = clip(%19, %20, %21)              # EncryptedTensor<float64, shape=(1, 512, 28, 28)>
        %23 = rint(%22)                        # EncryptedTensor<float64, shape=(1, 512, 28, 28)>
        %24 = 0.0                              # ClearScalar<float32>
        %25 = subtract(%23, %24)               # EncryptedTensor<float64, shape=(1, 512, 28, 28)>
        %26 = 0.9012733                        # ClearScalar<float32>
        %27 = multiply(%25, %26)               # EncryptedTensor<float64, shape=(1, 512, 28, 28)>
        %28 = 0.9012733101844788               # ClearScalar<float64>
        %29 = divide(%27, %28)                 # EncryptedTensor<float64, shape=(1, 512, 28, 28)>
        %30 = 0                                # ClearScalar<uint1>
        %31 = add(%29, %30)                    # EncryptedTensor<float64, shape=(1, 512, 28, 28)>
        %32 = rint(%31)                        # EncryptedTensor<float64, shape=(1, 512, 28, 28)>
        %33 = -8                               # ClearScalar<int4>
        %34 = 7                                # ClearScalar<uint3>
        %35 = clip(%32, %33, %34)              # EncryptedTensor<float64, shape=(1, 512, 28, 28)>
        %36 = astype(%35, dtype=int_)          # EncryptedTensor<uint1, shape=(1, 512, 28, 28)>
        return %36

    %95 = subgraph(%90):

         %0 = input                         # EncryptedTensor<uint1, shape=(1, 512, 28, 28)>
         %1 = 0.0                           # ClearScalar<float64>
         %2 = subtract(%0, %1)              # EncryptedTensor<float64, shape=(1, 512, 28, 28)>
         %3 = 0.9019724726676941            # ClearScalar<float64>
         %4 = multiply(%3, %2)              # EncryptedTensor<float64, shape=(1, 512, 28, 28)>
         %5 = 1.202163855234782             # ClearScalar<float64>
         %6 = divide(%4, %5)                # EncryptedTensor<float64, shape=(1, 512, 28, 28)>
         %7 = 0                             # ClearScalar<uint1>
         %8 = add(%6, %7)                   # EncryptedTensor<float64, shape=(1, 512, 28, 28)>
         %9 = rint(%8)                      # EncryptedTensor<float64, shape=(1, 512, 28, 28)>
        %10 = astype(%9, dtype=int_)        # EncryptedTensor<uint1, shape=(1, 512, 28, 28)>
        return %10

    %96 = subgraph(%94):

         %0 = input                         # EncryptedTensor<uint1, shape=(1, 512, 28, 28)>
         %1 = 0.0                           # ClearScalar<float64>
         %2 = subtract(%0, %1)              # EncryptedTensor<float64, shape=(1, 512, 28, 28)>
         %3 = 0.9012733101844788            # ClearScalar<float64>
         %4 = multiply(%3, %2)              # EncryptedTensor<float64, shape=(1, 512, 28, 28)>
         %5 = 1.202163855234782             # ClearScalar<float64>
         %6 = divide(%4, %5)                # EncryptedTensor<float64, shape=(1, 512, 28, 28)>
         %7 = 0                             # ClearScalar<uint1>
         %8 = add(%6, %7)                   # EncryptedTensor<float64, shape=(1, 512, 28, 28)>
         %9 = rint(%8)                      # EncryptedTensor<float64, shape=(1, 512, 28, 28)>
        %10 = astype(%9, dtype=int_)        # EncryptedTensor<uint1, shape=(1, 512, 28, 28)>
        return %10

    %100 = subgraph(%99):

         %0 = input                          # EncryptedTensor<uint2, shape=(1, 512, 28, 28)>
         %1 = 0.0                            # ClearScalar<float64>
         %2 = subtract(%0, %1)               # EncryptedTensor<float64, shape=(1, 512, 28, 28)>
         %3 = 1.202163855234782              # ClearScalar<float64>
         %4 = multiply(%3, %2)               # EncryptedTensor<float64, shape=(1, 512, 28, 28)>
         %5 = 0                              # ClearScalar<uint1>
         %6 = maximum(%4, %5)                # EncryptedTensor<float64, shape=(1, 512, 28, 28)>
         %7 = 0.7005621                      # ClearScalar<float32>
         %8 = divide(%6, %7)                 # EncryptedTensor<float64, shape=(1, 512, 28, 28)>
         %9 = 0.0                            # ClearScalar<float32>
        %10 = add(%8, %9)                    # EncryptedTensor<float64, shape=(1, 512, 28, 28)>
        %11 = 0.0                            # ClearScalar<float64>
        %12 = 15.0                           # ClearScalar<float64>
        %13 = clip(%10, %11, %12)            # EncryptedTensor<float64, shape=(1, 512, 28, 28)>
        %14 = rint(%13)                      # EncryptedTensor<float64, shape=(1, 512, 28, 28)>
        %15 = 0.0                            # ClearScalar<float32>
        %16 = subtract(%14, %15)             # EncryptedTensor<float64, shape=(1, 512, 28, 28)>
        %17 = 0.7005621                      # ClearScalar<float32>
        %18 = multiply(%16, %17)             # EncryptedTensor<float64, shape=(1, 512, 28, 28)>
        %19 = 0.7005621194839478             # ClearScalar<float64>
        %20 = divide(%18, %19)               # EncryptedTensor<float64, shape=(1, 512, 28, 28)>
        %21 = 0                              # ClearScalar<uint1>
        %22 = add(%20, %21)                  # EncryptedTensor<float64, shape=(1, 512, 28, 28)>
        %23 = rint(%22)                      # EncryptedTensor<float64, shape=(1, 512, 28, 28)>
        %24 = 0                              # ClearScalar<uint1>
        %25 = 15                             # ClearScalar<uint4>
        %26 = clip(%23, %24, %25)            # EncryptedTensor<float64, shape=(1, 512, 28, 28)>
        %27 = astype(%26, dtype=int_)        # EncryptedTensor<uint1, shape=(1, 512, 28, 28)>
        return %27

    %104 = subgraph(%103):

         %0 = input                            # EncryptedTensor<uint1, shape=(1, 128, 28, 28)>          @ /trunk/trunk.8/C1/Conv.conv_rounding
         %1 = astype(%0, dtype=float64)        # EncryptedTensor<float64, shape=(1, 128, 28, 28)>
         %2 = 0                                # ClearScalar<uint1>
         %3 = add(%1, %2)                      # EncryptedTensor<float64, shape=(1, 128, 28, 28)>
         %4 = [[[[0]]  [ ... ]  [[0]]]]        # ClearTensor<uint1, shape=(1, 128, 1, 1)>
         %5 = subtract(%3, %4)                 # EncryptedTensor<float64, shape=(1, 128, 28, 28)>
         %6 = 0.05417689108094681              # ClearScalar<float64>
         %7 = multiply(%6, %5)                 # EncryptedTensor<float64, shape=(1, 128, 28, 28)>
         %8 = [[[[ 0.835 ... 97708 ]]]]        # ClearTensor<float32, shape=(1, 128, 1, 1)>
         %9 = subtract(%7, %8)                 # EncryptedTensor<float64, shape=(1, 128, 28, 28)>
        %10 = [[[[4.2786 ... 138976]]]]        # ClearTensor<float32, shape=(1, 128, 1, 1)>
        %11 = divide(%9, %10)                  # EncryptedTensor<float64, shape=(1, 128, 28, 28)>
        %12 = [[[[0.9848 ... 246187]]]]        # ClearTensor<float32, shape=(1, 128, 1, 1)>
        %13 = multiply(%11, %12)               # EncryptedTensor<float64, shape=(1, 128, 28, 28)>
        %14 = [[[[ 0.008 ... 332009]]]]        # ClearTensor<float32, shape=(1, 128, 1, 1)>
        %15 = add(%13, %14)                    # EncryptedTensor<float64, shape=(1, 128, 28, 28)>
        %16 = 0                                # ClearScalar<uint1>
        %17 = maximum(%15, %16)                # EncryptedTensor<float64, shape=(1, 128, 28, 28)>
        %18 = 0.44198856                       # ClearScalar<float32>
        %19 = divide(%17, %18)                 # EncryptedTensor<float64, shape=(1, 128, 28, 28)>
        %20 = 0.0                              # ClearScalar<float32>
        %21 = add(%19, %20)                    # EncryptedTensor<float64, shape=(1, 128, 28, 28)>
        %22 = 0.0                              # ClearScalar<float64>
        %23 = 15.0                             # ClearScalar<float64>
        %24 = clip(%21, %22, %23)              # EncryptedTensor<float64, shape=(1, 128, 28, 28)>
        %25 = rint(%24)                        # EncryptedTensor<float64, shape=(1, 128, 28, 28)>
        %26 = 0.0                              # ClearScalar<float32>
        %27 = subtract(%25, %26)               # EncryptedTensor<float64, shape=(1, 128, 28, 28)>
        %28 = 0.44198856                       # ClearScalar<float32>
        %29 = multiply(%27, %28)               # EncryptedTensor<float64, shape=(1, 128, 28, 28)>
        %30 = 0.4419885575771332               # ClearScalar<float64>
        %31 = divide(%29, %30)                 # EncryptedTensor<float64, shape=(1, 128, 28, 28)>
        %32 = 0                                # ClearScalar<uint1>
        %33 = add(%31, %32)                    # EncryptedTensor<float64, shape=(1, 128, 28, 28)>
        %34 = rint(%33)                        # EncryptedTensor<float64, shape=(1, 128, 28, 28)>
        %35 = 0                                # ClearScalar<uint1>
        %36 = 15                               # ClearScalar<uint4>
        %37 = clip(%34, %35, %36)              # EncryptedTensor<float64, shape=(1, 128, 28, 28)>
        %38 = astype(%37, dtype=int_)          # EncryptedTensor<uint1, shape=(1, 128, 28, 28)>
        return %38

    %112 = subgraph(%111):

         %0 = input                            # EncryptedTensor<uint1, shape=(1, 128, 28, 28)>          @ /trunk/trunk.8/C2/Conv.conv_rounding
         %1 = astype(%0, dtype=float64)        # EncryptedTensor<float64, shape=(1, 128, 28, 28)>
         %2 = 0                                # ClearScalar<uint1>
         %3 = add(%1, %2)                      # EncryptedTensor<float64, shape=(1, 128, 28, 28)>
         %4 = [[[[0]]  [ ... ]  [[0]]]]        # ClearTensor<uint1, shape=(1, 128, 1, 1)>
         %5 = subtract(%3, %4)                 # EncryptedTensor<float64, shape=(1, 128, 28, 28)>
         %6 = 0.011549310901405596             # ClearScalar<float64>
         %7 = multiply(%6, %5)                 # EncryptedTensor<float64, shape=(1, 128, 28, 28)>
         %8 = [[[[-0.083 ... 92974 ]]]]        # ClearTensor<float32, shape=(1, 128, 1, 1)>
         %9 = subtract(%7, %8)                 # EncryptedTensor<float64, shape=(1, 128, 28, 28)>
        %10 = [[[[1.2025 ... 887797]]]]        # ClearTensor<float32, shape=(1, 128, 1, 1)>
        %11 = divide(%9, %10)                  # EncryptedTensor<float64, shape=(1, 128, 28, 28)>
        %12 = [[[[0.9829 ... 029326]]]]        # ClearTensor<float32, shape=(1, 128, 1, 1)>
        %13 = multiply(%11, %12)               # EncryptedTensor<float64, shape=(1, 128, 28, 28)>
        %14 = [[[[-1.324 ... 25e-02]]]]        # ClearTensor<float32, shape=(1, 128, 1, 1)>
        %15 = add(%13, %14)                    # EncryptedTensor<float64, shape=(1, 128, 28, 28)>
        %16 = 0                                # ClearScalar<uint1>
        %17 = maximum(%15, %16)                # EncryptedTensor<float64, shape=(1, 128, 28, 28)>
        %18 = 0.44969988                       # ClearScalar<float32>
        %19 = divide(%17, %18)                 # EncryptedTensor<float64, shape=(1, 128, 28, 28)>
        %20 = 0.0                              # ClearScalar<float32>
        %21 = add(%19, %20)                    # EncryptedTensor<float64, shape=(1, 128, 28, 28)>
        %22 = 0.0                              # ClearScalar<float64>
        %23 = 15.0                             # ClearScalar<float64>
        %24 = clip(%21, %22, %23)              # EncryptedTensor<float64, shape=(1, 128, 28, 28)>
        %25 = rint(%24)                        # EncryptedTensor<float64, shape=(1, 128, 28, 28)>
        %26 = 0.0                              # ClearScalar<float32>
        %27 = subtract(%25, %26)               # EncryptedTensor<float64, shape=(1, 128, 28, 28)>
        %28 = 0.44969988                       # ClearScalar<float32>
        %29 = multiply(%27, %28)               # EncryptedTensor<float64, shape=(1, 128, 28, 28)>
        %30 = 0.44969987869262695              # ClearScalar<float64>
        %31 = divide(%29, %30)                 # EncryptedTensor<float64, shape=(1, 128, 28, 28)>
        %32 = 0                                # ClearScalar<uint1>
        %33 = add(%31, %32)                    # EncryptedTensor<float64, shape=(1, 128, 28, 28)>
        %34 = rint(%33)                        # EncryptedTensor<float64, shape=(1, 128, 28, 28)>
        %35 = 0                                # ClearScalar<uint1>
        %36 = 15                               # ClearScalar<uint4>
        %37 = clip(%34, %35, %36)              # EncryptedTensor<float64, shape=(1, 128, 28, 28)>
        %38 = astype(%37, dtype=int_)          # EncryptedTensor<uint1, shape=(1, 128, 28, 28)>
        return %38

    %116 = subgraph(%115):

         %0 = input                            # EncryptedTensor<uint1, shape=(1, 512, 28, 28)>          @ /trunk/trunk.8/C3/Conv.conv_rounding
         %1 = astype(%0, dtype=float64)        # EncryptedTensor<float64, shape=(1, 512, 28, 28)>
         %2 = 0                                # ClearScalar<uint1>
         %3 = add(%1, %2)                      # EncryptedTensor<float64, shape=(1, 512, 28, 28)>
         %4 = [[[[0]]  [ ... ]  [[0]]]]        # ClearTensor<uint1, shape=(1, 512, 1, 1)>
         %5 = subtract(%3, %4)                 # EncryptedTensor<float64, shape=(1, 512, 28, 28)>
         %6 = 0.01666862326081464              # ClearScalar<float64>
         %7 = multiply(%6, %5)                 # EncryptedTensor<float64, shape=(1, 512, 28, 28)>
         %8 = [[[[-9.571 ... 03e-01]]]]        # ClearTensor<float32, shape=(1, 512, 1, 1)>
         %9 = subtract(%7, %8)                 # EncryptedTensor<float64, shape=(1, 512, 28, 28)>
        %10 = [[[[0.5763 ... 35622 ]]]]        # ClearTensor<float32, shape=(1, 512, 1, 1)>
        %11 = divide(%9, %10)                  # EncryptedTensor<float64, shape=(1, 512, 28, 28)>
        %12 = [[[[0.9516 ... 85377 ]]]]        # ClearTensor<float32, shape=(1, 512, 1, 1)>
        %13 = multiply(%11, %12)               # EncryptedTensor<float64, shape=(1, 512, 28, 28)>
        %14 = [[[[ 1.768 ... 26e-02]]]]        # ClearTensor<float32, shape=(1, 512, 1, 1)>
        %15 = add(%13, %14)                    # EncryptedTensor<float64, shape=(1, 512, 28, 28)>
        %16 = 0.95068026                       # ClearScalar<float32>
        %17 = divide(%15, %16)                 # EncryptedTensor<float64, shape=(1, 512, 28, 28)>
        %18 = 0.0                              # ClearScalar<float32>
        %19 = add(%17, %18)                    # EncryptedTensor<float64, shape=(1, 512, 28, 28)>
        %20 = -8.0                             # ClearScalar<float64>
        %21 = 7.0                              # ClearScalar<float64>
        %22 = clip(%19, %20, %21)              # EncryptedTensor<float64, shape=(1, 512, 28, 28)>
        %23 = rint(%22)                        # EncryptedTensor<float64, shape=(1, 512, 28, 28)>
        %24 = 0.0                              # ClearScalar<float32>
        %25 = subtract(%23, %24)               # EncryptedTensor<float64, shape=(1, 512, 28, 28)>
        %26 = 0.95068026                       # ClearScalar<float32>
        %27 = multiply(%25, %26)               # EncryptedTensor<float64, shape=(1, 512, 28, 28)>
        %28 = 0.9506802558898926               # ClearScalar<float64>
        %29 = divide(%27, %28)                 # EncryptedTensor<float64, shape=(1, 512, 28, 28)>
        %30 = 0                                # ClearScalar<uint1>
        %31 = add(%29, %30)                    # EncryptedTensor<float64, shape=(1, 512, 28, 28)>
        %32 = rint(%31)                        # EncryptedTensor<float64, shape=(1, 512, 28, 28)>
        %33 = -8                               # ClearScalar<int4>
        %34 = 7                                # ClearScalar<uint3>
        %35 = clip(%32, %33, %34)              # EncryptedTensor<float64, shape=(1, 512, 28, 28)>
        %36 = astype(%35, dtype=int_)          # EncryptedTensor<uint1, shape=(1, 512, 28, 28)>
        return %36

    %117 = subgraph(%116):

         %0 = input                         # EncryptedTensor<uint1, shape=(1, 512, 28, 28)>
         %1 = 0.0                           # ClearScalar<float64>
         %2 = subtract(%0, %1)              # EncryptedTensor<float64, shape=(1, 512, 28, 28)>
         %3 = 0.9506802558898926            # ClearScalar<float64>
         %4 = multiply(%3, %2)              # EncryptedTensor<float64, shape=(1, 512, 28, 28)>
         %5 = 1.2409406741460165            # ClearScalar<float64>
         %6 = divide(%4, %5)                # EncryptedTensor<float64, shape=(1, 512, 28, 28)>
         %7 = 0                             # ClearScalar<uint1>
         %8 = add(%6, %7)                   # EncryptedTensor<float64, shape=(1, 512, 28, 28)>
         %9 = rint(%8)                      # EncryptedTensor<float64, shape=(1, 512, 28, 28)>
        %10 = astype(%9, dtype=int_)        # EncryptedTensor<uint1, shape=(1, 512, 28, 28)>
        return %10

    %118 = subgraph(%100):

         %0 = input                         # EncryptedTensor<uint1, shape=(1, 512, 28, 28)>
         %1 = 0.0                           # ClearScalar<float64>
         %2 = subtract(%0, %1)              # EncryptedTensor<float64, shape=(1, 512, 28, 28)>
         %3 = 0.7005621194839478            # ClearScalar<float64>
         %4 = multiply(%3, %2)              # EncryptedTensor<float64, shape=(1, 512, 28, 28)>
         %5 = 1.2409406741460165            # ClearScalar<float64>
         %6 = divide(%4, %5)                # EncryptedTensor<float64, shape=(1, 512, 28, 28)>
         %7 = 0                             # ClearScalar<uint1>
         %8 = add(%6, %7)                   # EncryptedTensor<float64, shape=(1, 512, 28, 28)>
         %9 = rint(%8)                      # EncryptedTensor<float64, shape=(1, 512, 28, 28)>
        %10 = astype(%9, dtype=int_)        # EncryptedTensor<uint1, shape=(1, 512, 28, 28)>
        return %10

    %122 = subgraph(%121):

         %0 = input                          # EncryptedTensor<uint2, shape=(1, 512, 28, 28)>
         %1 = 0.0                            # ClearScalar<float64>
         %2 = subtract(%0, %1)               # EncryptedTensor<float64, shape=(1, 512, 28, 28)>
         %3 = 1.2409406741460165             # ClearScalar<float64>
         %4 = multiply(%3, %2)               # EncryptedTensor<float64, shape=(1, 512, 28, 28)>
         %5 = 0                              # ClearScalar<uint1>
         %6 = maximum(%4, %5)                # EncryptedTensor<float64, shape=(1, 512, 28, 28)>
         %7 = 0.92992944                     # ClearScalar<float32>
         %8 = divide(%6, %7)                 # EncryptedTensor<float64, shape=(1, 512, 28, 28)>
         %9 = 0.0                            # ClearScalar<float32>
        %10 = add(%8, %9)                    # EncryptedTensor<float64, shape=(1, 512, 28, 28)>
        %11 = 0.0                            # ClearScalar<float64>
        %12 = 15.0                           # ClearScalar<float64>
        %13 = clip(%10, %11, %12)            # EncryptedTensor<float64, shape=(1, 512, 28, 28)>
        %14 = rint(%13)                      # EncryptedTensor<float64, shape=(1, 512, 28, 28)>
        %15 = 0.0                            # ClearScalar<float32>
        %16 = subtract(%14, %15)             # EncryptedTensor<float64, shape=(1, 512, 28, 28)>
        %17 = 0.92992944                     # ClearScalar<float32>
        %18 = multiply(%16, %17)             # EncryptedTensor<float64, shape=(1, 512, 28, 28)>
        %19 = 0.9299294352531433             # ClearScalar<float64>
        %20 = divide(%18, %19)               # EncryptedTensor<float64, shape=(1, 512, 28, 28)>
        %21 = 0                              # ClearScalar<uint1>
        %22 = add(%20, %21)                  # EncryptedTensor<float64, shape=(1, 512, 28, 28)>
        %23 = rint(%22)                      # EncryptedTensor<float64, shape=(1, 512, 28, 28)>
        %24 = 0                              # ClearScalar<uint1>
        %25 = 15                             # ClearScalar<uint4>
        %26 = clip(%23, %24, %25)            # EncryptedTensor<float64, shape=(1, 512, 28, 28)>
        %27 = astype(%26, dtype=int_)        # EncryptedTensor<uint1, shape=(1, 512, 28, 28)>
        return %27

    %126 = subgraph(%125):

         %0 = input                            # EncryptedTensor<uint1, shape=(1, 128, 28, 28)>          @ /trunk/trunk.9/C1/Conv.conv_rounding
         %1 = astype(%0, dtype=float64)        # EncryptedTensor<float64, shape=(1, 128, 28, 28)>
         %2 = 0                                # ClearScalar<uint1>
         %3 = add(%1, %2)                      # EncryptedTensor<float64, shape=(1, 128, 28, 28)>
         %4 = [[[[0]]  [ ... ]  [[0]]]]        # ClearTensor<uint1, shape=(1, 128, 1, 1)>
         %5 = subtract(%3, %4)                 # EncryptedTensor<float64, shape=(1, 128, 28, 28)>
         %6 = 0.0653048907976137               # ClearScalar<float64>
         %7 = multiply(%6, %5)                 # EncryptedTensor<float64, shape=(1, 128, 28, 28)>
         %8 = [[[[-2.204 ... 47e+00]]]]        # ClearTensor<float32, shape=(1, 128, 1, 1)>
         %9 = subtract(%7, %8)                 # EncryptedTensor<float64, shape=(1, 128, 28, 28)>
        %10 = [[[[3.8344 ... 51668 ]]]]        # ClearTensor<float32, shape=(1, 128, 1, 1)>
        %11 = divide(%9, %10)                  # EncryptedTensor<float64, shape=(1, 128, 28, 28)>
        %12 = [[[[0.9786 ... 644593]]]]        # ClearTensor<float32, shape=(1, 128, 1, 1)>
        %13 = multiply(%11, %12)               # EncryptedTensor<float64, shape=(1, 128, 28, 28)>
        %14 = [[[[ 0.036 ... 195804]]]]        # ClearTensor<float32, shape=(1, 128, 1, 1)>
        %15 = add(%13, %14)                    # EncryptedTensor<float64, shape=(1, 128, 28, 28)>
        %16 = 0                                # ClearScalar<uint1>
        %17 = maximum(%15, %16)                # EncryptedTensor<float64, shape=(1, 128, 28, 28)>
        %18 = 0.44168082                       # ClearScalar<float32>
        %19 = divide(%17, %18)                 # EncryptedTensor<float64, shape=(1, 128, 28, 28)>
        %20 = 0.0                              # ClearScalar<float32>
        %21 = add(%19, %20)                    # EncryptedTensor<float64, shape=(1, 128, 28, 28)>
        %22 = 0.0                              # ClearScalar<float64>
        %23 = 15.0                             # ClearScalar<float64>
        %24 = clip(%21, %22, %23)              # EncryptedTensor<float64, shape=(1, 128, 28, 28)>
        %25 = rint(%24)                        # EncryptedTensor<float64, shape=(1, 128, 28, 28)>
        %26 = 0.0                              # ClearScalar<float32>
        %27 = subtract(%25, %26)               # EncryptedTensor<float64, shape=(1, 128, 28, 28)>
        %28 = 0.44168082                       # ClearScalar<float32>
        %29 = multiply(%27, %28)               # EncryptedTensor<float64, shape=(1, 128, 28, 28)>
        %30 = 0.44168081879615784              # ClearScalar<float64>
        %31 = divide(%29, %30)                 # EncryptedTensor<float64, shape=(1, 128, 28, 28)>
        %32 = 0                                # ClearScalar<uint1>
        %33 = add(%31, %32)                    # EncryptedTensor<float64, shape=(1, 128, 28, 28)>
        %34 = rint(%33)                        # EncryptedTensor<float64, shape=(1, 128, 28, 28)>
        %35 = 0                                # ClearScalar<uint1>
        %36 = 15                               # ClearScalar<uint4>
        %37 = clip(%34, %35, %36)              # EncryptedTensor<float64, shape=(1, 128, 28, 28)>
        %38 = astype(%37, dtype=int_)          # EncryptedTensor<uint1, shape=(1, 128, 28, 28)>
        return %38

    %134 = subgraph(%133):

         %0 = input                            # EncryptedTensor<uint1, shape=(1, 128, 28, 28)>          @ /trunk/trunk.9/C2/Conv.conv_rounding
         %1 = astype(%0, dtype=float64)        # EncryptedTensor<float64, shape=(1, 128, 28, 28)>
         %2 = 0                                # ClearScalar<uint1>
         %3 = add(%1, %2)                      # EncryptedTensor<float64, shape=(1, 128, 28, 28)>
         %4 = [[[[0]]  [ ... ]  [[0]]]]        # ClearTensor<uint1, shape=(1, 128, 1, 1)>
         %5 = subtract(%3, %4)                 # EncryptedTensor<float64, shape=(1, 128, 28, 28)>
         %6 = 0.013782041313672055             # ClearScalar<float64>
         %7 = multiply(%6, %5)                 # EncryptedTensor<float64, shape=(1, 128, 28, 28)>
         %8 = [[[[-0.942 ... 884057]]]]        # ClearTensor<float32, shape=(1, 128, 1, 1)>
         %9 = subtract(%7, %8)                 # EncryptedTensor<float64, shape=(1, 128, 28, 28)>
        %10 = [[[[2.4498 ... 13711 ]]]]        # ClearTensor<float32, shape=(1, 128, 1, 1)>
        %11 = divide(%9, %10)                  # EncryptedTensor<float64, shape=(1, 128, 28, 28)>
        %12 = [[[[0.9853 ... 6183  ]]]]        # ClearTensor<float32, shape=(1, 128, 1, 1)>
        %13 = multiply(%11, %12)               # EncryptedTensor<float64, shape=(1, 128, 28, 28)>
        %14 = [[[[-0.030 ... 860164]]]]        # ClearTensor<float32, shape=(1, 128, 1, 1)>
        %15 = add(%13, %14)                    # EncryptedTensor<float64, shape=(1, 128, 28, 28)>
        %16 = 0                                # ClearScalar<uint1>
        %17 = maximum(%15, %16)                # EncryptedTensor<float64, shape=(1, 128, 28, 28)>
        %18 = 0.4469815                        # ClearScalar<float32>
        %19 = divide(%17, %18)                 # EncryptedTensor<float64, shape=(1, 128, 28, 28)>
        %20 = 0.0                              # ClearScalar<float32>
        %21 = add(%19, %20)                    # EncryptedTensor<float64, shape=(1, 128, 28, 28)>
        %22 = 0.0                              # ClearScalar<float64>
        %23 = 15.0                             # ClearScalar<float64>
        %24 = clip(%21, %22, %23)              # EncryptedTensor<float64, shape=(1, 128, 28, 28)>
        %25 = rint(%24)                        # EncryptedTensor<float64, shape=(1, 128, 28, 28)>
        %26 = 0.0                              # ClearScalar<float32>
        %27 = subtract(%25, %26)               # EncryptedTensor<float64, shape=(1, 128, 28, 28)>
        %28 = 0.4469815                        # ClearScalar<float32>
        %29 = multiply(%27, %28)               # EncryptedTensor<float64, shape=(1, 128, 28, 28)>
        %30 = 0.4469814896583557               # ClearScalar<float64>
        %31 = divide(%29, %30)                 # EncryptedTensor<float64, shape=(1, 128, 28, 28)>
        %32 = 0                                # ClearScalar<uint1>
        %33 = add(%31, %32)                    # EncryptedTensor<float64, shape=(1, 128, 28, 28)>
        %34 = rint(%33)                        # EncryptedTensor<float64, shape=(1, 128, 28, 28)>
        %35 = 0                                # ClearScalar<uint1>
        %36 = 15                               # ClearScalar<uint4>
        %37 = clip(%34, %35, %36)              # EncryptedTensor<float64, shape=(1, 128, 28, 28)>
        %38 = astype(%37, dtype=int_)          # EncryptedTensor<uint1, shape=(1, 128, 28, 28)>
        return %38

    %138 = subgraph(%137):

         %0 = input                            # EncryptedTensor<uint1, shape=(1, 512, 28, 28)>          @ /trunk/trunk.9/C3/Conv.conv_rounding
         %1 = astype(%0, dtype=float64)        # EncryptedTensor<float64, shape=(1, 512, 28, 28)>
         %2 = 0                                # ClearScalar<uint1>
         %3 = add(%1, %2)                      # EncryptedTensor<float64, shape=(1, 512, 28, 28)>
         %4 = [[[[0]]  [ ... ]  [[0]]]]        # ClearTensor<uint1, shape=(1, 512, 1, 1)>
         %5 = subtract(%3, %4)                 # EncryptedTensor<float64, shape=(1, 512, 28, 28)>
         %6 = 0.017807711631345757             # ClearScalar<float64>
         %7 = multiply(%6, %5)                 # EncryptedTensor<float64, shape=(1, 512, 28, 28)>
         %8 = [[[[-1.576 ... 46e-02]]]]        # ClearTensor<float32, shape=(1, 512, 1, 1)>
         %9 = subtract(%7, %8)                 # EncryptedTensor<float64, shape=(1, 512, 28, 28)>
        %10 = [[[[0.5218 ... 18285 ]]]]        # ClearTensor<float32, shape=(1, 512, 1, 1)>
        %11 = divide(%9, %10)                  # EncryptedTensor<float64, shape=(1, 512, 28, 28)>
        %12 = [[[[0.9496 ... 29912 ]]]]        # ClearTensor<float32, shape=(1, 512, 1, 1)>
        %13 = multiply(%11, %12)               # EncryptedTensor<float64, shape=(1, 512, 28, 28)>
        %14 = [[[[-7.795 ... 35e-02]]]]        # ClearTensor<float32, shape=(1, 512, 1, 1)>
        %15 = add(%13, %14)                    # EncryptedTensor<float64, shape=(1, 512, 28, 28)>
        %16 = 0.9515901                        # ClearScalar<float32>
        %17 = divide(%15, %16)                 # EncryptedTensor<float64, shape=(1, 512, 28, 28)>
        %18 = 0.0                              # ClearScalar<float32>
        %19 = add(%17, %18)                    # EncryptedTensor<float64, shape=(1, 512, 28, 28)>
        %20 = -8.0                             # ClearScalar<float64>
        %21 = 7.0                              # ClearScalar<float64>
        %22 = clip(%19, %20, %21)              # EncryptedTensor<float64, shape=(1, 512, 28, 28)>
        %23 = rint(%22)                        # EncryptedTensor<float64, shape=(1, 512, 28, 28)>
        %24 = 0.0                              # ClearScalar<float32>
        %25 = subtract(%23, %24)               # EncryptedTensor<float64, shape=(1, 512, 28, 28)>
        %26 = 0.9515901                        # ClearScalar<float32>
        %27 = multiply(%25, %26)               # EncryptedTensor<float64, shape=(1, 512, 28, 28)>
        %28 = 0.9515901207923889               # ClearScalar<float64>
        %29 = divide(%27, %28)                 # EncryptedTensor<float64, shape=(1, 512, 28, 28)>
        %30 = 0                                # ClearScalar<uint1>
        %31 = add(%29, %30)                    # EncryptedTensor<float64, shape=(1, 512, 28, 28)>
        %32 = rint(%31)                        # EncryptedTensor<float64, shape=(1, 512, 28, 28)>
        %33 = -8                               # ClearScalar<int4>
        %34 = 7                                # ClearScalar<uint3>
        %35 = clip(%32, %33, %34)              # EncryptedTensor<float64, shape=(1, 512, 28, 28)>
        %36 = astype(%35, dtype=int_)          # EncryptedTensor<uint1, shape=(1, 512, 28, 28)>
        return %36

    %139 = subgraph(%138):

         %0 = input                         # EncryptedTensor<uint1, shape=(1, 512, 28, 28)>
         %1 = 0.0                           # ClearScalar<float64>
         %2 = subtract(%0, %1)              # EncryptedTensor<float64, shape=(1, 512, 28, 28)>
         %3 = 0.9515901207923889            # ClearScalar<float64>
         %4 = multiply(%3, %2)              # EncryptedTensor<float64, shape=(1, 512, 28, 28)>
         %5 = 1.5643228491147358            # ClearScalar<float64>
         %6 = divide(%4, %5)                # EncryptedTensor<float64, shape=(1, 512, 28, 28)>
         %7 = 0                             # ClearScalar<uint1>
         %8 = add(%6, %7)                   # EncryptedTensor<float64, shape=(1, 512, 28, 28)>
         %9 = rint(%8)                      # EncryptedTensor<float64, shape=(1, 512, 28, 28)>
        %10 = astype(%9, dtype=int_)        # EncryptedTensor<uint1, shape=(1, 512, 28, 28)>
        return %10

    %140 = subgraph(%122):

         %0 = input                         # EncryptedTensor<uint1, shape=(1, 512, 28, 28)>
         %1 = 0.0                           # ClearScalar<float64>
         %2 = subtract(%0, %1)              # EncryptedTensor<float64, shape=(1, 512, 28, 28)>
         %3 = 0.9299294352531433            # ClearScalar<float64>
         %4 = multiply(%3, %2)              # EncryptedTensor<float64, shape=(1, 512, 28, 28)>
         %5 = 1.5643228491147358            # ClearScalar<float64>
         %6 = divide(%4, %5)                # EncryptedTensor<float64, shape=(1, 512, 28, 28)>
         %7 = 0                             # ClearScalar<uint1>
         %8 = add(%6, %7)                   # EncryptedTensor<float64, shape=(1, 512, 28, 28)>
         %9 = rint(%8)                      # EncryptedTensor<float64, shape=(1, 512, 28, 28)>
        %10 = astype(%9, dtype=int_)        # EncryptedTensor<uint1, shape=(1, 512, 28, 28)>
        return %10

    %144 = subgraph(%143):

         %0 = input                          # EncryptedTensor<uint2, shape=(1, 512, 28, 28)>
         %1 = 0.0                            # ClearScalar<float64>
         %2 = subtract(%0, %1)               # EncryptedTensor<float64, shape=(1, 512, 28, 28)>
         %3 = 1.5643228491147358             # ClearScalar<float64>
         %4 = multiply(%3, %2)               # EncryptedTensor<float64, shape=(1, 512, 28, 28)>
         %5 = 0                              # ClearScalar<uint1>
         %6 = maximum(%4, %5)                # EncryptedTensor<float64, shape=(1, 512, 28, 28)>
         %7 = 1.1146734                      # ClearScalar<float32>
         %8 = divide(%6, %7)                 # EncryptedTensor<float64, shape=(1, 512, 28, 28)>
         %9 = 0.0                            # ClearScalar<float32>
        %10 = add(%8, %9)                    # EncryptedTensor<float64, shape=(1, 512, 28, 28)>
        %11 = 0.0                            # ClearScalar<float64>
        %12 = 15.0                           # ClearScalar<float64>
        %13 = clip(%10, %11, %12)            # EncryptedTensor<float64, shape=(1, 512, 28, 28)>
        %14 = rint(%13)                      # EncryptedTensor<float64, shape=(1, 512, 28, 28)>
        %15 = 0.0                            # ClearScalar<float32>
        %16 = subtract(%14, %15)             # EncryptedTensor<float64, shape=(1, 512, 28, 28)>
        %17 = 1.1146734                      # ClearScalar<float32>
        %18 = multiply(%16, %17)             # EncryptedTensor<float64, shape=(1, 512, 28, 28)>
        %19 = 1.114673376083374              # ClearScalar<float64>
        %20 = divide(%18, %19)               # EncryptedTensor<float64, shape=(1, 512, 28, 28)>
        %21 = 0                              # ClearScalar<uint1>
        %22 = add(%20, %21)                  # EncryptedTensor<float64, shape=(1, 512, 28, 28)>
        %23 = rint(%22)                      # EncryptedTensor<float64, shape=(1, 512, 28, 28)>
        %24 = 0                              # ClearScalar<uint1>
        %25 = 15                             # ClearScalar<uint4>
        %26 = clip(%23, %24, %25)            # EncryptedTensor<float64, shape=(1, 512, 28, 28)>
        %27 = astype(%26, dtype=int_)        # EncryptedTensor<uint1, shape=(1, 512, 28, 28)>
        return %27

    %148 = subgraph(%147):

         %0 = input                            # EncryptedTensor<uint1, shape=(1, 128, 28, 28)>          @ /trunk/trunk.10/C1/Conv.conv_rounding
         %1 = astype(%0, dtype=float64)        # EncryptedTensor<float64, shape=(1, 128, 28, 28)>
         %2 = 0                                # ClearScalar<uint1>
         %3 = add(%1, %2)                      # EncryptedTensor<float64, shape=(1, 128, 28, 28)>
         %4 = [[[[0]]  [ ... ]  [[0]]]]        # ClearTensor<uint1, shape=(1, 128, 1, 1)>
         %5 = subtract(%3, %4)                 # EncryptedTensor<float64, shape=(1, 128, 28, 28)>
         %6 = 0.0823253374672337               # ClearScalar<float64>
         %7 = multiply(%6, %5)                 # EncryptedTensor<float64, shape=(1, 128, 28, 28)>
         %8 = [[[[-1.910 ... 878354]]]]        # ClearTensor<float32, shape=(1, 128, 1, 1)>
         %9 = subtract(%7, %8)                 # EncryptedTensor<float64, shape=(1, 128, 28, 28)>
        %10 = [[[[5.5317 ... 14985 ]]]]        # ClearTensor<float32, shape=(1, 128, 1, 1)>
        %11 = divide(%9, %10)                  # EncryptedTensor<float64, shape=(1, 128, 28, 28)>
        %12 = [[[[0.9456 ... 080453]]]]        # ClearTensor<float32, shape=(1, 128, 1, 1)>
        %13 = multiply(%11, %12)               # EncryptedTensor<float64, shape=(1, 128, 28, 28)>
        %14 = [[[[ 0.001 ... 935288]]]]        # ClearTensor<float32, shape=(1, 128, 1, 1)>
        %15 = add(%13, %14)                    # EncryptedTensor<float64, shape=(1, 128, 28, 28)>
        %16 = 0                                # ClearScalar<uint1>
        %17 = maximum(%15, %16)                # EncryptedTensor<float64, shape=(1, 128, 28, 28)>
        %18 = 0.4133387                        # ClearScalar<float32>
        %19 = divide(%17, %18)                 # EncryptedTensor<float64, shape=(1, 128, 28, 28)>
        %20 = 0.0                              # ClearScalar<float32>
        %21 = add(%19, %20)                    # EncryptedTensor<float64, shape=(1, 128, 28, 28)>
        %22 = 0.0                              # ClearScalar<float64>
        %23 = 15.0                             # ClearScalar<float64>
        %24 = clip(%21, %22, %23)              # EncryptedTensor<float64, shape=(1, 128, 28, 28)>
        %25 = rint(%24)                        # EncryptedTensor<float64, shape=(1, 128, 28, 28)>
        %26 = 0.0                              # ClearScalar<float32>
        %27 = subtract(%25, %26)               # EncryptedTensor<float64, shape=(1, 128, 28, 28)>
        %28 = 0.4133387                        # ClearScalar<float32>
        %29 = multiply(%27, %28)               # EncryptedTensor<float64, shape=(1, 128, 28, 28)>
        %30 = 0.41333869099617004              # ClearScalar<float64>
        %31 = divide(%29, %30)                 # EncryptedTensor<float64, shape=(1, 128, 28, 28)>
        %32 = 0                                # ClearScalar<uint1>
        %33 = add(%31, %32)                    # EncryptedTensor<float64, shape=(1, 128, 28, 28)>
        %34 = rint(%33)                        # EncryptedTensor<float64, shape=(1, 128, 28, 28)>
        %35 = 0                                # ClearScalar<uint1>
        %36 = 15                               # ClearScalar<uint4>
        %37 = clip(%34, %35, %36)              # EncryptedTensor<float64, shape=(1, 128, 28, 28)>
        %38 = astype(%37, dtype=int_)          # EncryptedTensor<uint1, shape=(1, 128, 28, 28)>
        return %38

    %156 = subgraph(%155):

         %0 = input                            # EncryptedTensor<uint1, shape=(1, 128, 28, 28)>          @ /trunk/trunk.10/C2/Conv.conv_rounding
         %1 = astype(%0, dtype=float64)        # EncryptedTensor<float64, shape=(1, 128, 28, 28)>
         %2 = 0                                # ClearScalar<uint1>
         %3 = add(%1, %2)                      # EncryptedTensor<float64, shape=(1, 128, 28, 28)>
         %4 = [[[[0]]  [ ... ]  [[0]]]]        # ClearTensor<uint1, shape=(1, 128, 1, 1)>
         %5 = subtract(%3, %4)                 # EncryptedTensor<float64, shape=(1, 128, 28, 28)>
         %6 = 0.011281549459176421             # ClearScalar<float64>
         %7 = multiply(%6, %5)                 # EncryptedTensor<float64, shape=(1, 128, 28, 28)>
         %8 = [[[[ 1.679 ... 21e-01]]]]        # ClearTensor<float32, shape=(1, 128, 1, 1)>
         %9 = subtract(%7, %8)                 # EncryptedTensor<float64, shape=(1, 128, 28, 28)>
        %10 = [[[[1.4560 ... 32308 ]]]]        # ClearTensor<float32, shape=(1, 128, 1, 1)>
        %11 = divide(%9, %10)                  # EncryptedTensor<float64, shape=(1, 128, 28, 28)>
        %12 = [[[[0.9610 ... 69973 ]]]]        # ClearTensor<float32, shape=(1, 128, 1, 1)>
        %13 = multiply(%11, %12)               # EncryptedTensor<float64, shape=(1, 128, 28, 28)>
        %14 = [[[[-0.001 ... 973703]]]]        # ClearTensor<float32, shape=(1, 128, 1, 1)>
        %15 = add(%13, %14)                    # EncryptedTensor<float64, shape=(1, 128, 28, 28)>
        %16 = 0                                # ClearScalar<uint1>
        %17 = maximum(%15, %16)                # EncryptedTensor<float64, shape=(1, 128, 28, 28)>
        %18 = 0.44755733                       # ClearScalar<float32>
        %19 = divide(%17, %18)                 # EncryptedTensor<float64, shape=(1, 128, 28, 28)>
        %20 = 0.0                              # ClearScalar<float32>
        %21 = add(%19, %20)                    # EncryptedTensor<float64, shape=(1, 128, 28, 28)>
        %22 = 0.0                              # ClearScalar<float64>
        %23 = 15.0                             # ClearScalar<float64>
        %24 = clip(%21, %22, %23)              # EncryptedTensor<float64, shape=(1, 128, 28, 28)>
        %25 = rint(%24)                        # EncryptedTensor<float64, shape=(1, 128, 28, 28)>
        %26 = 0.0                              # ClearScalar<float32>
        %27 = subtract(%25, %26)               # EncryptedTensor<float64, shape=(1, 128, 28, 28)>
        %28 = 0.44755733                       # ClearScalar<float32>
        %29 = multiply(%27, %28)               # EncryptedTensor<float64, shape=(1, 128, 28, 28)>
        %30 = 0.44755733013153076              # ClearScalar<float64>
        %31 = divide(%29, %30)                 # EncryptedTensor<float64, shape=(1, 128, 28, 28)>
        %32 = 0                                # ClearScalar<uint1>
        %33 = add(%31, %32)                    # EncryptedTensor<float64, shape=(1, 128, 28, 28)>
        %34 = rint(%33)                        # EncryptedTensor<float64, shape=(1, 128, 28, 28)>
        %35 = 0                                # ClearScalar<uint1>
        %36 = 15                               # ClearScalar<uint4>
        %37 = clip(%34, %35, %36)              # EncryptedTensor<float64, shape=(1, 128, 28, 28)>
        %38 = astype(%37, dtype=int_)          # EncryptedTensor<uint1, shape=(1, 128, 28, 28)>
        return %38

    %160 = subgraph(%159):

         %0 = input                            # EncryptedTensor<uint1, shape=(1, 512, 28, 28)>          @ /trunk/trunk.10/C3/Conv.conv_rounding
         %1 = astype(%0, dtype=float64)        # EncryptedTensor<float64, shape=(1, 512, 28, 28)>
         %2 = 0                                # ClearScalar<uint1>
         %3 = add(%1, %2)                      # EncryptedTensor<float64, shape=(1, 512, 28, 28)>
         %4 = [[[[0]]  [ ... ]  [[0]]]]        # ClearTensor<uint1, shape=(1, 512, 1, 1)>
         %5 = subtract(%3, %4)                 # EncryptedTensor<float64, shape=(1, 512, 28, 28)>
         %6 = 0.01640892090234436              # ClearScalar<float64>
         %7 = multiply(%6, %5)                 # EncryptedTensor<float64, shape=(1, 512, 28, 28)>
         %8 = [[[[-4.027 ... 01e-01]]]]        # ClearTensor<float32, shape=(1, 512, 1, 1)>
         %9 = subtract(%7, %8)                 # EncryptedTensor<float64, shape=(1, 512, 28, 28)>
        %10 = [[[[0.4848 ... 342834]]]]        # ClearTensor<float32, shape=(1, 512, 1, 1)>
        %11 = divide(%9, %10)                  # EncryptedTensor<float64, shape=(1, 512, 28, 28)>
        %12 = [[[[0.9518 ... 127893]]]]        # ClearTensor<float32, shape=(1, 512, 1, 1)>
        %13 = multiply(%11, %12)               # EncryptedTensor<float64, shape=(1, 512, 28, 28)>
        %14 = [[[[-4.166 ... 16e-02]]]]        # ClearTensor<float32, shape=(1, 512, 1, 1)>
        %15 = add(%13, %14)                    # EncryptedTensor<float64, shape=(1, 512, 28, 28)>
        %16 = 0.9194087                        # ClearScalar<float32>
        %17 = divide(%15, %16)                 # EncryptedTensor<float64, shape=(1, 512, 28, 28)>
        %18 = 0.0                              # ClearScalar<float32>
        %19 = add(%17, %18)                    # EncryptedTensor<float64, shape=(1, 512, 28, 28)>
        %20 = -8.0                             # ClearScalar<float64>
        %21 = 7.0                              # ClearScalar<float64>
        %22 = clip(%19, %20, %21)              # EncryptedTensor<float64, shape=(1, 512, 28, 28)>
        %23 = rint(%22)                        # EncryptedTensor<float64, shape=(1, 512, 28, 28)>
        %24 = 0.0                              # ClearScalar<float32>
        %25 = subtract(%23, %24)               # EncryptedTensor<float64, shape=(1, 512, 28, 28)>
        %26 = 0.9194087                        # ClearScalar<float32>
        %27 = multiply(%25, %26)               # EncryptedTensor<float64, shape=(1, 512, 28, 28)>
        %28 = 0.9194086790084839               # ClearScalar<float64>
        %29 = divide(%27, %28)                 # EncryptedTensor<float64, shape=(1, 512, 28, 28)>
        %30 = 0                                # ClearScalar<uint1>
        %31 = add(%29, %30)                    # EncryptedTensor<float64, shape=(1, 512, 28, 28)>
        %32 = rint(%31)                        # EncryptedTensor<float64, shape=(1, 512, 28, 28)>
        %33 = -8                               # ClearScalar<int4>
        %34 = 7                                # ClearScalar<uint3>
        %35 = clip(%32, %33, %34)              # EncryptedTensor<float64, shape=(1, 512, 28, 28)>
        %36 = astype(%35, dtype=int_)          # EncryptedTensor<uint1, shape=(1, 512, 28, 28)>
        return %36

    %161 = subgraph(%160):

         %0 = input                         # EncryptedTensor<uint1, shape=(1, 512, 28, 28)>
         %1 = 0.0                           # ClearScalar<float64>
         %2 = subtract(%0, %1)              # EncryptedTensor<float64, shape=(1, 512, 28, 28)>
         %3 = 0.9194086790084839            # ClearScalar<float64>
         %4 = multiply(%3, %2)              # EncryptedTensor<float64, shape=(1, 512, 28, 28)>
         %5 = 1.7276124954223633            # ClearScalar<float64>
         %6 = divide(%4, %5)                # EncryptedTensor<float64, shape=(1, 512, 28, 28)>
         %7 = 0                             # ClearScalar<uint1>
         %8 = add(%6, %7)                   # EncryptedTensor<float64, shape=(1, 512, 28, 28)>
         %9 = rint(%8)                      # EncryptedTensor<float64, shape=(1, 512, 28, 28)>
        %10 = astype(%9, dtype=int_)        # EncryptedTensor<uint1, shape=(1, 512, 28, 28)>
        return %10

    %162 = subgraph(%144):

         %0 = input                         # EncryptedTensor<uint1, shape=(1, 512, 28, 28)>
         %1 = 0.0                           # ClearScalar<float64>
         %2 = subtract(%0, %1)              # EncryptedTensor<float64, shape=(1, 512, 28, 28)>
         %3 = 1.114673376083374             # ClearScalar<float64>
         %4 = multiply(%3, %2)              # EncryptedTensor<float64, shape=(1, 512, 28, 28)>
         %5 = 1.7276124954223633            # ClearScalar<float64>
         %6 = divide(%4, %5)                # EncryptedTensor<float64, shape=(1, 512, 28, 28)>
         %7 = 0                             # ClearScalar<uint1>
         %8 = add(%6, %7)                   # EncryptedTensor<float64, shape=(1, 512, 28, 28)>
         %9 = rint(%8)                      # EncryptedTensor<float64, shape=(1, 512, 28, 28)>
        %10 = astype(%9, dtype=int_)        # EncryptedTensor<uint1, shape=(1, 512, 28, 28)>
        return %10

    %166 = subgraph(%165):

         %0 = input                          # EncryptedTensor<uint2, shape=(1, 512, 28, 28)>
         %1 = 0.0                            # ClearScalar<float64>
         %2 = subtract(%0, %1)               # EncryptedTensor<float64, shape=(1, 512, 28, 28)>
         %3 = 1.7276124954223633             # ClearScalar<float64>
         %4 = multiply(%3, %2)               # EncryptedTensor<float64, shape=(1, 512, 28, 28)>
         %5 = 0                              # ClearScalar<uint1>
         %6 = maximum(%4, %5)                # EncryptedTensor<float64, shape=(1, 512, 28, 28)>
         %7 = 1.2442391                      # ClearScalar<float32>
         %8 = divide(%6, %7)                 # EncryptedTensor<float64, shape=(1, 512, 28, 28)>
         %9 = 0.0                            # ClearScalar<float32>
        %10 = add(%8, %9)                    # EncryptedTensor<float64, shape=(1, 512, 28, 28)>
        %11 = 0.0                            # ClearScalar<float64>
        %12 = 15.0                           # ClearScalar<float64>
        %13 = clip(%10, %11, %12)            # EncryptedTensor<float64, shape=(1, 512, 28, 28)>
        %14 = rint(%13)                      # EncryptedTensor<float64, shape=(1, 512, 28, 28)>
        %15 = 0.0                            # ClearScalar<float32>
        %16 = subtract(%14, %15)             # EncryptedTensor<float64, shape=(1, 512, 28, 28)>
        %17 = 1.2442391                      # ClearScalar<float32>
        %18 = multiply(%16, %17)             # EncryptedTensor<float64, shape=(1, 512, 28, 28)>
        %19 = 1.244239091873169              # ClearScalar<float64>
        %20 = divide(%18, %19)               # EncryptedTensor<float64, shape=(1, 512, 28, 28)>
        %21 = 0                              # ClearScalar<uint1>
        %22 = add(%20, %21)                  # EncryptedTensor<float64, shape=(1, 512, 28, 28)>
        %23 = rint(%22)                      # EncryptedTensor<float64, shape=(1, 512, 28, 28)>
        %24 = 0                              # ClearScalar<uint1>
        %25 = 15                             # ClearScalar<uint4>
        %26 = clip(%23, %24, %25)            # EncryptedTensor<float64, shape=(1, 512, 28, 28)>
        %27 = astype(%26, dtype=int_)        # EncryptedTensor<uint1, shape=(1, 512, 28, 28)>
        return %27

    %170 = subgraph(%169):

         %0 = input                            # EncryptedTensor<uint1, shape=(1, 256, 28, 28)>          @ /trunk/trunk.11/C1/Conv.conv_rounding
         %1 = astype(%0, dtype=float64)        # EncryptedTensor<float64, shape=(1, 256, 28, 28)>
         %2 = 0                                # ClearScalar<uint1>
         %3 = add(%1, %2)                      # EncryptedTensor<float64, shape=(1, 256, 28, 28)>
         %4 = [[[[0]]  [ ... ]  [[0]]]]        # ClearTensor<uint1, shape=(1, 256, 1, 1)>
         %5 = subtract(%3, %4)                 # EncryptedTensor<float64, shape=(1, 256, 28, 28)>
         %6 = 0.07035699725515165              # ClearScalar<float64>
         %7 = multiply(%6, %5)                 # EncryptedTensor<float64, shape=(1, 256, 28, 28)>
         %8 = [[[[ 1.150 ... 11e+00]]]]        # ClearTensor<float32, shape=(1, 256, 1, 1)>
         %9 = subtract(%7, %8)                 # EncryptedTensor<float64, shape=(1, 256, 28, 28)>
        %10 = [[[[3.1121 ... 675484]]]]        # ClearTensor<float32, shape=(1, 256, 1, 1)>
        %11 = divide(%9, %10)                  # EncryptedTensor<float64, shape=(1, 256, 28, 28)>
        %12 = [[[[0.9032 ... 08973 ]]]]        # ClearTensor<float32, shape=(1, 256, 1, 1)>
        %13 = multiply(%11, %12)               # EncryptedTensor<float64, shape=(1, 256, 28, 28)>
        %14 = [[[[ 4.467 ... 32e-02]]]]        # ClearTensor<float32, shape=(1, 256, 1, 1)>
        %15 = add(%13, %14)                    # EncryptedTensor<float64, shape=(1, 256, 28, 28)>
        %16 = 0                                # ClearScalar<uint1>
        %17 = maximum(%15, %16)                # EncryptedTensor<float64, shape=(1, 256, 28, 28)>
        %18 = 0.42316157                       # ClearScalar<float32>
        %19 = divide(%17, %18)                 # EncryptedTensor<float64, shape=(1, 256, 28, 28)>
        %20 = 0.0                              # ClearScalar<float32>
        %21 = add(%19, %20)                    # EncryptedTensor<float64, shape=(1, 256, 28, 28)>
        %22 = 0.0                              # ClearScalar<float64>
        %23 = 15.0                             # ClearScalar<float64>
        %24 = clip(%21, %22, %23)              # EncryptedTensor<float64, shape=(1, 256, 28, 28)>
        %25 = rint(%24)                        # EncryptedTensor<float64, shape=(1, 256, 28, 28)>
        %26 = 0.0                              # ClearScalar<float32>
        %27 = subtract(%25, %26)               # EncryptedTensor<float64, shape=(1, 256, 28, 28)>
        %28 = 0.42316157                       # ClearScalar<float32>
        %29 = multiply(%27, %28)               # EncryptedTensor<float64, shape=(1, 256, 28, 28)>
        %30 = 0.4231615662574768               # ClearScalar<float64>
        %31 = divide(%29, %30)                 # EncryptedTensor<float64, shape=(1, 256, 28, 28)>
        %32 = 0                                # ClearScalar<uint1>
        %33 = add(%31, %32)                    # EncryptedTensor<float64, shape=(1, 256, 28, 28)>
        %34 = rint(%33)                        # EncryptedTensor<float64, shape=(1, 256, 28, 28)>
        %35 = 0                                # ClearScalar<uint1>
        %36 = 15                               # ClearScalar<uint4>
        %37 = clip(%34, %35, %36)              # EncryptedTensor<float64, shape=(1, 256, 28, 28)>
        %38 = astype(%37, dtype=int_)          # EncryptedTensor<uint1, shape=(1, 256, 28, 28)>
        return %38

    %178 = subgraph(%177):

         %0 = input                            # EncryptedTensor<uint1, shape=(1, 256, 14, 14)>          @ /trunk/trunk.11/C2/Conv.conv_rounding
         %1 = astype(%0, dtype=float64)        # EncryptedTensor<float64, shape=(1, 256, 14, 14)>
         %2 = 0                                # ClearScalar<uint1>
         %3 = add(%1, %2)                      # EncryptedTensor<float64, shape=(1, 256, 14, 14)>
         %4 = [[[[0]]  [ ... ]  [[0]]]]        # ClearTensor<uint1, shape=(1, 256, 1, 1)>
         %5 = subtract(%3, %4)                 # EncryptedTensor<float64, shape=(1, 256, 14, 14)>
         %6 = 0.007807053982038625             # ClearScalar<float64>
         %7 = multiply(%6, %5)                 # EncryptedTensor<float64, shape=(1, 256, 14, 14)>
         %8 = [[[[-2.006 ... 30e-03]]]]        # ClearTensor<float32, shape=(1, 256, 1, 1)>
         %9 = subtract(%7, %8)                 # EncryptedTensor<float64, shape=(1, 256, 14, 14)>
        %10 = [[[[1.6450 ... 939136]]]]        # ClearTensor<float32, shape=(1, 256, 1, 1)>
        %11 = divide(%9, %10)                  # EncryptedTensor<float64, shape=(1, 256, 14, 14)>
        %12 = [[[[0.8861 ... 624685]]]]        # ClearTensor<float32, shape=(1, 256, 1, 1)>
        %13 = multiply(%11, %12)               # EncryptedTensor<float64, shape=(1, 256, 14, 14)>
        %14 = [[[[-7.863 ... 28e-02]]]]        # ClearTensor<float32, shape=(1, 256, 1, 1)>
        %15 = add(%13, %14)                    # EncryptedTensor<float64, shape=(1, 256, 14, 14)>
        %16 = 0                                # ClearScalar<uint1>
        %17 = maximum(%15, %16)                # EncryptedTensor<float64, shape=(1, 256, 14, 14)>
        %18 = 0.47377127                       # ClearScalar<float32>
        %19 = divide(%17, %18)                 # EncryptedTensor<float64, shape=(1, 256, 14, 14)>
        %20 = 0.0                              # ClearScalar<float32>
        %21 = add(%19, %20)                    # EncryptedTensor<float64, shape=(1, 256, 14, 14)>
        %22 = 0.0                              # ClearScalar<float64>
        %23 = 15.0                             # ClearScalar<float64>
        %24 = clip(%21, %22, %23)              # EncryptedTensor<float64, shape=(1, 256, 14, 14)>
        %25 = rint(%24)                        # EncryptedTensor<float64, shape=(1, 256, 14, 14)>
        %26 = 0.0                              # ClearScalar<float32>
        %27 = subtract(%25, %26)               # EncryptedTensor<float64, shape=(1, 256, 14, 14)>
        %28 = 0.47377127                       # ClearScalar<float32>
        %29 = multiply(%27, %28)               # EncryptedTensor<float64, shape=(1, 256, 14, 14)>
        %30 = 0.47377127408981323              # ClearScalar<float64>
        %31 = divide(%29, %30)                 # EncryptedTensor<float64, shape=(1, 256, 14, 14)>
        %32 = 0                                # ClearScalar<uint1>
        %33 = add(%31, %32)                    # EncryptedTensor<float64, shape=(1, 256, 14, 14)>
        %34 = rint(%33)                        # EncryptedTensor<float64, shape=(1, 256, 14, 14)>
        %35 = 0                                # ClearScalar<uint1>
        %36 = 15                               # ClearScalar<uint4>
        %37 = clip(%34, %35, %36)              # EncryptedTensor<float64, shape=(1, 256, 14, 14)>
        %38 = astype(%37, dtype=int_)          # EncryptedTensor<uint1, shape=(1, 256, 14, 14)>
        return %38

    %182 = subgraph(%181):

         %0 = input                            # EncryptedTensor<uint1, shape=(1, 1024, 14, 14)>          @ /trunk/trunk.11/C3/Conv.conv_rounding
         %1 = astype(%0, dtype=float64)        # EncryptedTensor<float64, shape=(1, 1024, 14, 14)>
         %2 = 0                                # ClearScalar<uint1>
         %3 = add(%1, %2)                      # EncryptedTensor<float64, shape=(1, 1024, 14, 14)>
         %4 = [[[[0]]  [ ... ]  [[0]]]]        # ClearTensor<uint1, shape=(1, 1024, 1, 1)>
         %5 = subtract(%3, %4)                 # EncryptedTensor<float64, shape=(1, 1024, 14, 14)>
         %6 = 0.01401640407123017              # ClearScalar<float64>
         %7 = multiply(%6, %5)                 # EncryptedTensor<float64, shape=(1, 1024, 14, 14)>
         %8 = [[[[-0.791 ... 262242]]]]        # ClearTensor<float32, shape=(1, 1024, 1, 1)>
         %9 = subtract(%7, %8)                 # EncryptedTensor<float64, shape=(1, 1024, 14, 14)>
        %10 = [[[[0.8057 ... 503027]]]]        # ClearTensor<float32, shape=(1, 1024, 1, 1)>
        %11 = divide(%9, %10)                  # EncryptedTensor<float64, shape=(1, 1024, 14, 14)>
        %12 = [[[[0.8497 ... 8399  ]]]]        # ClearTensor<float32, shape=(1, 1024, 1, 1)>
        %13 = multiply(%11, %12)               # EncryptedTensor<float64, shape=(1, 1024, 14, 14)>
        %14 = [[[[ 0.019 ... 173742]]]]        # ClearTensor<float32, shape=(1, 1024, 1, 1)>
        %15 = add(%13, %14)                    # EncryptedTensor<float64, shape=(1, 1024, 14, 14)>
        %16 = 0.99541444                       # ClearScalar<float32>
        %17 = divide(%15, %16)                 # EncryptedTensor<float64, shape=(1, 1024, 14, 14)>
        %18 = 0.0                              # ClearScalar<float32>
        %19 = add(%17, %18)                    # EncryptedTensor<float64, shape=(1, 1024, 14, 14)>
        %20 = -8.0                             # ClearScalar<float64>
        %21 = 7.0                              # ClearScalar<float64>
        %22 = clip(%19, %20, %21)              # EncryptedTensor<float64, shape=(1, 1024, 14, 14)>
        %23 = rint(%22)                        # EncryptedTensor<float64, shape=(1, 1024, 14, 14)>
        %24 = 0.0                              # ClearScalar<float32>
        %25 = subtract(%23, %24)               # EncryptedTensor<float64, shape=(1, 1024, 14, 14)>
        %26 = 0.99541444                       # ClearScalar<float32>
        %27 = multiply(%25, %26)               # EncryptedTensor<float64, shape=(1, 1024, 14, 14)>
        %28 = 0.9954144358634949               # ClearScalar<float64>
        %29 = divide(%27, %28)                 # EncryptedTensor<float64, shape=(1, 1024, 14, 14)>
        %30 = 0                                # ClearScalar<uint1>
        %31 = add(%29, %30)                    # EncryptedTensor<float64, shape=(1, 1024, 14, 14)>
        %32 = rint(%31)                        # EncryptedTensor<float64, shape=(1, 1024, 14, 14)>
        %33 = -8                               # ClearScalar<int4>
        %34 = 7                                # ClearScalar<uint3>
        %35 = clip(%32, %33, %34)              # EncryptedTensor<float64, shape=(1, 1024, 14, 14)>
        %36 = astype(%35, dtype=int_)          # EncryptedTensor<uint1, shape=(1, 1024, 14, 14)>
        return %36

    %186 = subgraph(%185):

         %0 = input                            # EncryptedTensor<uint1, shape=(1, 1024, 14, 14)>          @ /trunk/trunk.11/shortcut/Conv.conv_rounding
         %1 = astype(%0, dtype=float64)        # EncryptedTensor<float64, shape=(1, 1024, 14, 14)>
         %2 = 0                                # ClearScalar<uint1>
         %3 = add(%1, %2)                      # EncryptedTensor<float64, shape=(1, 1024, 14, 14)>
         %4 = [[[[0]]  [ ... ]  [[0]]]]        # ClearTensor<uint1, shape=(1, 1024, 1, 1)>
         %5 = subtract(%3, %4)                 # EncryptedTensor<float64, shape=(1, 1024, 14, 14)>
         %6 = 0.03552227856760748              # ClearScalar<float64>
         %7 = multiply(%6, %5)                 # EncryptedTensor<float64, shape=(1, 1024, 14, 14)>
         %8 = [[[[ 0.926 ... 60311 ]]]]        # ClearTensor<float32, shape=(1, 1024, 1, 1)>
         %9 = subtract(%7, %8)                 # EncryptedTensor<float64, shape=(1, 1024, 14, 14)>
        %10 = [[[[2.9020 ... 193195]]]]        # ClearTensor<float32, shape=(1, 1024, 1, 1)>
        %11 = divide(%9, %10)                  # EncryptedTensor<float64, shape=(1, 1024, 14, 14)>
        %12 = [[[[0.9455 ... 8518  ]]]]        # ClearTensor<float32, shape=(1, 1024, 1, 1)>
        %13 = multiply(%11, %12)               # EncryptedTensor<float64, shape=(1, 1024, 14, 14)>
        %14 = [[[[ 0.019 ... 200806]]]]        # ClearTensor<float32, shape=(1, 1024, 1, 1)>
        %15 = add(%13, %14)                    # EncryptedTensor<float64, shape=(1, 1024, 14, 14)>
        %16 = 0.8297937                        # ClearScalar<float32>
        %17 = divide(%15, %16)                 # EncryptedTensor<float64, shape=(1, 1024, 14, 14)>
        %18 = 0.0                              # ClearScalar<float32>
        %19 = add(%17, %18)                    # EncryptedTensor<float64, shape=(1, 1024, 14, 14)>
        %20 = -8.0                             # ClearScalar<float64>
        %21 = 7.0                              # ClearScalar<float64>
        %22 = clip(%19, %20, %21)              # EncryptedTensor<float64, shape=(1, 1024, 14, 14)>
        %23 = rint(%22)                        # EncryptedTensor<float64, shape=(1, 1024, 14, 14)>
        %24 = 0.0                              # ClearScalar<float32>
        %25 = subtract(%23, %24)               # EncryptedTensor<float64, shape=(1, 1024, 14, 14)>
        %26 = 0.8297937                        # ClearScalar<float32>
        %27 = multiply(%25, %26)               # EncryptedTensor<float64, shape=(1, 1024, 14, 14)>
        %28 = 0.8297936916351318               # ClearScalar<float64>
        %29 = divide(%27, %28)                 # EncryptedTensor<float64, shape=(1, 1024, 14, 14)>
        %30 = 0                                # ClearScalar<uint1>
        %31 = add(%29, %30)                    # EncryptedTensor<float64, shape=(1, 1024, 14, 14)>
        %32 = rint(%31)                        # EncryptedTensor<float64, shape=(1, 1024, 14, 14)>
        %33 = -8                               # ClearScalar<int4>
        %34 = 7                                # ClearScalar<uint3>
        %35 = clip(%32, %33, %34)              # EncryptedTensor<float64, shape=(1, 1024, 14, 14)>
        %36 = astype(%35, dtype=int_)          # EncryptedTensor<uint1, shape=(1, 1024, 14, 14)>
        return %36

    %187 = subgraph(%182):

         %0 = input                         # EncryptedTensor<uint1, shape=(1, 1024, 14, 14)>
         %1 = 0.0                           # ClearScalar<float64>
         %2 = subtract(%0, %1)              # EncryptedTensor<float64, shape=(1, 1024, 14, 14)>
         %3 = 0.9954144358634949            # ClearScalar<float64>
         %4 = multiply(%3, %2)              # EncryptedTensor<float64, shape=(1, 1024, 14, 14)>
         %5 = 1.2168054183324177            # ClearScalar<float64>
         %6 = divide(%4, %5)                # EncryptedTensor<float64, shape=(1, 1024, 14, 14)>
         %7 = 0                             # ClearScalar<uint1>
         %8 = add(%6, %7)                   # EncryptedTensor<float64, shape=(1, 1024, 14, 14)>
         %9 = rint(%8)                      # EncryptedTensor<float64, shape=(1, 1024, 14, 14)>
        %10 = astype(%9, dtype=int_)        # EncryptedTensor<uint1, shape=(1, 1024, 14, 14)>
        return %10

    %188 = subgraph(%186):

         %0 = input                         # EncryptedTensor<uint1, shape=(1, 1024, 14, 14)>
         %1 = 0.0                           # ClearScalar<float64>
         %2 = subtract(%0, %1)              # EncryptedTensor<float64, shape=(1, 1024, 14, 14)>
         %3 = 0.8297936916351318            # ClearScalar<float64>
         %4 = multiply(%3, %2)              # EncryptedTensor<float64, shape=(1, 1024, 14, 14)>
         %5 = 1.2168054183324177            # ClearScalar<float64>
         %6 = divide(%4, %5)                # EncryptedTensor<float64, shape=(1, 1024, 14, 14)>
         %7 = 0                             # ClearScalar<uint1>
         %8 = add(%6, %7)                   # EncryptedTensor<float64, shape=(1, 1024, 14, 14)>
         %9 = rint(%8)                      # EncryptedTensor<float64, shape=(1, 1024, 14, 14)>
        %10 = astype(%9, dtype=int_)        # EncryptedTensor<uint1, shape=(1, 1024, 14, 14)>
        return %10

    %192 = subgraph(%191):

         %0 = input                          # EncryptedTensor<uint2, shape=(1, 1024, 14, 14)>
         %1 = 0.0                            # ClearScalar<float64>
         %2 = subtract(%0, %1)               # EncryptedTensor<float64, shape=(1, 1024, 14, 14)>
         %3 = 1.2168054183324177             # ClearScalar<float64>
         %4 = multiply(%3, %2)               # EncryptedTensor<float64, shape=(1, 1024, 14, 14)>
         %5 = 0                              # ClearScalar<uint1>
         %6 = maximum(%4, %5)                # EncryptedTensor<float64, shape=(1, 1024, 14, 14)>
         %7 = 0.7911163                      # ClearScalar<float32>
         %8 = divide(%6, %7)                 # EncryptedTensor<float64, shape=(1, 1024, 14, 14)>
         %9 = 0.0                            # ClearScalar<float32>
        %10 = add(%8, %9)                    # EncryptedTensor<float64, shape=(1, 1024, 14, 14)>
        %11 = 0.0                            # ClearScalar<float64>
        %12 = 15.0                           # ClearScalar<float64>
        %13 = clip(%10, %11, %12)            # EncryptedTensor<float64, shape=(1, 1024, 14, 14)>
        %14 = rint(%13)                      # EncryptedTensor<float64, shape=(1, 1024, 14, 14)>
        %15 = 0.0                            # ClearScalar<float32>
        %16 = subtract(%14, %15)             # EncryptedTensor<float64, shape=(1, 1024, 14, 14)>
        %17 = 0.7911163                      # ClearScalar<float32>
        %18 = multiply(%16, %17)             # EncryptedTensor<float64, shape=(1, 1024, 14, 14)>
        %19 = 0.7911162972450256             # ClearScalar<float64>
        %20 = divide(%18, %19)               # EncryptedTensor<float64, shape=(1, 1024, 14, 14)>
        %21 = 0                              # ClearScalar<uint1>
        %22 = add(%20, %21)                  # EncryptedTensor<float64, shape=(1, 1024, 14, 14)>
        %23 = rint(%22)                      # EncryptedTensor<float64, shape=(1, 1024, 14, 14)>
        %24 = 0                              # ClearScalar<uint1>
        %25 = 15                             # ClearScalar<uint4>
        %26 = clip(%23, %24, %25)            # EncryptedTensor<float64, shape=(1, 1024, 14, 14)>
        %27 = astype(%26, dtype=int_)        # EncryptedTensor<uint1, shape=(1, 1024, 14, 14)>
        return %27

    %196 = subgraph(%195):

         %0 = input                            # EncryptedTensor<uint1, shape=(1, 256, 14, 14)>          @ /trunk/trunk.12/C1/Conv.conv_rounding
         %1 = astype(%0, dtype=float64)        # EncryptedTensor<float64, shape=(1, 256, 14, 14)>
         %2 = 0                                # ClearScalar<uint1>
         %3 = add(%1, %2)                      # EncryptedTensor<float64, shape=(1, 256, 14, 14)>
         %4 = [[[[0]]  [ ... ]  [[0]]]]        # ClearTensor<uint1, shape=(1, 256, 1, 1)>
         %5 = subtract(%3, %4)                 # EncryptedTensor<float64, shape=(1, 256, 14, 14)>
         %6 = 0.04323009769756814              # ClearScalar<float64>
         %7 = multiply(%6, %5)                 # EncryptedTensor<float64, shape=(1, 256, 14, 14)>
         %8 = [[[[ 2.497 ... 49e+00]]]]        # ClearTensor<float32, shape=(1, 256, 1, 1)>
         %9 = subtract(%7, %8)                 # EncryptedTensor<float64, shape=(1, 256, 14, 14)>
        %10 = [[[[3.4108 ... 186428]]]]        # ClearTensor<float32, shape=(1, 256, 1, 1)>
        %11 = divide(%9, %10)                  # EncryptedTensor<float64, shape=(1, 256, 14, 14)>
        %12 = [[[[0.9028 ... 377367]]]]        # ClearTensor<float32, shape=(1, 256, 1, 1)>
        %13 = multiply(%11, %12)               # EncryptedTensor<float64, shape=(1, 256, 14, 14)>
        %14 = [[[[ 0.031 ... 074784]]]]        # ClearTensor<float32, shape=(1, 256, 1, 1)>
        %15 = add(%13, %14)                    # EncryptedTensor<float64, shape=(1, 256, 14, 14)>
        %16 = 0                                # ClearScalar<uint1>
        %17 = maximum(%15, %16)                # EncryptedTensor<float64, shape=(1, 256, 14, 14)>
        %18 = 0.5059603                        # ClearScalar<float32>
        %19 = divide(%17, %18)                 # EncryptedTensor<float64, shape=(1, 256, 14, 14)>
        %20 = 0.0                              # ClearScalar<float32>
        %21 = add(%19, %20)                    # EncryptedTensor<float64, shape=(1, 256, 14, 14)>
        %22 = 0.0                              # ClearScalar<float64>
        %23 = 15.0                             # ClearScalar<float64>
        %24 = clip(%21, %22, %23)              # EncryptedTensor<float64, shape=(1, 256, 14, 14)>
        %25 = rint(%24)                        # EncryptedTensor<float64, shape=(1, 256, 14, 14)>
        %26 = 0.0                              # ClearScalar<float32>
        %27 = subtract(%25, %26)               # EncryptedTensor<float64, shape=(1, 256, 14, 14)>
        %28 = 0.5059603                        # ClearScalar<float32>
        %29 = multiply(%27, %28)               # EncryptedTensor<float64, shape=(1, 256, 14, 14)>
        %30 = 0.5059602856636047               # ClearScalar<float64>
        %31 = divide(%29, %30)                 # EncryptedTensor<float64, shape=(1, 256, 14, 14)>
        %32 = 0                                # ClearScalar<uint1>
        %33 = add(%31, %32)                    # EncryptedTensor<float64, shape=(1, 256, 14, 14)>
        %34 = rint(%33)                        # EncryptedTensor<float64, shape=(1, 256, 14, 14)>
        %35 = 0                                # ClearScalar<uint1>
        %36 = 15                               # ClearScalar<uint4>
        %37 = clip(%34, %35, %36)              # EncryptedTensor<float64, shape=(1, 256, 14, 14)>
        %38 = astype(%37, dtype=int_)          # EncryptedTensor<uint1, shape=(1, 256, 14, 14)>
        return %38

    %204 = subgraph(%203):

         %0 = input                            # EncryptedTensor<uint1, shape=(1, 256, 14, 14)>          @ /trunk/trunk.12/C2/Conv.conv_rounding
         %1 = astype(%0, dtype=float64)        # EncryptedTensor<float64, shape=(1, 256, 14, 14)>
         %2 = 0                                # ClearScalar<uint1>
         %3 = add(%1, %2)                      # EncryptedTensor<float64, shape=(1, 256, 14, 14)>
         %4 = [[[[0]]  [ ... ]  [[0]]]]        # ClearTensor<uint1, shape=(1, 256, 1, 1)>
         %5 = subtract(%3, %4)                 # EncryptedTensor<float64, shape=(1, 256, 14, 14)>
         %6 = 0.010400375943401263             # ClearScalar<float64>
         %7 = multiply(%6, %5)                 # EncryptedTensor<float64, shape=(1, 256, 14, 14)>
         %8 = [[[[-1.466 ... 61e+00]]]]        # ClearTensor<float32, shape=(1, 256, 1, 1)>
         %9 = subtract(%7, %8)                 # EncryptedTensor<float64, shape=(1, 256, 14, 14)>
        %10 = [[[[2.0236 ... 891586]]]]        # ClearTensor<float32, shape=(1, 256, 1, 1)>
        %11 = divide(%9, %10)                  # EncryptedTensor<float64, shape=(1, 256, 14, 14)>
        %12 = [[[[0.9130 ... 92654 ]]]]        # ClearTensor<float32, shape=(1, 256, 1, 1)>
        %13 = multiply(%11, %12)               # EncryptedTensor<float64, shape=(1, 256, 14, 14)>
        %14 = [[[[-2.629 ... 66e-02]]]]        # ClearTensor<float32, shape=(1, 256, 1, 1)>
        %15 = add(%13, %14)                    # EncryptedTensor<float64, shape=(1, 256, 14, 14)>
        %16 = 0                                # ClearScalar<uint1>
        %17 = maximum(%15, %16)                # EncryptedTensor<float64, shape=(1, 256, 14, 14)>
        %18 = 0.51907784                       # ClearScalar<float32>
        %19 = divide(%17, %18)                 # EncryptedTensor<float64, shape=(1, 256, 14, 14)>
        %20 = 0.0                              # ClearScalar<float32>
        %21 = add(%19, %20)                    # EncryptedTensor<float64, shape=(1, 256, 14, 14)>
        %22 = 0.0                              # ClearScalar<float64>
        %23 = 15.0                             # ClearScalar<float64>
        %24 = clip(%21, %22, %23)              # EncryptedTensor<float64, shape=(1, 256, 14, 14)>
        %25 = rint(%24)                        # EncryptedTensor<float64, shape=(1, 256, 14, 14)>
        %26 = 0.0                              # ClearScalar<float32>
        %27 = subtract(%25, %26)               # EncryptedTensor<float64, shape=(1, 256, 14, 14)>
        %28 = 0.51907784                       # ClearScalar<float32>
        %29 = multiply(%27, %28)               # EncryptedTensor<float64, shape=(1, 256, 14, 14)>
        %30 = 0.5190778374671936               # ClearScalar<float64>
        %31 = divide(%29, %30)                 # EncryptedTensor<float64, shape=(1, 256, 14, 14)>
        %32 = 0                                # ClearScalar<uint1>
        %33 = add(%31, %32)                    # EncryptedTensor<float64, shape=(1, 256, 14, 14)>
        %34 = rint(%33)                        # EncryptedTensor<float64, shape=(1, 256, 14, 14)>
        %35 = 0                                # ClearScalar<uint1>
        %36 = 15                               # ClearScalar<uint4>
        %37 = clip(%34, %35, %36)              # EncryptedTensor<float64, shape=(1, 256, 14, 14)>
        %38 = astype(%37, dtype=int_)          # EncryptedTensor<uint1, shape=(1, 256, 14, 14)>
        return %38

    %208 = subgraph(%207):

         %0 = input                            # EncryptedTensor<uint1, shape=(1, 1024, 14, 14)>          @ /trunk/trunk.12/C3/Conv.conv_rounding
         %1 = astype(%0, dtype=float64)        # EncryptedTensor<float64, shape=(1, 1024, 14, 14)>
         %2 = 0                                # ClearScalar<uint1>
         %3 = add(%1, %2)                      # EncryptedTensor<float64, shape=(1, 1024, 14, 14)>
         %4 = [[[[0]]  [ ... ]  [[0]]]]        # ClearTensor<uint1, shape=(1, 1024, 1, 1)>
         %5 = subtract(%3, %4)                 # EncryptedTensor<float64, shape=(1, 1024, 14, 14)>
         %6 = 0.016973566034982346             # ClearScalar<float64>
         %7 = multiply(%6, %5)                 # EncryptedTensor<float64, shape=(1, 1024, 14, 14)>
         %8 = [[[[-0.070 ... 369054]]]]        # ClearTensor<float32, shape=(1, 1024, 1, 1)>
         %9 = subtract(%7, %8)                 # EncryptedTensor<float64, shape=(1, 1024, 14, 14)>
        %10 = [[[[0.5739 ... 866636]]]]        # ClearTensor<float32, shape=(1, 1024, 1, 1)>
        %11 = divide(%9, %10)                  # EncryptedTensor<float64, shape=(1, 1024, 14, 14)>
        %12 = [[[[0.7695 ... 710825]]]]        # ClearTensor<float32, shape=(1, 1024, 1, 1)>
        %13 = multiply(%11, %12)               # EncryptedTensor<float64, shape=(1, 1024, 14, 14)>
        %14 = [[[[ 0.036 ... 42907 ]]]]        # ClearTensor<float32, shape=(1, 1024, 1, 1)>
        %15 = add(%13, %14)                    # EncryptedTensor<float64, shape=(1, 1024, 14, 14)>
        %16 = 1.0898393                        # ClearScalar<float32>
        %17 = divide(%15, %16)                 # EncryptedTensor<float64, shape=(1, 1024, 14, 14)>
        %18 = 0.0                              # ClearScalar<float32>
        %19 = add(%17, %18)                    # EncryptedTensor<float64, shape=(1, 1024, 14, 14)>
        %20 = -8.0                             # ClearScalar<float64>
        %21 = 7.0                              # ClearScalar<float64>
        %22 = clip(%19, %20, %21)              # EncryptedTensor<float64, shape=(1, 1024, 14, 14)>
        %23 = rint(%22)                        # EncryptedTensor<float64, shape=(1, 1024, 14, 14)>
        %24 = 0.0                              # ClearScalar<float32>
        %25 = subtract(%23, %24)               # EncryptedTensor<float64, shape=(1, 1024, 14, 14)>
        %26 = 1.0898393                        # ClearScalar<float32>
        %27 = multiply(%25, %26)               # EncryptedTensor<float64, shape=(1, 1024, 14, 14)>
        %28 = 1.0898393392562866               # ClearScalar<float64>
        %29 = divide(%27, %28)                 # EncryptedTensor<float64, shape=(1, 1024, 14, 14)>
        %30 = 0                                # ClearScalar<uint1>
        %31 = add(%29, %30)                    # EncryptedTensor<float64, shape=(1, 1024, 14, 14)>
        %32 = rint(%31)                        # EncryptedTensor<float64, shape=(1, 1024, 14, 14)>
        %33 = -8                               # ClearScalar<int4>
        %34 = 7                                # ClearScalar<uint3>
        %35 = clip(%32, %33, %34)              # EncryptedTensor<float64, shape=(1, 1024, 14, 14)>
        %36 = astype(%35, dtype=int_)          # EncryptedTensor<uint1, shape=(1, 1024, 14, 14)>
        return %36

    %209 = subgraph(%208):

         %0 = input                         # EncryptedTensor<uint1, shape=(1, 1024, 14, 14)>
         %1 = 0.0                           # ClearScalar<float64>
         %2 = subtract(%0, %1)              # EncryptedTensor<float64, shape=(1, 1024, 14, 14)>
         %3 = 1.0898393392562866            # ClearScalar<float64>
         %4 = multiply(%3, %2)              # EncryptedTensor<float64, shape=(1, 1024, 14, 14)>
         %5 = 1.2141406853993735            # ClearScalar<float64>
         %6 = divide(%4, %5)                # EncryptedTensor<float64, shape=(1, 1024, 14, 14)>
         %7 = 0                             # ClearScalar<uint1>
         %8 = add(%6, %7)                   # EncryptedTensor<float64, shape=(1, 1024, 14, 14)>
         %9 = rint(%8)                      # EncryptedTensor<float64, shape=(1, 1024, 14, 14)>
        %10 = astype(%9, dtype=int_)        # EncryptedTensor<uint1, shape=(1, 1024, 14, 14)>
        return %10

    %210 = subgraph(%192):

         %0 = input                         # EncryptedTensor<uint1, shape=(1, 1024, 14, 14)>
         %1 = 0.0                           # ClearScalar<float64>
         %2 = subtract(%0, %1)              # EncryptedTensor<float64, shape=(1, 1024, 14, 14)>
         %3 = 0.7911162972450256            # ClearScalar<float64>
         %4 = multiply(%3, %2)              # EncryptedTensor<float64, shape=(1, 1024, 14, 14)>
         %5 = 1.2141406853993735            # ClearScalar<float64>
         %6 = divide(%4, %5)                # EncryptedTensor<float64, shape=(1, 1024, 14, 14)>
         %7 = 0                             # ClearScalar<uint1>
         %8 = add(%6, %7)                   # EncryptedTensor<float64, shape=(1, 1024, 14, 14)>
         %9 = rint(%8)                      # EncryptedTensor<float64, shape=(1, 1024, 14, 14)>
        %10 = astype(%9, dtype=int_)        # EncryptedTensor<uint1, shape=(1, 1024, 14, 14)>
        return %10

    %214 = subgraph(%213):

         %0 = input                          # EncryptedTensor<uint2, shape=(1, 1024, 14, 14)>
         %1 = 0.0                            # ClearScalar<float64>
         %2 = subtract(%0, %1)               # EncryptedTensor<float64, shape=(1, 1024, 14, 14)>
         %3 = 1.2141406853993735             # ClearScalar<float64>
         %4 = multiply(%3, %2)               # EncryptedTensor<float64, shape=(1, 1024, 14, 14)>
         %5 = 0                              # ClearScalar<uint1>
         %6 = maximum(%4, %5)                # EncryptedTensor<float64, shape=(1, 1024, 14, 14)>
         %7 = 1.10721                        # ClearScalar<float32>
         %8 = divide(%6, %7)                 # EncryptedTensor<float64, shape=(1, 1024, 14, 14)>
         %9 = 0.0                            # ClearScalar<float32>
        %10 = add(%8, %9)                    # EncryptedTensor<float64, shape=(1, 1024, 14, 14)>
        %11 = 0.0                            # ClearScalar<float64>
        %12 = 15.0                           # ClearScalar<float64>
        %13 = clip(%10, %11, %12)            # EncryptedTensor<float64, shape=(1, 1024, 14, 14)>
        %14 = rint(%13)                      # EncryptedTensor<float64, shape=(1, 1024, 14, 14)>
        %15 = 0.0                            # ClearScalar<float32>
        %16 = subtract(%14, %15)             # EncryptedTensor<float64, shape=(1, 1024, 14, 14)>
        %17 = 1.10721                        # ClearScalar<float32>
        %18 = multiply(%16, %17)             # EncryptedTensor<float64, shape=(1, 1024, 14, 14)>
        %19 = 1.1072100400924683             # ClearScalar<float64>
        %20 = divide(%18, %19)               # EncryptedTensor<float64, shape=(1, 1024, 14, 14)>
        %21 = 0                              # ClearScalar<uint1>
        %22 = add(%20, %21)                  # EncryptedTensor<float64, shape=(1, 1024, 14, 14)>
        %23 = rint(%22)                      # EncryptedTensor<float64, shape=(1, 1024, 14, 14)>
        %24 = 0                              # ClearScalar<uint1>
        %25 = 15                             # ClearScalar<uint4>
        %26 = clip(%23, %24, %25)            # EncryptedTensor<float64, shape=(1, 1024, 14, 14)>
        %27 = astype(%26, dtype=int_)        # EncryptedTensor<uint1, shape=(1, 1024, 14, 14)>
        return %27

    %218 = subgraph(%217):

         %0 = input                            # EncryptedTensor<uint1, shape=(1, 256, 14, 14)>          @ /trunk/trunk.13/C1/Conv.conv_rounding
         %1 = astype(%0, dtype=float64)        # EncryptedTensor<float64, shape=(1, 256, 14, 14)>
         %2 = 0                                # ClearScalar<uint1>
         %3 = add(%1, %2)                      # EncryptedTensor<float64, shape=(1, 256, 14, 14)>
         %4 = [[[[0]]  [ ... ]  [[0]]]]        # ClearTensor<uint1, shape=(1, 256, 1, 1)>
         %5 = subtract(%3, %4)                 # EncryptedTensor<float64, shape=(1, 256, 14, 14)>
         %6 = 0.06638247369895556              # ClearScalar<float64>
         %7 = multiply(%6, %5)                 # EncryptedTensor<float64, shape=(1, 256, 14, 14)>
         %8 = [[[[ 8.952 ... 65e-01]]]]        # ClearTensor<float32, shape=(1, 256, 1, 1)>
         %9 = subtract(%7, %8)                 # EncryptedTensor<float64, shape=(1, 256, 14, 14)>
        %10 = [[[[4.5645 ... 869684]]]]        # ClearTensor<float32, shape=(1, 256, 1, 1)>
        %11 = divide(%9, %10)                  # EncryptedTensor<float64, shape=(1, 256, 14, 14)>
        %12 = [[[[0.9380 ... 31578 ]]]]        # ClearTensor<float32, shape=(1, 256, 1, 1)>
        %13 = multiply(%11, %12)               # EncryptedTensor<float64, shape=(1, 256, 14, 14)>
        %14 = [[[[-2.268 ... 67e-04]]]]        # ClearTensor<float32, shape=(1, 256, 1, 1)>
        %15 = add(%13, %14)                    # EncryptedTensor<float64, shape=(1, 256, 14, 14)>
        %16 = 0                                # ClearScalar<uint1>
        %17 = maximum(%15, %16)                # EncryptedTensor<float64, shape=(1, 256, 14, 14)>
        %18 = 0.47896156                       # ClearScalar<float32>
        %19 = divide(%17, %18)                 # EncryptedTensor<float64, shape=(1, 256, 14, 14)>
        %20 = 0.0                              # ClearScalar<float32>
        %21 = add(%19, %20)                    # EncryptedTensor<float64, shape=(1, 256, 14, 14)>
        %22 = 0.0                              # ClearScalar<float64>
        %23 = 15.0                             # ClearScalar<float64>
        %24 = clip(%21, %22, %23)              # EncryptedTensor<float64, shape=(1, 256, 14, 14)>
        %25 = rint(%24)                        # EncryptedTensor<float64, shape=(1, 256, 14, 14)>
        %26 = 0.0                              # ClearScalar<float32>
        %27 = subtract(%25, %26)               # EncryptedTensor<float64, shape=(1, 256, 14, 14)>
        %28 = 0.47896156                       # ClearScalar<float32>
        %29 = multiply(%27, %28)               # EncryptedTensor<float64, shape=(1, 256, 14, 14)>
        %30 = 0.4789615571498871               # ClearScalar<float64>
        %31 = divide(%29, %30)                 # EncryptedTensor<float64, shape=(1, 256, 14, 14)>
        %32 = 0                                # ClearScalar<uint1>
        %33 = add(%31, %32)                    # EncryptedTensor<float64, shape=(1, 256, 14, 14)>
        %34 = rint(%33)                        # EncryptedTensor<float64, shape=(1, 256, 14, 14)>
        %35 = 0                                # ClearScalar<uint1>
        %36 = 15                               # ClearScalar<uint4>
        %37 = clip(%34, %35, %36)              # EncryptedTensor<float64, shape=(1, 256, 14, 14)>
        %38 = astype(%37, dtype=int_)          # EncryptedTensor<uint1, shape=(1, 256, 14, 14)>
        return %38

    %226 = subgraph(%225):

         %0 = input                            # EncryptedTensor<uint1, shape=(1, 256, 14, 14)>          @ /trunk/trunk.13/C2/Conv.conv_rounding
         %1 = astype(%0, dtype=float64)        # EncryptedTensor<float64, shape=(1, 256, 14, 14)>
         %2 = 0                                # ClearScalar<uint1>
         %3 = add(%1, %2)                      # EncryptedTensor<float64, shape=(1, 256, 14, 14)>
         %4 = [[[[0]]  [ ... ]  [[0]]]]        # ClearTensor<uint1, shape=(1, 256, 1, 1)>
         %5 = subtract(%3, %4)                 # EncryptedTensor<float64, shape=(1, 256, 14, 14)>
         %6 = 0.008909799272959429             # ClearScalar<float64>
         %7 = multiply(%6, %5)                 # EncryptedTensor<float64, shape=(1, 256, 14, 14)>
         %8 = [[[[-1.860 ... 57e+00]]]]        # ClearTensor<float32, shape=(1, 256, 1, 1)>
         %9 = subtract(%7, %8)                 # EncryptedTensor<float64, shape=(1, 256, 14, 14)>
        %10 = [[[[1.8196 ... 909038]]]]        # ClearTensor<float32, shape=(1, 256, 1, 1)>
        %11 = divide(%9, %10)                  # EncryptedTensor<float64, shape=(1, 256, 14, 14)>
        %12 = [[[[0.9393 ... 21998 ]]]]        # ClearTensor<float32, shape=(1, 256, 1, 1)>
        %13 = multiply(%11, %12)               # EncryptedTensor<float64, shape=(1, 256, 14, 14)>
        %14 = [[[[ 9.301 ... 26e-03]]]]        # ClearTensor<float32, shape=(1, 256, 1, 1)>
        %15 = add(%13, %14)                    # EncryptedTensor<float64, shape=(1, 256, 14, 14)>
        %16 = 0                                # ClearScalar<uint1>
        %17 = maximum(%15, %16)                # EncryptedTensor<float64, shape=(1, 256, 14, 14)>
        %18 = 0.5471614                        # ClearScalar<float32>
        %19 = divide(%17, %18)                 # EncryptedTensor<float64, shape=(1, 256, 14, 14)>
        %20 = 0.0                              # ClearScalar<float32>
        %21 = add(%19, %20)                    # EncryptedTensor<float64, shape=(1, 256, 14, 14)>
        %22 = 0.0                              # ClearScalar<float64>
        %23 = 15.0                             # ClearScalar<float64>
        %24 = clip(%21, %22, %23)              # EncryptedTensor<float64, shape=(1, 256, 14, 14)>
        %25 = rint(%24)                        # EncryptedTensor<float64, shape=(1, 256, 14, 14)>
        %26 = 0.0                              # ClearScalar<float32>
        %27 = subtract(%25, %26)               # EncryptedTensor<float64, shape=(1, 256, 14, 14)>
        %28 = 0.5471614                        # ClearScalar<float32>
        %29 = multiply(%27, %28)               # EncryptedTensor<float64, shape=(1, 256, 14, 14)>
        %30 = 0.5471614003181458               # ClearScalar<float64>
        %31 = divide(%29, %30)                 # EncryptedTensor<float64, shape=(1, 256, 14, 14)>
        %32 = 0                                # ClearScalar<uint1>
        %33 = add(%31, %32)                    # EncryptedTensor<float64, shape=(1, 256, 14, 14)>
        %34 = rint(%33)                        # EncryptedTensor<float64, shape=(1, 256, 14, 14)>
        %35 = 0                                # ClearScalar<uint1>
        %36 = 15                               # ClearScalar<uint4>
        %37 = clip(%34, %35, %36)              # EncryptedTensor<float64, shape=(1, 256, 14, 14)>
        %38 = astype(%37, dtype=int_)          # EncryptedTensor<uint1, shape=(1, 256, 14, 14)>
        return %38

    %230 = subgraph(%229):

         %0 = input                            # EncryptedTensor<uint1, shape=(1, 1024, 14, 14)>          @ /trunk/trunk.13/C3/Conv.conv_rounding
         %1 = astype(%0, dtype=float64)        # EncryptedTensor<float64, shape=(1, 1024, 14, 14)>
         %2 = 0                                # ClearScalar<uint1>
         %3 = add(%1, %2)                      # EncryptedTensor<float64, shape=(1, 1024, 14, 14)>
         %4 = [[[[0]]  [ ... ]  [[0]]]]        # ClearTensor<uint1, shape=(1, 1024, 1, 1)>
         %5 = subtract(%3, %4)                 # EncryptedTensor<float64, shape=(1, 1024, 14, 14)>
         %6 = 0.016324649393072987             # ClearScalar<float64>
         %7 = multiply(%6, %5)                 # EncryptedTensor<float64, shape=(1, 1024, 14, 14)>
         %8 = [[[[-0.276 ... 140718]]]]        # ClearTensor<float32, shape=(1, 1024, 1, 1)>
         %9 = subtract(%7, %8)                 # EncryptedTensor<float64, shape=(1, 1024, 14, 14)>
        %10 = [[[[0.7178 ... 61505 ]]]]        # ClearTensor<float32, shape=(1, 1024, 1, 1)>
        %11 = divide(%9, %10)                  # EncryptedTensor<float64, shape=(1, 1024, 14, 14)>
        %12 = [[[[0.8584 ... 07245 ]]]]        # ClearTensor<float32, shape=(1, 1024, 1, 1)>
        %13 = multiply(%11, %12)               # EncryptedTensor<float64, shape=(1, 1024, 14, 14)>
        %14 = [[[[ 0.010 ... 072867]]]]        # ClearTensor<float32, shape=(1, 1024, 1, 1)>
        %15 = add(%13, %14)                    # EncryptedTensor<float64, shape=(1, 1024, 14, 14)>
        %16 = 1.0994004                        # ClearScalar<float32>
        %17 = divide(%15, %16)                 # EncryptedTensor<float64, shape=(1, 1024, 14, 14)>
        %18 = 0.0                              # ClearScalar<float32>
        %19 = add(%17, %18)                    # EncryptedTensor<float64, shape=(1, 1024, 14, 14)>
        %20 = -8.0                             # ClearScalar<float64>
        %21 = 7.0                              # ClearScalar<float64>
        %22 = clip(%19, %20, %21)              # EncryptedTensor<float64, shape=(1, 1024, 14, 14)>
        %23 = rint(%22)                        # EncryptedTensor<float64, shape=(1, 1024, 14, 14)>
        %24 = 0.0                              # ClearScalar<float32>
        %25 = subtract(%23, %24)               # EncryptedTensor<float64, shape=(1, 1024, 14, 14)>
        %26 = 1.0994004                        # ClearScalar<float32>
        %27 = multiply(%25, %26)               # EncryptedTensor<float64, shape=(1, 1024, 14, 14)>
        %28 = 1.0994004011154175               # ClearScalar<float64>
        %29 = divide(%27, %28)                 # EncryptedTensor<float64, shape=(1, 1024, 14, 14)>
        %30 = 0                                # ClearScalar<uint1>
        %31 = add(%29, %30)                    # EncryptedTensor<float64, shape=(1, 1024, 14, 14)>
        %32 = rint(%31)                        # EncryptedTensor<float64, shape=(1, 1024, 14, 14)>
        %33 = -8                               # ClearScalar<int4>
        %34 = 7                                # ClearScalar<uint3>
        %35 = clip(%32, %33, %34)              # EncryptedTensor<float64, shape=(1, 1024, 14, 14)>
        %36 = astype(%35, dtype=int_)          # EncryptedTensor<uint1, shape=(1, 1024, 14, 14)>
        return %36

    %231 = subgraph(%230):

         %0 = input                         # EncryptedTensor<uint1, shape=(1, 1024, 14, 14)>
         %1 = 0.0                           # ClearScalar<float64>
         %2 = subtract(%0, %1)              # EncryptedTensor<float64, shape=(1, 1024, 14, 14)>
         %3 = 1.0994004011154175            # ClearScalar<float64>
         %4 = multiply(%3, %2)              # EncryptedTensor<float64, shape=(1, 1024, 14, 14)>
         %5 = 1.545928915341695             # ClearScalar<float64>
         %6 = divide(%4, %5)                # EncryptedTensor<float64, shape=(1, 1024, 14, 14)>
         %7 = 0                             # ClearScalar<uint1>
         %8 = add(%6, %7)                   # EncryptedTensor<float64, shape=(1, 1024, 14, 14)>
         %9 = rint(%8)                      # EncryptedTensor<float64, shape=(1, 1024, 14, 14)>
        %10 = astype(%9, dtype=int_)        # EncryptedTensor<uint1, shape=(1, 1024, 14, 14)>
        return %10

    %232 = subgraph(%214):

         %0 = input                         # EncryptedTensor<uint1, shape=(1, 1024, 14, 14)>
         %1 = 0.0                           # ClearScalar<float64>
         %2 = subtract(%0, %1)              # EncryptedTensor<float64, shape=(1, 1024, 14, 14)>
         %3 = 1.1072100400924683            # ClearScalar<float64>
         %4 = multiply(%3, %2)              # EncryptedTensor<float64, shape=(1, 1024, 14, 14)>
         %5 = 1.545928915341695             # ClearScalar<float64>
         %6 = divide(%4, %5)                # EncryptedTensor<float64, shape=(1, 1024, 14, 14)>
         %7 = 0                             # ClearScalar<uint1>
         %8 = add(%6, %7)                   # EncryptedTensor<float64, shape=(1, 1024, 14, 14)>
         %9 = rint(%8)                      # EncryptedTensor<float64, shape=(1, 1024, 14, 14)>
        %10 = astype(%9, dtype=int_)        # EncryptedTensor<uint1, shape=(1, 1024, 14, 14)>
        return %10

    %236 = subgraph(%235):

         %0 = input                          # EncryptedTensor<uint2, shape=(1, 1024, 14, 14)>
         %1 = 0.0                            # ClearScalar<float64>
         %2 = subtract(%0, %1)               # EncryptedTensor<float64, shape=(1, 1024, 14, 14)>
         %3 = 1.545928915341695              # ClearScalar<float64>
         %4 = multiply(%3, %2)               # EncryptedTensor<float64, shape=(1, 1024, 14, 14)>
         %5 = 0                              # ClearScalar<uint1>
         %6 = maximum(%4, %5)                # EncryptedTensor<float64, shape=(1, 1024, 14, 14)>
         %7 = 1.3953582                      # ClearScalar<float32>
         %8 = divide(%6, %7)                 # EncryptedTensor<float64, shape=(1, 1024, 14, 14)>
         %9 = 0.0                            # ClearScalar<float32>
        %10 = add(%8, %9)                    # EncryptedTensor<float64, shape=(1, 1024, 14, 14)>
        %11 = 0.0                            # ClearScalar<float64>
        %12 = 15.0                           # ClearScalar<float64>
        %13 = clip(%10, %11, %12)            # EncryptedTensor<float64, shape=(1, 1024, 14, 14)>
        %14 = rint(%13)                      # EncryptedTensor<float64, shape=(1, 1024, 14, 14)>
        %15 = 0.0                            # ClearScalar<float32>
        %16 = subtract(%14, %15)             # EncryptedTensor<float64, shape=(1, 1024, 14, 14)>
        %17 = 1.3953582                      # ClearScalar<float32>
        %18 = multiply(%16, %17)             # EncryptedTensor<float64, shape=(1, 1024, 14, 14)>
        %19 = 1.3953582048416138             # ClearScalar<float64>
        %20 = divide(%18, %19)               # EncryptedTensor<float64, shape=(1, 1024, 14, 14)>
        %21 = 0                              # ClearScalar<uint1>
        %22 = add(%20, %21)                  # EncryptedTensor<float64, shape=(1, 1024, 14, 14)>
        %23 = rint(%22)                      # EncryptedTensor<float64, shape=(1, 1024, 14, 14)>
        %24 = 0                              # ClearScalar<uint1>
        %25 = 15                             # ClearScalar<uint4>
        %26 = clip(%23, %24, %25)            # EncryptedTensor<float64, shape=(1, 1024, 14, 14)>
        %27 = astype(%26, dtype=int_)        # EncryptedTensor<uint1, shape=(1, 1024, 14, 14)>
        return %27

    %240 = subgraph(%239):

         %0 = input                            # EncryptedTensor<uint1, shape=(1, 256, 14, 14)>          @ /trunk/trunk.14/C1/Conv.conv_rounding
         %1 = astype(%0, dtype=float64)        # EncryptedTensor<float64, shape=(1, 256, 14, 14)>
         %2 = 0                                # ClearScalar<uint1>
         %3 = add(%1, %2)                      # EncryptedTensor<float64, shape=(1, 256, 14, 14)>
         %4 = [[[[0]]  [ ... ]  [[0]]]]        # ClearTensor<uint1, shape=(1, 256, 1, 1)>
         %5 = subtract(%3, %4)                 # EncryptedTensor<float64, shape=(1, 256, 14, 14)>
         %6 = 0.08068586439288561              # ClearScalar<float64>
         %7 = multiply(%6, %5)                 # EncryptedTensor<float64, shape=(1, 256, 14, 14)>
         %8 = [[[[-3.515 ... 08e+00]]]]        # ClearTensor<float32, shape=(1, 256, 1, 1)>
         %9 = subtract(%7, %8)                 # EncryptedTensor<float64, shape=(1, 256, 14, 14)>
        %10 = [[[[5.4623 ... 45962 ]]]]        # ClearTensor<float32, shape=(1, 256, 1, 1)>
        %11 = divide(%9, %10)                  # EncryptedTensor<float64, shape=(1, 256, 14, 14)>
        %12 = [[[[0.7689 ... 82306 ]]]]        # ClearTensor<float32, shape=(1, 256, 1, 1)>
        %13 = multiply(%11, %12)               # EncryptedTensor<float64, shape=(1, 256, 14, 14)>
        %14 = [[[[ 0.028 ... 282443]]]]        # ClearTensor<float32, shape=(1, 256, 1, 1)>
        %15 = add(%13, %14)                    # EncryptedTensor<float64, shape=(1, 256, 14, 14)>
        %16 = 0                                # ClearScalar<uint1>
        %17 = maximum(%15, %16)                # EncryptedTensor<float64, shape=(1, 256, 14, 14)>
        %18 = 0.49638796                       # ClearScalar<float32>
        %19 = divide(%17, %18)                 # EncryptedTensor<float64, shape=(1, 256, 14, 14)>
        %20 = 0.0                              # ClearScalar<float32>
        %21 = add(%19, %20)                    # EncryptedTensor<float64, shape=(1, 256, 14, 14)>
        %22 = 0.0                              # ClearScalar<float64>
        %23 = 15.0                             # ClearScalar<float64>
        %24 = clip(%21, %22, %23)              # EncryptedTensor<float64, shape=(1, 256, 14, 14)>
        %25 = rint(%24)                        # EncryptedTensor<float64, shape=(1, 256, 14, 14)>
        %26 = 0.0                              # ClearScalar<float32>
        %27 = subtract(%25, %26)               # EncryptedTensor<float64, shape=(1, 256, 14, 14)>
        %28 = 0.49638796                       # ClearScalar<float32>
        %29 = multiply(%27, %28)               # EncryptedTensor<float64, shape=(1, 256, 14, 14)>
        %30 = 0.49638795852661133              # ClearScalar<float64>
        %31 = divide(%29, %30)                 # EncryptedTensor<float64, shape=(1, 256, 14, 14)>
        %32 = 0                                # ClearScalar<uint1>
        %33 = add(%31, %32)                    # EncryptedTensor<float64, shape=(1, 256, 14, 14)>
        %34 = rint(%33)                        # EncryptedTensor<float64, shape=(1, 256, 14, 14)>
        %35 = 0                                # ClearScalar<uint1>
        %36 = 15                               # ClearScalar<uint4>
        %37 = clip(%34, %35, %36)              # EncryptedTensor<float64, shape=(1, 256, 14, 14)>
        %38 = astype(%37, dtype=int_)          # EncryptedTensor<uint1, shape=(1, 256, 14, 14)>
        return %38

    %248 = subgraph(%247):

         %0 = input                            # EncryptedTensor<uint1, shape=(1, 256, 14, 14)>          @ /trunk/trunk.14/C2/Conv.conv_rounding
         %1 = astype(%0, dtype=float64)        # EncryptedTensor<float64, shape=(1, 256, 14, 14)>
         %2 = 0                                # ClearScalar<uint1>
         %3 = add(%1, %2)                      # EncryptedTensor<float64, shape=(1, 256, 14, 14)>
         %4 = [[[[0]]  [ ... ]  [[0]]]]        # ClearTensor<uint1, shape=(1, 256, 1, 1)>
         %5 = subtract(%3, %4)                 # EncryptedTensor<float64, shape=(1, 256, 14, 14)>
         %6 = 0.009948085236823445             # ClearScalar<float64>
         %7 = multiply(%6, %5)                 # EncryptedTensor<float64, shape=(1, 256, 14, 14)>
         %8 = [[[[-8.710 ... 26e-01]]]]        # ClearTensor<float32, shape=(1, 256, 1, 1)>
         %9 = subtract(%7, %8)                 # EncryptedTensor<float64, shape=(1, 256, 14, 14)>
        %10 = [[[[1.5233 ... 67506 ]]]]        # ClearTensor<float32, shape=(1, 256, 1, 1)>
        %11 = divide(%9, %10)                  # EncryptedTensor<float64, shape=(1, 256, 14, 14)>
        %12 = [[[[0.9130 ... 23884 ]]]]        # ClearTensor<float32, shape=(1, 256, 1, 1)>
        %13 = multiply(%11, %12)               # EncryptedTensor<float64, shape=(1, 256, 14, 14)>
        %14 = [[[[ 0.013 ... 850995]]]]        # ClearTensor<float32, shape=(1, 256, 1, 1)>
        %15 = add(%13, %14)                    # EncryptedTensor<float64, shape=(1, 256, 14, 14)>
        %16 = 0                                # ClearScalar<uint1>
        %17 = maximum(%15, %16)                # EncryptedTensor<float64, shape=(1, 256, 14, 14)>
        %18 = 0.5625382                        # ClearScalar<float32>
        %19 = divide(%17, %18)                 # EncryptedTensor<float64, shape=(1, 256, 14, 14)>
        %20 = 0.0                              # ClearScalar<float32>
        %21 = add(%19, %20)                    # EncryptedTensor<float64, shape=(1, 256, 14, 14)>
        %22 = 0.0                              # ClearScalar<float64>
        %23 = 15.0                             # ClearScalar<float64>
        %24 = clip(%21, %22, %23)              # EncryptedTensor<float64, shape=(1, 256, 14, 14)>
        %25 = rint(%24)                        # EncryptedTensor<float64, shape=(1, 256, 14, 14)>
        %26 = 0.0                              # ClearScalar<float32>
        %27 = subtract(%25, %26)               # EncryptedTensor<float64, shape=(1, 256, 14, 14)>
        %28 = 0.5625382                        # ClearScalar<float32>
        %29 = multiply(%27, %28)               # EncryptedTensor<float64, shape=(1, 256, 14, 14)>
        %30 = 0.562538206577301                # ClearScalar<float64>
        %31 = divide(%29, %30)                 # EncryptedTensor<float64, shape=(1, 256, 14, 14)>
        %32 = 0                                # ClearScalar<uint1>
        %33 = add(%31, %32)                    # EncryptedTensor<float64, shape=(1, 256, 14, 14)>
        %34 = rint(%33)                        # EncryptedTensor<float64, shape=(1, 256, 14, 14)>
        %35 = 0                                # ClearScalar<uint1>
        %36 = 15                               # ClearScalar<uint4>
        %37 = clip(%34, %35, %36)              # EncryptedTensor<float64, shape=(1, 256, 14, 14)>
        %38 = astype(%37, dtype=int_)          # EncryptedTensor<uint1, shape=(1, 256, 14, 14)>
        return %38

    %252 = subgraph(%251):

         %0 = input                            # EncryptedTensor<uint1, shape=(1, 1024, 14, 14)>          @ /trunk/trunk.14/C3/Conv.conv_rounding
         %1 = astype(%0, dtype=float64)        # EncryptedTensor<float64, shape=(1, 1024, 14, 14)>
         %2 = 0                                # ClearScalar<uint1>
         %3 = add(%1, %2)                      # EncryptedTensor<float64, shape=(1, 1024, 14, 14)>
         %4 = [[[[0]]  [ ... ]  [[0]]]]        # ClearTensor<uint1, shape=(1, 1024, 1, 1)>
         %5 = subtract(%3, %4)                 # EncryptedTensor<float64, shape=(1, 1024, 14, 14)>
         %6 = 0.014816328188843597             # ClearScalar<float64>
         %7 = multiply(%6, %5)                 # EncryptedTensor<float64, shape=(1, 1024, 14, 14)>
         %8 = [[[[ 0.032 ... 32278 ]]]]        # ClearTensor<float32, shape=(1, 1024, 1, 1)>
         %9 = subtract(%7, %8)                 # EncryptedTensor<float64, shape=(1, 1024, 14, 14)>
        %10 = [[[[0.3670 ... 10197 ]]]]        # ClearTensor<float32, shape=(1, 1024, 1, 1)>
        %11 = divide(%9, %10)                  # EncryptedTensor<float64, shape=(1, 1024, 14, 14)>
        %12 = [[[[0.7022 ... 75686 ]]]]        # ClearTensor<float32, shape=(1, 1024, 1, 1)>
        %13 = multiply(%11, %12)               # EncryptedTensor<float64, shape=(1, 1024, 14, 14)>
        %14 = [[[[ 0.019 ... 179327]]]]        # ClearTensor<float32, shape=(1, 1024, 1, 1)>
        %15 = add(%13, %14)                    # EncryptedTensor<float64, shape=(1, 1024, 14, 14)>
        %16 = 1.1140108                        # ClearScalar<float32>
        %17 = divide(%15, %16)                 # EncryptedTensor<float64, shape=(1, 1024, 14, 14)>
        %18 = 0.0                              # ClearScalar<float32>
        %19 = add(%17, %18)                    # EncryptedTensor<float64, shape=(1, 1024, 14, 14)>
        %20 = -8.0                             # ClearScalar<float64>
        %21 = 7.0                              # ClearScalar<float64>
        %22 = clip(%19, %20, %21)              # EncryptedTensor<float64, shape=(1, 1024, 14, 14)>
        %23 = rint(%22)                        # EncryptedTensor<float64, shape=(1, 1024, 14, 14)>
        %24 = 0.0                              # ClearScalar<float32>
        %25 = subtract(%23, %24)               # EncryptedTensor<float64, shape=(1, 1024, 14, 14)>
        %26 = 1.1140108                        # ClearScalar<float32>
        %27 = multiply(%25, %26)               # EncryptedTensor<float64, shape=(1, 1024, 14, 14)>
        %28 = 1.1140108108520508               # ClearScalar<float64>
        %29 = divide(%27, %28)                 # EncryptedTensor<float64, shape=(1, 1024, 14, 14)>
        %30 = 0                                # ClearScalar<uint1>
        %31 = add(%29, %30)                    # EncryptedTensor<float64, shape=(1, 1024, 14, 14)>
        %32 = rint(%31)                        # EncryptedTensor<float64, shape=(1, 1024, 14, 14)>
        %33 = -8                               # ClearScalar<int4>
        %34 = 7                                # ClearScalar<uint3>
        %35 = clip(%32, %33, %34)              # EncryptedTensor<float64, shape=(1, 1024, 14, 14)>
        %36 = astype(%35, dtype=int_)          # EncryptedTensor<uint1, shape=(1, 1024, 14, 14)>
        return %36

    %253 = subgraph(%252):

         %0 = input                         # EncryptedTensor<uint1, shape=(1, 1024, 14, 14)>
         %1 = 0.0                           # ClearScalar<float64>
         %2 = subtract(%0, %1)              # EncryptedTensor<float64, shape=(1, 1024, 14, 14)>
         %3 = 1.1140108108520508            # ClearScalar<float64>
         %4 = multiply(%3, %2)              # EncryptedTensor<float64, shape=(1, 1024, 14, 14)>
         %5 = 1.7291821559270224            # ClearScalar<float64>
         %6 = divide(%4, %5)                # EncryptedTensor<float64, shape=(1, 1024, 14, 14)>
         %7 = 0                             # ClearScalar<uint1>
         %8 = add(%6, %7)                   # EncryptedTensor<float64, shape=(1, 1024, 14, 14)>
         %9 = rint(%8)                      # EncryptedTensor<float64, shape=(1, 1024, 14, 14)>
        %10 = astype(%9, dtype=int_)        # EncryptedTensor<uint1, shape=(1, 1024, 14, 14)>
        return %10

    %254 = subgraph(%236):

         %0 = input                         # EncryptedTensor<uint1, shape=(1, 1024, 14, 14)>
         %1 = 0.0                           # ClearScalar<float64>
         %2 = subtract(%0, %1)              # EncryptedTensor<float64, shape=(1, 1024, 14, 14)>
         %3 = 1.3953582048416138            # ClearScalar<float64>
         %4 = multiply(%3, %2)              # EncryptedTensor<float64, shape=(1, 1024, 14, 14)>
         %5 = 1.7291821559270224            # ClearScalar<float64>
         %6 = divide(%4, %5)                # EncryptedTensor<float64, shape=(1, 1024, 14, 14)>
         %7 = 0                             # ClearScalar<uint1>
         %8 = add(%6, %7)                   # EncryptedTensor<float64, shape=(1, 1024, 14, 14)>
         %9 = rint(%8)                      # EncryptedTensor<float64, shape=(1, 1024, 14, 14)>
        %10 = astype(%9, dtype=int_)        # EncryptedTensor<uint1, shape=(1, 1024, 14, 14)>
        return %10

    %258 = subgraph(%257):

         %0 = input                          # EncryptedTensor<uint2, shape=(1, 1024, 14, 14)>
         %1 = 0.0                            # ClearScalar<float64>
         %2 = subtract(%0, %1)               # EncryptedTensor<float64, shape=(1, 1024, 14, 14)>
         %3 = 1.7291821559270224             # ClearScalar<float64>
         %4 = multiply(%3, %2)               # EncryptedTensor<float64, shape=(1, 1024, 14, 14)>
         %5 = 0                              # ClearScalar<uint1>
         %6 = maximum(%4, %5)                # EncryptedTensor<float64, shape=(1, 1024, 14, 14)>
         %7 = 1.7060955                      # ClearScalar<float32>
         %8 = divide(%6, %7)                 # EncryptedTensor<float64, shape=(1, 1024, 14, 14)>
         %9 = 0.0                            # ClearScalar<float32>
        %10 = add(%8, %9)                    # EncryptedTensor<float64, shape=(1, 1024, 14, 14)>
        %11 = 0.0                            # ClearScalar<float64>
        %12 = 15.0                           # ClearScalar<float64>
        %13 = clip(%10, %11, %12)            # EncryptedTensor<float64, shape=(1, 1024, 14, 14)>
        %14 = rint(%13)                      # EncryptedTensor<float64, shape=(1, 1024, 14, 14)>
        %15 = 0.0                            # ClearScalar<float32>
        %16 = subtract(%14, %15)             # EncryptedTensor<float64, shape=(1, 1024, 14, 14)>
        %17 = 1.7060955                      # ClearScalar<float32>
        %18 = multiply(%16, %17)             # EncryptedTensor<float64, shape=(1, 1024, 14, 14)>
        %19 = 1.7060954570770264             # ClearScalar<float64>
        %20 = divide(%18, %19)               # EncryptedTensor<float64, shape=(1, 1024, 14, 14)>
        %21 = 0                              # ClearScalar<uint1>
        %22 = add(%20, %21)                  # EncryptedTensor<float64, shape=(1, 1024, 14, 14)>
        %23 = rint(%22)                      # EncryptedTensor<float64, shape=(1, 1024, 14, 14)>
        %24 = 0                              # ClearScalar<uint1>
        %25 = 15                             # ClearScalar<uint4>
        %26 = clip(%23, %24, %25)            # EncryptedTensor<float64, shape=(1, 1024, 14, 14)>
        %27 = astype(%26, dtype=int_)        # EncryptedTensor<uint1, shape=(1, 1024, 14, 14)>
        return %27

    %262 = subgraph(%261):

         %0 = input                            # EncryptedTensor<uint1, shape=(1, 256, 14, 14)>          @ /trunk/trunk.15/C1/Conv.conv_rounding
         %1 = astype(%0, dtype=float64)        # EncryptedTensor<float64, shape=(1, 256, 14, 14)>
         %2 = 0                                # ClearScalar<uint1>
         %3 = add(%1, %2)                      # EncryptedTensor<float64, shape=(1, 256, 14, 14)>
         %4 = [[[[0]]  [ ... ]  [[0]]]]        # ClearTensor<uint1, shape=(1, 256, 1, 1)>
         %5 = subtract(%3, %4)                 # EncryptedTensor<float64, shape=(1, 256, 14, 14)>
         %6 = 0.09488283437982403              # ClearScalar<float64>
         %7 = multiply(%6, %5)                 # EncryptedTensor<float64, shape=(1, 256, 14, 14)>
         %8 = [[[[-2.108 ... 73028 ]]]]        # ClearTensor<float32, shape=(1, 256, 1, 1)>
         %9 = subtract(%7, %8)                 # EncryptedTensor<float64, shape=(1, 256, 14, 14)>
        %10 = [[[[ 4.992 ... 863214]]]]        # ClearTensor<float32, shape=(1, 256, 1, 1)>
        %11 = divide(%9, %10)                  # EncryptedTensor<float64, shape=(1, 256, 14, 14)>
        %12 = [[[[0.8470 ... 78743 ]]]]        # ClearTensor<float32, shape=(1, 256, 1, 1)>
        %13 = multiply(%11, %12)               # EncryptedTensor<float64, shape=(1, 256, 14, 14)>
        %14 = [[[[ 1.602 ... 45e-02]]]]        # ClearTensor<float32, shape=(1, 256, 1, 1)>
        %15 = add(%13, %14)                    # EncryptedTensor<float64, shape=(1, 256, 14, 14)>
        %16 = 0                                # ClearScalar<uint1>
        %17 = maximum(%15, %16)                # EncryptedTensor<float64, shape=(1, 256, 14, 14)>
        %18 = 0.5220031                        # ClearScalar<float32>
        %19 = divide(%17, %18)                 # EncryptedTensor<float64, shape=(1, 256, 14, 14)>
        %20 = 0.0                              # ClearScalar<float32>
        %21 = add(%19, %20)                    # EncryptedTensor<float64, shape=(1, 256, 14, 14)>
        %22 = 0.0                              # ClearScalar<float64>
        %23 = 15.0                             # ClearScalar<float64>
        %24 = clip(%21, %22, %23)              # EncryptedTensor<float64, shape=(1, 256, 14, 14)>
        %25 = rint(%24)                        # EncryptedTensor<float64, shape=(1, 256, 14, 14)>
        %26 = 0.0                              # ClearScalar<float32>
        %27 = subtract(%25, %26)               # EncryptedTensor<float64, shape=(1, 256, 14, 14)>
        %28 = 0.5220031                        # ClearScalar<float32>
        %29 = multiply(%27, %28)               # EncryptedTensor<float64, shape=(1, 256, 14, 14)>
        %30 = 0.5220031142234802               # ClearScalar<float64>
        %31 = divide(%29, %30)                 # EncryptedTensor<float64, shape=(1, 256, 14, 14)>
        %32 = 0                                # ClearScalar<uint1>
        %33 = add(%31, %32)                    # EncryptedTensor<float64, shape=(1, 256, 14, 14)>
        %34 = rint(%33)                        # EncryptedTensor<float64, shape=(1, 256, 14, 14)>
        %35 = 0                                # ClearScalar<uint1>
        %36 = 15                               # ClearScalar<uint4>
        %37 = clip(%34, %35, %36)              # EncryptedTensor<float64, shape=(1, 256, 14, 14)>
        %38 = astype(%37, dtype=int_)          # EncryptedTensor<uint1, shape=(1, 256, 14, 14)>
        return %38

    %270 = subgraph(%269):

         %0 = input                            # EncryptedTensor<uint1, shape=(1, 256, 14, 14)>          @ /trunk/trunk.15/C2/Conv.conv_rounding
         %1 = astype(%0, dtype=float64)        # EncryptedTensor<float64, shape=(1, 256, 14, 14)>
         %2 = 0                                # ClearScalar<uint1>
         %3 = add(%1, %2)                      # EncryptedTensor<float64, shape=(1, 256, 14, 14)>
         %4 = [[[[0]]  [ ... ]  [[0]]]]        # ClearTensor<uint1, shape=(1, 256, 1, 1)>
         %5 = subtract(%3, %4)                 # EncryptedTensor<float64, shape=(1, 256, 14, 14)>
         %6 = 0.010832597769761643             # ClearScalar<float64>
         %7 = multiply(%6, %5)                 # EncryptedTensor<float64, shape=(1, 256, 14, 14)>
         %8 = [[[[-0.701 ... 94726 ]]]]        # ClearTensor<float32, shape=(1, 256, 1, 1)>
         %9 = subtract(%7, %8)                 # EncryptedTensor<float64, shape=(1, 256, 14, 14)>
        %10 = [[[[1.5902 ... 448051]]]]        # ClearTensor<float32, shape=(1, 256, 1, 1)>
        %11 = divide(%9, %10)                  # EncryptedTensor<float64, shape=(1, 256, 14, 14)>
        %12 = [[[[0.9141 ... 411345]]]]        # ClearTensor<float32, shape=(1, 256, 1, 1)>
        %13 = multiply(%11, %12)               # EncryptedTensor<float64, shape=(1, 256, 14, 14)>
        %14 = [[[[ 4.536 ... 67e-02]]]]        # ClearTensor<float32, shape=(1, 256, 1, 1)>
        %15 = add(%13, %14)                    # EncryptedTensor<float64, shape=(1, 256, 14, 14)>
        %16 = 0                                # ClearScalar<uint1>
        %17 = maximum(%15, %16)                # EncryptedTensor<float64, shape=(1, 256, 14, 14)>
        %18 = 0.5832792                        # ClearScalar<float32>
        %19 = divide(%17, %18)                 # EncryptedTensor<float64, shape=(1, 256, 14, 14)>
        %20 = 0.0                              # ClearScalar<float32>
        %21 = add(%19, %20)                    # EncryptedTensor<float64, shape=(1, 256, 14, 14)>
        %22 = 0.0                              # ClearScalar<float64>
        %23 = 15.0                             # ClearScalar<float64>
        %24 = clip(%21, %22, %23)              # EncryptedTensor<float64, shape=(1, 256, 14, 14)>
        %25 = rint(%24)                        # EncryptedTensor<float64, shape=(1, 256, 14, 14)>
        %26 = 0.0                              # ClearScalar<float32>
        %27 = subtract(%25, %26)               # EncryptedTensor<float64, shape=(1, 256, 14, 14)>
        %28 = 0.5832792                        # ClearScalar<float32>
        %29 = multiply(%27, %28)               # EncryptedTensor<float64, shape=(1, 256, 14, 14)>
        %30 = 0.5832791924476624               # ClearScalar<float64>
        %31 = divide(%29, %30)                 # EncryptedTensor<float64, shape=(1, 256, 14, 14)>
        %32 = 0                                # ClearScalar<uint1>
        %33 = add(%31, %32)                    # EncryptedTensor<float64, shape=(1, 256, 14, 14)>
        %34 = rint(%33)                        # EncryptedTensor<float64, shape=(1, 256, 14, 14)>
        %35 = 0                                # ClearScalar<uint1>
        %36 = 15                               # ClearScalar<uint4>
        %37 = clip(%34, %35, %36)              # EncryptedTensor<float64, shape=(1, 256, 14, 14)>
        %38 = astype(%37, dtype=int_)          # EncryptedTensor<uint1, shape=(1, 256, 14, 14)>
        return %38

    %274 = subgraph(%273):

         %0 = input                            # EncryptedTensor<uint1, shape=(1, 1024, 14, 14)>          @ /trunk/trunk.15/C3/Conv.conv_rounding
         %1 = astype(%0, dtype=float64)        # EncryptedTensor<float64, shape=(1, 1024, 14, 14)>
         %2 = 0                                # ClearScalar<uint1>
         %3 = add(%1, %2)                      # EncryptedTensor<float64, shape=(1, 1024, 14, 14)>
         %4 = [[[[0]]  [ ... ]  [[0]]]]        # ClearTensor<uint1, shape=(1, 1024, 1, 1)>
         %5 = subtract(%3, %4)                 # EncryptedTensor<float64, shape=(1, 1024, 14, 14)>
         %6 = 0.015123480183330984             # ClearScalar<float64>
         %7 = multiply(%6, %5)                 # EncryptedTensor<float64, shape=(1, 1024, 14, 14)>
         %8 = [[[[-0.116 ... 259237]]]]        # ClearTensor<float32, shape=(1, 1024, 1, 1)>
         %9 = subtract(%7, %8)                 # EncryptedTensor<float64, shape=(1, 1024, 14, 14)>
        %10 = [[[[0.5480 ... 959697]]]]        # ClearTensor<float32, shape=(1, 1024, 1, 1)>
        %11 = divide(%9, %10)                  # EncryptedTensor<float64, shape=(1, 1024, 14, 14)>
        %12 = [[[[0.8965 ... 17647 ]]]]        # ClearTensor<float32, shape=(1, 1024, 1, 1)>
        %13 = multiply(%11, %12)               # EncryptedTensor<float64, shape=(1, 1024, 14, 14)>
        %14 = [[[[ 0.004 ... 538484]]]]        # ClearTensor<float32, shape=(1, 1024, 1, 1)>
        %15 = add(%13, %14)                    # EncryptedTensor<float64, shape=(1, 1024, 14, 14)>
        %16 = 1.1737438                        # ClearScalar<float32>
        %17 = divide(%15, %16)                 # EncryptedTensor<float64, shape=(1, 1024, 14, 14)>
        %18 = 0.0                              # ClearScalar<float32>
        %19 = add(%17, %18)                    # EncryptedTensor<float64, shape=(1, 1024, 14, 14)>
        %20 = -8.0                             # ClearScalar<float64>
        %21 = 7.0                              # ClearScalar<float64>
        %22 = clip(%19, %20, %21)              # EncryptedTensor<float64, shape=(1, 1024, 14, 14)>
        %23 = rint(%22)                        # EncryptedTensor<float64, shape=(1, 1024, 14, 14)>
        %24 = 0.0                              # ClearScalar<float32>
        %25 = subtract(%23, %24)               # EncryptedTensor<float64, shape=(1, 1024, 14, 14)>
        %26 = 1.1737438                        # ClearScalar<float32>
        %27 = multiply(%25, %26)               # EncryptedTensor<float64, shape=(1, 1024, 14, 14)>
        %28 = 1.1737438440322876               # ClearScalar<float64>
        %29 = divide(%27, %28)                 # EncryptedTensor<float64, shape=(1, 1024, 14, 14)>
        %30 = 0                                # ClearScalar<uint1>
        %31 = add(%29, %30)                    # EncryptedTensor<float64, shape=(1, 1024, 14, 14)>
        %32 = rint(%31)                        # EncryptedTensor<float64, shape=(1, 1024, 14, 14)>
        %33 = -8                               # ClearScalar<int4>
        %34 = 7                                # ClearScalar<uint3>
        %35 = clip(%32, %33, %34)              # EncryptedTensor<float64, shape=(1, 1024, 14, 14)>
        %36 = astype(%35, dtype=int_)          # EncryptedTensor<uint1, shape=(1, 1024, 14, 14)>
        return %36

    %275 = subgraph(%274):

         %0 = input                         # EncryptedTensor<uint1, shape=(1, 1024, 14, 14)>
         %1 = 0.0                           # ClearScalar<float64>
         %2 = subtract(%0, %1)              # EncryptedTensor<float64, shape=(1, 1024, 14, 14)>
         %3 = 1.1737438440322876            # ClearScalar<float64>
         %4 = multiply(%3, %2)              # EncryptedTensor<float64, shape=(1, 1024, 14, 14)>
         %5 = 2.026363190015157             # ClearScalar<float64>
         %6 = divide(%4, %5)                # EncryptedTensor<float64, shape=(1, 1024, 14, 14)>
         %7 = 0                             # ClearScalar<uint1>
         %8 = add(%6, %7)                   # EncryptedTensor<float64, shape=(1, 1024, 14, 14)>
         %9 = rint(%8)                      # EncryptedTensor<float64, shape=(1, 1024, 14, 14)>
        %10 = astype(%9, dtype=int_)        # EncryptedTensor<uint1, shape=(1, 1024, 14, 14)>
        return %10

    %276 = subgraph(%258):

         %0 = input                         # EncryptedTensor<uint1, shape=(1, 1024, 14, 14)>
         %1 = 0.0                           # ClearScalar<float64>
         %2 = subtract(%0, %1)              # EncryptedTensor<float64, shape=(1, 1024, 14, 14)>
         %3 = 1.7060954570770264            # ClearScalar<float64>
         %4 = multiply(%3, %2)              # EncryptedTensor<float64, shape=(1, 1024, 14, 14)>
         %5 = 2.026363190015157             # ClearScalar<float64>
         %6 = divide(%4, %5)                # EncryptedTensor<float64, shape=(1, 1024, 14, 14)>
         %7 = 0                             # ClearScalar<uint1>
         %8 = add(%6, %7)                   # EncryptedTensor<float64, shape=(1, 1024, 14, 14)>
         %9 = rint(%8)                      # EncryptedTensor<float64, shape=(1, 1024, 14, 14)>
        %10 = astype(%9, dtype=int_)        # EncryptedTensor<uint1, shape=(1, 1024, 14, 14)>
        return %10

    %280 = subgraph(%279):

         %0 = input                          # EncryptedTensor<uint2, shape=(1, 1024, 14, 14)>
         %1 = 0.0                            # ClearScalar<float64>
         %2 = subtract(%0, %1)               # EncryptedTensor<float64, shape=(1, 1024, 14, 14)>
         %3 = 2.026363190015157              # ClearScalar<float64>
         %4 = multiply(%3, %2)               # EncryptedTensor<float64, shape=(1, 1024, 14, 14)>
         %5 = 0                              # ClearScalar<uint1>
         %6 = maximum(%4, %5)                # EncryptedTensor<float64, shape=(1, 1024, 14, 14)>
         %7 = 2.0925648                      # ClearScalar<float32>
         %8 = divide(%6, %7)                 # EncryptedTensor<float64, shape=(1, 1024, 14, 14)>
         %9 = 0.0                            # ClearScalar<float32>
        %10 = add(%8, %9)                    # EncryptedTensor<float64, shape=(1, 1024, 14, 14)>
        %11 = 0.0                            # ClearScalar<float64>
        %12 = 15.0                           # ClearScalar<float64>
        %13 = clip(%10, %11, %12)            # EncryptedTensor<float64, shape=(1, 1024, 14, 14)>
        %14 = rint(%13)                      # EncryptedTensor<float64, shape=(1, 1024, 14, 14)>
        %15 = 0.0                            # ClearScalar<float32>
        %16 = subtract(%14, %15)             # EncryptedTensor<float64, shape=(1, 1024, 14, 14)>
        %17 = 2.0925648                      # ClearScalar<float32>
        %18 = multiply(%16, %17)             # EncryptedTensor<float64, shape=(1, 1024, 14, 14)>
        %19 = 2.092564821243286              # ClearScalar<float64>
        %20 = divide(%18, %19)               # EncryptedTensor<float64, shape=(1, 1024, 14, 14)>
        %21 = 0                              # ClearScalar<uint1>
        %22 = add(%20, %21)                  # EncryptedTensor<float64, shape=(1, 1024, 14, 14)>
        %23 = rint(%22)                      # EncryptedTensor<float64, shape=(1, 1024, 14, 14)>
        %24 = 0                              # ClearScalar<uint1>
        %25 = 15                             # ClearScalar<uint4>
        %26 = clip(%23, %24, %25)            # EncryptedTensor<float64, shape=(1, 1024, 14, 14)>
        %27 = astype(%26, dtype=int_)        # EncryptedTensor<uint1, shape=(1, 1024, 14, 14)>
        return %27

    %284 = subgraph(%283):

         %0 = input                            # EncryptedTensor<uint1, shape=(1, 256, 14, 14)>          @ /trunk/trunk.16/C1/Conv.conv_rounding
         %1 = astype(%0, dtype=float64)        # EncryptedTensor<float64, shape=(1, 256, 14, 14)>
         %2 = 0                                # ClearScalar<uint1>
         %3 = add(%1, %2)                      # EncryptedTensor<float64, shape=(1, 256, 14, 14)>
         %4 = [[[[0]]  [ ... ]  [[0]]]]        # ClearTensor<uint1, shape=(1, 256, 1, 1)>
         %5 = subtract(%3, %4)                 # EncryptedTensor<float64, shape=(1, 256, 14, 14)>
         %6 = 0.12528908413746898              # ClearScalar<float64>
         %7 = multiply(%6, %5)                 # EncryptedTensor<float64, shape=(1, 256, 14, 14)>
         %8 = [[[[  1.38 ... 65173 ]]]]        # ClearTensor<float32, shape=(1, 256, 1, 1)>
         %9 = subtract(%7, %8)                 # EncryptedTensor<float64, shape=(1, 256, 14, 14)>
        %10 = [[[[ 5.029 ... 42927 ]]]]        # ClearTensor<float32, shape=(1, 256, 1, 1)>
        %11 = divide(%9, %10)                  # EncryptedTensor<float64, shape=(1, 256, 14, 14)>
        %12 = [[[[0.8389 ... 06273 ]]]]        # ClearTensor<float32, shape=(1, 256, 1, 1)>
        %13 = multiply(%11, %12)               # EncryptedTensor<float64, shape=(1, 256, 14, 14)>
        %14 = [[[[-0.000 ... 37349 ]]]]        # ClearTensor<float32, shape=(1, 256, 1, 1)>
        %15 = add(%13, %14)                    # EncryptedTensor<float64, shape=(1, 256, 14, 14)>
        %16 = 0                                # ClearScalar<uint1>
        %17 = maximum(%15, %16)                # EncryptedTensor<float64, shape=(1, 256, 14, 14)>
        %18 = 0.48446745                       # ClearScalar<float32>
        %19 = divide(%17, %18)                 # EncryptedTensor<float64, shape=(1, 256, 14, 14)>
        %20 = 0.0                              # ClearScalar<float32>
        %21 = add(%19, %20)                    # EncryptedTensor<float64, shape=(1, 256, 14, 14)>
        %22 = 0.0                              # ClearScalar<float64>
        %23 = 15.0                             # ClearScalar<float64>
        %24 = clip(%21, %22, %23)              # EncryptedTensor<float64, shape=(1, 256, 14, 14)>
        %25 = rint(%24)                        # EncryptedTensor<float64, shape=(1, 256, 14, 14)>
        %26 = 0.0                              # ClearScalar<float32>
        %27 = subtract(%25, %26)               # EncryptedTensor<float64, shape=(1, 256, 14, 14)>
        %28 = 0.48446745                       # ClearScalar<float32>
        %29 = multiply(%27, %28)               # EncryptedTensor<float64, shape=(1, 256, 14, 14)>
        %30 = 0.48446744680404663              # ClearScalar<float64>
        %31 = divide(%29, %30)                 # EncryptedTensor<float64, shape=(1, 256, 14, 14)>
        %32 = 0                                # ClearScalar<uint1>
        %33 = add(%31, %32)                    # EncryptedTensor<float64, shape=(1, 256, 14, 14)>
        %34 = rint(%33)                        # EncryptedTensor<float64, shape=(1, 256, 14, 14)>
        %35 = 0                                # ClearScalar<uint1>
        %36 = 15                               # ClearScalar<uint4>
        %37 = clip(%34, %35, %36)              # EncryptedTensor<float64, shape=(1, 256, 14, 14)>
        %38 = astype(%37, dtype=int_)          # EncryptedTensor<uint1, shape=(1, 256, 14, 14)>
        return %38

    %292 = subgraph(%291):

         %0 = input                            # EncryptedTensor<uint1, shape=(1, 256, 14, 14)>          @ /trunk/trunk.16/C2/Conv.conv_rounding
         %1 = astype(%0, dtype=float64)        # EncryptedTensor<float64, shape=(1, 256, 14, 14)>
         %2 = 0                                # ClearScalar<uint1>
         %3 = add(%1, %2)                      # EncryptedTensor<float64, shape=(1, 256, 14, 14)>
         %4 = [[[[0]]  [ ... ]  [[0]]]]        # ClearTensor<uint1, shape=(1, 256, 1, 1)>
         %5 = subtract(%3, %4)                 # EncryptedTensor<float64, shape=(1, 256, 14, 14)>
         %6 = 0.009946321685028736             # ClearScalar<float64>
         %7 = multiply(%6, %5)                 # EncryptedTensor<float64, shape=(1, 256, 14, 14)>
         %8 = [[[[-0.049 ... 66981 ]]]]        # ClearTensor<float32, shape=(1, 256, 1, 1)>
         %9 = subtract(%7, %8)                 # EncryptedTensor<float64, shape=(1, 256, 14, 14)>
        %10 = [[[[1.3150 ... 4504  ]]]]        # ClearTensor<float32, shape=(1, 256, 1, 1)>
        %11 = divide(%9, %10)                  # EncryptedTensor<float64, shape=(1, 256, 14, 14)>
        %12 = [[[[0.9493 ... 72514 ]]]]        # ClearTensor<float32, shape=(1, 256, 1, 1)>
        %13 = multiply(%11, %12)               # EncryptedTensor<float64, shape=(1, 256, 14, 14)>
        %14 = [[[[ 3.206 ... 09e-03]]]]        # ClearTensor<float32, shape=(1, 256, 1, 1)>
        %15 = add(%13, %14)                    # EncryptedTensor<float64, shape=(1, 256, 14, 14)>
        %16 = 0                                # ClearScalar<uint1>
        %17 = maximum(%15, %16)                # EncryptedTensor<float64, shape=(1, 256, 14, 14)>
        %18 = 0.54089737                       # ClearScalar<float32>
        %19 = divide(%17, %18)                 # EncryptedTensor<float64, shape=(1, 256, 14, 14)>
        %20 = 0.0                              # ClearScalar<float32>
        %21 = add(%19, %20)                    # EncryptedTensor<float64, shape=(1, 256, 14, 14)>
        %22 = 0.0                              # ClearScalar<float64>
        %23 = 15.0                             # ClearScalar<float64>
        %24 = clip(%21, %22, %23)              # EncryptedTensor<float64, shape=(1, 256, 14, 14)>
        %25 = rint(%24)                        # EncryptedTensor<float64, shape=(1, 256, 14, 14)>
        %26 = 0.0                              # ClearScalar<float32>
        %27 = subtract(%25, %26)               # EncryptedTensor<float64, shape=(1, 256, 14, 14)>
        %28 = 0.54089737                       # ClearScalar<float32>
        %29 = multiply(%27, %28)               # EncryptedTensor<float64, shape=(1, 256, 14, 14)>
        %30 = 0.5408973693847656               # ClearScalar<float64>
        %31 = divide(%29, %30)                 # EncryptedTensor<float64, shape=(1, 256, 14, 14)>
        %32 = 0                                # ClearScalar<uint1>
        %33 = add(%31, %32)                    # EncryptedTensor<float64, shape=(1, 256, 14, 14)>
        %34 = rint(%33)                        # EncryptedTensor<float64, shape=(1, 256, 14, 14)>
        %35 = 0                                # ClearScalar<uint1>
        %36 = 15                               # ClearScalar<uint4>
        %37 = clip(%34, %35, %36)              # EncryptedTensor<float64, shape=(1, 256, 14, 14)>
        %38 = astype(%37, dtype=int_)          # EncryptedTensor<uint1, shape=(1, 256, 14, 14)>
        return %38

    %296 = subgraph(%295):

         %0 = input                            # EncryptedTensor<uint1, shape=(1, 1024, 14, 14)>          @ /trunk/trunk.16/C3/Conv.conv_rounding
         %1 = astype(%0, dtype=float64)        # EncryptedTensor<float64, shape=(1, 1024, 14, 14)>
         %2 = 0                                # ClearScalar<uint1>
         %3 = add(%1, %2)                      # EncryptedTensor<float64, shape=(1, 1024, 14, 14)>
         %4 = [[[[0]]  [ ... ]  [[0]]]]        # ClearTensor<uint1, shape=(1, 1024, 1, 1)>
         %5 = subtract(%3, %4)                 # EncryptedTensor<float64, shape=(1, 1024, 14, 14)>
         %6 = 0.016818165967457332             # ClearScalar<float64>
         %7 = multiply(%6, %5)                 # EncryptedTensor<float64, shape=(1, 1024, 14, 14)>
         %8 = [[[[-0.215 ... 224158]]]]        # ClearTensor<float32, shape=(1, 1024, 1, 1)>
         %9 = subtract(%7, %8)                 # EncryptedTensor<float64, shape=(1, 1024, 14, 14)>
        %10 = [[[[0.6474 ... 229215]]]]        # ClearTensor<float32, shape=(1, 1024, 1, 1)>
        %11 = divide(%9, %10)                  # EncryptedTensor<float64, shape=(1, 1024, 14, 14)>
        %12 = [[[[0.8288 ... 94238 ]]]]        # ClearTensor<float32, shape=(1, 1024, 1, 1)>
        %13 = multiply(%11, %12)               # EncryptedTensor<float64, shape=(1, 1024, 14, 14)>
        %14 = [[[[-0.004 ... 74286 ]]]]        # ClearTensor<float32, shape=(1, 1024, 1, 1)>
        %15 = add(%13, %14)                    # EncryptedTensor<float64, shape=(1, 1024, 14, 14)>
        %16 = 1.0591937                        # ClearScalar<float32>
        %17 = divide(%15, %16)                 # EncryptedTensor<float64, shape=(1, 1024, 14, 14)>
        %18 = 0.0                              # ClearScalar<float32>
        %19 = add(%17, %18)                    # EncryptedTensor<float64, shape=(1, 1024, 14, 14)>
        %20 = -8.0                             # ClearScalar<float64>
        %21 = 7.0                              # ClearScalar<float64>
        %22 = clip(%19, %20, %21)              # EncryptedTensor<float64, shape=(1, 1024, 14, 14)>
        %23 = rint(%22)                        # EncryptedTensor<float64, shape=(1, 1024, 14, 14)>
        %24 = 0.0                              # ClearScalar<float32>
        %25 = subtract(%23, %24)               # EncryptedTensor<float64, shape=(1, 1024, 14, 14)>
        %26 = 1.0591937                        # ClearScalar<float32>
        %27 = multiply(%25, %26)               # EncryptedTensor<float64, shape=(1, 1024, 14, 14)>
        %28 = 1.059193730354309                # ClearScalar<float64>
        %29 = divide(%27, %28)                 # EncryptedTensor<float64, shape=(1, 1024, 14, 14)>
        %30 = 0                                # ClearScalar<uint1>
        %31 = add(%29, %30)                    # EncryptedTensor<float64, shape=(1, 1024, 14, 14)>
        %32 = rint(%31)                        # EncryptedTensor<float64, shape=(1, 1024, 14, 14)>
        %33 = -8                               # ClearScalar<int4>
        %34 = 7                                # ClearScalar<uint3>
        %35 = clip(%32, %33, %34)              # EncryptedTensor<float64, shape=(1, 1024, 14, 14)>
        %36 = astype(%35, dtype=int_)          # EncryptedTensor<uint1, shape=(1, 1024, 14, 14)>
        return %36

    %297 = subgraph(%296):

         %0 = input                         # EncryptedTensor<uint1, shape=(1, 1024, 14, 14)>
         %1 = 0.0                           # ClearScalar<float64>
         %2 = subtract(%0, %1)              # EncryptedTensor<float64, shape=(1, 1024, 14, 14)>
         %3 = 1.059193730354309             # ClearScalar<float64>
         %4 = multiply(%3, %2)              # EncryptedTensor<float64, shape=(1, 1024, 14, 14)>
         %5 = 2.4490724166234332            # ClearScalar<float64>
         %6 = divide(%4, %5)                # EncryptedTensor<float64, shape=(1, 1024, 14, 14)>
         %7 = 0                             # ClearScalar<uint1>
         %8 = add(%6, %7)                   # EncryptedTensor<float64, shape=(1, 1024, 14, 14)>
         %9 = rint(%8)                      # EncryptedTensor<float64, shape=(1, 1024, 14, 14)>
        %10 = astype(%9, dtype=int_)        # EncryptedTensor<uint1, shape=(1, 1024, 14, 14)>
        return %10

    %298 = subgraph(%280):

         %0 = input                         # EncryptedTensor<uint1, shape=(1, 1024, 14, 14)>
         %1 = 0.0                           # ClearScalar<float64>
         %2 = subtract(%0, %1)              # EncryptedTensor<float64, shape=(1, 1024, 14, 14)>
         %3 = 2.092564821243286             # ClearScalar<float64>
         %4 = multiply(%3, %2)              # EncryptedTensor<float64, shape=(1, 1024, 14, 14)>
         %5 = 2.4490724166234332            # ClearScalar<float64>
         %6 = divide(%4, %5)                # EncryptedTensor<float64, shape=(1, 1024, 14, 14)>
         %7 = 0                             # ClearScalar<uint1>
         %8 = add(%6, %7)                   # EncryptedTensor<float64, shape=(1, 1024, 14, 14)>
         %9 = rint(%8)                      # EncryptedTensor<float64, shape=(1, 1024, 14, 14)>
        %10 = astype(%9, dtype=int_)        # EncryptedTensor<uint1, shape=(1, 1024, 14, 14)>
        return %10

    %302 = subgraph(%301):

         %0 = input                          # EncryptedTensor<uint2, shape=(1, 1024, 14, 14)>
         %1 = 0.0                            # ClearScalar<float64>
         %2 = subtract(%0, %1)               # EncryptedTensor<float64, shape=(1, 1024, 14, 14)>
         %3 = 2.4490724166234332             # ClearScalar<float64>
         %4 = multiply(%3, %2)               # EncryptedTensor<float64, shape=(1, 1024, 14, 14)>
         %5 = 0                              # ClearScalar<uint1>
         %6 = maximum(%4, %5)                # EncryptedTensor<float64, shape=(1, 1024, 14, 14)>
         %7 = 2.424031                       # ClearScalar<float32>
         %8 = divide(%6, %7)                 # EncryptedTensor<float64, shape=(1, 1024, 14, 14)>
         %9 = 0.0                            # ClearScalar<float32>
        %10 = add(%8, %9)                    # EncryptedTensor<float64, shape=(1, 1024, 14, 14)>
        %11 = 0.0                            # ClearScalar<float64>
        %12 = 15.0                           # ClearScalar<float64>
        %13 = clip(%10, %11, %12)            # EncryptedTensor<float64, shape=(1, 1024, 14, 14)>
        %14 = rint(%13)                      # EncryptedTensor<float64, shape=(1, 1024, 14, 14)>
        %15 = 0.0                            # ClearScalar<float32>
        %16 = subtract(%14, %15)             # EncryptedTensor<float64, shape=(1, 1024, 14, 14)>
        %17 = 2.424031                       # ClearScalar<float32>
        %18 = multiply(%16, %17)             # EncryptedTensor<float64, shape=(1, 1024, 14, 14)>
        %19 = 2.4240310192108154             # ClearScalar<float64>
        %20 = divide(%18, %19)               # EncryptedTensor<float64, shape=(1, 1024, 14, 14)>
        %21 = 0                              # ClearScalar<uint1>
        %22 = add(%20, %21)                  # EncryptedTensor<float64, shape=(1, 1024, 14, 14)>
        %23 = rint(%22)                      # EncryptedTensor<float64, shape=(1, 1024, 14, 14)>
        %24 = 0                              # ClearScalar<uint1>
        %25 = 15                             # ClearScalar<uint4>
        %26 = clip(%23, %24, %25)            # EncryptedTensor<float64, shape=(1, 1024, 14, 14)>
        %27 = astype(%26, dtype=int_)        # EncryptedTensor<uint1, shape=(1, 1024, 14, 14)>
        return %27

    %306 = subgraph(%305):

         %0 = input                            # EncryptedTensor<uint1, shape=(1, 512, 14, 14)>          @ /trunk/trunk.17/C1/Conv.conv_rounding
         %1 = astype(%0, dtype=float64)        # EncryptedTensor<float64, shape=(1, 512, 14, 14)>
         %2 = 0                                # ClearScalar<uint1>
         %3 = add(%1, %2)                      # EncryptedTensor<float64, shape=(1, 512, 14, 14)>
         %4 = [[[[0]]  [ ... ]  [[0]]]]        # ClearTensor<uint1, shape=(1, 512, 1, 1)>
         %5 = subtract(%3, %4)                 # EncryptedTensor<float64, shape=(1, 512, 14, 14)>
         %6 = 0.10771144369867613              # ClearScalar<float64>
         %7 = multiply(%6, %5)                 # EncryptedTensor<float64, shape=(1, 512, 14, 14)>
         %8 = [[[[ 4.012 ... 55e+00]]]]        # ClearTensor<float32, shape=(1, 512, 1, 1)>
         %9 = subtract(%7, %8)                 # EncryptedTensor<float64, shape=(1, 512, 14, 14)>
        %10 = [[[[ 7.005 ... 549766]]]]        # ClearTensor<float32, shape=(1, 512, 1, 1)>
        %11 = divide(%9, %10)                  # EncryptedTensor<float64, shape=(1, 512, 14, 14)>
        %12 = [[[[0.8851 ... 7493  ]]]]        # ClearTensor<float32, shape=(1, 512, 1, 1)>
        %13 = multiply(%11, %12)               # EncryptedTensor<float64, shape=(1, 512, 14, 14)>
        %14 = [[[[ 6.805 ... 39e-03]]]]        # ClearTensor<float32, shape=(1, 512, 1, 1)>
        %15 = add(%13, %14)                    # EncryptedTensor<float64, shape=(1, 512, 14, 14)>
        %16 = 0                                # ClearScalar<uint1>
        %17 = maximum(%15, %16)                # EncryptedTensor<float64, shape=(1, 512, 14, 14)>
        %18 = 0.5131304                        # ClearScalar<float32>
        %19 = divide(%17, %18)                 # EncryptedTensor<float64, shape=(1, 512, 14, 14)>
        %20 = 0.0                              # ClearScalar<float32>
        %21 = add(%19, %20)                    # EncryptedTensor<float64, shape=(1, 512, 14, 14)>
        %22 = 0.0                              # ClearScalar<float64>
        %23 = 15.0                             # ClearScalar<float64>
        %24 = clip(%21, %22, %23)              # EncryptedTensor<float64, shape=(1, 512, 14, 14)>
        %25 = rint(%24)                        # EncryptedTensor<float64, shape=(1, 512, 14, 14)>
        %26 = 0.0                              # ClearScalar<float32>
        %27 = subtract(%25, %26)               # EncryptedTensor<float64, shape=(1, 512, 14, 14)>
        %28 = 0.5131304                        # ClearScalar<float32>
        %29 = multiply(%27, %28)               # EncryptedTensor<float64, shape=(1, 512, 14, 14)>
        %30 = 0.5131304264068604               # ClearScalar<float64>
        %31 = divide(%29, %30)                 # EncryptedTensor<float64, shape=(1, 512, 14, 14)>
        %32 = 0                                # ClearScalar<uint1>
        %33 = add(%31, %32)                    # EncryptedTensor<float64, shape=(1, 512, 14, 14)>
        %34 = rint(%33)                        # EncryptedTensor<float64, shape=(1, 512, 14, 14)>
        %35 = 0                                # ClearScalar<uint1>
        %36 = 15                               # ClearScalar<uint4>
        %37 = clip(%34, %35, %36)              # EncryptedTensor<float64, shape=(1, 512, 14, 14)>
        %38 = astype(%37, dtype=int_)          # EncryptedTensor<uint1, shape=(1, 512, 14, 14)>
        return %38

    %314 = subgraph(%313):

         %0 = input                            # EncryptedTensor<uint1, shape=(1, 512, 7, 7)>          @ /trunk/trunk.17/C2/Conv.conv_rounding
         %1 = astype(%0, dtype=float64)        # EncryptedTensor<float64, shape=(1, 512, 7, 7)>
         %2 = 0                                # ClearScalar<uint1>
         %3 = add(%1, %2)                      # EncryptedTensor<float64, shape=(1, 512, 7, 7)>
         %4 = [[[[0]]  [ ... ]  [[0]]]]        # ClearTensor<uint1, shape=(1, 512, 1, 1)>
         %5 = subtract(%3, %4)                 # EncryptedTensor<float64, shape=(1, 512, 7, 7)>
         %6 = 0.007396648268026551             # ClearScalar<float64>
         %7 = multiply(%6, %5)                 # EncryptedTensor<float64, shape=(1, 512, 7, 7)>
         %8 = [[[[ 0.922 ... 9495  ]]]]        # ClearTensor<float32, shape=(1, 512, 1, 1)>
         %9 = subtract(%7, %8)                 # EncryptedTensor<float64, shape=(1, 512, 7, 7)>
        %10 = [[[[3.2833 ... 294299]]]]        # ClearTensor<float32, shape=(1, 512, 1, 1)>
        %11 = divide(%9, %10)                  # EncryptedTensor<float64, shape=(1, 512, 7, 7)>
        %12 = [[[[0.9538 ... 34142 ]]]]        # ClearTensor<float32, shape=(1, 512, 1, 1)>
        %13 = multiply(%11, %12)               # EncryptedTensor<float64, shape=(1, 512, 7, 7)>
        %14 = [[[[ 1.510 ... 16e-03]]]]        # ClearTensor<float32, shape=(1, 512, 1, 1)>
        %15 = add(%13, %14)                    # EncryptedTensor<float64, shape=(1, 512, 7, 7)>
        %16 = 0                                # ClearScalar<uint1>
        %17 = maximum(%15, %16)                # EncryptedTensor<float64, shape=(1, 512, 7, 7)>
        %18 = 0.5161495                        # ClearScalar<float32>
        %19 = divide(%17, %18)                 # EncryptedTensor<float64, shape=(1, 512, 7, 7)>
        %20 = 0.0                              # ClearScalar<float32>
        %21 = add(%19, %20)                    # EncryptedTensor<float64, shape=(1, 512, 7, 7)>
        %22 = 0.0                              # ClearScalar<float64>
        %23 = 15.0                             # ClearScalar<float64>
        %24 = clip(%21, %22, %23)              # EncryptedTensor<float64, shape=(1, 512, 7, 7)>
        %25 = rint(%24)                        # EncryptedTensor<float64, shape=(1, 512, 7, 7)>
        %26 = 0.0                              # ClearScalar<float32>
        %27 = subtract(%25, %26)               # EncryptedTensor<float64, shape=(1, 512, 7, 7)>
        %28 = 0.5161495                        # ClearScalar<float32>
        %29 = multiply(%27, %28)               # EncryptedTensor<float64, shape=(1, 512, 7, 7)>
        %30 = 0.5161495208740234               # ClearScalar<float64>
        %31 = divide(%29, %30)                 # EncryptedTensor<float64, shape=(1, 512, 7, 7)>
        %32 = 0                                # ClearScalar<uint1>
        %33 = add(%31, %32)                    # EncryptedTensor<float64, shape=(1, 512, 7, 7)>
        %34 = rint(%33)                        # EncryptedTensor<float64, shape=(1, 512, 7, 7)>
        %35 = 0                                # ClearScalar<uint1>
        %36 = 15                               # ClearScalar<uint4>
        %37 = clip(%34, %35, %36)              # EncryptedTensor<float64, shape=(1, 512, 7, 7)>
        %38 = astype(%37, dtype=int_)          # EncryptedTensor<uint1, shape=(1, 512, 7, 7)>
        return %38

    %318 = subgraph(%317):

         %0 = input                            # EncryptedTensor<uint1, shape=(1, 2048, 7, 7)>          @ /trunk/trunk.17/C3/Conv.conv_rounding
         %1 = astype(%0, dtype=float64)        # EncryptedTensor<float64, shape=(1, 2048, 7, 7)>
         %2 = 0                                # ClearScalar<uint1>
         %3 = add(%1, %2)                      # EncryptedTensor<float64, shape=(1, 2048, 7, 7)>
         %4 = [[[[0]]  [ ... ]  [[0]]]]        # ClearTensor<uint1, shape=(1, 2048, 1, 1)>
         %5 = subtract(%3, %4)                 # EncryptedTensor<float64, shape=(1, 2048, 7, 7)>
         %6 = 0.011474934128187897             # ClearScalar<float64>
         %7 = multiply(%6, %5)                 # EncryptedTensor<float64, shape=(1, 2048, 7, 7)>
         %8 = [[[[ 0.489 ... 505743]]]]        # ClearTensor<float32, shape=(1, 2048, 1, 1)>
         %9 = subtract(%7, %8)                 # EncryptedTensor<float64, shape=(1, 2048, 7, 7)>
        %10 = [[[[1.2299 ... 800416]]]]        # ClearTensor<float32, shape=(1, 2048, 1, 1)>
        %11 = divide(%9, %10)                  # EncryptedTensor<float64, shape=(1, 2048, 7, 7)>
        %12 = [[[[0.9503 ... 118294]]]]        # ClearTensor<float32, shape=(1, 2048, 1, 1)>
        %13 = multiply(%11, %12)               # EncryptedTensor<float64, shape=(1, 2048, 7, 7)>
        %14 = [[[[-0.020 ... 631014]]]]        # ClearTensor<float32, shape=(1, 2048, 1, 1)>
        %15 = add(%13, %14)                    # EncryptedTensor<float64, shape=(1, 2048, 7, 7)>
        %16 = 1.0645207                        # ClearScalar<float32>
        %17 = divide(%15, %16)                 # EncryptedTensor<float64, shape=(1, 2048, 7, 7)>
        %18 = 0.0                              # ClearScalar<float32>
        %19 = add(%17, %18)                    # EncryptedTensor<float64, shape=(1, 2048, 7, 7)>
        %20 = -8.0                             # ClearScalar<float64>
        %21 = 7.0                              # ClearScalar<float64>
        %22 = clip(%19, %20, %21)              # EncryptedTensor<float64, shape=(1, 2048, 7, 7)>
        %23 = rint(%22)                        # EncryptedTensor<float64, shape=(1, 2048, 7, 7)>
        %24 = 0.0                              # ClearScalar<float32>
        %25 = subtract(%23, %24)               # EncryptedTensor<float64, shape=(1, 2048, 7, 7)>
        %26 = 1.0645207                        # ClearScalar<float32>
        %27 = multiply(%25, %26)               # EncryptedTensor<float64, shape=(1, 2048, 7, 7)>
        %28 = 1.0645207166671753               # ClearScalar<float64>
        %29 = divide(%27, %28)                 # EncryptedTensor<float64, shape=(1, 2048, 7, 7)>
        %30 = 0                                # ClearScalar<uint1>
        %31 = add(%29, %30)                    # EncryptedTensor<float64, shape=(1, 2048, 7, 7)>
        %32 = rint(%31)                        # EncryptedTensor<float64, shape=(1, 2048, 7, 7)>
        %33 = -8                               # ClearScalar<int4>
        %34 = 7                                # ClearScalar<uint3>
        %35 = clip(%32, %33, %34)              # EncryptedTensor<float64, shape=(1, 2048, 7, 7)>
        %36 = astype(%35, dtype=int_)          # EncryptedTensor<uint1, shape=(1, 2048, 7, 7)>
        return %36

    %322 = subgraph(%321):

         %0 = input                            # EncryptedTensor<uint1, shape=(1, 2048, 7, 7)>          @ /trunk/trunk.17/shortcut/Conv.conv_rounding
         %1 = astype(%0, dtype=float64)        # EncryptedTensor<float64, shape=(1, 2048, 7, 7)>
         %2 = 0                                # ClearScalar<uint1>
         %3 = add(%1, %2)                      # EncryptedTensor<float64, shape=(1, 2048, 7, 7)>
         %4 = [[[[0]]  [ ... ]  [[0]]]]        # ClearTensor<uint1, shape=(1, 2048, 1, 1)>
         %5 = subtract(%3, %4)                 # EncryptedTensor<float64, shape=(1, 2048, 7, 7)>
         %6 = 0.04991289785898401              # ClearScalar<float64>
         %7 = multiply(%6, %5)                 # EncryptedTensor<float64, shape=(1, 2048, 7, 7)>
         %8 = [[[[ 6.781 ... 24452 ]]]]        # ClearTensor<float32, shape=(1, 2048, 1, 1)>
         %9 = subtract(%7, %8)                 # EncryptedTensor<float64, shape=(1, 2048, 7, 7)>
        %10 = [[[[4.9551 ... 683395]]]]        # ClearTensor<float32, shape=(1, 2048, 1, 1)>
        %11 = divide(%9, %10)                  # EncryptedTensor<float64, shape=(1, 2048, 7, 7)>
        %12 = [[[[0.9870 ... 05591 ]]]]        # ClearTensor<float32, shape=(1, 2048, 1, 1)>
        %13 = multiply(%11, %12)               # EncryptedTensor<float64, shape=(1, 2048, 7, 7)>
        %14 = [[[[-0.000 ... 631014]]]]        # ClearTensor<float32, shape=(1, 2048, 1, 1)>
        %15 = add(%13, %14)                    # EncryptedTensor<float64, shape=(1, 2048, 7, 7)>
        %16 = 1.0424247                        # ClearScalar<float32>
        %17 = divide(%15, %16)                 # EncryptedTensor<float64, shape=(1, 2048, 7, 7)>
        %18 = 0.0                              # ClearScalar<float32>
        %19 = add(%17, %18)                    # EncryptedTensor<float64, shape=(1, 2048, 7, 7)>
        %20 = -8.0                             # ClearScalar<float64>
        %21 = 7.0                              # ClearScalar<float64>
        %22 = clip(%19, %20, %21)              # EncryptedTensor<float64, shape=(1, 2048, 7, 7)>
        %23 = rint(%22)                        # EncryptedTensor<float64, shape=(1, 2048, 7, 7)>
        %24 = 0.0                              # ClearScalar<float32>
        %25 = subtract(%23, %24)               # EncryptedTensor<float64, shape=(1, 2048, 7, 7)>
        %26 = 1.0424247                        # ClearScalar<float32>
        %27 = multiply(%25, %26)               # EncryptedTensor<float64, shape=(1, 2048, 7, 7)>
        %28 = 1.0424246788024902               # ClearScalar<float64>
        %29 = divide(%27, %28)                 # EncryptedTensor<float64, shape=(1, 2048, 7, 7)>
        %30 = 0                                # ClearScalar<uint1>
        %31 = add(%29, %30)                    # EncryptedTensor<float64, shape=(1, 2048, 7, 7)>
        %32 = rint(%31)                        # EncryptedTensor<float64, shape=(1, 2048, 7, 7)>
        %33 = -8                               # ClearScalar<int4>
        %34 = 7                                # ClearScalar<uint3>
        %35 = clip(%32, %33, %34)              # EncryptedTensor<float64, shape=(1, 2048, 7, 7)>
        %36 = astype(%35, dtype=int_)          # EncryptedTensor<uint1, shape=(1, 2048, 7, 7)>
        return %36

    %323 = subgraph(%318):

         %0 = input                         # EncryptedTensor<uint1, shape=(1, 2048, 7, 7)>
         %1 = 0.0                           # ClearScalar<float64>
         %2 = subtract(%0, %1)              # EncryptedTensor<float64, shape=(1, 2048, 7, 7)>
         %3 = 1.0645207166671753            # ClearScalar<float64>
         %4 = multiply(%3, %2)              # EncryptedTensor<float64, shape=(1, 2048, 7, 7)>
         %5 = 1.4046302636464436            # ClearScalar<float64>
         %6 = divide(%4, %5)                # EncryptedTensor<float64, shape=(1, 2048, 7, 7)>
         %7 = 0                             # ClearScalar<uint1>
         %8 = add(%6, %7)                   # EncryptedTensor<float64, shape=(1, 2048, 7, 7)>
         %9 = rint(%8)                      # EncryptedTensor<float64, shape=(1, 2048, 7, 7)>
        %10 = astype(%9, dtype=int_)        # EncryptedTensor<uint1, shape=(1, 2048, 7, 7)>
        return %10

    %324 = subgraph(%322):

         %0 = input                         # EncryptedTensor<uint1, shape=(1, 2048, 7, 7)>
         %1 = 0.0                           # ClearScalar<float64>
         %2 = subtract(%0, %1)              # EncryptedTensor<float64, shape=(1, 2048, 7, 7)>
         %3 = 1.0424246788024902            # ClearScalar<float64>
         %4 = multiply(%3, %2)              # EncryptedTensor<float64, shape=(1, 2048, 7, 7)>
         %5 = 1.4046302636464436            # ClearScalar<float64>
         %6 = divide(%4, %5)                # EncryptedTensor<float64, shape=(1, 2048, 7, 7)>
         %7 = 0                             # ClearScalar<uint1>
         %8 = add(%6, %7)                   # EncryptedTensor<float64, shape=(1, 2048, 7, 7)>
         %9 = rint(%8)                      # EncryptedTensor<float64, shape=(1, 2048, 7, 7)>
        %10 = astype(%9, dtype=int_)        # EncryptedTensor<uint1, shape=(1, 2048, 7, 7)>
        return %10

    %328 = subgraph(%327):

         %0 = input                          # EncryptedTensor<uint2, shape=(1, 2048, 7, 7)>
         %1 = 0.0                            # ClearScalar<float64>
         %2 = subtract(%0, %1)               # EncryptedTensor<float64, shape=(1, 2048, 7, 7)>
         %3 = 1.4046302636464436             # ClearScalar<float64>
         %4 = multiply(%3, %2)               # EncryptedTensor<float64, shape=(1, 2048, 7, 7)>
         %5 = 0                              # ClearScalar<uint1>
         %6 = maximum(%4, %5)                # EncryptedTensor<float64, shape=(1, 2048, 7, 7)>
         %7 = 0.9619039                      # ClearScalar<float32>
         %8 = divide(%6, %7)                 # EncryptedTensor<float64, shape=(1, 2048, 7, 7)>
         %9 = 0.0                            # ClearScalar<float32>
        %10 = add(%8, %9)                    # EncryptedTensor<float64, shape=(1, 2048, 7, 7)>
        %11 = 0.0                            # ClearScalar<float64>
        %12 = 15.0                           # ClearScalar<float64>
        %13 = clip(%10, %11, %12)            # EncryptedTensor<float64, shape=(1, 2048, 7, 7)>
        %14 = rint(%13)                      # EncryptedTensor<float64, shape=(1, 2048, 7, 7)>
        %15 = 0.0                            # ClearScalar<float32>
        %16 = subtract(%14, %15)             # EncryptedTensor<float64, shape=(1, 2048, 7, 7)>
        %17 = 0.9619039                      # ClearScalar<float32>
        %18 = multiply(%16, %17)             # EncryptedTensor<float64, shape=(1, 2048, 7, 7)>
        %19 = 0.9619039297103882             # ClearScalar<float64>
        %20 = divide(%18, %19)               # EncryptedTensor<float64, shape=(1, 2048, 7, 7)>
        %21 = 0                              # ClearScalar<uint1>
        %22 = add(%20, %21)                  # EncryptedTensor<float64, shape=(1, 2048, 7, 7)>
        %23 = rint(%22)                      # EncryptedTensor<float64, shape=(1, 2048, 7, 7)>
        %24 = 0                              # ClearScalar<uint1>
        %25 = 15                             # ClearScalar<uint4>
        %26 = clip(%23, %24, %25)            # EncryptedTensor<float64, shape=(1, 2048, 7, 7)>
        %27 = astype(%26, dtype=int_)        # EncryptedTensor<uint1, shape=(1, 2048, 7, 7)>
        return %27

    %332 = subgraph(%331):

         %0 = input                            # EncryptedTensor<uint1, shape=(1, 512, 7, 7)>          @ /trunk/trunk.18/C1/Conv.conv_rounding
         %1 = astype(%0, dtype=float64)        # EncryptedTensor<float64, shape=(1, 512, 7, 7)>
         %2 = 0                                # ClearScalar<uint1>
         %3 = add(%1, %2)                      # EncryptedTensor<float64, shape=(1, 512, 7, 7)>
         %4 = [[[[0]]  [ ... ]  [[0]]]]        # ClearTensor<uint1, shape=(1, 512, 1, 1)>
         %5 = subtract(%3, %4)                 # EncryptedTensor<float64, shape=(1, 512, 7, 7)>
         %6 = 0.045945020290782956             # ClearScalar<float64>
         %7 = multiply(%6, %5)                 # EncryptedTensor<float64, shape=(1, 512, 7, 7)>
         %8 = [[[[ 1.289 ... 18852 ]]]]        # ClearTensor<float32, shape=(1, 512, 1, 1)>
         %9 = subtract(%7, %8)                 # EncryptedTensor<float64, shape=(1, 512, 7, 7)>
        %10 = [[[[4.1519 ... 52797 ]]]]        # ClearTensor<float32, shape=(1, 512, 1, 1)>
        %11 = divide(%9, %10)                  # EncryptedTensor<float64, shape=(1, 512, 7, 7)>
        %12 = [[[[0.8257 ... 63314 ]]]]        # ClearTensor<float32, shape=(1, 512, 1, 1)>
        %13 = multiply(%11, %12)               # EncryptedTensor<float64, shape=(1, 512, 7, 7)>
        %14 = [[[[-5.429 ... 93e-02]]]]        # ClearTensor<float32, shape=(1, 512, 1, 1)>
        %15 = add(%13, %14)                    # EncryptedTensor<float64, shape=(1, 512, 7, 7)>
        %16 = 0                                # ClearScalar<uint1>
        %17 = maximum(%15, %16)                # EncryptedTensor<float64, shape=(1, 512, 7, 7)>
        %18 = 0.51200575                       # ClearScalar<float32>
        %19 = divide(%17, %18)                 # EncryptedTensor<float64, shape=(1, 512, 7, 7)>
        %20 = 0.0                              # ClearScalar<float32>
        %21 = add(%19, %20)                    # EncryptedTensor<float64, shape=(1, 512, 7, 7)>
        %22 = 0.0                              # ClearScalar<float64>
        %23 = 15.0                             # ClearScalar<float64>
        %24 = clip(%21, %22, %23)              # EncryptedTensor<float64, shape=(1, 512, 7, 7)>
        %25 = rint(%24)                        # EncryptedTensor<float64, shape=(1, 512, 7, 7)>
        %26 = 0.0                              # ClearScalar<float32>
        %27 = subtract(%25, %26)               # EncryptedTensor<float64, shape=(1, 512, 7, 7)>
        %28 = 0.51200575                       # ClearScalar<float32>
        %29 = multiply(%27, %28)               # EncryptedTensor<float64, shape=(1, 512, 7, 7)>
        %30 = 0.5120057463645935               # ClearScalar<float64>
        %31 = divide(%29, %30)                 # EncryptedTensor<float64, shape=(1, 512, 7, 7)>
        %32 = 0                                # ClearScalar<uint1>
        %33 = add(%31, %32)                    # EncryptedTensor<float64, shape=(1, 512, 7, 7)>
        %34 = rint(%33)                        # EncryptedTensor<float64, shape=(1, 512, 7, 7)>
        %35 = 0                                # ClearScalar<uint1>
        %36 = 15                               # ClearScalar<uint4>
        %37 = clip(%34, %35, %36)              # EncryptedTensor<float64, shape=(1, 512, 7, 7)>
        %38 = astype(%37, dtype=int_)          # EncryptedTensor<uint1, shape=(1, 512, 7, 7)>
        return %38

    %340 = subgraph(%339):

         %0 = input                            # EncryptedTensor<uint1, shape=(1, 512, 7, 7)>          @ /trunk/trunk.18/C2/Conv.conv_rounding
         %1 = astype(%0, dtype=float64)        # EncryptedTensor<float64, shape=(1, 512, 7, 7)>
         %2 = 0                                # ClearScalar<uint1>
         %3 = add(%1, %2)                      # EncryptedTensor<float64, shape=(1, 512, 7, 7)>
         %4 = [[[[0]]  [ ... ]  [[0]]]]        # ClearTensor<uint1, shape=(1, 512, 1, 1)>
         %5 = subtract(%3, %4)                 # EncryptedTensor<float64, shape=(1, 512, 7, 7)>
         %6 = 0.008621565305923506             # ClearScalar<float64>
         %7 = multiply(%6, %5)                 # EncryptedTensor<float64, shape=(1, 512, 7, 7)>
         %8 = [[[[ 6.230 ... 80e+00]]]]        # ClearTensor<float32, shape=(1, 512, 1, 1)>
         %9 = subtract(%7, %8)                 # EncryptedTensor<float64, shape=(1, 512, 7, 7)>
        %10 = [[[[2.4734 ... 017458]]]]        # ClearTensor<float32, shape=(1, 512, 1, 1)>
        %11 = divide(%9, %10)                  # EncryptedTensor<float64, shape=(1, 512, 7, 7)>
        %12 = [[[[0.9572 ... 49831 ]]]]        # ClearTensor<float32, shape=(1, 512, 1, 1)>
        %13 = multiply(%11, %12)               # EncryptedTensor<float64, shape=(1, 512, 7, 7)>
        %14 = [[[[-1.067 ... 15e-03]]]]        # ClearTensor<float32, shape=(1, 512, 1, 1)>
        %15 = add(%13, %14)                    # EncryptedTensor<float64, shape=(1, 512, 7, 7)>
        %16 = 0                                # ClearScalar<uint1>
        %17 = maximum(%15, %16)                # EncryptedTensor<float64, shape=(1, 512, 7, 7)>
        %18 = 0.5708927                        # ClearScalar<float32>
        %19 = divide(%17, %18)                 # EncryptedTensor<float64, shape=(1, 512, 7, 7)>
        %20 = 0.0                              # ClearScalar<float32>
        %21 = add(%19, %20)                    # EncryptedTensor<float64, shape=(1, 512, 7, 7)>
        %22 = 0.0                              # ClearScalar<float64>
        %23 = 15.0                             # ClearScalar<float64>
        %24 = clip(%21, %22, %23)              # EncryptedTensor<float64, shape=(1, 512, 7, 7)>
        %25 = rint(%24)                        # EncryptedTensor<float64, shape=(1, 512, 7, 7)>
        %26 = 0.0                              # ClearScalar<float32>
        %27 = subtract(%25, %26)               # EncryptedTensor<float64, shape=(1, 512, 7, 7)>
        %28 = 0.5708927                        # ClearScalar<float32>
        %29 = multiply(%27, %28)               # EncryptedTensor<float64, shape=(1, 512, 7, 7)>
        %30 = 0.5708926916122437               # ClearScalar<float64>
        %31 = divide(%29, %30)                 # EncryptedTensor<float64, shape=(1, 512, 7, 7)>
        %32 = 0                                # ClearScalar<uint1>
        %33 = add(%31, %32)                    # EncryptedTensor<float64, shape=(1, 512, 7, 7)>
        %34 = rint(%33)                        # EncryptedTensor<float64, shape=(1, 512, 7, 7)>
        %35 = 0                                # ClearScalar<uint1>
        %36 = 15                               # ClearScalar<uint4>
        %37 = clip(%34, %35, %36)              # EncryptedTensor<float64, shape=(1, 512, 7, 7)>
        %38 = astype(%37, dtype=int_)          # EncryptedTensor<uint1, shape=(1, 512, 7, 7)>
        return %38

    %344 = subgraph(%343):

         %0 = input                            # EncryptedTensor<uint1, shape=(1, 2048, 7, 7)>          @ /trunk/trunk.18/C3/Conv.conv_rounding
         %1 = astype(%0, dtype=float64)        # EncryptedTensor<float64, shape=(1, 2048, 7, 7)>
         %2 = 0                                # ClearScalar<uint1>
         %3 = add(%1, %2)                      # EncryptedTensor<float64, shape=(1, 2048, 7, 7)>
         %4 = [[[[0]]  [ ... ]  [[0]]]]        # ClearTensor<uint1, shape=(1, 2048, 1, 1)>
         %5 = subtract(%3, %4)                 # EncryptedTensor<float64, shape=(1, 2048, 7, 7)>
         %6 = 0.013007171383947469             # ClearScalar<float64>
         %7 = multiply(%6, %5)                 # EncryptedTensor<float64, shape=(1, 2048, 7, 7)>
         %8 = [[[[-0.211 ... 10218 ]]]]        # ClearTensor<float32, shape=(1, 2048, 1, 1)>
         %9 = subtract(%7, %8)                 # EncryptedTensor<float64, shape=(1, 2048, 7, 7)>
        %10 = [[[[0.6593 ... 106956]]]]        # ClearTensor<float32, shape=(1, 2048, 1, 1)>
        %11 = divide(%9, %10)                  # EncryptedTensor<float64, shape=(1, 2048, 7, 7)>
        %12 = [[[[0.6657 ... 80068 ]]]]        # ClearTensor<float32, shape=(1, 2048, 1, 1)>
        %13 = multiply(%11, %12)               # EncryptedTensor<float64, shape=(1, 2048, 7, 7)>
        %14 = [[[[-0.019 ... 698472]]]]        # ClearTensor<float32, shape=(1, 2048, 1, 1)>
        %15 = add(%13, %14)                    # EncryptedTensor<float64, shape=(1, 2048, 7, 7)>
        %16 = 1.1149497                        # ClearScalar<float32>
        %17 = divide(%15, %16)                 # EncryptedTensor<float64, shape=(1, 2048, 7, 7)>
        %18 = 0.0                              # ClearScalar<float32>
        %19 = add(%17, %18)                    # EncryptedTensor<float64, shape=(1, 2048, 7, 7)>
        %20 = -8.0                             # ClearScalar<float64>
        %21 = 7.0                              # ClearScalar<float64>
        %22 = clip(%19, %20, %21)              # EncryptedTensor<float64, shape=(1, 2048, 7, 7)>
        %23 = rint(%22)                        # EncryptedTensor<float64, shape=(1, 2048, 7, 7)>
        %24 = 0.0                              # ClearScalar<float32>
        %25 = subtract(%23, %24)               # EncryptedTensor<float64, shape=(1, 2048, 7, 7)>
        %26 = 1.1149497                        # ClearScalar<float32>
        %27 = multiply(%25, %26)               # EncryptedTensor<float64, shape=(1, 2048, 7, 7)>
        %28 = 1.1149497032165527               # ClearScalar<float64>
        %29 = divide(%27, %28)                 # EncryptedTensor<float64, shape=(1, 2048, 7, 7)>
        %30 = 0                                # ClearScalar<uint1>
        %31 = add(%29, %30)                    # EncryptedTensor<float64, shape=(1, 2048, 7, 7)>
        %32 = rint(%31)                        # EncryptedTensor<float64, shape=(1, 2048, 7, 7)>
        %33 = -8                               # ClearScalar<int4>
        %34 = 7                                # ClearScalar<uint3>
        %35 = clip(%32, %33, %34)              # EncryptedTensor<float64, shape=(1, 2048, 7, 7)>
        %36 = astype(%35, dtype=int_)          # EncryptedTensor<uint1, shape=(1, 2048, 7, 7)>
        return %36

    %345 = subgraph(%344):

         %0 = input                         # EncryptedTensor<uint1, shape=(1, 2048, 7, 7)>
         %1 = 0.0                           # ClearScalar<float64>
         %2 = subtract(%0, %1)              # EncryptedTensor<float64, shape=(1, 2048, 7, 7)>
         %3 = 1.1149497032165527            # ClearScalar<float64>
         %4 = multiply(%3, %2)              # EncryptedTensor<float64, shape=(1, 2048, 7, 7)>
         %5 = 1.4486960172653198            # ClearScalar<float64>
         %6 = divide(%4, %5)                # EncryptedTensor<float64, shape=(1, 2048, 7, 7)>
         %7 = 0                             # ClearScalar<uint1>
         %8 = add(%6, %7)                   # EncryptedTensor<float64, shape=(1, 2048, 7, 7)>
         %9 = rint(%8)                      # EncryptedTensor<float64, shape=(1, 2048, 7, 7)>
        %10 = astype(%9, dtype=int_)        # EncryptedTensor<uint1, shape=(1, 2048, 7, 7)>
        return %10

    %346 = subgraph(%328):

         %0 = input                         # EncryptedTensor<uint1, shape=(1, 2048, 7, 7)>
         %1 = 0.0                           # ClearScalar<float64>
         %2 = subtract(%0, %1)              # EncryptedTensor<float64, shape=(1, 2048, 7, 7)>
         %3 = 0.9619039297103882            # ClearScalar<float64>
         %4 = multiply(%3, %2)              # EncryptedTensor<float64, shape=(1, 2048, 7, 7)>
         %5 = 1.4486960172653198            # ClearScalar<float64>
         %6 = divide(%4, %5)                # EncryptedTensor<float64, shape=(1, 2048, 7, 7)>
         %7 = 0                             # ClearScalar<uint1>
         %8 = add(%6, %7)                   # EncryptedTensor<float64, shape=(1, 2048, 7, 7)>
         %9 = rint(%8)                      # EncryptedTensor<float64, shape=(1, 2048, 7, 7)>
        %10 = astype(%9, dtype=int_)        # EncryptedTensor<uint1, shape=(1, 2048, 7, 7)>
        return %10

    %350 = subgraph(%349):

         %0 = input                          # EncryptedTensor<uint2, shape=(1, 2048, 7, 7)>
         %1 = 0.0                            # ClearScalar<float64>
         %2 = subtract(%0, %1)               # EncryptedTensor<float64, shape=(1, 2048, 7, 7)>
         %3 = 1.4486960172653198             # ClearScalar<float64>
         %4 = multiply(%3, %2)               # EncryptedTensor<float64, shape=(1, 2048, 7, 7)>
         %5 = 0                              # ClearScalar<uint1>
         %6 = maximum(%4, %5)                # EncryptedTensor<float64, shape=(1, 2048, 7, 7)>
         %7 = 1.4110655                      # ClearScalar<float32>
         %8 = divide(%6, %7)                 # EncryptedTensor<float64, shape=(1, 2048, 7, 7)>
         %9 = 0.0                            # ClearScalar<float32>
        %10 = add(%8, %9)                    # EncryptedTensor<float64, shape=(1, 2048, 7, 7)>
        %11 = 0.0                            # ClearScalar<float64>
        %12 = 15.0                           # ClearScalar<float64>
        %13 = clip(%10, %11, %12)            # EncryptedTensor<float64, shape=(1, 2048, 7, 7)>
        %14 = rint(%13)                      # EncryptedTensor<float64, shape=(1, 2048, 7, 7)>
        %15 = 0.0                            # ClearScalar<float32>
        %16 = subtract(%14, %15)             # EncryptedTensor<float64, shape=(1, 2048, 7, 7)>
        %17 = 1.4110655                      # ClearScalar<float32>
        %18 = multiply(%16, %17)             # EncryptedTensor<float64, shape=(1, 2048, 7, 7)>
        %19 = 1.4110654592514038             # ClearScalar<float64>
        %20 = divide(%18, %19)               # EncryptedTensor<float64, shape=(1, 2048, 7, 7)>
        %21 = 0                              # ClearScalar<uint1>
        %22 = add(%20, %21)                  # EncryptedTensor<float64, shape=(1, 2048, 7, 7)>
        %23 = rint(%22)                      # EncryptedTensor<float64, shape=(1, 2048, 7, 7)>
        %24 = 0                              # ClearScalar<uint1>
        %25 = 15                             # ClearScalar<uint4>
        %26 = clip(%23, %24, %25)            # EncryptedTensor<float64, shape=(1, 2048, 7, 7)>
        %27 = astype(%26, dtype=int_)        # EncryptedTensor<uint1, shape=(1, 2048, 7, 7)>
        return %27

    %354 = subgraph(%353):

         %0 = input                            # EncryptedTensor<uint1, shape=(1, 512, 7, 7)>          @ /trunk/trunk.19/C1/Conv.conv_rounding
         %1 = astype(%0, dtype=float64)        # EncryptedTensor<float64, shape=(1, 512, 7, 7)>
         %2 = 0                                # ClearScalar<uint1>
         %3 = add(%1, %2)                      # EncryptedTensor<float64, shape=(1, 512, 7, 7)>
         %4 = [[[[0]]  [ ... ]  [[0]]]]        # ClearTensor<uint1, shape=(1, 512, 1, 1)>
         %5 = subtract(%3, %4)                 # EncryptedTensor<float64, shape=(1, 512, 7, 7)>
         %6 = 0.05837173141926                 # ClearScalar<float64>
         %7 = multiply(%6, %5)                 # EncryptedTensor<float64, shape=(1, 512, 7, 7)>
         %8 = [[[[ 3.760 ... 95128 ]]]]        # ClearTensor<float32, shape=(1, 512, 1, 1)>
         %9 = subtract(%7, %8)                 # EncryptedTensor<float64, shape=(1, 512, 7, 7)>
        %10 = [[[[ 8.938 ... 025666]]]]        # ClearTensor<float32, shape=(1, 512, 1, 1)>
        %11 = divide(%9, %10)                  # EncryptedTensor<float64, shape=(1, 512, 7, 7)>
        %12 = [[[[0.8755 ... 84989 ]]]]        # ClearTensor<float32, shape=(1, 512, 1, 1)>
        %13 = multiply(%11, %12)               # EncryptedTensor<float64, shape=(1, 512, 7, 7)>
        %14 = [[[[ 2.889 ... 52e-02]]]]        # ClearTensor<float32, shape=(1, 512, 1, 1)>
        %15 = add(%13, %14)                    # EncryptedTensor<float64, shape=(1, 512, 7, 7)>
        %16 = 0                                # ClearScalar<uint1>
        %17 = maximum(%15, %16)                # EncryptedTensor<float64, shape=(1, 512, 7, 7)>
        %18 = 0.52432126                       # ClearScalar<float32>
        %19 = divide(%17, %18)                 # EncryptedTensor<float64, shape=(1, 512, 7, 7)>
        %20 = 0.0                              # ClearScalar<float32>
        %21 = add(%19, %20)                    # EncryptedTensor<float64, shape=(1, 512, 7, 7)>
        %22 = 0.0                              # ClearScalar<float64>
        %23 = 15.0                             # ClearScalar<float64>
        %24 = clip(%21, %22, %23)              # EncryptedTensor<float64, shape=(1, 512, 7, 7)>
        %25 = rint(%24)                        # EncryptedTensor<float64, shape=(1, 512, 7, 7)>
        %26 = 0.0                              # ClearScalar<float32>
        %27 = subtract(%25, %26)               # EncryptedTensor<float64, shape=(1, 512, 7, 7)>
        %28 = 0.52432126                       # ClearScalar<float32>
        %29 = multiply(%27, %28)               # EncryptedTensor<float64, shape=(1, 512, 7, 7)>
        %30 = 0.5243212580680847               # ClearScalar<float64>
        %31 = divide(%29, %30)                 # EncryptedTensor<float64, shape=(1, 512, 7, 7)>
        %32 = 0                                # ClearScalar<uint1>
        %33 = add(%31, %32)                    # EncryptedTensor<float64, shape=(1, 512, 7, 7)>
        %34 = rint(%33)                        # EncryptedTensor<float64, shape=(1, 512, 7, 7)>
        %35 = 0                                # ClearScalar<uint1>
        %36 = 15                               # ClearScalar<uint4>
        %37 = clip(%34, %35, %36)              # EncryptedTensor<float64, shape=(1, 512, 7, 7)>
        %38 = astype(%37, dtype=int_)          # EncryptedTensor<uint1, shape=(1, 512, 7, 7)>
        return %38

    %362 = subgraph(%361):

         %0 = input                            # EncryptedTensor<uint1, shape=(1, 512, 7, 7)>          @ /trunk/trunk.19/C2/Conv.conv_rounding
         %1 = astype(%0, dtype=float64)        # EncryptedTensor<float64, shape=(1, 512, 7, 7)>
         %2 = 0                                # ClearScalar<uint1>
         %3 = add(%1, %2)                      # EncryptedTensor<float64, shape=(1, 512, 7, 7)>
         %4 = [[[[0]]  [ ... ]  [[0]]]]        # ClearTensor<uint1, shape=(1, 512, 1, 1)>
         %5 = subtract(%3, %4)                 # EncryptedTensor<float64, shape=(1, 512, 7, 7)>
         %6 = 0.008527874913509814             # ClearScalar<float64>
         %7 = multiply(%6, %5)                 # EncryptedTensor<float64, shape=(1, 512, 7, 7)>
         %8 = [[[[-1.320 ... 43876 ]]]]        # ClearTensor<float32, shape=(1, 512, 1, 1)>
         %9 = subtract(%7, %8)                 # EncryptedTensor<float64, shape=(1, 512, 7, 7)>
        %10 = [[[[3.2783 ... 616314]]]]        # ClearTensor<float32, shape=(1, 512, 1, 1)>
        %11 = divide(%9, %10)                  # EncryptedTensor<float64, shape=(1, 512, 7, 7)>
        %12 = [[[[0.8193 ... 843505]]]]        # ClearTensor<float32, shape=(1, 512, 1, 1)>
        %13 = multiply(%11, %12)               # EncryptedTensor<float64, shape=(1, 512, 7, 7)>
        %14 = [[[[-0.026 ... 162859]]]]        # ClearTensor<float32, shape=(1, 512, 1, 1)>
        %15 = add(%13, %14)                    # EncryptedTensor<float64, shape=(1, 512, 7, 7)>
        %16 = 0                                # ClearScalar<uint1>
        %17 = maximum(%15, %16)                # EncryptedTensor<float64, shape=(1, 512, 7, 7)>
        %18 = 0.51961327                       # ClearScalar<float32>
        %19 = divide(%17, %18)                 # EncryptedTensor<float64, shape=(1, 512, 7, 7)>
        %20 = 0.0                              # ClearScalar<float32>
        %21 = add(%19, %20)                    # EncryptedTensor<float64, shape=(1, 512, 7, 7)>
        %22 = 0.0                              # ClearScalar<float64>
        %23 = 15.0                             # ClearScalar<float64>
        %24 = clip(%21, %22, %23)              # EncryptedTensor<float64, shape=(1, 512, 7, 7)>
        %25 = rint(%24)                        # EncryptedTensor<float64, shape=(1, 512, 7, 7)>
        %26 = 0.0                              # ClearScalar<float32>
        %27 = subtract(%25, %26)               # EncryptedTensor<float64, shape=(1, 512, 7, 7)>
        %28 = 0.51961327                       # ClearScalar<float32>
        %29 = multiply(%27, %28)               # EncryptedTensor<float64, shape=(1, 512, 7, 7)>
        %30 = 0.5196132659912109               # ClearScalar<float64>
        %31 = divide(%29, %30)                 # EncryptedTensor<float64, shape=(1, 512, 7, 7)>
        %32 = 0                                # ClearScalar<uint1>
        %33 = add(%31, %32)                    # EncryptedTensor<float64, shape=(1, 512, 7, 7)>
        %34 = rint(%33)                        # EncryptedTensor<float64, shape=(1, 512, 7, 7)>
        %35 = 0                                # ClearScalar<uint1>
        %36 = 15                               # ClearScalar<uint4>
        %37 = clip(%34, %35, %36)              # EncryptedTensor<float64, shape=(1, 512, 7, 7)>
        %38 = astype(%37, dtype=int_)          # EncryptedTensor<uint1, shape=(1, 512, 7, 7)>
        return %38

    %366 = subgraph(%365):

         %0 = input                            # EncryptedTensor<uint1, shape=(1, 2048, 7, 7)>          @ /trunk/trunk.19/C3/Conv.conv_rounding
         %1 = astype(%0, dtype=float64)        # EncryptedTensor<float64, shape=(1, 2048, 7, 7)>
         %2 = 0                                # ClearScalar<uint1>
         %3 = add(%1, %2)                      # EncryptedTensor<float64, shape=(1, 2048, 7, 7)>
         %4 = [[[[0]]  [ ... ]  [[0]]]]        # ClearTensor<uint1, shape=(1, 2048, 1, 1)>
         %5 = subtract(%3, %4)                 # EncryptedTensor<float64, shape=(1, 2048, 7, 7)>
         %6 = 0.012065125250252606             # ClearScalar<float64>
         %7 = multiply(%6, %5)                 # EncryptedTensor<float64, shape=(1, 2048, 7, 7)>
         %8 = [[[[-0.178 ... 356856]]]]        # ClearTensor<float32, shape=(1, 2048, 1, 1)>
         %9 = subtract(%7, %8)                 # EncryptedTensor<float64, shape=(1, 2048, 7, 7)>
        %10 = [[[[0.5664 ... 31917 ]]]]        # ClearTensor<float32, shape=(1, 2048, 1, 1)>
        %11 = divide(%9, %10)                  # EncryptedTensor<float64, shape=(1, 2048, 7, 7)>
        %12 = [[[[0.4180 ... 076336]]]]        # ClearTensor<float32, shape=(1, 2048, 1, 1)>
        %13 = multiply(%11, %12)               # EncryptedTensor<float64, shape=(1, 2048, 7, 7)>
        %14 = [[[[-0.014 ... 702776]]]]        # ClearTensor<float32, shape=(1, 2048, 1, 1)>
        %15 = add(%13, %14)                    # EncryptedTensor<float64, shape=(1, 2048, 7, 7)>
        %16 = 1.019117                         # ClearScalar<float32>
        %17 = divide(%15, %16)                 # EncryptedTensor<float64, shape=(1, 2048, 7, 7)>
        %18 = 0.0                              # ClearScalar<float32>
        %19 = add(%17, %18)                    # EncryptedTensor<float64, shape=(1, 2048, 7, 7)>
        %20 = -8.0                             # ClearScalar<float64>
        %21 = 7.0                              # ClearScalar<float64>
        %22 = clip(%19, %20, %21)              # EncryptedTensor<float64, shape=(1, 2048, 7, 7)>
        %23 = rint(%22)                        # EncryptedTensor<float64, shape=(1, 2048, 7, 7)>
        %24 = 0.0                              # ClearScalar<float32>
        %25 = subtract(%23, %24)               # EncryptedTensor<float64, shape=(1, 2048, 7, 7)>
        %26 = 1.019117                         # ClearScalar<float32>
        %27 = multiply(%25, %26)               # EncryptedTensor<float64, shape=(1, 2048, 7, 7)>
        %28 = 1.019116997718811                # ClearScalar<float64>
        %29 = divide(%27, %28)                 # EncryptedTensor<float64, shape=(1, 2048, 7, 7)>
        %30 = 0                                # ClearScalar<uint1>
        %31 = add(%29, %30)                    # EncryptedTensor<float64, shape=(1, 2048, 7, 7)>
        %32 = rint(%31)                        # EncryptedTensor<float64, shape=(1, 2048, 7, 7)>
        %33 = -8                               # ClearScalar<int4>
        %34 = 7                                # ClearScalar<uint3>
        %35 = clip(%32, %33, %34)              # EncryptedTensor<float64, shape=(1, 2048, 7, 7)>
        %36 = astype(%35, dtype=int_)          # EncryptedTensor<uint1, shape=(1, 2048, 7, 7)>
        return %36

    %367 = subgraph(%366):

         %0 = input                         # EncryptedTensor<uint1, shape=(1, 2048, 7, 7)>
         %1 = 0.0                           # ClearScalar<float64>
         %2 = subtract(%0, %1)              # EncryptedTensor<float64, shape=(1, 2048, 7, 7)>
         %3 = 1.019116997718811             # ClearScalar<float64>
         %4 = multiply(%3, %2)              # EncryptedTensor<float64, shape=(1, 2048, 7, 7)>
         %5 = 1.5783104022343954            # ClearScalar<float64>
         %6 = divide(%4, %5)                # EncryptedTensor<float64, shape=(1, 2048, 7, 7)>
         %7 = 0                             # ClearScalar<uint1>
         %8 = add(%6, %7)                   # EncryptedTensor<float64, shape=(1, 2048, 7, 7)>
         %9 = rint(%8)                      # EncryptedTensor<float64, shape=(1, 2048, 7, 7)>
        %10 = astype(%9, dtype=int_)        # EncryptedTensor<uint1, shape=(1, 2048, 7, 7)>
        return %10

    %368 = subgraph(%350):

         %0 = input                         # EncryptedTensor<uint1, shape=(1, 2048, 7, 7)>
         %1 = 0.0                           # ClearScalar<float64>
         %2 = subtract(%0, %1)              # EncryptedTensor<float64, shape=(1, 2048, 7, 7)>
         %3 = 1.4110654592514038            # ClearScalar<float64>
         %4 = multiply(%3, %2)              # EncryptedTensor<float64, shape=(1, 2048, 7, 7)>
         %5 = 1.5783104022343954            # ClearScalar<float64>
         %6 = divide(%4, %5)                # EncryptedTensor<float64, shape=(1, 2048, 7, 7)>
         %7 = 0                             # ClearScalar<uint1>
         %8 = add(%6, %7)                   # EncryptedTensor<float64, shape=(1, 2048, 7, 7)>
         %9 = rint(%8)                      # EncryptedTensor<float64, shape=(1, 2048, 7, 7)>
        %10 = astype(%9, dtype=int_)        # EncryptedTensor<uint1, shape=(1, 2048, 7, 7)>
        return %10

    %372 = subgraph(%371):

         %0 = input                          # EncryptedTensor<uint2, shape=(1, 2048, 7, 7)>
         %1 = 0.0                            # ClearScalar<float64>
         %2 = subtract(%0, %1)               # EncryptedTensor<float64, shape=(1, 2048, 7, 7)>
         %3 = 1.5783104022343954             # ClearScalar<float64>
         %4 = multiply(%3, %2)               # EncryptedTensor<float64, shape=(1, 2048, 7, 7)>
         %5 = 0                              # ClearScalar<uint1>
         %6 = maximum(%4, %5)                # EncryptedTensor<float64, shape=(1, 2048, 7, 7)>
         %7 = 1.5702503                      # ClearScalar<float32>
         %8 = divide(%6, %7)                 # EncryptedTensor<float64, shape=(1, 2048, 7, 7)>
         %9 = 0.0                            # ClearScalar<float32>
        %10 = add(%8, %9)                    # EncryptedTensor<float64, shape=(1, 2048, 7, 7)>
        %11 = 0.0                            # ClearScalar<float64>
        %12 = 15.0                           # ClearScalar<float64>
        %13 = clip(%10, %11, %12)            # EncryptedTensor<float64, shape=(1, 2048, 7, 7)>
        %14 = rint(%13)                      # EncryptedTensor<float64, shape=(1, 2048, 7, 7)>
        %15 = 0.0                            # ClearScalar<float32>
        %16 = subtract(%14, %15)             # EncryptedTensor<float64, shape=(1, 2048, 7, 7)>
        %17 = 1.5702503                      # ClearScalar<float32>
        %18 = multiply(%16, %17)             # EncryptedTensor<float64, shape=(1, 2048, 7, 7)>
        %19 = 1.5702502727508545             # ClearScalar<float64>
        %20 = divide(%18, %19)               # EncryptedTensor<float64, shape=(1, 2048, 7, 7)>
        %21 = 0                              # ClearScalar<uint1>
        %22 = add(%20, %21)                  # EncryptedTensor<float64, shape=(1, 2048, 7, 7)>
        %23 = rint(%22)                      # EncryptedTensor<float64, shape=(1, 2048, 7, 7)>
        %24 = 0                              # ClearScalar<uint1>
        %25 = 15                             # ClearScalar<uint4>
        %26 = clip(%23, %24, %25)            # EncryptedTensor<float64, shape=(1, 2048, 7, 7)>
        %27 = astype(%26, dtype=int_)        # EncryptedTensor<uint1, shape=(1, 2048, 7, 7)>
        return %27

    %375 = subgraph(%374):

         %0 = input                            # EncryptedTensor<uint1, shape=(1, 2048, 1, 1)>          @ /trunk/trunk.20/AveragePool.avgpool
         %1 = astype(%0, dtype=float64)        # EncryptedTensor<float64, shape=(1, 2048, 1, 1)>
         %2 = 0.04                             # ClearScalar<float64>
         %3 = multiply(%1, %2)                 # EncryptedTensor<float64, shape=(1, 2048, 1, 1)>
         %4 = 0                                # ClearScalar<uint1>
         %5 = subtract(%3, %4)                 # EncryptedTensor<float64, shape=(1, 2048, 1, 1)>
         %6 = 1.5702502727508545               # ClearScalar<float64>
         %7 = multiply(%5, %6)                 # EncryptedTensor<float64, shape=(1, 2048, 1, 1)>
         %8 = 0.4186586                        # ClearScalar<float32>
         %9 = divide(%7, %8)                   # EncryptedTensor<float64, shape=(1, 2048, 1, 1)>
        %10 = 0.0                              # ClearScalar<float32>
        %11 = add(%9, %10)                     # EncryptedTensor<float64, shape=(1, 2048, 1, 1)>
        %12 = -8.0                             # ClearScalar<float64>
        %13 = 7.0                              # ClearScalar<float64>
        %14 = clip(%11, %12, %13)              # EncryptedTensor<float64, shape=(1, 2048, 1, 1)>
        %15 = rint(%14)                        # EncryptedTensor<float64, shape=(1, 2048, 1, 1)>
        %16 = 0.0                              # ClearScalar<float32>
        %17 = subtract(%15, %16)               # EncryptedTensor<float64, shape=(1, 2048, 1, 1)>
        %18 = 0.4186586                        # ClearScalar<float32>
        %19 = multiply(%17, %18)               # EncryptedTensor<float64, shape=(1, 2048, 1, 1)>
        %20 = 0.41865861415863037              # ClearScalar<float64>
        %21 = divide(%19, %20)                 # EncryptedTensor<float64, shape=(1, 2048, 1, 1)>
        %22 = 0                                # ClearScalar<uint1>
        %23 = add(%21, %22)                    # EncryptedTensor<float64, shape=(1, 2048, 1, 1)>
        %24 = rint(%23)                        # EncryptedTensor<float64, shape=(1, 2048, 1, 1)>
        %25 = -8                               # ClearScalar<int4>
        %26 = 7                                # ClearScalar<uint3>
        %27 = clip(%24, %25, %26)              # EncryptedTensor<float64, shape=(1, 2048, 1, 1)>
        %28 = astype(%27, dtype=int_)          # EncryptedTensor<uint1, shape=(1, 2048, 1, 1)>
        return %28
--------------------------------------------------------------------------------

Optimizer
--------------------------------------------------------------------------------
### Optimizer display
--- Circuit
  14 bits integers
  9 manp (maxi log2 norm2)
--- User config
  1.000000e-02 error per pbs call
  1.000000e+00 error per circuit call
-- Solution correctness
  For each pbs call:  1/100, p_error (9.981550e-03)
  For the full circuit: 1/1 global_p_error(1.000000e+00)
--- Complexity for the full circuit
  1.819825e+10 Millions Operations
-- Circuit Solution
CircuitSolution {
    circuit_keys: CircuitKeys {
        secret_keys: [
            SecretLweKey {
                identifier: 0,
                polynomial_size: 256,
                glwe_dimension: 6,
                description: "big-secret[#0 : partitions [0]]",
            },
            SecretLweKey {
                identifier: 1,
                polynomial_size: 512,
                glwe_dimension: 3,
                description: "big-secret[#1 : partitions [1]]",
            },
            SecretLweKey {
                identifier: 2,
                polynomial_size: 1024,
                glwe_dimension: 2,
                description: "big-secret[#2 : partitions [2]]",
            },
            SecretLweKey {
                identifier: 3,
                polynomial_size: 2048,
                glwe_dimension: 1,
                description: "big-secret[#3 : partitions [3]]",
            },
            SecretLweKey {
                identifier: 4,
                polynomial_size: 4096,
                glwe_dimension: 1,
                description: "big-secret[#4 : partitions [4]]",
            },
            SecretLweKey {
                identifier: 5,
                polynomial_size: 16384,
                glwe_dimension: 1,
                description: "big-secret[#5 : partitions [5]]",
            },
            SecretLweKey {
                identifier: 6,
                polynomial_size: 516,
                glwe_dimension: 1,
                description: "small-secret[#6 : partitions [6]]",
            },
            SecretLweKey {
                identifier: 7,
                polynomial_size: 755,
                glwe_dimension: 1,
                description: "small-secret[#7 : partitions [7]]",
            },
            SecretLweKey {
                identifier: 8,
                polynomial_size: 825,
                glwe_dimension: 1,
                description: "small-secret[#8 : partitions [8]]",
            },
            SecretLweKey {
                identifier: 9,
                polynomial_size: 808,
                glwe_dimension: 1,
                description: "small-secret[#9 : partitions [9]]",
            },
            SecretLweKey {
                identifier: 10,
                polynomial_size: 865,
                glwe_dimension: 1,
                description: "small-secret[#10 : partitions [10]]",
            },
            SecretLweKey {
                identifier: 11,
                polynomial_size: 833,
                glwe_dimension: 1,
                description: "small-secret[#11 : partitions [11]]",
            },
        ],
        keyswitch_keys: [
            KeySwitchKey {
                identifier: 0,
                input_key: SecretLweKey {
                    identifier: 0,
                    polynomial_size: 256,
                    glwe_dimension: 6,
                    description: "big-secret[#0 : partitions [0]]",
                },
                output_key: SecretLweKey {
                    identifier: 6,
                    polynomial_size: 516,
                    glwe_dimension: 1,
                    description: "small-secret[#6 : partitions [6]]",
                },
                ks_decomposition_parameter: KsDecompositionParameters {
                    level: 9,
                    log2_base: 1,
                },
                description: "ks[#0 : partitions [0] -> [6]]",
            },
            KeySwitchKey {
                identifier: 1,
                input_key: SecretLweKey {
                    identifier: 0,
                    polynomial_size: 256,
                    glwe_dimension: 6,
                    description: "big-secret[#0 : partitions [0]]",
                },
                output_key: SecretLweKey {
                    identifier: 7,
                    polynomial_size: 755,
                    glwe_dimension: 1,
                    description: "small-secret[#7 : partitions [7]]",
                },
                ks_decomposition_parameter: KsDecompositionParameters {
                    level: 4,
                    log2_base: 3,
                },
                description: "ks[#1 : partitions [0] -> [7]]",
            },
            KeySwitchKey {
                identifier: 2,
                input_key: SecretLweKey {
                    identifier: 0,
                    polynomial_size: 256,
                    glwe_dimension: 6,
                    description: "big-secret[#0 : partitions [0]]",
                },
                output_key: SecretLweKey {
                    identifier: 10,
                    polynomial_size: 865,
                    glwe_dimension: 1,
                    description: "small-secret[#10 : partitions [10]]",
                },
                ks_decomposition_parameter: KsDecompositionParameters {
                    level: 9,
                    log2_base: 2,
                },
                description: "ks[#2 : partitions [0] -> [10]]",
            },
            KeySwitchKey {
                identifier: 3,
                input_key: SecretLweKey {
                    identifier: 0,
                    polynomial_size: 256,
                    glwe_dimension: 6,
                    description: "big-secret[#0 : partitions [0]]",
                },
                output_key: SecretLweKey {
                    identifier: 11,
                    polynomial_size: 833,
                    glwe_dimension: 1,
                    description: "small-secret[#11 : partitions [11]]",
                },
                ks_decomposition_parameter: KsDecompositionParameters {
                    level: 9,
                    log2_base: 2,
                },
                description: "ks[#3 : partitions [0] -> [11]]",
            },
            KeySwitchKey {
                identifier: 4,
                input_key: SecretLweKey {
                    identifier: 1,
                    polynomial_size: 512,
                    glwe_dimension: 3,
                    description: "big-secret[#1 : partitions [1]]",
                },
                output_key: SecretLweKey {
                    identifier: 8,
                    polynomial_size: 825,
                    glwe_dimension: 1,
                    description: "small-secret[#8 : partitions [8]]",
                },
                ks_decomposition_parameter: KsDecompositionParameters {
                    level: 4,
                    log2_base: 4,
                },
                description: "ks[#4 : partitions [1] -> [8]]",
            },
            KeySwitchKey {
                identifier: 5,
                input_key: SecretLweKey {
                    identifier: 1,
                    polynomial_size: 512,
                    glwe_dimension: 3,
                    description: "big-secret[#1 : partitions [1]]",
                },
                output_key: SecretLweKey {
                    identifier: 9,
                    polynomial_size: 808,
                    glwe_dimension: 1,
                    description: "small-secret[#9 : partitions [9]]",
                },
                ks_decomposition_parameter: KsDecompositionParameters {
                    level: 8,
                    log2_base: 2,
                },
                description: "ks[#5 : partitions [1] -> [9]]",
            },
            KeySwitchKey {
                identifier: 6,
                input_key: SecretLweKey {
                    identifier: 3,
                    polynomial_size: 2048,
                    glwe_dimension: 1,
                    description: "big-secret[#3 : partitions [3]]",
                },
                output_key: SecretLweKey {
                    identifier: 11,
                    polynomial_size: 833,
                    glwe_dimension: 1,
                    description: "small-secret[#11 : partitions [11]]",
                },
                ks_decomposition_parameter: KsDecompositionParameters {
                    level: 16,
                    log2_base: 1,
                },
                description: "ks[#6 : partitions [3] -> [11]]",
            },
            KeySwitchKey {
                identifier: 7,
                input_key: SecretLweKey {
                    identifier: 4,
                    polynomial_size: 4096,
                    glwe_dimension: 1,
                    description: "big-secret[#4 : partitions [4]]",
                },
                output_key: SecretLweKey {
                    identifier: 8,
                    polynomial_size: 825,
                    glwe_dimension: 1,
                    description: "small-secret[#8 : partitions [8]]",
                },
                ks_decomposition_parameter: KsDecompositionParameters {
                    level: 5,
                    log2_base: 3,
                },
                description: "ks[#7 : partitions [4] -> [8]]",
            },
        ],
        bootstrap_keys: [
            BootstrapKey {
                identifier: 0,
                input_key: SecretLweKey {
                    identifier: 6,
                    polynomial_size: 516,
                    glwe_dimension: 1,
                    description: "small-secret[#6 : partitions [6]]",
                },
                output_key: SecretLweKey {
                    identifier: 0,
                    polynomial_size: 256,
                    glwe_dimension: 6,
                    description: "big-secret[#0 : partitions [0]]",
                },
                br_decomposition_parameter: BrDecompositionParameters {
                    level: 3,
                    log2_base: 9,
                },
                description: "pbs[#0 : partitions [6] -> [0]]",
            },
            BootstrapKey {
                identifier: 1,
                input_key: SecretLweKey {
                    identifier: 7,
                    polynomial_size: 755,
                    glwe_dimension: 1,
                    description: "small-secret[#7 : partitions [7]]",
                },
                output_key: SecretLweKey {
                    identifier: 1,
                    polynomial_size: 512,
                    glwe_dimension: 3,
                    description: "big-secret[#1 : partitions [1]]",
                },
                br_decomposition_parameter: BrDecompositionParameters {
                    level: 2,
                    log2_base: 12,
                },
                description: "pbs[#1 : partitions [7] -> [1]]",
            },
            BootstrapKey {
                identifier: 2,
                input_key: SecretLweKey {
                    identifier: 8,
                    polynomial_size: 825,
                    glwe_dimension: 1,
                    description: "small-secret[#8 : partitions [8]]",
                },
                output_key: SecretLweKey {
                    identifier: 2,
                    polynomial_size: 1024,
                    glwe_dimension: 2,
                    description: "big-secret[#2 : partitions [2]]",
                },
                br_decomposition_parameter: BrDecompositionParameters {
                    level: 3,
                    log2_base: 12,
                },
                description: "pbs[#2 : partitions [8] -> [2]]",
            },
            BootstrapKey {
                identifier: 3,
                input_key: SecretLweKey {
                    identifier: 9,
                    polynomial_size: 808,
                    glwe_dimension: 1,
                    description: "small-secret[#9 : partitions [9]]",
                },
                output_key: SecretLweKey {
                    identifier: 3,
                    polynomial_size: 2048,
                    glwe_dimension: 1,
                    description: "big-secret[#3 : partitions [3]]",
                },
                br_decomposition_parameter: BrDecompositionParameters {
                    level: 3,
                    log2_base: 11,
                },
                description: "pbs[#3 : partitions [9] -> [3]]",
            },
            BootstrapKey {
                identifier: 4,
                input_key: SecretLweKey {
                    identifier: 10,
                    polynomial_size: 865,
                    glwe_dimension: 1,
                    description: "small-secret[#10 : partitions [10]]",
                },
                output_key: SecretLweKey {
                    identifier: 4,
                    polynomial_size: 4096,
                    glwe_dimension: 1,
                    description: "big-secret[#4 : partitions [4]]",
                },
                br_decomposition_parameter: BrDecompositionParameters {
                    level: 3,
                    log2_base: 11,
                },
                description: "pbs[#4 : partitions [10] -> [4]]",
            },
            BootstrapKey {
                identifier: 5,
                input_key: SecretLweKey {
                    identifier: 11,
                    polynomial_size: 833,
                    glwe_dimension: 1,
                    description: "small-secret[#11 : partitions [11]]",
                },
                output_key: SecretLweKey {
                    identifier: 5,
                    polynomial_size: 16384,
                    glwe_dimension: 1,
                    description: "big-secret[#5 : partitions [5]]",
                },
                br_decomposition_parameter: BrDecompositionParameters {
                    level: 4,
                    log2_base: 9,
                },
                description: "pbs[#5 : partitions [11] -> [5]]",
            },
        ],
        conversion_keyswitch_keys: [
            ConversionKeySwitchKey {
                identifier: 0,
                input_key: SecretLweKey {
                    identifier: 2,
                    polynomial_size: 1024,
                    glwe_dimension: 2,
                    description: "big-secret[#2 : partitions [2]]",
                },
                output_key: SecretLweKey {
                    identifier: 0,
                    polynomial_size: 256,
                    glwe_dimension: 6,
                    description: "big-secret[#0 : partitions [0]]",
                },
                ks_decomposition_parameter: KsDecompositionParameters {
                    level: 3,
                    log2_base: 9,
                },
                fast_keyswitch: false,
                description: "fks[#0 : partitions [2] -> [0]]",
            },
            ConversionKeySwitchKey {
                identifier: 1,
                input_key: SecretLweKey {
                    identifier: 3,
                    polynomial_size: 2048,
                    glwe_dimension: 1,
                    description: "big-secret[#3 : partitions [3]]",
                },
                output_key: SecretLweKey {
                    identifier: 0,
                    polynomial_size: 256,
                    glwe_dimension: 6,
                    description: "big-secret[#0 : partitions [0]]",
                },
                ks_decomposition_parameter: KsDecompositionParameters {
                    level: 3,
                    log2_base: 9,
                },
                fast_keyswitch: false,
                description: "fks[#1 : partitions [3] -> [0]]",
            },
            ConversionKeySwitchKey {
                identifier: 2,
                input_key: SecretLweKey {
                    identifier: 4,
                    polynomial_size: 4096,
                    glwe_dimension: 1,
                    description: "big-secret[#4 : partitions [4]]",
                },
                output_key: SecretLweKey {
                    identifier: 0,
                    polynomial_size: 256,
                    glwe_dimension: 6,
                    description: "big-secret[#0 : partitions [0]]",
                },
                ks_decomposition_parameter: KsDecompositionParameters {
                    level: 5,
                    log2_base: 6,
                },
                fast_keyswitch: false,
                description: "fks[#2 : partitions [4] -> [0]]",
            },
            ConversionKeySwitchKey {
                identifier: 3,
                input_key: SecretLweKey {
                    identifier: 4,
                    polynomial_size: 4096,
                    glwe_dimension: 1,
                    description: "big-secret[#4 : partitions [4]]",
                },
                output_key: SecretLweKey {
                    identifier: 1,
                    polynomial_size: 512,
                    glwe_dimension: 3,
                    description: "big-secret[#1 : partitions [1]]",
                },
                ks_decomposition_parameter: KsDecompositionParameters {
                    level: 1,
                    log2_base: 18,
                },
                fast_keyswitch: false,
                description: "fks[#3 : partitions [4] -> [1]]",
            },
            ConversionKeySwitchKey {
                identifier: 4,
                input_key: SecretLweKey {
                    identifier: 5,
                    polynomial_size: 16384,
                    glwe_dimension: 1,
                    description: "big-secret[#5 : partitions [5]]",
                },
                output_key: SecretLweKey {
                    identifier: 0,
                    polynomial_size: 256,
                    glwe_dimension: 6,
                    description: "big-secret[#0 : partitions [0]]",
                },
                ks_decomposition_parameter: KsDecompositionParameters {
                    level: 6,
                    log2_base: 5,
                },
                fast_keyswitch: false,
                description: "fks[#4 : partitions [5] -> [0]]",
            },
            ConversionKeySwitchKey {
                identifier: 5,
                input_key: SecretLweKey {
                    identifier: 5,
                    polynomial_size: 16384,
                    glwe_dimension: 1,
                    description: "big-secret[#5 : partitions [5]]",
                },
                output_key: SecretLweKey {
                    identifier: 1,
                    polynomial_size: 512,
                    glwe_dimension: 3,
                    description: "big-secret[#1 : partitions [1]]",
                },
                ks_decomposition_parameter: KsDecompositionParameters {
                    level: 1,
                    log2_base: 18,
                },
                fast_keyswitch: false,
                description: "fks[#5 : partitions [5] -> [1]]",
            },
            ConversionKeySwitchKey {
                identifier: 6,
                input_key: SecretLweKey {
                    identifier: 5,
                    polynomial_size: 16384,
                    glwe_dimension: 1,
                    description: "big-secret[#5 : partitions [5]]",
                },
                output_key: SecretLweKey {
                    identifier: 4,
                    polynomial_size: 4096,
                    glwe_dimension: 1,
                    description: "big-secret[#4 : partitions [4]]",
                },
                ks_decomposition_parameter: KsDecompositionParameters {
                    level: 1,
                    log2_base: 31,
                },
                fast_keyswitch: false,
                description: "fks[#6 : partitions [5] -> [4]]",
            },
        ],
        circuit_bootstrap_keys: [],
        private_functional_packing_keys: [],
    },
    instructions_keys: [],
    crt_decomposition: [],
    complexity: 1.819824595427584e16,
    p_error: 0.009981549751527504,
    global_p_error: 1.0,
    is_feasible: true,
    error_msg: "",
}###
--------------------------------------------------------------------------------

Statistics
--------------------------------------------------------------------------------
size_of_inputs: 1806336
size_of_outputs: 268451840
programmable_bootstrap_count: 55697408
programmable_bootstrap_count_per_parameter: {
    BootstrapKeyParam(polynomial_size=256, glwe_dimension=6, input_lwe_dimension=516, level=3, base_log=9, variance=7.040630965929754e-23): 35650048
    BootstrapKeyParam(polynomial_size=4096, glwe_dimension=1, input_lwe_dimension=865, level=3, base_log=11, variance=4.70197740328915e-38): 5669888
    BootstrapKeyParam(polynomial_size=16384, glwe_dimension=1, input_lwe_dimension=833, level=4, base_log=9, variance=4.70197740328915e-38): 4844032
    BootstrapKeyParam(polynomial_size=1024, glwe_dimension=2, input_lwe_dimension=825, level=3, base_log=12, variance=8.442253112932959e-31): 4415488
    BootstrapKeyParam(polynomial_size=512, glwe_dimension=3, input_lwe_dimension=755, level=2, base_log=12, variance=7.040630965929754e-23): 4014080
    BootstrapKeyParam(polynomial_size=2048, glwe_dimension=1, input_lwe_dimension=808, level=3, base_log=11, variance=8.442253112932959e-31): 1103872
}
key_switch_count: 69922304
key_switch_count_per_parameter: {
    KeyswitchKeyParam(level=9, base_log=1, variance=4.246528048495654e-07): 35650048
    KeyswitchKeyParam(level=9, base_log=2, variance=1.692989133024556e-12): 5669888
    KeyswitchKeyParam(level=5, base_log=6, variance=7.040630965929754e-23): 1455104
    KeyswitchKeyParam(level=9, base_log=2, variance=5.293296803448548e-12): 4841984
    KeyswitchKeyParam(level=6, base_log=5, variance=7.040630965929754e-23): 2032128
    KeyswitchKeyParam(level=1, base_log=31, variance=4.70197740328915e-38): 1304576
    KeyswitchKeyParam(level=5, base_log=3, variance=7.0387293331486005e-12): 1505280
    KeyswitchKeyParam(level=3, base_log=9, variance=7.040630965929754e-23): 5419008
    KeyswitchKeyParam(level=1, base_log=18, variance=7.040630965929754e-23): 4014080
    KeyswitchKeyParam(level=4, base_log=3, variance=8.520487251098635e-11): 4014080
    KeyswitchKeyParam(level=4, base_log=4, variance=7.0387293331486005e-12): 2910208
    KeyswitchKeyParam(level=8, base_log=2, variance=1.2897374347306223e-11): 1103872
    KeyswitchKeyParam(level=16, base_log=1, variance=5.293296803448548e-12): 2048
}
packing_key_switch_count: 0
clear_addition_count: 97843200
clear_addition_count_per_parameter: {
    LweSecretKeyParam(dimension=1536): 96337920
    LweSecretKeyParam(dimension=4096): 1505280
}
encrypted_addition_count: 4119966208
encrypted_addition_count_per_parameter: {
    LweSecretKeyParam(dimension=1536): 4013603328
    LweSecretKeyParam(dimension=4096): 1505280
    LweSecretKeyParam(dimension=2048): 104857600
}
clear_multiplication_count: 4118561280
clear_multiplication_count_per_parameter: {
    LweSecretKeyParam(dimension=1536): 4013703680
    LweSecretKeyParam(dimension=2048): 104857600
}
encrypted_negation_count: 35650048
encrypted_negation_count_per_parameter: {
    LweSecretKeyParam(dimension=1536): 35650048
}
memory_usage_per_location: {
    loc("/home/zhiyong/miniconda3/envs/dct-cryptonets/lib/python3.9/site-packages/concrete/ml/onnx/onnx_impl_utils.py":55:0): 16535267328
    loc("/home/zhiyong/miniconda3/envs/dct-cryptonets/lib/python3.9/site-packages/concrete/ml/onnx/onnx_impl_utils.py":66:0): 50424223744
    loc("/home/zhiyong/miniconda3/envs/dct-cryptonets/lib/python3.9/site-packages/concrete/ml/quantization/quantized_ops.py":1699:0): 268451840
    loc("/home/zhiyong/miniconda3/envs/dct-cryptonets/lib/python3.9/site-packages/concrete/ml/quantization/quantized_ops.py":594:0): 242360746112
    loc("/home/zhiyong/miniconda3/envs/dct-cryptonets/lib/python3.9/site-packages/concrete/ml/quantization/quantizers.py":774:0): 698799470016
    loc("@/trunk/trunk.1/Conv.conv | /home/zhiyong/miniconda3/envs/dct-cryptonets/lib/python3.9/site-packages/concrete/ml/quantization/quantized_ops.py":891:0): 3393316360
    loc("@/trunk/trunk.1/Conv.conv_rounding | /home/zhiyong/miniconda3/envs/dct-cryptonets/lib/python3.9/site-packages/concrete/ml/quantization/base_quantized_op.py":1015:0): 4935805024
    loc("@/trunk/trunk.10/C1/Conv.conv | /home/zhiyong/miniconda3/envs/dct-cryptonets/lib/python3.9/site-packages/concrete/ml/quantization/quantized_ops.py":891:0): 11105431560
    loc("@/trunk/trunk.10/C1/Conv.conv_rounding | /home/zhiyong/miniconda3/envs/dct-cryptonets/lib/python3.9/site-packages/concrete/ml/quantization/base_quantized_op.py":1015:0): 2468188520
    loc("@/trunk/trunk.10/C2/Conv.conv | /home/zhiyong/miniconda3/envs/dct-cryptonets/lib/python3.9/site-packages/concrete/ml/quantization/quantized_ops.py":891:0): 4067086344
    loc("@/trunk/trunk.10/C2/Conv.conv_rounding | /home/zhiyong/miniconda3/envs/dct-cryptonets/lib/python3.9/site-packages/concrete/ml/quantization/base_quantized_op.py":1015:0): 2468268480
    loc("@/trunk/trunk.10/C3/Conv.conv | /home/zhiyong/miniconda3/envs/dct-cryptonets/lib/python3.9/site-packages/concrete/ml/quantization/quantized_ops.py":891:0): 7403646984
    loc("@/trunk/trunk.10/C3/Conv.conv_rounding | /home/zhiyong/miniconda3/envs/dct-cryptonets/lib/python3.9/site-packages/concrete/ml/quantization/base_quantized_op.py":1015:0): 9871677712
    loc("@/trunk/trunk.11/C1/Conv.conv | /home/zhiyong/miniconda3/envs/dct-cryptonets/lib/python3.9/site-packages/concrete/ml/quantization/quantized_ops.py":891:0): 12339425288
    loc("@/trunk/trunk.11/C1/Conv.conv_rounding | /home/zhiyong/miniconda3/envs/dct-cryptonets/lib/python3.9/site-packages/concrete/ml/quantization/base_quantized_op.py":1015:0): 4936044904
    loc("@/trunk/trunk.11/C2/Conv.conv | /home/zhiyong/miniconda3/envs/dct-cryptonets/lib/python3.9/site-packages/concrete/ml/quantization/quantized_ops.py":891:0): 6283563016
    loc("@/trunk/trunk.11/C2/Conv.conv_rounding | /home/zhiyong/miniconda3/envs/dct-cryptonets/lib/python3.9/site-packages/concrete/ml/quantization/base_quantized_op.py":1015:0): 1234420248
    loc("@/trunk/trunk.11/C3/Conv.conv | /home/zhiyong/miniconda3/envs/dct-cryptonets/lib/python3.9/site-packages/concrete/ml/quantization/quantized_ops.py":891:0): 3702059016
    loc("@/trunk/trunk.11/C3/Conv.conv_rounding | /home/zhiyong/miniconda3/envs/dct-cryptonets/lib/python3.9/site-packages/concrete/ml/quantization/base_quantized_op.py":1015:0): 4936044904
    loc("@/trunk/trunk.11/shortcut/Conv.conv | /home/zhiyong/miniconda3/envs/dct-cryptonets/lib/python3.9/site-packages/concrete/ml/quantization/quantized_ops.py":891:0): 7404105736
    loc("@/trunk/trunk.11/shortcut/Conv.conv_rounding | /home/zhiyong/miniconda3/envs/dct-cryptonets/lib/python3.9/site-packages/concrete/ml/quantization/base_quantized_op.py":1015:0): 4936044904
    loc("@/trunk/trunk.12/C1/Conv.conv | /home/zhiyong/miniconda3/envs/dct-cryptonets/lib/python3.9/site-packages/concrete/ml/quantization/quantized_ops.py":891:0): 5552951304
    loc("@/trunk/trunk.12/C1/Conv.conv_rounding | /home/zhiyong/miniconda3/envs/dct-cryptonets/lib/python3.9/site-packages/concrete/ml/quantization/base_quantized_op.py":1015:0): 1234340288
    loc("@/trunk/trunk.12/C2/Conv.conv | /home/zhiyong/miniconda3/envs/dct-cryptonets/lib/python3.9/site-packages/concrete/ml/quantization/quantized_ops.py":891:0): 2229227528
    loc("@/trunk/trunk.12/C2/Conv.conv_rounding | /home/zhiyong/miniconda3/envs/dct-cryptonets/lib/python3.9/site-packages/concrete/ml/quantization/base_quantized_op.py":1015:0): 1234420248
    loc("@/trunk/trunk.12/C3/Conv.conv | /home/zhiyong/miniconda3/envs/dct-cryptonets/lib/python3.9/site-packages/concrete/ml/quantization/quantized_ops.py":891:0): 3702059016
    loc("@/trunk/trunk.12/C3/Conv.conv_rounding | /home/zhiyong/miniconda3/envs/dct-cryptonets/lib/python3.9/site-packages/concrete/ml/quantization/base_quantized_op.py":1015:0): 4935964944
    loc("@/trunk/trunk.13/C1/Conv.conv | /home/zhiyong/miniconda3/envs/dct-cryptonets/lib/python3.9/site-packages/concrete/ml/quantization/quantized_ops.py":891:0): 5552951304
    loc("@/trunk/trunk.13/C1/Conv.conv_rounding | /home/zhiyong/miniconda3/envs/dct-cryptonets/lib/python3.9/site-packages/concrete/ml/quantization/base_quantized_op.py":1015:0): 1234260328
    loc("@/trunk/trunk.13/C2/Conv.conv | /home/zhiyong/miniconda3/envs/dct-cryptonets/lib/python3.9/site-packages/concrete/ml/quantization/quantized_ops.py":891:0): 2229227528
    loc("@/trunk/trunk.13/C2/Conv.conv_rounding | /home/zhiyong/miniconda3/envs/dct-cryptonets/lib/python3.9/site-packages/concrete/ml/quantization/base_quantized_op.py":1015:0): 1234420248
    loc("@/trunk/trunk.13/C3/Conv.conv | /home/zhiyong/miniconda3/envs/dct-cryptonets/lib/python3.9/site-packages/concrete/ml/quantization/quantized_ops.py":891:0): 3702059016
    loc("@/trunk/trunk.13/C3/Conv.conv_rounding | /home/zhiyong/miniconda3/envs/dct-cryptonets/lib/python3.9/site-packages/concrete/ml/quantization/base_quantized_op.py":1015:0): 4935964944
    loc("@/trunk/trunk.14/C1/Conv.conv | /home/zhiyong/miniconda3/envs/dct-cryptonets/lib/python3.9/site-packages/concrete/ml/quantization/quantized_ops.py":891:0): 5552951304
    loc("@/trunk/trunk.14/C1/Conv.conv_rounding | /home/zhiyong/miniconda3/envs/dct-cryptonets/lib/python3.9/site-packages/concrete/ml/quantization/base_quantized_op.py":1015:0): 1234260328
    loc("@/trunk/trunk.14/C2/Conv.conv | /home/zhiyong/miniconda3/envs/dct-cryptonets/lib/python3.9/site-packages/concrete/ml/quantization/quantized_ops.py":891:0): 2229227528
    loc("@/trunk/trunk.14/C2/Conv.conv_rounding | /home/zhiyong/miniconda3/envs/dct-cryptonets/lib/python3.9/site-packages/concrete/ml/quantization/base_quantized_op.py":1015:0): 1234340288
    loc("@/trunk/trunk.14/C3/Conv.conv | /home/zhiyong/miniconda3/envs/dct-cryptonets/lib/python3.9/site-packages/concrete/ml/quantization/quantized_ops.py":891:0): 3702059016
    loc("@/trunk/trunk.14/C3/Conv.conv_rounding | /home/zhiyong/miniconda3/envs/dct-cryptonets/lib/python3.9/site-packages/concrete/ml/quantization/base_quantized_op.py":1015:0): 4935964944
    loc("@/trunk/trunk.15/C1/Conv.conv | /home/zhiyong/miniconda3/envs/dct-cryptonets/lib/python3.9/site-packages/concrete/ml/quantization/quantized_ops.py":891:0): 5552951304
    loc("@/trunk/trunk.15/C1/Conv.conv_rounding | /home/zhiyong/miniconda3/envs/dct-cryptonets/lib/python3.9/site-packages/concrete/ml/quantization/base_quantized_op.py":1015:0): 1234260328
    loc("@/trunk/trunk.15/C2/Conv.conv | /home/zhiyong/miniconda3/envs/dct-cryptonets/lib/python3.9/site-packages/concrete/ml/quantization/quantized_ops.py":891:0): 2229227528
    loc("@/trunk/trunk.15/C2/Conv.conv_rounding | /home/zhiyong/miniconda3/envs/dct-cryptonets/lib/python3.9/site-packages/concrete/ml/quantization/base_quantized_op.py":1015:0): 1234340288
    loc("@/trunk/trunk.15/C3/Conv.conv | /home/zhiyong/miniconda3/envs/dct-cryptonets/lib/python3.9/site-packages/concrete/ml/quantization/quantized_ops.py":891:0): 3702059016
    loc("@/trunk/trunk.15/C3/Conv.conv_rounding | /home/zhiyong/miniconda3/envs/dct-cryptonets/lib/python3.9/site-packages/concrete/ml/quantization/base_quantized_op.py":1015:0): 4935964944
    loc("@/trunk/trunk.16/C1/Conv.conv | /home/zhiyong/miniconda3/envs/dct-cryptonets/lib/python3.9/site-packages/concrete/ml/quantization/quantized_ops.py":891:0): 5552951304
    loc("@/trunk/trunk.16/C1/Conv.conv_rounding | /home/zhiyong/miniconda3/envs/dct-cryptonets/lib/python3.9/site-packages/concrete/ml/quantization/base_quantized_op.py":1015:0): 1234260328
    loc("@/trunk/trunk.16/C2/Conv.conv | /home/zhiyong/miniconda3/envs/dct-cryptonets/lib/python3.9/site-packages/concrete/ml/quantization/quantized_ops.py":891:0): 2229227528
    loc("@/trunk/trunk.16/C2/Conv.conv_rounding | /home/zhiyong/miniconda3/envs/dct-cryptonets/lib/python3.9/site-packages/concrete/ml/quantization/base_quantized_op.py":1015:0): 1234340288
    loc("@/trunk/trunk.16/C3/Conv.conv | /home/zhiyong/miniconda3/envs/dct-cryptonets/lib/python3.9/site-packages/concrete/ml/quantization/quantized_ops.py":891:0): 3702059016
    loc("@/trunk/trunk.16/C3/Conv.conv_rounding | /home/zhiyong/miniconda3/envs/dct-cryptonets/lib/python3.9/site-packages/concrete/ml/quantization/base_quantized_op.py":1015:0): 4935964944
    loc("@/trunk/trunk.17/C1/Conv.conv | /home/zhiyong/miniconda3/envs/dct-cryptonets/lib/python3.9/site-packages/concrete/ml/quantization/quantized_ops.py":891:0): 6170177544
    loc("@/trunk/trunk.17/C1/Conv.conv_rounding | /home/zhiyong/miniconda3/envs/dct-cryptonets/lib/python3.9/site-packages/concrete/ml/quantization/base_quantized_op.py":1015:0): 4936057200
    loc("@/trunk/trunk.17/C2/Conv.conv | /home/zhiyong/miniconda3/envs/dct-cryptonets/lib/python3.9/site-packages/concrete/ml/quantization/quantized_ops.py":891:0): 3534176264
    loc("@/trunk/trunk.17/C2/Conv.conv_rounding | /home/zhiyong/miniconda3/envs/dct-cryptonets/lib/python3.9/site-packages/concrete/ml/quantization/base_quantized_op.py":1015:0): 617536112
    loc("@/trunk/trunk.17/C3/Conv.conv | /home/zhiyong/miniconda3/envs/dct-cryptonets/lib/python3.9/site-packages/concrete/ml/quantization/quantized_ops.py":891:0): 1851953160
    loc("@/trunk/trunk.17/C3/Conv.conv_rounding | /home/zhiyong/miniconda3/envs/dct-cryptonets/lib/python3.9/site-packages/concrete/ml/quantization/base_quantized_op.py":1015:0): 2468348440
    loc("@/trunk/trunk.17/shortcut/Conv.conv | /home/zhiyong/miniconda3/envs/dct-cryptonets/lib/python3.9/site-packages/concrete/ml/quantization/quantized_ops.py":891:0): 3703894024
    loc("@/trunk/trunk.17/shortcut/Conv.conv_rounding | /home/zhiyong/miniconda3/envs/dct-cryptonets/lib/python3.9/site-packages/concrete/ml/quantization/base_quantized_op.py":1015:0): 2468268480
    loc("@/trunk/trunk.18/C1/Conv.conv | /home/zhiyong/miniconda3/envs/dct-cryptonets/lib/python3.9/site-packages/concrete/ml/quantization/quantized_ops.py":891:0): 2777399304
    loc("@/trunk/trunk.18/C1/Conv.conv_rounding | /home/zhiyong/miniconda3/envs/dct-cryptonets/lib/python3.9/site-packages/concrete/ml/quantization/base_quantized_op.py":1015:0): 617376192
    loc("@/trunk/trunk.18/C2/Conv.conv | /home/zhiyong/miniconda3/envs/dct-cryptonets/lib/python3.9/site-packages/concrete/ml/quantization/quantized_ops.py":891:0): 1330733064
    loc("@/trunk/trunk.18/C2/Conv.conv_rounding | /home/zhiyong/miniconda3/envs/dct-cryptonets/lib/python3.9/site-packages/concrete/ml/quantization/base_quantized_op.py":1015:0): 617456152
    loc("@/trunk/trunk.18/C3/Conv.conv | /home/zhiyong/miniconda3/envs/dct-cryptonets/lib/python3.9/site-packages/concrete/ml/quantization/quantized_ops.py":891:0): 1851953160
    loc("@/trunk/trunk.18/C3/Conv.conv_rounding | /home/zhiyong/miniconda3/envs/dct-cryptonets/lib/python3.9/site-packages/concrete/ml/quantization/base_quantized_op.py":1015:0): 2468268480
    loc("@/trunk/trunk.19/C1/Conv.conv | /home/zhiyong/miniconda3/envs/dct-cryptonets/lib/python3.9/site-packages/concrete/ml/quantization/quantized_ops.py":891:0): 2777399304
    loc("@/trunk/trunk.19/C1/Conv.conv_rounding | /home/zhiyong/miniconda3/envs/dct-cryptonets/lib/python3.9/site-packages/concrete/ml/quantization/base_quantized_op.py":1015:0): 617376192
    loc("@/trunk/trunk.19/C2/Conv.conv | /home/zhiyong/miniconda3/envs/dct-cryptonets/lib/python3.9/site-packages/concrete/ml/quantization/quantized_ops.py":891:0): 1330733064
    loc("@/trunk/trunk.19/C2/Conv.conv_rounding | /home/zhiyong/miniconda3/envs/dct-cryptonets/lib/python3.9/site-packages/concrete/ml/quantization/base_quantized_op.py":1015:0): 617456152
    loc("@/trunk/trunk.19/C3/Conv.conv | /home/zhiyong/miniconda3/envs/dct-cryptonets/lib/python3.9/site-packages/concrete/ml/quantization/quantized_ops.py":891:0): 1851953160
    loc("@/trunk/trunk.19/C3/Conv.conv_rounding | /home/zhiyong/miniconda3/envs/dct-cryptonets/lib/python3.9/site-packages/concrete/ml/quantization/base_quantized_op.py":1015:0): 2468268480
    loc("@/trunk/trunk.20/AveragePool.avgpool | /home/zhiyong/miniconda3/envs/dct-cryptonets/lib/python3.9/site-packages/concrete/ml/quantization/quantized_ops.py":1157:0): 1783414792
    loc("@/trunk/trunk.4/C1/Conv.conv | /home/zhiyong/miniconda3/envs/dct-cryptonets/lib/python3.9/site-packages/concrete/ml/quantization/quantized_ops.py":891:0): 4935729160
    loc("@/trunk/trunk.4/C1/Conv.conv_rounding | /home/zhiyong/miniconda3/envs/dct-cryptonets/lib/python3.9/site-packages/concrete/ml/quantization/base_quantized_op.py":1015:0): 4935964944
    loc("@/trunk/trunk.4/C2/Conv.conv | /home/zhiyong/miniconda3/envs/dct-cryptonets/lib/python3.9/site-packages/concrete/ml/quantization/quantized_ops.py":891:0): 7762464776
    loc("@/trunk/trunk.4/C2/Conv.conv_rounding | /home/zhiyong/miniconda3/envs/dct-cryptonets/lib/python3.9/site-packages/concrete/ml/quantization/base_quantized_op.py":1015:0): 4936044904
    loc("@/trunk/trunk.4/C3/Conv.conv | /home/zhiyong/miniconda3/envs/dct-cryptonets/lib/python3.9/site-packages/concrete/ml/quantization/quantized_ops.py":891:0): 14807166984
    loc("@/trunk/trunk.4/C3/Conv.conv_rounding | /home/zhiyong/miniconda3/envs/dct-cryptonets/lib/python3.9/site-packages/concrete/ml/quantization/base_quantized_op.py":1015:0): 19743103248
    loc("@/trunk/trunk.4/shortcut/Conv.conv | /home/zhiyong/miniconda3/envs/dct-cryptonets/lib/python3.9/site-packages/concrete/ml/quantization/quantized_ops.py":891:0): 12339310600
    loc("@/trunk/trunk.4/shortcut/Conv.conv_rounding | /home/zhiyong/miniconda3/envs/dct-cryptonets/lib/python3.9/site-packages/concrete/ml/quantization/base_quantized_op.py":1015:0): 19743023288
    loc("@/trunk/trunk.5/C1/Conv.conv | /home/zhiyong/miniconda3/envs/dct-cryptonets/lib/python3.9/site-packages/concrete/ml/quantization/quantized_ops.py":891:0): 22210736136
    loc("@/trunk/trunk.5/C1/Conv.conv_rounding | /home/zhiyong/miniconda3/envs/dct-cryptonets/lib/python3.9/site-packages/concrete/ml/quantization/base_quantized_op.py":1015:0): 4936044904
    loc("@/trunk/trunk.5/C2/Conv.conv | /home/zhiyong/miniconda3/envs/dct-cryptonets/lib/python3.9/site-packages/concrete/ml/quantization/quantized_ops.py":891:0): 7762464776
    loc("@/trunk/trunk.5/C2/Conv.conv_rounding | /home/zhiyong/miniconda3/envs/dct-cryptonets/lib/python3.9/site-packages/concrete/ml/quantization/base_quantized_op.py":1015:0): 4936044904
    loc("@/trunk/trunk.5/C3/Conv.conv | /home/zhiyong/miniconda3/envs/dct-cryptonets/lib/python3.9/site-packages/concrete/ml/quantization/quantized_ops.py":891:0): 14807166984
    loc("@/trunk/trunk.5/C3/Conv.conv_rounding | /home/zhiyong/miniconda3/envs/dct-cryptonets/lib/python3.9/site-packages/concrete/ml/quantization/base_quantized_op.py":1015:0): 19743103248
    loc("@/trunk/trunk.6/C1/Conv.conv | /home/zhiyong/miniconda3/envs/dct-cryptonets/lib/python3.9/site-packages/concrete/ml/quantization/quantized_ops.py":891:0): 22210736136
    loc("@/trunk/trunk.6/C1/Conv.conv_rounding | /home/zhiyong/miniconda3/envs/dct-cryptonets/lib/python3.9/site-packages/concrete/ml/quantization/base_quantized_op.py":1015:0): 4935964944
    loc("@/trunk/trunk.6/C2/Conv.conv | /home/zhiyong/miniconda3/envs/dct-cryptonets/lib/python3.9/site-packages/concrete/ml/quantization/quantized_ops.py":891:0): 7762464776
    loc("@/trunk/trunk.6/C2/Conv.conv_rounding | /home/zhiyong/miniconda3/envs/dct-cryptonets/lib/python3.9/site-packages/concrete/ml/quantization/base_quantized_op.py":1015:0): 4936044904
    loc("@/trunk/trunk.6/C3/Conv.conv | /home/zhiyong/miniconda3/envs/dct-cryptonets/lib/python3.9/site-packages/concrete/ml/quantization/quantized_ops.py":891:0): 14807166984
    loc("@/trunk/trunk.6/C3/Conv.conv_rounding | /home/zhiyong/miniconda3/envs/dct-cryptonets/lib/python3.9/site-packages/concrete/ml/quantization/base_quantized_op.py":1015:0): 19743103248
    loc("@/trunk/trunk.7/C1/Conv.conv | /home/zhiyong/miniconda3/envs/dct-cryptonets/lib/python3.9/site-packages/concrete/ml/quantization/quantized_ops.py":891:0): 24678608904
    loc("@/trunk/trunk.7/C1/Conv.conv_rounding | /home/zhiyong/miniconda3/envs/dct-cryptonets/lib/python3.9/site-packages/concrete/ml/quantization/base_quantized_op.py":1015:0): 9871677712
    loc("@/trunk/trunk.7/C2/Conv.conv | /home/zhiyong/miniconda3/envs/dct-cryptonets/lib/python3.9/site-packages/concrete/ml/quantization/quantized_ops.py":891:0): 11823206408
    loc("@/trunk/trunk.7/C2/Conv.conv_rounding | /home/zhiyong/miniconda3/envs/dct-cryptonets/lib/python3.9/site-packages/concrete/ml/quantization/base_quantized_op.py":1015:0): 2468268480
    loc("@/trunk/trunk.7/C3/Conv.conv | /home/zhiyong/miniconda3/envs/dct-cryptonets/lib/python3.9/site-packages/concrete/ml/quantization/quantized_ops.py":891:0): 7403646984
    loc("@/trunk/trunk.7/C3/Conv.conv_rounding | /home/zhiyong/miniconda3/envs/dct-cryptonets/lib/python3.9/site-packages/concrete/ml/quantization/base_quantized_op.py":1015:0): 9871677712
    loc("@/trunk/trunk.7/shortcut/Conv.conv | /home/zhiyong/miniconda3/envs/dct-cryptonets/lib/python3.9/site-packages/concrete/ml/quantization/quantized_ops.py":891:0): 14807281672
    loc("@/trunk/trunk.7/shortcut/Conv.conv_rounding | /home/zhiyong/miniconda3/envs/dct-cryptonets/lib/python3.9/site-packages/concrete/ml/quantization/base_quantized_op.py":1015:0): 9871757672
    loc("@/trunk/trunk.8/C1/Conv.conv | /home/zhiyong/miniconda3/envs/dct-cryptonets/lib/python3.9/site-packages/concrete/ml/quantization/quantized_ops.py":891:0): 11105431560
    loc("@/trunk/trunk.8/C1/Conv.conv_rounding | /home/zhiyong/miniconda3/envs/dct-cryptonets/lib/python3.9/site-packages/concrete/ml/quantization/base_quantized_op.py":1015:0): 2468188520
    loc("@/trunk/trunk.8/C2/Conv.conv | /home/zhiyong/miniconda3/envs/dct-cryptonets/lib/python3.9/site-packages/concrete/ml/quantization/quantized_ops.py":891:0): 4067086344
    loc("@/trunk/trunk.8/C2/Conv.conv_rounding | /home/zhiyong/miniconda3/envs/dct-cryptonets/lib/python3.9/site-packages/concrete/ml/quantization/base_quantized_op.py":1015:0): 2468268480
    loc("@/trunk/trunk.8/C3/Conv.conv | /home/zhiyong/miniconda3/envs/dct-cryptonets/lib/python3.9/site-packages/concrete/ml/quantization/quantized_ops.py":891:0): 7403646984
    loc("@/trunk/trunk.8/C3/Conv.conv_rounding | /home/zhiyong/miniconda3/envs/dct-cryptonets/lib/python3.9/site-packages/concrete/ml/quantization/base_quantized_op.py":1015:0): 9871677712
    loc("@/trunk/trunk.9/C1/Conv.conv | /home/zhiyong/miniconda3/envs/dct-cryptonets/lib/python3.9/site-packages/concrete/ml/quantization/quantized_ops.py":891:0): 11105431560
    loc("@/trunk/trunk.9/C1/Conv.conv_rounding | /home/zhiyong/miniconda3/envs/dct-cryptonets/lib/python3.9/site-packages/concrete/ml/quantization/base_quantized_op.py":1015:0): 2468188520
    loc("@/trunk/trunk.9/C2/Conv.conv | /home/zhiyong/miniconda3/envs/dct-cryptonets/lib/python3.9/site-packages/concrete/ml/quantization/quantized_ops.py":891:0): 4067086344
    loc("@/trunk/trunk.9/C2/Conv.conv_rounding | /home/zhiyong/miniconda3/envs/dct-cryptonets/lib/python3.9/site-packages/concrete/ml/quantization/base_quantized_op.py":1015:0): 2468268480
    loc("@/trunk/trunk.9/C3/Conv.conv | /home/zhiyong/miniconda3/envs/dct-cryptonets/lib/python3.9/site-packages/concrete/ml/quantization/quantized_ops.py":891:0): 7403646984
    loc("@/trunk/trunk.9/C3/Conv.conv_rounding | /home/zhiyong/miniconda3/envs/dct-cryptonets/lib/python3.9/site-packages/concrete/ml/quantization/base_quantized_op.py":1015:0): 9871677712
    loc(unknown): 245173832544
}
size_of_secret_keys: 258000
size_of_bootstrap_keys: 3839819776
size_of_keyswitch_keys: 3156914176
p_error: 0.009981549751527504
global_p_error: 1.0
complexity: 1.819824595427584e+16
--------------------------------------------------------------------------------

Time for FHE compilation 838.62
Max bit-width: 14 bits -> it works in FHE!!
Keygen time: 7.35s

Running UNENCRYPTED model on a subset of 1 images...
  0%|          | 0/1 [00:00<?, ?it/s]100%|██████████| 1/1 [00:00<00:00, 20.01it/s]
  0%|          | 0/1 [00:00<?, ?it/s]100%|██████████| 1/1 [00:00<00:00, 20.65it/s]
/home/zhiyong/miniconda3/envs/dct-cryptonets/lib/python3.9/site-packages/sklearn/metrics/_classification.py:1599: UndefinedMetricWarning: F-score is ill-defined and being set to 0.0 due to no true nor predicted samples. Use `zero_division` parameter to control this behavior.
  _warn_prf(average, "true nor predicted", "F-score is", len(true_sum))
[Validation] Top-1 Acc: 100.000% | Top-5 Acc: 0.000% | Avg. Loss: 0.011 | F1: 0.000%
/home/zhiyong/miniconda3/envs/dct-cryptonets/lib/python3.9/site-packages/sklearn/metrics/_classification.py:1599: UndefinedMetricWarning: F-score is ill-defined and being set to 0.0 due to no true nor predicted samples. Use `zero_division` parameter to control this behavior.
  _warn_prf(average, "true nor predicted", "F-score is", len(true_sum))
[Test] Top-1 Acc: 100.000% | Top-5 Acc: 0.000% | Avg. Loss: 0.011 | F1: 0.000%

Running ENCRYPTED test inference in EXECUTE mode on a subset of 1 images...
  0%|          | 0/1 [00:00<?, ?it/s]run_homomorphic_eval.sh: line 116: 1035696 Killed                  CUDA_VISIBLE_DEVICES="${gpu}" python -u homomorphic_eval.py --dataset "${dataset}" --model "${model}" --num_classes "${num_classes}" --checkpoint_path "${checkpoint_path}" --dataset_path "${dataset_path}" --image_size_dct "${image_size}" --channels "${channels}" --filter_size "${filter_size}" --fhe_mode "${fhe_mode}" --calib_batch_size "${calib_batch_size}" --test_batch_size "${test_batch_size}" --bit_width "${bit_width}" --dct_pattern "${dct_pattern}" --test_subset "${test_subset}" --rounding_threshold_bits "${rounding_threshold_bits}" --n_bits "${n_bits}" --p_error "${p_error}" --reliability_test "${reliability_test}" --verbose "${verbose}" --dct_status
